metric,value
RMSE,1259.6396118193916
MAE,1007.4577084519983
