timestamp,is_hot_day,true,op_24h
2019-01-02 00:00:00,0,7845.51,7471.15
2019-01-02 00:30:00,0,7667.46,7228.19
2019-01-02 01:00:00,0,7422.27,6992.75
2019-01-02 01:30:00,0,7222.76,6671.22
2019-01-02 02:00:00,0,6955.24,6451.19
2019-01-02 02:30:00,0,6726.25,6311.27
2019-01-02 03:00:00,0,6619.08,6224.51
2019-01-02 03:30:00,0,6569.36,6203.05
2019-01-02 04:00:00,0,6529.21,6207.71
2019-01-02 12:30:00,0,9477.42,9305.06
2019-01-02 13:00:00,0,9576.92,9572.11
2019-01-02 13:30:00,0,9614.9,9803.96
2019-01-02 14:00:00,0,9747.6,9985.0
2019-01-02 14:30:00,0,9893.62,10177.59
2019-01-02 15:00:00,0,10106.68,10366.2
2019-01-02 15:30:00,0,10268.19,10538.66
2019-01-02 16:00:00,0,10440.93,10704.55
2019-01-02 16:30:00,0,10540.06,10838.47
2019-01-02 17:00:00,0,10449.56,10879.31
2019-01-02 17:30:00,0,10354.61,10622.4
2019-01-02 18:00:00,0,10127.28,10501.85
2019-01-02 18:30:00,0,9999.44,10300.38
2019-01-02 19:00:00,0,9855.65,10110.8
2019-01-02 19:30:00,0,9656.44,9993.09
2019-01-02 20:00:00,0,9552.96,9867.97
2019-01-02 20:30:00,0,9499.1,9585.69
2019-01-02 21:00:00,0,9297.62,9256.33
2019-01-02 21:30:00,0,9002.23,8987.63
2019-01-02 22:00:00,0,8845.9,8676.76
2019-01-02 22:30:00,0,8633.79,8356.11
2019-01-02 23:00:00,0,8438.75,8078.64
2019-01-02 23:30:00,0,8193.0,7818.92
2019-01-03 00:00:00,0,7961.82,7605.98
2019-01-03 00:30:00,0,7713.75,7419.52
2019-01-03 01:00:00,0,7488.22,7217.52
2019-01-03 01:30:00,0,7240.73,6926.46
2019-01-03 02:00:00,0,6968.62,6713.44
2019-01-03 02:30:00,0,6698.83,6563.75
2019-01-03 03:00:00,0,6601.0,6477.69
2019-01-03 03:30:00,0,6517.74,6455.28
2019-01-03 04:00:00,0,6533.27,6474.35
2019-01-03 12:30:00,0,9975.55,9448.52
2019-01-03 13:00:00,0,10207.44,9613.04
2019-01-03 13:30:00,0,10370.34,9756.77
2019-01-03 14:00:00,0,10573.35,9973.07
2019-01-03 14:30:00,0,10781.23,10136.87
2019-01-03 15:00:00,0,11023.66,10333.8
2019-01-03 15:30:00,0,11293.18,10476.94
2019-01-03 16:00:00,0,11480.62,10552.64
2019-01-03 16:30:00,0,11720.27,10602.67
2019-01-03 17:00:00,0,11849.26,10646.43
2019-01-03 17:30:00,0,11899.31,10519.29
2019-01-03 18:00:00,0,11669.85,10361.67
2019-01-03 18:30:00,0,11581.56,10143.24
2019-01-03 19:00:00,0,11273.42,9951.02
2019-01-03 19:30:00,0,10919.95,9857.14
2019-01-03 20:00:00,0,10762.73,9768.32
2019-01-03 20:30:00,0,10680.34,9529.73
2019-01-03 21:00:00,0,10503.09,9218.21
2019-01-03 21:30:00,0,10156.13,8955.22
2019-01-03 22:00:00,0,9855.0,8680.95
2019-01-03 22:30:00,0,9444.51,8487.33
2019-01-03 23:00:00,0,9230.23,8252.81
2019-01-03 23:30:00,0,8896.53,7997.45
2019-01-04 00:00:00,0,8580.17,7768.93
2019-01-04 00:30:00,0,8304.4,7586.56
2019-01-04 01:00:00,0,7961.85,7391.41
2019-01-04 01:30:00,0,7619.9,7104.8
2019-01-04 02:00:00,0,7297.99,6882.78
2019-01-04 02:30:00,0,7048.65,6715.81
2019-01-04 03:00:00,0,6921.53,6629.7
2019-01-04 03:30:00,0,6808.89,6590.99
2019-01-04 04:00:00,0,6750.07,6617.67
2019-01-04 12:30:00,0,10670.87,10418.42
2019-01-04 13:00:00,0,10780.16,10635.65
2019-01-04 13:30:00,0,10828.94,10816.57
2019-01-04 14:00:00,0,10681.83,11119.1
2019-01-04 14:30:00,0,10569.65,11396.75
2019-01-04 15:00:00,0,10282.88,11661.0
2019-01-04 15:30:00,0,10162.83,11844.5
2019-01-04 16:00:00,0,10078.22,12010.5
2019-01-04 16:30:00,0,9848.05,12094.22
2019-01-04 17:00:00,0,9674.59,12080.63
2019-01-04 17:30:00,0,9532.0,11800.71
2019-01-04 18:00:00,0,9275.98,11500.49
2019-01-04 18:30:00,0,9098.93,11160.35
2019-01-04 19:00:00,0,8801.41,10839.44
2019-01-04 19:30:00,0,8495.44,10638.56
2019-01-04 20:00:00,0,8429.52,10472.12
2019-01-04 20:30:00,0,8307.79,10260.87
2019-01-04 21:00:00,0,8095.0,9904.16
2019-01-04 21:30:00,0,7910.98,9634.18
2019-01-04 22:00:00,0,7795.16,9328.03
2019-01-04 22:30:00,0,7614.44,9100.06
2019-01-04 23:00:00,0,7496.89,8808.84
2019-01-04 23:30:00,0,7346.8,8542.99
2019-01-05 00:00:00,1,7167.1,8290.03
2019-01-05 00:30:00,1,7035.65,8034.84
2019-01-05 01:00:00,1,6848.31,7761.82
2019-01-05 01:30:00,1,6637.07,7408.12
2019-01-05 02:00:00,1,6419.42,7128.09
2019-01-05 02:30:00,1,6267.94,6963.91
2019-01-05 03:00:00,1,6130.99,6845.49
2019-01-05 03:30:00,1,6100.32,6774.13
2019-01-05 04:00:00,1,6109.83,6751.04
2019-01-05 12:30:00,1,7033.63,9933.02
2019-01-05 13:00:00,1,7002.94,10051.06
2019-01-05 13:30:00,1,6964.46,10022.18
2019-01-05 14:00:00,1,6938.9,10020.72
2019-01-05 14:30:00,1,6965.53,10114.21
2019-01-05 15:00:00,1,7035.77,10130.44
2019-01-05 15:30:00,1,7132.81,10071.08
2019-01-05 16:00:00,1,7226.6,10051.59
2019-01-05 16:30:00,1,7351.81,9863.66
2019-01-05 17:00:00,1,7467.28,9775.55
2019-01-05 17:30:00,1,7623.78,9605.91
2019-01-05 18:00:00,1,7697.45,9520.01
2019-01-05 18:30:00,1,7713.06,9233.25
2019-01-05 19:00:00,1,7674.71,8952.47
2019-01-05 19:30:00,1,7637.19,8840.21
2019-01-05 20:00:00,1,7599.95,8798.5
2019-01-05 20:30:00,1,7610.28,8728.63
2019-01-05 21:00:00,1,7510.9,8553.12
2019-01-05 21:30:00,1,7359.6,8481.02
2019-01-05 22:00:00,1,7255.04,8268.63
2019-01-05 22:30:00,1,7133.64,7979.16
2019-01-05 23:00:00,1,7065.02,7710.93
2019-01-05 23:30:00,1,6875.52,7475.08
2019-01-06 00:00:00,0,6729.79,7267.9
2019-01-06 00:30:00,0,6614.84,7070.36
2019-01-06 01:00:00,0,6542.9,6846.88
2019-01-06 01:30:00,0,6422.98,6586.61
2019-01-06 02:00:00,0,6210.78,6378.02
2019-01-06 02:30:00,0,6064.72,6229.04
2019-01-06 03:00:00,0,5995.39,6170.44
2019-01-06 03:30:00,0,5973.27,6152.71
2019-01-06 04:00:00,0,6018.16,6153.33
2019-01-06 12:30:00,0,8397.59,6702.0
2019-01-06 13:00:00,0,8472.62,6722.62
2019-01-06 13:30:00,0,8420.89,6759.95
2019-01-06 14:00:00,0,8432.17,6815.96
2019-01-06 14:30:00,0,8420.39,6886.63
2019-01-06 15:00:00,0,8443.7,6925.98
2019-01-06 15:30:00,0,8555.78,6982.67
2019-01-06 16:00:00,0,8570.23,7109.85
2019-01-06 16:30:00,0,8626.81,7148.43
2019-01-06 17:00:00,0,8664.3,7254.05
2019-01-06 17:30:00,0,8773.42,7326.1
2019-01-06 18:00:00,0,8632.49,7362.26
2019-01-06 18:30:00,0,8665.86,7344.6
2019-01-06 19:00:00,0,8522.09,7295.97
2019-01-06 19:30:00,0,8459.42,7372.55
2019-01-06 20:00:00,0,8434.33,7426.99
2019-01-06 20:30:00,0,8443.79,7422.02
2019-01-06 21:00:00,0,8299.79,7342.69
2019-01-06 21:30:00,0,8110.31,7304.39
2019-01-06 22:00:00,0,8071.51,7196.27
2019-01-06 22:30:00,0,7895.71,7073.5
2019-01-06 23:00:00,0,7872.99,6905.63
2019-01-06 23:30:00,0,7750.45,6744.29
2019-01-07 00:00:00,0,7558.98,6633.77
2019-01-07 00:30:00,0,7426.58,6530.13
2019-01-07 01:00:00,0,7220.85,6400.43
2019-01-07 01:30:00,0,6975.87,6201.12
2019-01-07 02:00:00,0,6796.06,6034.99
2019-01-07 02:30:00,0,6545.45,5960.59
2019-01-07 03:00:00,0,6399.15,5937.13
2019-01-07 03:30:00,0,6390.99,5967.98
2019-01-07 04:00:00,0,6376.95,6058.71
2019-01-07 12:30:00,0,9219.6,8145.29
2019-01-07 13:00:00,0,9324.57,8187.29
2019-01-07 13:30:00,0,9530.1,8225.08
2019-01-07 14:00:00,0,9604.76,8254.1
2019-01-07 14:30:00,0,9816.1,8303.91
2019-01-07 15:00:00,0,9980.41,8368.23
2019-01-07 15:30:00,0,10275.02,8457.37
2019-01-07 16:00:00,0,10492.05,8511.23
2019-01-07 16:30:00,0,10538.07,8626.86
2019-01-07 17:00:00,0,10498.38,8687.57
2019-01-07 17:30:00,0,10494.28,8573.62
2019-01-07 18:00:00,0,10239.99,8514.97
2019-01-07 18:30:00,0,10154.51,8438.36
2019-01-07 19:00:00,0,9873.14,8327.49
2019-01-07 19:30:00,0,9776.25,8297.4
2019-01-07 20:00:00,0,9613.23,8299.87
2019-01-07 20:30:00,0,9452.37,8209.9
2019-01-07 21:00:00,0,9185.97,8038.69
2019-01-07 21:30:00,0,8809.34,7941.84
2019-01-07 22:00:00,0,8598.89,7834.49
2019-01-07 22:30:00,0,8327.44,7745.97
2019-01-07 23:00:00,0,8188.89,7627.02
2019-01-07 23:30:00,0,7984.43,7468.69
2019-01-08 00:00:00,0,7722.89,7309.44
2019-01-08 00:30:00,0,7655.11,7139.96
2019-01-08 01:00:00,0,7368.05,6962.22
2019-01-08 01:30:00,0,7212.87,6712.29
2019-01-08 02:00:00,0,6876.21,6505.72
2019-01-08 02:30:00,0,6685.92,6379.17
2019-01-08 03:00:00,0,6592.69,6281.22
2019-01-08 03:30:00,0,6518.12,6286.21
2019-01-08 04:00:00,0,6479.1,6347.68
2019-01-08 12:30:00,0,9659.77,9254.03
2019-01-08 13:00:00,0,9756.96,9395.12
2019-01-08 13:30:00,0,9913.02,9545.97
2019-01-08 14:00:00,0,9942.08,9691.02
2019-01-08 14:30:00,0,10010.18,9809.48
2019-01-08 15:00:00,0,10038.27,9953.14
2019-01-08 15:30:00,0,10029.99,10076.16
2019-01-08 16:00:00,0,10077.6,10193.77
2019-01-08 16:30:00,0,10120.89,10180.28
2019-01-08 17:00:00,0,9976.53,10146.43
2019-01-08 17:30:00,0,9908.57,10024.13
2019-01-08 18:00:00,0,9667.75,9933.03
2019-01-08 18:30:00,0,9480.22,9758.49
2019-01-08 19:00:00,0,9289.36,9540.63
2019-01-08 19:30:00,0,9114.96,9431.81
2019-01-08 20:00:00,0,9015.5,9371.77
2019-01-08 20:30:00,0,8998.22,9207.86
2019-01-08 21:00:00,0,8833.15,8920.78
2019-01-08 21:30:00,0,8532.66,8697.6
2019-01-08 22:00:00,0,8321.88,8449.61
2019-01-08 22:30:00,0,8103.1,8277.55
2019-01-08 23:00:00,0,7976.14,8068.74
2019-01-08 23:30:00,0,7816.52,7825.01
2019-01-09 00:00:00,0,7685.6,7620.34
2019-01-09 00:30:00,0,7546.98,7401.01
2019-01-09 01:00:00,0,7383.37,7207.63
2019-01-09 01:30:00,0,7203.0,6945.8
2019-01-09 02:00:00,0,6874.02,6717.17
2019-01-09 02:30:00,0,6676.76,6589.23
2019-01-09 03:00:00,0,6544.93,6509.57
2019-01-09 03:30:00,0,6552.12,6475.2
2019-01-09 04:00:00,0,6516.42,6520.65
2019-01-09 12:30:00,0,8548.21,9450.64
2019-01-09 13:00:00,0,8552.8,9558.01
2019-01-09 13:30:00,0,8548.84,9569.09
2019-01-09 14:00:00,0,8614.4,9649.49
2019-01-09 14:30:00,0,8723.05,9682.14
2019-01-09 15:00:00,0,8769.22,9581.55
2019-01-09 15:30:00,0,8820.69,9552.54
2019-01-09 16:00:00,0,8858.49,9543.1
2019-01-09 16:30:00,0,8911.51,9545.07
2019-01-09 17:00:00,0,8945.91,9495.78
2019-01-09 17:30:00,0,8999.5,9383.4
2019-01-09 18:00:00,0,8935.57,9226.46
2019-01-09 18:30:00,0,8924.54,9092.36
2019-01-09 19:00:00,0,8811.9,8903.83
2019-01-09 19:30:00,0,8691.23,8829.28
2019-01-09 20:00:00,0,8668.63,8780.94
2019-01-09 20:30:00,0,8612.24,8650.11
2019-01-09 21:00:00,0,8367.87,8411.49
2019-01-09 21:30:00,0,8146.66,8276.69
2019-01-09 22:00:00,0,8128.4,8074.37
2019-01-09 22:30:00,0,7919.44,7929.3
2019-01-09 23:00:00,0,7863.82,7744.85
2019-01-09 23:30:00,0,7630.5,7524.75
2019-01-10 00:00:00,0,7537.91,7348.58
2019-01-10 00:30:00,0,7339.59,7147.79
2019-01-10 01:00:00,0,7203.65,6955.41
2019-01-10 01:30:00,0,7007.13,6709.58
2019-01-10 02:00:00,0,6745.05,6501.78
2019-01-10 02:30:00,0,6523.52,6382.85
2019-01-10 03:00:00,0,6419.09,6316.59
2019-01-10 03:30:00,0,6386.28,6317.82
2019-01-10 04:00:00,0,6386.09,6381.91
2019-01-10 12:30:00,0,9165.72,8335.44
2019-01-10 13:00:00,0,9301.01,8357.08
2019-01-10 13:30:00,0,9529.65,8361.8
2019-01-10 14:00:00,0,9768.06,8405.5
2019-01-10 14:30:00,0,9791.54,8424.01
2019-01-10 15:00:00,0,9634.56,8489.77
2019-01-10 15:30:00,0,9606.14,8545.7
2019-01-10 16:00:00,0,9554.55,8603.02
2019-01-10 16:30:00,0,9487.59,8652.25
2019-01-10 17:00:00,0,9496.5,8707.5
2019-01-10 17:30:00,0,9392.06,8634.45
2019-01-10 18:00:00,0,9319.83,8628.21
2019-01-10 18:30:00,0,9262.88,8566.97
2019-01-10 19:00:00,0,9074.7,8474.57
2019-01-10 19:30:00,0,8963.73,8448.23
2019-01-10 20:00:00,0,8897.77,8449.45
2019-01-10 20:30:00,0,8697.26,8359.68
2019-01-10 21:00:00,0,8562.02,8184.98
2019-01-10 21:30:00,0,8367.08,8102.43
2019-01-10 22:00:00,0,8277.12,7954.6
2019-01-10 22:30:00,0,8088.2,7840.08
2019-01-10 23:00:00,0,8043.0,7713.34
2019-01-10 23:30:00,0,7893.91,7527.13
2019-01-11 00:00:00,0,7694.37,7371.83
2019-01-11 00:30:00,0,7556.28,7197.13
2019-01-11 01:00:00,0,7339.67,7020.78
2019-01-11 01:30:00,0,7112.97,6769.58
2019-01-11 02:00:00,0,6748.91,6550.34
2019-01-11 02:30:00,0,6592.97,6424.52
2019-01-11 03:00:00,0,6367.38,6357.2
2019-01-11 03:30:00,0,6341.58,6352.81
2019-01-11 04:00:00,0,6372.09,6419.09
2019-01-11 12:30:00,0,8815.62,9207.7
2019-01-11 13:00:00,0,8989.71,9313.32
2019-01-11 13:30:00,0,9241.23,9412.25
2019-01-11 14:00:00,0,9451.14,9487.75
2019-01-11 14:30:00,0,9659.54,9557.57
2019-01-11 15:00:00,0,9865.42,9638.13
2019-01-11 15:30:00,0,10045.57,9708.15
2019-01-11 16:00:00,0,10264.55,9755.31
2019-01-11 16:30:00,0,10471.58,9795.77
2019-01-11 17:00:00,0,10584.4,9652.2
2019-01-11 17:30:00,0,10751.63,9586.14
2019-01-11 18:00:00,0,10682.57,9445.78
2019-01-11 18:30:00,0,10643.41,9258.65
2019-01-11 19:00:00,0,10503.48,9080.29
2019-01-11 19:30:00,0,10298.99,8979.99
2019-01-11 20:00:00,0,10072.1,8929.26
2019-01-11 20:30:00,0,9979.48,8794.51
2019-01-11 21:00:00,0,9729.87,8595.57
2019-01-11 21:30:00,0,9412.19,8500.41
2019-01-11 22:00:00,0,9097.47,8327.78
2019-01-11 22:30:00,0,8811.68,8249.94
2019-01-11 23:00:00,0,8545.45,8104.23
2019-01-11 23:30:00,0,8176.74,7883.44
2019-01-12 00:00:00,1,7838.54,7676.29
2019-01-12 00:30:00,1,7617.34,7471.04
2019-01-12 01:00:00,1,7315.74,7217.83
2019-01-12 01:30:00,1,7111.84,6890.48
2019-01-12 02:00:00,1,6876.22,6654.45
2019-01-12 02:30:00,1,6706.41,6490.45
2019-01-12 03:00:00,1,6535.3,6402.74
2019-01-12 03:30:00,1,6428.54,6366.71
2019-01-12 04:00:00,1,6398.75,6351.37
2019-01-12 12:30:00,1,7898.09,9357.76
2019-01-12 13:00:00,1,7925.9,9570.85
2019-01-12 13:30:00,1,8013.52,9738.04
2019-01-12 14:00:00,1,8095.45,9929.42
2019-01-12 14:30:00,1,8197.51,10152.0
2019-01-12 15:00:00,1,8386.5,10295.12
2019-01-12 15:30:00,1,8501.42,10447.11
2019-01-12 16:00:00,1,8665.46,10506.25
2019-01-12 16:30:00,1,8754.99,10600.9
2019-01-12 17:00:00,1,8826.32,10698.01
2019-01-12 17:30:00,1,8932.79,10606.61
2019-01-12 18:00:00,1,8913.8,10428.49
2019-01-12 18:30:00,1,8937.67,10239.32
2019-01-12 19:00:00,1,8845.79,9993.36
2019-01-12 19:30:00,1,8719.72,9860.55
2019-01-12 20:00:00,1,8650.99,9759.56
2019-01-12 20:30:00,1,8733.56,9593.52
2019-01-12 21:00:00,1,8647.17,9325.55
2019-01-12 21:30:00,1,8399.07,9049.82
2019-01-12 22:00:00,1,8176.33,8746.17
2019-01-12 22:30:00,1,8001.24,8440.46
2019-01-12 23:00:00,1,7841.91,8158.9
2019-01-12 23:30:00,1,7555.85,7843.49
2019-01-13 00:00:00,0,7318.04,7579.69
2019-01-13 00:30:00,0,7164.41,7315.41
2019-01-13 01:00:00,0,6998.15,7048.49
2019-01-13 01:30:00,0,6893.76,6753.34
2019-01-13 02:00:00,0,6704.08,6518.36
2019-01-13 02:30:00,0,6543.31,6380.42
2019-01-13 03:00:00,0,6515.44,6309.24
2019-01-13 03:30:00,0,6462.92,6236.37
2019-01-13 04:00:00,0,6505.48,6185.57
2019-01-13 12:30:00,0,9802.29,7701.86
2019-01-13 13:00:00,0,9961.73,7818.15
2019-01-13 13:30:00,0,10176.29,7916.46
2019-01-13 14:00:00,0,10387.03,8048.31
2019-01-13 14:30:00,0,10556.88,8178.57
2019-01-13 15:00:00,0,10763.37,8260.01
2019-01-13 15:30:00,0,10955.27,8330.8
2019-01-13 16:00:00,0,11161.79,8422.17
2019-01-13 16:30:00,0,11374.44,8482.65
2019-01-13 17:00:00,0,11496.8,8606.31
2019-01-13 17:30:00,0,11551.01,8736.65
2019-01-13 18:00:00,0,11438.71,8714.96
2019-01-13 18:30:00,0,11387.92,8606.33
2019-01-13 19:00:00,0,11157.79,8471.28
2019-01-13 19:30:00,0,10811.73,8406.48
2019-01-13 20:00:00,0,10623.55,8405.48
2019-01-13 20:30:00,0,10521.14,8302.81
2019-01-13 21:00:00,0,10197.29,8115.44
2019-01-13 21:30:00,0,9824.14,7960.4
2019-01-13 22:00:00,0,9529.35,7780.34
2019-01-13 22:30:00,0,9167.37,7648.59
2019-01-13 23:00:00,0,8957.93,7414.78
2019-01-13 23:30:00,0,8626.72,7215.93
2019-01-14 00:00:00,0,8304.44,7020.65
2019-01-14 00:30:00,0,8103.52,6808.97
2019-01-14 01:00:00,0,7862.78,6624.81
2019-01-14 01:30:00,0,7716.0,6388.92
2019-01-14 02:00:00,0,7383.57,6214.82
2019-01-14 02:30:00,0,7206.47,6136.7
2019-01-14 03:00:00,0,7093.77,6137.05
2019-01-14 03:30:00,0,7014.27,6186.82
2019-01-14 04:00:00,0,6995.05,6275.65
2019-01-14 12:30:00,0,11068.18,9477.16
2019-01-14 13:00:00,0,11295.17,9650.99
2019-01-14 13:30:00,0,11561.25,9815.21
2019-01-14 14:00:00,0,11745.14,9970.44
2019-01-14 14:30:00,0,11960.55,10148.75
2019-01-14 15:00:00,0,12142.36,10320.3
2019-01-14 15:30:00,0,12447.64,10482.79
2019-01-14 16:00:00,0,12626.24,10561.74
2019-01-14 16:30:00,0,12791.01,10663.39
2019-01-14 17:00:00,0,12903.25,10632.01
2019-01-14 17:30:00,0,12972.76,10492.38
2019-01-14 18:00:00,0,12754.12,10473.87
2019-01-14 18:30:00,0,12657.86,10296.93
2019-01-14 19:00:00,0,12325.41,10080.13
2019-01-14 19:30:00,0,12053.92,9941.45
2019-01-14 20:00:00,0,11737.05,9824.43
2019-01-14 20:30:00,0,11530.38,9603.63
2019-01-14 21:00:00,0,11202.7,9263.46
2019-01-14 21:30:00,0,10716.79,8976.13
2019-01-14 22:00:00,0,10331.2,8693.92
2019-01-14 22:30:00,0,9818.19,8480.15
2019-01-14 23:00:00,0,9529.16,8227.01
2019-01-14 23:30:00,0,9108.81,7985.48
2019-01-15 00:00:00,0,8786.21,7780.42
2019-01-15 00:30:00,0,8501.58,7591.9
2019-01-15 01:00:00,0,8283.95,7409.29
2019-01-15 01:30:00,0,8004.58,7164.42
2019-01-15 02:00:00,0,7681.96,6955.16
2019-01-15 02:30:00,0,7469.48,6809.22
2019-01-15 03:00:00,0,7324.51,6725.61
2019-01-15 03:30:00,0,7220.8,6696.11
2019-01-15 04:00:00,0,7211.82,6717.36
2019-01-15 12:30:00,0,11779.73,10412.31
2019-01-15 13:00:00,0,12011.37,10708.67
2019-01-15 13:30:00,0,12200.25,10901.95
2019-01-15 14:00:00,0,12353.48,11169.34
2019-01-15 14:30:00,0,12557.64,11471.08
2019-01-15 15:00:00,0,12667.15,11729.49
2019-01-15 15:30:00,0,12875.99,11972.46
2019-01-15 16:00:00,0,13034.62,12128.99
2019-01-15 16:30:00,0,13126.55,12211.18
2019-01-15 17:00:00,0,13270.16,12539.92
2019-01-15 17:30:00,0,13227.27,12261.36
2019-01-15 18:00:00,0,12890.62,11987.95
2019-01-15 18:30:00,0,12836.32,11774.51
2019-01-15 19:00:00,0,12545.34,11475.75
2019-01-15 19:30:00,0,12201.35,11252.0
2019-01-15 20:00:00,0,11836.58,11050.87
2019-01-15 20:30:00,0,11618.03,10823.3
2019-01-15 21:00:00,0,11223.38,10387.25
2019-01-15 21:30:00,0,10718.46,9993.13
2019-01-15 22:00:00,0,10302.4,9548.08
2019-01-15 22:30:00,0,9758.02,9178.7
2019-01-15 23:00:00,0,9408.67,8780.2
2019-01-15 23:30:00,0,9063.15,8472.06
2019-01-16 00:00:00,1,8703.93,8200.1
2019-01-16 00:30:00,1,8438.42,8022.94
2019-01-16 01:00:00,1,8172.21,7798.87
2019-01-16 01:30:00,1,7925.98,7505.85
2019-01-16 02:00:00,1,7636.51,7286.9
2019-01-16 02:30:00,1,7500.15,7116.81
2019-01-16 03:00:00,1,7392.84,7050.73
2019-01-16 03:30:00,1,7308.73,7017.39
2019-01-16 04:00:00,1,7302.44,7018.79
2019-01-16 12:30:00,1,11680.11,11862.22
2019-01-16 13:00:00,1,11912.16,12098.2
2019-01-16 13:30:00,1,12130.35,12307.84
2019-01-16 14:00:00,1,12340.81,12523.47
2019-01-16 14:30:00,1,12581.62,12724.38
2019-01-16 15:00:00,1,12668.56,12925.99
2019-01-16 15:30:00,1,12870.55,13098.01
2019-01-16 16:00:00,1,13093.84,13204.32
2019-01-16 16:30:00,1,13377.47,13220.52
2019-01-16 17:00:00,1,13475.75,13133.56
2019-01-16 17:30:00,1,13545.39,12826.61
2019-01-16 18:00:00,1,13364.15,12502.82
2019-01-16 18:30:00,1,13208.83,12186.34
2019-01-16 19:00:00,1,12779.16,11848.83
2019-01-16 19:30:00,1,12289.81,11532.35
2019-01-16 20:00:00,1,12095.24,11221.69
2019-01-16 20:30:00,1,11809.57,10910.82
2019-01-16 21:00:00,1,11383.02,10449.31
2019-01-16 21:30:00,1,10809.48,10035.36
2019-01-16 22:00:00,1,10454.1,9593.24
2019-01-16 22:30:00,1,9956.41,9281.23
2019-01-16 23:00:00,1,9573.57,8880.85
2019-01-16 23:30:00,1,9247.37,8559.61
2019-01-17 00:00:00,1,8935.03,8310.9
2019-01-17 00:30:00,1,8660.91,8088.62
2019-01-17 01:00:00,1,8362.13,7858.73
2019-01-17 01:30:00,1,8110.52,7599.59
2019-01-17 02:00:00,1,7804.5,7370.97
2019-01-17 02:30:00,1,7620.26,7243.72
2019-01-17 03:00:00,1,7448.81,7173.11
2019-01-17 03:30:00,1,7417.7,7146.43
2019-01-17 04:00:00,1,7405.34,7152.89
2019-01-17 12:30:00,1,11596.91,12059.39
2019-01-17 13:00:00,1,11881.87,12310.11
2019-01-17 13:30:00,1,12098.17,12531.38
2019-01-17 14:00:00,1,12275.58,12764.22
2019-01-17 14:30:00,1,12515.35,12995.62
2019-01-17 15:00:00,1,12780.55,13295.37
2019-01-17 15:30:00,1,12976.16,13492.56
2019-01-17 16:00:00,1,13096.69,13737.39
2019-01-17 16:30:00,1,13249.45,13818.79
2019-01-17 17:00:00,1,13267.43,13769.41
2019-01-17 17:30:00,1,13301.42,13453.43
2019-01-17 18:00:00,1,13120.67,13108.01
2019-01-17 18:30:00,1,12984.96,12694.57
2019-01-17 19:00:00,1,12680.21,12240.78
2019-01-17 19:30:00,1,12380.26,11920.45
2019-01-17 20:00:00,1,12190.71,11627.22
2019-01-17 20:30:00,1,12022.12,11019.8
2019-01-17 21:00:00,1,11736.28,10593.17
2019-01-17 21:30:00,1,11343.09,10224.41
2019-01-17 22:00:00,1,11068.88,9795.87
2019-01-17 22:30:00,1,10781.16,9406.55
2019-01-17 23:00:00,1,10412.6,8976.64
2019-01-17 23:30:00,1,9859.5,8655.83
2019-01-18 00:00:00,1,9433.01,8399.41
2019-01-18 00:30:00,1,9034.41,8199.69
2019-01-18 01:00:00,1,8644.4,7991.05
2019-01-18 01:30:00,1,8342.84,7739.61
2019-01-18 02:00:00,1,7940.15,7516.72
2019-01-18 02:30:00,1,7732.31,7353.59
2019-01-18 03:00:00,1,7490.97,7289.96
2019-01-18 03:30:00,1,7449.54,7251.47
2019-01-18 04:00:00,1,7402.12,7272.24
2019-01-18 12:30:00,1,9171.67,12461.71
2019-01-18 13:00:00,1,9238.08,12716.23
2019-01-18 13:30:00,1,9157.38,12896.12
2019-01-18 14:00:00,1,9079.01,13163.15
2019-01-18 14:30:00,1,8978.66,13412.77
2019-01-18 15:00:00,1,9016.07,13727.34
2019-01-18 15:30:00,1,9053.28,13947.46
2019-01-18 16:00:00,1,9101.69,13861.07
2019-01-18 16:30:00,1,9129.51,13902.22
2019-01-18 17:00:00,1,9082.08,13847.15
2019-01-18 17:30:00,1,9073.33,13687.03
2019-01-18 18:00:00,1,9001.92,13188.25
2019-01-18 18:30:00,1,8978.24,12635.16
2019-01-18 19:00:00,1,8918.3,12199.38
2019-01-18 19:30:00,1,8787.61,11867.81
2019-01-18 20:00:00,1,8701.23,11617.63
2019-01-18 20:30:00,1,8669.36,11373.58
2019-01-18 21:00:00,1,8525.38,10887.4
2019-01-18 21:30:00,1,8352.71,10647.32
2019-01-18 22:00:00,1,8164.23,10232.78
2019-01-18 22:30:00,1,8071.86,9820.18
2019-01-18 23:00:00,1,7955.88,9458.15
2019-01-18 23:30:00,1,7772.33,9103.67
2019-01-19 00:00:00,0,7611.57,8751.83
2019-01-19 00:30:00,0,7420.33,8366.58
2019-01-19 01:00:00,0,7249.63,7995.82
2019-01-19 01:30:00,0,7045.62,7619.86
2019-01-19 02:00:00,0,6797.5,7364.73
2019-01-19 02:30:00,0,6591.76,7161.18
2019-01-19 03:00:00,0,6493.65,7048.64
2019-01-19 03:30:00,0,6482.76,6956.46
2019-01-19 04:00:00,0,6408.85,6945.44
2019-01-19 12:30:00,0,7947.89,8947.42
2019-01-19 13:00:00,0,7995.33,8981.19
2019-01-19 13:30:00,0,8047.61,8989.26
2019-01-19 14:00:00,0,8111.94,9049.73
2019-01-19 14:30:00,0,8192.29,9012.49
2019-01-19 15:00:00,0,8382.35,9058.14
2019-01-19 15:30:00,0,8638.32,9112.33
2019-01-19 16:00:00,0,8797.41,9154.19
2019-01-19 16:30:00,0,8858.6,9136.26
2019-01-19 17:00:00,0,8954.65,9164.47
2019-01-19 17:30:00,0,9127.92,9139.12
2019-01-19 18:00:00,0,9031.56,9020.01
2019-01-19 18:30:00,0,9121.68,8879.83
2019-01-19 19:00:00,0,9030.03,8710.37
2019-01-19 19:30:00,0,8934.29,8684.01
2019-01-19 20:00:00,0,8886.91,8663.54
2019-01-19 20:30:00,0,8963.42,8608.11
2019-01-19 21:00:00,0,8695.19,8466.53
2019-01-19 21:30:00,0,8495.31,8351.21
2019-01-19 22:00:00,0,8339.26,8221.38
2019-01-19 22:30:00,0,8164.08,8010.08
2019-01-19 23:00:00,0,8029.02,7778.85
2019-01-19 23:30:00,0,7759.06,7544.04
2019-01-20 00:00:00,0,7551.09,7324.19
2019-01-20 00:30:00,0,7377.38,7110.52
2019-01-20 01:00:00,0,7219.27,6892.32
2019-01-20 01:30:00,0,7122.65,6651.27
2019-01-20 02:00:00,0,6865.15,6443.31
2019-01-20 02:30:00,0,6684.47,6305.23
2019-01-20 03:00:00,0,6592.98,6248.9
2019-01-20 03:30:00,0,6555.86,6254.62
2019-01-20 04:00:00,0,6616.81,6270.09
2019-01-20 12:30:00,0,9745.41,7647.42
2019-01-20 13:00:00,0,9747.94,7736.38
2019-01-20 13:30:00,0,9766.75,7877.54
2019-01-20 14:00:00,0,9911.91,8005.54
2019-01-20 14:30:00,0,9974.59,8205.22
2019-01-20 15:00:00,0,10007.15,8328.68
2019-01-20 15:30:00,0,10073.62,8493.29
2019-01-20 16:00:00,0,10199.29,8630.22
2019-01-20 16:30:00,0,10242.62,8798.75
2019-01-20 17:00:00,0,10395.21,8972.64
2019-01-20 17:30:00,0,10400.32,9049.56
2019-01-20 18:00:00,0,10266.26,9067.61
2019-01-20 18:30:00,0,10222.04,8877.95
2019-01-20 19:00:00,0,10098.32,8785.1
2019-01-20 19:30:00,0,9967.35,8773.19
2019-01-20 20:00:00,0,9861.44,8753.56
2019-01-20 20:30:00,0,9874.13,8638.24
2019-01-20 21:00:00,0,9685.29,8411.66
2019-01-20 21:30:00,0,9303.18,8184.3
2019-01-20 22:00:00,0,9137.7,7970.56
2019-01-20 22:30:00,0,8845.4,7826.77
2019-01-20 23:00:00,0,8680.44,7628.53
2019-01-20 23:30:00,0,8401.39,7412.99
2019-01-21 00:00:00,0,8169.01,7239.42
2019-01-21 00:30:00,0,7962.14,7058.92
2019-01-21 01:00:00,0,7759.57,6881.93
2019-01-21 01:30:00,0,7539.02,6650.51
2019-01-21 02:00:00,0,7248.81,6479.79
2019-01-21 02:30:00,0,7073.7,6397.94
2019-01-21 03:00:00,0,6901.33,6391.53
2019-01-21 03:30:00,0,6855.04,6420.41
2019-01-21 04:00:00,0,6824.18,6500.0
2019-01-21 12:30:00,0,10647.24,9599.44
2019-01-21 13:00:00,0,10934.41,9690.93
2019-01-21 13:30:00,0,11169.52,9817.53
2019-01-21 14:00:00,0,11402.91,9922.44
2019-01-21 14:30:00,0,11634.43,10034.51
2019-01-21 15:00:00,0,11878.91,10155.45
2019-01-21 15:30:00,0,12121.4,10357.8
2019-01-21 16:00:00,0,12290.73,10430.46
2019-01-21 16:30:00,0,12575.07,10532.67
2019-01-21 17:00:00,0,12634.08,10539.51
2019-01-21 17:30:00,0,12712.0,10466.32
2019-01-21 18:00:00,0,12516.12,10400.41
2019-01-21 18:30:00,0,12365.54,10189.96
2019-01-21 19:00:00,0,12052.04,9962.96
2019-01-21 19:30:00,0,11733.93,9912.51
2019-01-21 20:00:00,0,11480.98,9776.83
2019-01-21 20:30:00,0,11214.58,9577.16
2019-01-21 21:00:00,0,10802.09,9254.31
2019-01-21 21:30:00,0,10342.4,9032.55
2019-01-21 22:00:00,0,9966.0,8749.9
2019-01-21 22:30:00,0,9570.85,8538.23
2019-01-21 23:00:00,0,9246.18,8302.63
2019-01-21 23:30:00,0,8891.22,8088.74
2019-01-22 00:00:00,1,8521.02,7889.66
2019-01-22 00:30:00,1,8320.19,7690.76
2019-01-22 01:00:00,1,8067.36,7518.68
2019-01-22 01:30:00,1,7770.02,7266.46
2019-01-22 02:00:00,1,7466.78,7072.75
2019-01-22 02:30:00,1,7325.48,6928.89
2019-01-22 03:00:00,1,7142.52,6843.67
2019-01-22 03:30:00,1,7037.81,6825.43
2019-01-22 04:00:00,1,7085.13,6853.96
2019-01-22 12:30:00,1,11130.14,11067.23
2019-01-22 13:00:00,1,11201.5,11300.87
2019-01-22 13:30:00,1,11284.68,11556.16
2019-01-22 14:00:00,1,11268.11,11796.81
2019-01-22 14:30:00,1,11271.21,12052.16
2019-01-22 15:00:00,1,11108.28,12323.86
2019-01-22 15:30:00,1,10920.22,12521.43
2019-01-22 16:00:00,1,10756.29,12683.78
2019-01-22 16:30:00,1,10715.66,12827.31
2019-01-22 17:00:00,1,10583.92,12802.29
2019-01-22 17:30:00,1,10515.85,12595.05
2019-01-22 18:00:00,1,10172.81,12394.64
2019-01-22 18:30:00,1,10114.88,12112.18
2019-01-22 19:00:00,1,9888.74,11724.34
2019-01-22 19:30:00,1,9712.23,11471.19
2019-01-22 20:00:00,1,9665.29,11027.5
2019-01-22 20:30:00,1,9584.98,10769.44
2019-01-22 21:00:00,1,9357.02,10359.33
2019-01-22 21:30:00,1,9002.49,9997.65
2019-01-22 22:00:00,1,8812.05,9601.92
2019-01-22 22:30:00,1,8542.83,9211.98
2019-01-22 23:00:00,1,8469.37,8826.53
2019-01-22 23:30:00,1,8334.13,8557.26
2019-01-23 00:00:00,0,8030.15,8310.55
2019-01-23 00:30:00,0,7844.82,8088.32
2019-01-23 01:00:00,0,7586.23,7854.99
2019-01-23 01:30:00,0,7381.73,7567.93
2019-01-23 02:00:00,0,7088.07,7343.46
2019-01-23 02:30:00,0,6971.26,7187.34
2019-01-23 03:00:00,0,6848.17,7116.66
2019-01-23 03:30:00,0,6758.88,7104.49
2019-01-23 04:00:00,0,6777.73,7132.99
2019-01-23 12:30:00,0,9300.3,10615.0
2019-01-23 13:00:00,0,9439.78,10730.76
2019-01-23 13:30:00,0,9523.45,10804.18
2019-01-23 14:00:00,0,9747.4,10874.67
2019-01-23 14:30:00,0,10007.87,10836.79
2019-01-23 15:00:00,0,10291.94,10907.67
2019-01-23 15:30:00,0,10461.69,11042.41
2019-01-23 16:00:00,0,10613.79,11112.05
2019-01-23 16:30:00,0,10759.7,11056.02
2019-01-23 17:00:00,0,10803.74,10951.45
2019-01-23 17:30:00,0,10884.25,10806.22
2019-01-23 18:00:00,0,10743.18,10675.21
2019-01-23 18:30:00,0,10709.69,10430.82
2019-01-23 19:00:00,0,10543.94,10219.44
2019-01-23 19:30:00,0,10430.45,10060.59
2019-01-23 20:00:00,0,10358.18,9903.26
2019-01-23 20:30:00,0,10261.84,9648.19
2019-01-23 21:00:00,0,9943.76,9317.13
2019-01-23 21:30:00,0,9604.81,9017.7
2019-01-23 22:00:00,0,9400.25,8701.09
2019-01-23 22:30:00,0,9127.61,8521.83
2019-01-23 23:00:00,0,8921.92,8246.92
2019-01-23 23:30:00,0,8594.23,7974.47
2019-01-24 00:00:00,0,8296.67,7753.23
2019-01-24 00:30:00,0,8109.48,7522.33
2019-01-24 01:00:00,0,7913.0,7324.2
2019-01-24 01:30:00,0,7692.56,7058.03
2019-01-24 02:00:00,0,7378.15,6851.81
2019-01-24 02:30:00,0,7191.78,6731.4
2019-01-24 03:00:00,0,7078.59,6673.14
2019-01-24 03:30:00,0,6983.35,6666.09
2019-01-24 04:00:00,0,7030.74,6718.25
2019-01-24 12:30:00,0,11176.6,9167.63
2019-01-24 13:00:00,0,11440.11,9309.03
2019-01-24 13:30:00,0,11693.95,9411.58
2019-01-24 14:00:00,0,11897.1,9498.05
2019-01-24 14:30:00,0,12143.71,9553.85
2019-01-24 15:00:00,0,12366.13,9656.27
2019-01-24 15:30:00,0,12616.08,9796.07
2019-01-24 16:00:00,0,12818.99,9869.5
2019-01-24 16:30:00,0,13016.55,9905.53
2019-01-24 17:00:00,0,13119.29,10053.44
2019-01-24 17:30:00,0,13206.9,10036.17
2019-01-24 18:00:00,0,13038.9,10016.08
2019-01-24 18:30:00,0,12954.25,9875.21
2019-01-24 19:00:00,0,12608.3,9725.49
2019-01-24 19:30:00,0,12401.96,9699.98
2019-01-24 20:00:00,0,12161.57,9622.23
2019-01-24 20:30:00,0,11993.21,9392.92
2019-01-24 21:00:00,0,11648.81,9107.9
2019-01-24 21:30:00,0,11207.6,8906.74
2019-01-24 22:00:00,0,10870.72,8666.64
2019-01-24 22:30:00,0,10423.72,8505.46
2019-01-24 23:00:00,0,10061.96,8318.77
2019-01-24 23:30:00,0,9621.17,8023.7
2019-01-25 00:00:00,1,9230.24,7826.14
2019-01-25 00:30:00,1,8959.53,7678.54
2019-01-25 01:00:00,1,8572.27,7488.75
2019-01-25 01:30:00,1,8251.83,7237.1
2019-01-25 02:00:00,1,7930.4,7014.3
2019-01-25 02:30:00,1,7625.08,6887.93
2019-01-25 03:00:00,1,7523.3,6810.0
2019-01-25 03:30:00,1,7376.68,6791.84
2019-01-25 04:00:00,1,7330.69,6849.2
2019-01-25 12:30:00,1,11214.65,10797.02
2019-01-25 13:00:00,1,11233.03,10988.56
2019-01-25 13:30:00,1,11274.68,11197.84
2019-01-25 14:00:00,1,11315.56,11442.11
2019-01-25 14:30:00,1,11431.08,11652.66
2019-01-25 15:00:00,1,11462.05,11899.67
2019-01-25 15:30:00,1,11613.09,12087.71
2019-01-25 16:00:00,1,11700.39,12269.73
2019-01-25 16:30:00,1,11771.98,12385.29
2019-01-25 17:00:00,1,11694.02,12440.08
2019-01-25 17:30:00,1,11617.11,12446.98
2019-01-25 18:00:00,1,11522.4,12260.57
2019-01-25 18:30:00,1,11306.54,12073.75
2019-01-25 19:00:00,1,11178.16,11667.09
2019-01-25 19:30:00,1,10932.26,11372.18
2019-01-25 20:00:00,1,10854.07,11051.85
2019-01-25 20:30:00,1,10704.43,10826.39
2019-01-25 21:00:00,1,10409.09,10430.41
2019-01-25 21:30:00,1,10133.49,10195.91
2019-01-25 22:00:00,1,9830.57,9846.87
2019-01-25 22:30:00,1,9560.38,9523.97
2019-01-25 23:00:00,1,9268.64,9161.45
2019-01-25 23:30:00,1,8841.45,8854.45
2019-01-26 00:00:00,1,8558.31,8567.15
2019-01-26 00:30:00,1,8205.08,8311.73
2019-01-26 01:00:00,1,7980.93,8020.99
2019-01-26 01:30:00,1,7800.81,7680.17
2019-01-26 02:00:00,1,7481.26,7420.87
2019-01-26 02:30:00,1,7246.94,7238.4
2019-01-26 03:00:00,1,7222.72,7123.81
2019-01-26 03:30:00,1,7139.92,7060.82
2019-01-26 04:00:00,1,7020.82,7039.46
2019-01-26 12:30:00,1,10371.14,11163.01
2019-01-26 13:00:00,1,10549.65,11266.39
2019-01-26 13:30:00,1,10579.43,11402.48
2019-01-26 14:00:00,1,10621.34,11496.7
2019-01-26 14:30:00,1,10656.11,11622.86
2019-01-26 15:00:00,1,10669.73,11751.09
2019-01-26 15:30:00,1,10732.39,12089.43
2019-01-26 16:00:00,1,10777.77,12151.5
2019-01-26 16:30:00,1,10678.78,12125.51
2019-01-26 17:00:00,1,10325.07,12180.8
2019-01-26 17:30:00,1,10265.15,12115.16
2019-01-26 18:00:00,1,10129.34,11956.01
2019-01-26 18:30:00,1,9985.34,11719.12
2019-01-26 19:00:00,1,9766.98,11399.06
2019-01-26 19:30:00,1,9616.99,11158.58
2019-01-26 20:00:00,1,9589.64,10916.03
2019-01-26 20:30:00,1,9516.59,10618.2
2019-01-26 21:00:00,1,9294.01,10308.67
2019-01-26 21:30:00,1,9124.03,10001.32
2019-01-26 22:00:00,1,8931.91,9722.16
2019-01-26 22:30:00,1,8669.72,9370.59
2019-01-26 23:00:00,1,8529.53,8972.44
2019-01-26 23:30:00,1,8245.44,8609.01
2019-01-27 00:00:00,1,7958.25,8329.28
2019-01-27 00:30:00,1,7763.86,8088.21
2019-01-27 01:00:00,1,7542.3,7823.8
2019-01-27 01:30:00,1,7384.44,7468.12
2019-01-27 02:00:00,1,7100.11,7229.88
2019-01-27 02:30:00,1,6942.61,7107.92
2019-01-27 03:00:00,1,6861.79,7062.89
2019-01-27 03:30:00,1,6759.28,7034.03
2019-01-27 04:00:00,1,6758.72,6991.12
2019-01-27 12:30:00,1,8932.09,10657.26
2019-01-27 13:00:00,1,9012.64,10767.15
2019-01-27 13:30:00,1,9174.0,10802.96
2019-01-27 14:00:00,1,9311.5,10861.43
2019-01-27 14:30:00,1,9437.63,10882.64
2019-01-27 15:00:00,1,9538.92,10947.18
2019-01-27 15:30:00,1,9645.17,10938.62
2019-01-27 16:00:00,1,9797.07,10952.75
2019-01-27 16:30:00,1,9900.39,10810.02
2019-01-27 17:00:00,1,10035.87,10922.06
2019-01-27 17:30:00,1,10181.53,10878.8
2019-01-27 18:00:00,1,10032.42,10752.18
2019-01-27 18:30:00,1,9873.99,10506.06
2019-01-27 19:00:00,1,9730.6,10327.39
2019-01-27 19:30:00,1,9599.71,10265.84
2019-01-27 20:00:00,1,9595.79,10116.93
2019-01-27 20:30:00,1,9458.2,9878.07
2019-01-27 21:00:00,1,9267.2,9597.85
2019-01-27 21:30:00,1,9075.49,9305.88
2019-01-27 22:00:00,1,8899.61,9010.34
2019-01-27 22:30:00,1,8658.52,8745.04
2019-01-27 23:00:00,1,8499.22,8397.65
2019-01-27 23:30:00,1,8261.88,8114.86
2019-01-28 00:00:00,0,7992.66,7920.56
2019-01-28 00:30:00,0,7855.9,7710.9
2019-01-28 01:00:00,0,7642.27,7486.26
2019-01-28 01:30:00,0,7443.95,7187.35
2019-01-28 02:00:00,0,7193.63,6971.41
2019-01-28 02:30:00,0,7007.88,6793.56
2019-01-28 03:00:00,0,6921.5,6703.79
2019-01-28 03:30:00,0,6895.48,6657.43
2019-01-28 04:00:00,0,6878.38,6631.22
2019-01-28 12:30:00,0,11073.55,8307.67
2019-01-28 13:00:00,0,11340.56,8385.84
2019-01-28 13:30:00,0,11591.51,8504.15
2019-01-28 14:00:00,0,11921.88,8557.88
2019-01-28 14:30:00,0,12047.87,8700.38
2019-01-28 15:00:00,0,12304.45,8877.68
2019-01-28 15:30:00,0,12526.13,9038.16
2019-01-28 16:00:00,0,12732.53,9208.8
2019-01-28 16:30:00,0,12923.19,9337.38
2019-01-28 17:00:00,0,12871.28,9358.28
2019-01-28 17:30:00,0,12842.56,9293.76
2019-01-28 18:00:00,0,12691.98,9170.25
2019-01-28 18:30:00,0,12572.28,9114.95
2019-01-28 19:00:00,0,12219.16,9041.04
2019-01-28 19:30:00,0,11883.86,9061.32
2019-01-28 20:00:00,0,11506.37,9087.38
2019-01-28 20:30:00,0,11280.31,8996.61
2019-01-28 21:00:00,0,10841.57,8821.73
2019-01-28 21:30:00,0,10422.24,8688.01
2019-01-28 22:00:00,0,9994.41,8527.87
2019-01-28 22:30:00,0,9548.38,8397.43
2019-01-28 23:00:00,0,9273.1,8208.85
2019-01-28 23:30:00,0,8884.25,8002.65
2019-01-29 00:00:00,1,8544.63,7837.99
2019-01-29 00:30:00,1,8330.48,7662.65
2019-01-29 01:00:00,1,8116.18,7484.65
2019-01-29 01:30:00,1,7866.53,7235.38
2019-01-29 02:00:00,1,7614.39,7046.43
2019-01-29 02:30:00,1,7352.3,6905.44
2019-01-29 03:00:00,1,7206.91,6841.79
2019-01-29 03:30:00,1,7099.81,6848.89
2019-01-29 04:00:00,1,7157.93,6901.68
2019-01-29 12:30:00,1,11122.86,10977.61
2019-01-29 13:00:00,1,11276.04,11194.12
2019-01-29 13:30:00,1,11632.12,11310.42
2019-01-29 14:00:00,1,11686.26,11491.87
2019-01-29 14:30:00,1,11715.13,11689.1
2019-01-29 15:00:00,1,11780.92,11956.43
2019-01-29 15:30:00,1,11899.53,12154.41
2019-01-29 16:00:00,1,12208.95,12272.19
2019-01-29 16:30:00,1,12369.34,12329.7
2019-01-29 17:00:00,1,12228.83,12330.4
2019-01-29 17:30:00,1,12252.69,12190.95
2019-01-29 18:00:00,1,12004.28,12067.6
2019-01-29 18:30:00,1,11921.19,11788.03
2019-01-29 19:00:00,1,11649.07,11493.13
2019-01-29 19:30:00,1,11440.62,11305.14
2019-01-29 20:00:00,1,11298.74,11133.32
2019-01-29 20:30:00,1,11091.36,10835.07
2019-01-29 21:00:00,1,10784.07,10368.64
2019-01-29 21:30:00,1,10349.6,10035.55
2019-01-29 22:00:00,1,9989.79,9659.42
2019-01-29 22:30:00,1,9537.1,9297.02
2019-01-29 23:00:00,1,9206.15,8950.54
2019-01-29 23:30:00,1,8910.11,8648.4
2019-01-30 00:00:00,1,8502.88,8386.38
2019-01-30 00:30:00,1,8246.14,8173.89
2019-01-30 01:00:00,1,7995.66,7959.07
2019-01-30 01:30:00,1,7780.72,7688.54
2019-01-30 02:00:00,1,7435.8,7484.06
2019-01-30 02:30:00,1,7234.96,7316.92
2019-01-30 03:00:00,1,7131.98,7243.89
2019-01-30 03:30:00,1,7047.88,7250.35
2019-01-30 04:00:00,1,7101.5,7290.9
2019-01-30 12:30:00,1,11345.58,11485.92
2019-01-30 13:00:00,1,11555.76,11740.05
2019-01-30 13:30:00,1,11966.23,11978.28
2019-01-30 14:00:00,1,12210.65,12167.0
2019-01-30 14:30:00,1,12450.94,12345.68
2019-01-30 15:00:00,1,12658.02,12551.42
2019-01-30 15:30:00,1,13043.68,12751.85
2019-01-30 16:00:00,1,13388.48,12881.2
2019-01-30 16:30:00,1,13638.66,12925.14
2019-01-30 17:00:00,1,13700.9,12851.92
2019-01-30 17:30:00,1,13607.67,12597.55
2019-01-30 18:00:00,1,12853.58,12306.97
2019-01-30 18:30:00,1,12115.24,12006.55
2019-01-30 19:00:00,1,11422.04,11678.25
2019-01-30 19:30:00,1,10889.16,11512.1
2019-01-30 20:00:00,1,10430.67,11284.66
2019-01-30 20:30:00,1,10151.35,11001.47
2019-01-30 21:00:00,1,9639.91,10571.01
2019-01-30 21:30:00,1,9156.11,10224.57
2019-01-30 22:00:00,1,8898.25,9774.19
2019-01-30 22:30:00,1,8584.26,9439.54
2019-01-30 23:00:00,1,8351.58,9059.71
2019-01-30 23:30:00,1,8060.04,8745.54
2019-01-31 00:00:00,1,7803.95,8467.75
2019-01-31 00:30:00,1,7621.71,8244.65
2019-01-31 01:00:00,1,7453.57,8006.52
2019-01-31 01:30:00,1,7213.22,7768.59
2019-01-31 02:00:00,1,6961.2,7567.13
2019-01-31 02:30:00,1,6768.1,7403.37
2019-01-31 03:00:00,1,6616.2,7275.6
2019-01-31 03:30:00,1,6597.62,7258.5
2019-01-31 04:00:00,1,6597.79,7276.92
2019-01-31 12:30:00,1,8573.57,11491.38
2019-01-31 13:00:00,1,8485.96,11710.39
2019-01-31 13:30:00,1,8462.54,11999.55
2019-01-31 14:00:00,1,8462.72,12278.64
2019-01-31 14:30:00,1,8517.07,12543.74
2019-01-31 15:00:00,1,8475.9,12827.75
2019-01-31 15:30:00,1,8559.97,13006.46
2019-01-31 16:00:00,1,8596.51,13206.52
2019-01-31 16:30:00,1,8650.59,13279.07
2019-01-31 17:00:00,1,8635.59,13101.16
2019-01-31 17:30:00,1,8627.13,12737.89
2019-01-31 18:00:00,1,8499.8,12437.25
2019-01-31 18:30:00,1,8477.41,11878.58
2019-01-31 19:00:00,1,8404.57,11215.93
2019-01-31 19:30:00,1,8378.98,10841.04
2019-01-31 20:00:00,1,8348.17,10569.83
2019-01-31 20:30:00,1,8309.86,10097.28
2019-01-31 21:00:00,1,8057.78,9684.55
2019-01-31 21:30:00,1,7919.62,9438.17
2019-01-31 22:00:00,1,7921.78,9055.9
2019-01-31 22:30:00,1,7778.22,8802.86
2019-01-31 23:00:00,1,7753.57,8468.47
2019-01-31 23:30:00,1,7596.27,8143.55
2019-02-01 00:00:00,0,7454.62,7867.39
2019-02-01 00:30:00,0,7331.15,7593.72
2019-02-01 01:00:00,0,7194.42,7326.59
2019-02-01 01:30:00,0,7065.91,7050.5
2019-02-01 02:00:00,0,6774.61,6830.83
2019-02-01 02:30:00,0,6593.28,6727.86
2019-02-01 03:00:00,0,6510.77,6664.67
2019-02-01 03:30:00,0,6460.32,6651.98
2019-02-01 04:00:00,0,6423.03,6699.69
2019-02-01 12:30:00,0,8112.37,8667.53
2019-02-01 13:00:00,0,8024.75,8683.33
2019-02-01 13:30:00,0,8023.97,8659.79
2019-02-01 14:00:00,0,8060.62,8670.65
2019-02-01 14:30:00,0,8054.43,8672.15
2019-02-01 15:00:00,0,8135.18,8725.34
2019-02-01 15:30:00,0,8227.97,8790.33
2019-02-01 16:00:00,0,8378.26,8774.74
2019-02-01 16:30:00,0,8490.26,8829.51
2019-02-01 17:00:00,0,8581.58,8847.52
2019-02-01 17:30:00,0,8753.9,8685.25
2019-02-01 18:00:00,0,8842.5,8604.43
2019-02-01 18:30:00,0,8918.33,8474.07
2019-02-01 19:00:00,0,8864.12,8353.97
2019-02-01 19:30:00,0,8806.67,8343.19
2019-02-01 20:00:00,0,8794.03,8315.3
2019-02-01 20:30:00,0,8820.37,8161.02
2019-02-01 21:00:00,0,8646.63,8003.26
2019-02-01 21:30:00,0,8554.05,7932.27
2019-02-01 22:00:00,0,8380.12,7849.48
2019-02-01 22:30:00,0,8197.63,7742.55
2019-02-01 23:00:00,0,8078.59,7663.07
2019-02-01 23:30:00,0,7805.2,7511.45
2019-02-02 00:00:00,0,7578.8,7337.7
2019-02-02 00:30:00,0,7375.78,7123.06
2019-02-02 01:00:00,0,7260.16,6890.22
2019-02-02 01:30:00,0,7076.04,6608.22
2019-02-02 02:00:00,0,6808.71,6396.74
2019-02-02 02:30:00,0,6618.4,6262.87
2019-02-02 03:00:00,0,6542.64,6204.12
2019-02-02 03:30:00,0,6492.94,6187.23
2019-02-02 04:00:00,0,6448.78,6203.33
2019-02-02 12:30:00,0,8800.69,7581.74
2019-02-02 13:00:00,0,8981.41,7608.08
2019-02-02 13:30:00,0,9204.67,7660.82
2019-02-02 14:00:00,0,9377.69,7716.58
2019-02-02 14:30:00,0,9550.1,7827.15
2019-02-02 15:00:00,0,9789.22,7884.08
2019-02-02 15:30:00,0,10008.05,8041.89
2019-02-02 16:00:00,0,10220.24,8181.73
2019-02-02 16:30:00,0,10419.85,8280.46
2019-02-02 17:00:00,0,10584.3,8357.99
2019-02-02 17:30:00,0,10771.32,8385.09
2019-02-02 18:00:00,0,10840.48,8330.08
2019-02-02 18:30:00,0,10688.95,8255.79
2019-02-02 19:00:00,0,10399.44,8163.53
2019-02-02 19:30:00,0,10050.42,8233.27
2019-02-02 20:00:00,0,9944.52,8239.55
2019-02-02 20:30:00,0,9777.18,8194.58
2019-02-02 21:00:00,0,9517.39,8076.76
2019-02-02 21:30:00,0,9167.58,7926.19
2019-02-02 22:00:00,0,8859.22,7813.31
2019-02-02 22:30:00,0,8541.64,7726.6
2019-02-02 23:00:00,0,8326.2,7526.23
2019-02-02 23:30:00,0,8005.03,7266.37
2019-02-03 00:00:00,0,7697.84,7116.8
2019-02-03 00:30:00,0,7521.28,6977.85
2019-02-03 01:00:00,0,7368.77,6800.71
2019-02-03 01:30:00,0,7144.34,6576.06
2019-02-03 02:00:00,0,6881.18,6396.39
2019-02-03 02:30:00,0,6695.11,6278.45
2019-02-03 03:00:00,0,6670.31,6222.14
2019-02-03 03:30:00,0,6622.75,6202.08
2019-02-03 04:00:00,0,6661.79,6208.57
2019-02-03 12:30:00,0,10529.92,8450.63
2019-02-03 13:00:00,0,10832.14,8639.23
2019-02-03 13:30:00,0,11035.19,8732.61
2019-02-03 14:00:00,0,11220.72,8878.56
2019-02-03 14:30:00,0,11366.72,9084.49
2019-02-03 15:00:00,0,11453.06,9296.44
2019-02-03 15:30:00,0,11815.99,9470.78
2019-02-03 16:00:00,0,12031.53,9645.15
2019-02-03 16:30:00,0,12226.27,9828.43
2019-02-03 17:00:00,0,12208.69,10022.51
2019-02-03 17:30:00,0,12194.47,10095.2
2019-02-03 18:00:00,0,11970.61,10081.09
2019-02-03 18:30:00,0,11838.53,9870.32
2019-02-03 19:00:00,0,11482.01,9733.89
2019-02-03 19:30:00,0,11212.06,9636.67
2019-02-03 20:00:00,0,10977.26,9564.85
2019-02-03 20:30:00,0,10718.9,9322.19
2019-02-03 21:00:00,0,10291.77,9012.93
2019-02-03 21:30:00,0,9982.65,8671.55
2019-02-03 22:00:00,0,9717.14,8386.41
2019-02-03 22:30:00,0,9292.71,8124.5
2019-02-03 23:00:00,0,9026.96,7853.24
2019-02-03 23:30:00,0,8619.02,7594.57
2019-02-04 00:00:00,1,8331.52,7384.7
2019-02-04 00:30:00,1,8161.55,7170.57
2019-02-04 01:00:00,1,7859.04,6982.49
2019-02-04 01:30:00,1,7624.02,6725.48
2019-02-04 02:00:00,1,7386.03,6577.59
2019-02-04 02:30:00,1,7066.05,6485.14
2019-02-04 03:00:00,1,6995.29,6475.8
2019-02-04 03:30:00,1,6882.17,6514.38
2019-02-04 04:00:00,1,6880.01,6613.6
2019-02-04 12:30:00,1,9874.71,10712.86
2019-02-04 13:00:00,1,9914.6,10910.08
2019-02-04 13:30:00,1,10053.34,11038.1
2019-02-04 14:00:00,1,10123.92,11208.99
2019-02-04 14:30:00,1,10169.79,11384.94
2019-02-04 15:00:00,1,10352.65,11637.27
2019-02-04 15:30:00,1,10445.73,11820.39
2019-02-04 16:00:00,1,10540.36,11980.49
2019-02-04 16:30:00,1,10615.07,12039.21
2019-02-04 17:00:00,1,10534.25,12058.25
2019-02-04 17:30:00,1,10548.47,11826.48
2019-02-04 18:00:00,1,10352.38,11676.98
2019-02-04 18:30:00,1,10231.1,11380.49
2019-02-04 19:00:00,1,10033.85,11103.96
2019-02-04 19:30:00,1,9976.96,10926.71
2019-02-04 20:00:00,1,9929.28,10744.34
2019-02-04 20:30:00,1,9710.98,10364.62
2019-02-04 21:00:00,1,9429.14,9933.72
2019-02-04 21:30:00,1,9165.56,9601.54
2019-02-04 22:00:00,1,9000.0,9196.35
2019-02-04 22:30:00,1,8706.61,8860.6
2019-02-04 23:00:00,1,8504.28,8526.6
2019-02-04 23:30:00,1,8237.34,8220.53
2019-02-05 00:00:00,0,8026.85,8008.44
2019-02-05 00:30:00,0,7857.98,7805.3
2019-02-05 01:00:00,0,7648.75,7578.2
2019-02-05 01:30:00,0,7383.44,7314.65
2019-02-05 02:00:00,0,7132.55,7106.69
2019-02-05 02:30:00,0,6957.64,6968.7
2019-02-05 03:00:00,0,6777.37,6911.17
2019-02-05 03:30:00,0,6733.26,6916.09
2019-02-05 04:00:00,0,6735.42,6982.01
2019-02-05 12:30:00,0,9818.27,9882.85
2019-02-05 13:00:00,0,9930.29,9954.38
2019-02-05 13:30:00,0,10014.13,9970.14
2019-02-05 14:00:00,0,10109.09,10004.41
2019-02-05 14:30:00,0,10224.11,10092.77
2019-02-05 15:00:00,0,10375.37,10225.19
2019-02-05 15:30:00,0,10688.94,10344.99
2019-02-05 16:00:00,0,10936.82,10422.84
2019-02-05 16:30:00,0,11048.89,10478.5
2019-02-05 17:00:00,0,11057.13,10317.09
2019-02-05 17:30:00,0,11093.75,10310.17
2019-02-05 18:00:00,0,10891.66,10191.47
2019-02-05 18:30:00,0,10799.36,10011.68
2019-02-05 19:00:00,0,10627.59,9908.02
2019-02-05 19:30:00,0,10369.5,9839.77
2019-02-05 20:00:00,0,10233.21,9752.69
2019-02-05 20:30:00,0,10143.19,9494.85
2019-02-05 21:00:00,0,9858.22,9198.28
2019-02-05 21:30:00,0,9546.02,8976.11
2019-02-05 22:00:00,0,9257.89,8697.24
2019-02-05 22:30:00,0,8878.33,8585.17
2019-02-05 23:00:00,0,8695.91,8331.98
2019-02-05 23:30:00,0,8389.41,8098.39
2019-02-06 00:00:00,0,8123.27,7894.69
2019-02-06 00:30:00,0,7939.62,7687.99
2019-02-06 01:00:00,0,7709.73,7481.06
2019-02-06 01:30:00,0,7545.45,7217.1
2019-02-06 02:00:00,0,7136.04,7012.66
2019-02-06 02:30:00,0,6950.4,6867.18
2019-02-06 03:00:00,0,6852.95,6799.38
2019-02-06 03:30:00,0,6808.61,6788.89
2019-02-06 04:00:00,0,6811.17,6852.97
2019-02-06 12:30:00,0,10071.78,9515.67
2019-02-06 13:00:00,0,10230.6,9584.79
2019-02-06 13:30:00,0,10352.83,9662.21
2019-02-06 14:00:00,0,10587.51,9734.47
2019-02-06 14:30:00,0,10672.55,9838.12
2019-02-06 15:00:00,0,10806.0,9972.79
2019-02-06 15:30:00,0,11038.88,10127.13
2019-02-06 16:00:00,0,11219.85,10208.68
2019-02-06 16:30:00,0,11277.73,10243.95
2019-02-06 17:00:00,0,11337.62,10247.56
2019-02-06 17:30:00,0,11382.36,10234.31
2019-02-06 18:00:00,0,11230.36,10126.72
2019-02-06 18:30:00,0,11110.75,9913.37
2019-02-06 19:00:00,0,10742.38,9722.62
2019-02-06 19:30:00,0,10510.92,9712.08
2019-02-06 20:00:00,0,10368.34,9573.8
2019-02-06 20:30:00,0,10243.63,9319.59
2019-02-06 21:00:00,0,9913.92,9035.35
2019-02-06 21:30:00,0,9510.76,8836.47
2019-02-06 22:00:00,0,9252.61,8562.91
2019-02-06 22:30:00,0,8921.46,8406.64
2019-02-06 23:00:00,0,8742.5,8163.68
2019-02-06 23:30:00,0,8432.9,7916.37
2019-02-07 00:00:00,0,8142.31,7710.92
2019-02-07 00:30:00,0,7989.15,7505.74
2019-02-07 01:00:00,0,7766.15,7306.56
2019-02-07 01:30:00,0,7531.38,7063.32
2019-02-07 02:00:00,0,7274.63,6874.33
2019-02-07 02:30:00,0,7094.74,6750.35
2019-02-07 03:00:00,0,6973.31,6685.11
2019-02-07 03:30:00,0,6880.87,6677.84
2019-02-07 04:00:00,0,6883.47,6738.94
2019-02-07 12:30:00,0,10139.47,9516.49
2019-02-07 13:00:00,0,10269.0,9671.87
2019-02-07 13:30:00,0,10567.2,9808.66
2019-02-07 14:00:00,0,10707.06,9942.17
2019-02-07 14:30:00,0,10836.6,10090.49
2019-02-07 15:00:00,0,10947.4,10309.92
2019-02-07 15:30:00,0,11242.69,10502.91
2019-02-07 16:00:00,0,11294.61,10664.58
2019-02-07 16:30:00,0,11403.56,10706.27
2019-02-07 17:00:00,0,11299.49,10720.89
2019-02-07 17:30:00,0,11033.5,10677.75
2019-02-07 18:00:00,0,10397.48,10575.9
2019-02-07 18:30:00,0,9892.39,10372.18
2019-02-07 19:00:00,0,9537.89,10201.29
2019-02-07 19:30:00,0,9288.19,10142.14
2019-02-07 20:00:00,0,9139.91,10021.15
2019-02-07 20:30:00,0,9006.78,9727.27
2019-02-07 21:00:00,0,8801.78,9380.89
2019-02-07 21:30:00,0,8516.91,9120.73
2019-02-07 22:00:00,0,8476.8,8811.52
2019-02-07 22:30:00,0,8278.26,8629.86
2019-02-07 23:00:00,0,8175.67,8376.46
2019-02-07 23:30:00,0,7930.54,8111.36
2019-02-08 00:00:00,1,7720.69,7906.86
2019-02-08 00:30:00,1,7561.64,7713.36
2019-02-08 01:00:00,1,7267.17,7511.77
2019-02-08 01:30:00,1,7096.98,7243.78
2019-02-08 02:00:00,1,6783.95,7035.04
2019-02-08 02:30:00,1,6566.59,6896.51
2019-02-08 03:00:00,1,6449.73,6827.4
2019-02-08 03:30:00,1,6331.29,6804.03
2019-02-08 04:00:00,1,6332.49,6856.33
2019-02-08 12:30:00,1,8384.64,10215.57
2019-02-08 13:00:00,1,8504.44,10401.08
2019-02-08 13:30:00,1,8648.45,10536.52
2019-02-08 14:00:00,1,8697.37,10736.4
2019-02-08 14:30:00,1,8734.38,10830.08
2019-02-08 15:00:00,1,8703.7,11033.21
2019-02-08 15:30:00,1,8856.57,11153.25
2019-02-08 16:00:00,1,9061.01,11234.99
2019-02-08 16:30:00,1,9254.32,11123.48
2019-02-08 17:00:00,1,9320.91,11076.5
2019-02-08 17:30:00,1,9371.2,10852.65
2019-02-08 18:00:00,1,9340.44,10600.15
2019-02-08 18:30:00,1,9298.58,10330.78
2019-02-08 19:00:00,1,9100.51,10191.89
2019-02-08 19:30:00,1,8840.58,10078.53
2019-02-08 20:00:00,1,8729.58,9948.55
2019-02-08 20:30:00,1,8641.89,9732.6
2019-02-08 21:00:00,1,8362.5,9436.97
2019-02-08 21:30:00,1,8214.56,9279.15
2019-02-08 22:00:00,1,7998.99,9006.03
2019-02-08 22:30:00,1,7812.08,8818.36
2019-02-08 23:00:00,1,7745.37,8500.81
2019-02-08 23:30:00,1,7486.43,8243.2
2019-02-09 00:00:00,1,7289.11,8018.6
2019-02-09 00:30:00,1,7122.36,7759.63
2019-02-09 01:00:00,1,6897.29,7475.14
2019-02-09 01:30:00,1,6722.2,7150.23
2019-02-09 02:00:00,1,6469.04,6928.84
2019-02-09 02:30:00,1,6339.7,6752.54
2019-02-09 03:00:00,1,6219.01,6637.18
2019-02-09 03:30:00,1,6146.93,6588.59
2019-02-09 04:00:00,1,6179.06,6579.24
2019-02-09 12:30:00,1,6666.6,8687.91
2019-02-09 13:00:00,1,6680.42,8800.85
2019-02-09 13:30:00,1,6697.68,8858.73
2019-02-09 14:00:00,1,6709.97,8966.33
2019-02-09 14:30:00,1,6809.52,9077.18
2019-02-09 15:00:00,1,6883.21,9298.46
2019-02-09 15:30:00,1,7052.16,9495.68
2019-02-09 16:00:00,1,7245.78,9563.64
2019-02-09 16:30:00,1,7455.62,9634.12
2019-02-09 17:00:00,1,7635.94,9715.7
2019-02-09 17:30:00,1,7914.37,9506.96
2019-02-09 18:00:00,1,8138.59,9368.96
2019-02-09 18:30:00,1,8202.26,9066.29
2019-02-09 19:00:00,1,8145.42,8886.7
2019-02-09 19:30:00,1,8071.18,8732.26
2019-02-09 20:00:00,1,8135.22,8587.68
2019-02-09 20:30:00,1,8131.5,8446.58
2019-02-09 21:00:00,1,7991.46,8219.26
2019-02-09 21:30:00,1,7753.29,8080.43
2019-02-09 22:00:00,1,7587.11,7898.46
2019-02-09 22:30:00,1,7352.59,7647.44
2019-02-09 23:00:00,1,7253.94,7464.48
2019-02-09 23:30:00,1,7024.92,7273.54
2019-02-10 00:00:00,0,6855.9,7066.85
2019-02-10 00:30:00,0,6748.35,6871.66
2019-02-10 01:00:00,0,6618.43,6682.29
2019-02-10 01:30:00,0,6441.8,6453.92
2019-02-10 02:00:00,0,6223.25,6276.14
2019-02-10 02:30:00,0,6117.97,6179.25
2019-02-10 03:00:00,0,6041.02,6125.5
2019-02-10 03:30:00,0,6017.97,6108.3
2019-02-10 04:00:00,0,6086.97,6146.93
2019-02-10 12:30:00,0,8329.12,6704.22
2019-02-10 13:00:00,0,8407.71,6669.87
2019-02-10 13:30:00,0,8571.06,6660.71
2019-02-10 14:00:00,0,8700.45,6655.2
2019-02-10 14:30:00,0,8877.59,6720.94
2019-02-10 15:00:00,0,9016.19,6906.94
2019-02-10 15:30:00,0,9366.73,7073.91
2019-02-10 16:00:00,0,9689.74,7261.8
2019-02-10 16:30:00,0,9955.68,7435.97
2019-02-10 17:00:00,0,10156.56,7616.54
2019-02-10 17:30:00,0,10262.63,7613.82
2019-02-10 18:00:00,0,10229.78,7764.34
2019-02-10 18:30:00,0,10199.95,7960.28
2019-02-10 19:00:00,0,9998.46,7929.31
2019-02-10 19:30:00,0,9805.35,7916.66
2019-02-10 20:00:00,0,9699.36,7879.33
2019-02-10 20:30:00,0,9553.12,7733.56
2019-02-10 21:00:00,0,9246.13,7555.02
2019-02-10 21:30:00,0,8851.6,7470.0
2019-02-10 22:00:00,0,8687.95,7342.69
2019-02-10 22:30:00,0,8293.89,7204.71
2019-02-10 23:00:00,0,8128.69,7026.52
2019-02-10 23:30:00,0,7907.56,6862.31
2019-02-11 00:00:00,0,7636.1,6733.34
2019-02-11 00:30:00,0,7492.15,6603.51
2019-02-11 01:00:00,0,7267.14,6461.09
2019-02-11 01:30:00,0,7047.43,6265.61
2019-02-11 02:00:00,0,6750.47,6111.58
2019-02-11 02:30:00,0,6521.74,6020.51
2019-02-11 03:00:00,0,6368.84,6002.34
2019-02-11 03:30:00,0,6336.18,6034.07
2019-02-11 04:00:00,0,6306.53,6131.69
2019-02-11 12:30:00,0,9364.01,8422.43
2019-02-11 13:00:00,0,9573.04,8558.41
2019-02-11 13:30:00,0,9843.52,8755.32
2019-02-11 14:00:00,0,10059.12,8915.9
2019-02-11 14:30:00,0,10393.68,9123.22
2019-02-11 15:00:00,0,10667.63,9374.57
2019-02-11 15:30:00,0,11121.6,9627.61
2019-02-11 16:00:00,0,11493.86,9829.06
2019-02-11 16:30:00,0,11751.21,10007.08
2019-02-11 17:00:00,0,11933.23,10052.03
2019-02-11 17:30:00,0,12110.45,9990.59
2019-02-11 18:00:00,0,12005.72,9920.86
2019-02-11 18:30:00,0,11936.42,9698.81
2019-02-11 19:00:00,0,11643.41,9500.86
2019-02-11 19:30:00,0,11278.32,9391.17
2019-02-11 20:00:00,0,11079.55,9265.34
2019-02-11 20:30:00,0,10781.32,8945.56
2019-02-11 21:00:00,0,10367.55,8651.26
2019-02-11 21:30:00,0,9786.69,8450.64
2019-02-11 22:00:00,0,9434.46,8224.43
2019-02-11 22:30:00,0,8941.23,8061.0
2019-02-11 23:00:00,0,8629.82,7864.67
2019-02-11 23:30:00,0,8271.18,7648.76
2019-02-12 00:00:00,1,8072.01,7497.59
2019-02-12 00:30:00,1,7853.14,7348.43
2019-02-12 01:00:00,1,7612.12,7158.65
2019-02-12 01:30:00,1,7403.36,6904.24
2019-02-12 02:00:00,1,7081.43,6685.99
2019-02-12 02:30:00,1,6847.63,6523.61
2019-02-12 03:00:00,1,6676.12,6428.14
2019-02-12 03:30:00,1,6653.07,6412.56
2019-02-12 04:00:00,1,6560.3,6470.12
2019-02-12 12:30:00,1,8146.9,9560.02
2019-02-12 13:00:00,1,8186.55,9804.02
2019-02-12 13:30:00,1,8237.51,9969.61
2019-02-12 14:00:00,1,8293.8,10201.14
2019-02-12 14:30:00,1,8371.07,10580.91
2019-02-12 15:00:00,1,8408.53,10931.35
2019-02-12 15:30:00,1,8586.78,11246.31
2019-02-12 16:00:00,1,8747.33,11473.73
2019-02-12 16:30:00,1,8918.41,11645.05
2019-02-12 17:00:00,1,9019.84,11704.6
2019-02-12 17:30:00,1,9138.63,11516.59
2019-02-12 18:00:00,1,9001.11,11285.62
2019-02-12 18:30:00,1,8992.56,10988.9
2019-02-12 19:00:00,1,8834.25,10674.24
2019-02-12 19:30:00,1,8642.67,10280.84
2019-02-12 20:00:00,1,8598.73,10069.28
2019-02-12 20:30:00,1,8493.36,9772.42
2019-02-12 21:00:00,1,8312.7,9417.79
2019-02-12 21:30:00,1,8021.76,9158.45
2019-02-12 22:00:00,1,7895.97,8839.86
2019-02-12 22:30:00,1,7656.79,8512.5
2019-02-12 23:00:00,1,7621.37,8212.53
2019-02-12 23:30:00,1,7424.73,7923.69
2019-02-13 00:00:00,0,7279.78,7693.29
2019-02-13 00:30:00,0,7146.16,7474.0
2019-02-13 01:00:00,0,7000.34,7234.56
2019-02-13 01:30:00,0,6851.87,6960.08
2019-02-13 02:00:00,0,6554.54,6736.87
2019-02-13 02:30:00,0,6426.42,6595.95
2019-02-13 03:00:00,0,6275.37,6502.98
2019-02-13 03:30:00,0,6260.5,6483.56
2019-02-13 04:00:00,0,6331.76,6538.0
2019-02-13 12:30:00,0,8101.71,7960.44
2019-02-13 13:00:00,0,8094.71,7987.83
2019-02-13 13:30:00,0,8052.59,7984.58
2019-02-13 14:00:00,0,8130.38,8039.99
2019-02-13 14:30:00,0,8116.76,8100.04
2019-02-13 15:00:00,0,8218.12,8264.11
2019-02-13 15:30:00,0,8346.54,8425.6
2019-02-13 16:00:00,0,8460.61,8597.63
2019-02-13 16:30:00,0,8597.14,8738.13
2019-02-13 17:00:00,0,8728.52,8874.32
2019-02-13 17:30:00,0,8947.08,8865.17
2019-02-13 18:00:00,0,8926.54,8885.83
2019-02-13 18:30:00,0,8915.59,8815.88
2019-02-13 19:00:00,0,8848.98,8722.58
2019-02-13 19:30:00,0,8742.1,8691.79
2019-02-13 20:00:00,0,8781.58,8598.3
2019-02-13 20:30:00,0,8586.16,8430.0
2019-02-13 21:00:00,0,8325.15,8197.14
2019-02-13 21:30:00,0,8091.31,8075.6
2019-02-13 22:00:00,0,7940.75,7893.3
2019-02-13 22:30:00,0,7754.4,7787.62
2019-02-13 23:00:00,0,7648.39,7617.87
2019-02-13 23:30:00,0,7529.45,7447.41
2019-02-14 00:00:00,0,7364.44,7283.72
2019-02-14 00:30:00,0,7239.21,7128.66
2019-02-14 01:00:00,0,7105.34,6940.29
2019-02-14 01:30:00,0,6863.0,6700.25
2019-02-14 02:00:00,0,6621.41,6491.86
2019-02-14 02:30:00,0,6445.13,6354.09
2019-02-14 03:00:00,0,6338.8,6286.84
2019-02-14 03:30:00,0,6353.36,6294.94
2019-02-14 04:00:00,0,6374.66,6380.93
2019-02-14 12:30:00,0,8177.21,8109.51
2019-02-14 13:00:00,0,8171.16,8105.94
2019-02-14 13:30:00,0,8218.37,8121.13
2019-02-14 14:00:00,0,8260.63,8161.86
2019-02-14 14:30:00,0,8333.73,8212.76
2019-02-14 15:00:00,0,8449.02,8373.14
2019-02-14 15:30:00,0,8690.39,8521.67
2019-02-14 16:00:00,0,8823.61,8677.6
2019-02-14 16:30:00,0,9006.23,8807.39
2019-02-14 17:00:00,0,9026.09,8921.69
2019-02-14 17:30:00,0,9018.16,8885.23
2019-02-14 18:00:00,0,8898.38,8923.65
2019-02-14 18:30:00,0,8818.11,8854.17
2019-02-14 19:00:00,0,8700.67,8779.47
2019-02-14 19:30:00,0,8565.03,8780.73
2019-02-14 20:00:00,0,8604.59,8693.93
2019-02-14 20:30:00,0,8506.1,8498.03
2019-02-14 21:00:00,0,8312.39,8258.8
2019-02-14 21:30:00,0,8142.31,8140.92
2019-02-14 22:00:00,0,8112.23,7941.35
2019-02-14 22:30:00,0,7959.81,7794.29
2019-02-14 23:00:00,0,7887.74,7645.9
2019-02-14 23:30:00,0,7705.3,7481.94
2019-02-15 00:00:00,0,7512.52,7330.14
2019-02-15 00:30:00,0,7394.9,7158.33
2019-02-15 01:00:00,0,7233.81,6962.56
2019-02-15 01:30:00,0,7019.65,6703.93
2019-02-15 02:00:00,0,6704.18,6508.92
2019-02-15 02:30:00,0,6474.87,6373.16
2019-02-15 03:00:00,0,6338.69,6311.91
2019-02-15 03:30:00,0,6279.34,6310.52
2019-02-15 04:00:00,0,6266.7,6387.45
2019-02-15 12:30:00,0,7627.6,8073.69
2019-02-15 13:00:00,0,7597.15,8097.18
2019-02-15 13:30:00,0,7598.26,8110.83
2019-02-15 14:00:00,0,7729.95,8178.87
2019-02-15 14:30:00,0,7784.0,8252.16
2019-02-15 15:00:00,0,7908.45,8406.29
2019-02-15 15:30:00,0,8155.92,8554.81
2019-02-15 16:00:00,0,8306.1,8692.53
2019-02-15 16:30:00,0,8461.04,8783.06
2019-02-15 17:00:00,0,8490.3,8838.64
2019-02-15 17:30:00,0,8581.73,8766.22
2019-02-15 18:00:00,0,8602.03,8760.53
2019-02-15 18:30:00,0,8592.65,8579.44
2019-02-15 19:00:00,0,8459.59,8450.43
2019-02-15 19:30:00,0,8377.24,8469.18
2019-02-15 20:00:00,0,8480.89,8381.09
2019-02-15 20:30:00,0,8409.54,8245.99
2019-02-15 21:00:00,0,8221.91,8065.8
2019-02-15 21:30:00,0,8042.25,7979.47
2019-02-15 22:00:00,0,7915.66,7850.78
2019-02-15 22:30:00,0,7746.96,7743.1
2019-02-15 23:00:00,0,7745.49,7623.76
2019-02-15 23:30:00,0,7464.33,7463.68
2019-02-16 00:00:00,0,7240.26,7306.1
2019-02-16 00:30:00,0,7085.7,7114.23
2019-02-16 01:00:00,0,6874.52,6899.19
2019-02-16 01:30:00,0,6804.86,6642.63
2019-02-16 02:00:00,0,6557.16,6411.56
2019-02-16 02:30:00,0,6410.46,6268.07
2019-02-16 03:00:00,0,6292.99,6186.9
2019-02-16 03:30:00,0,6276.36,6159.05
2019-02-16 04:00:00,0,6278.64,6183.15
2019-02-16 12:30:00,0,7740.75,7566.59
2019-02-16 13:00:00,0,7931.31,7586.86
2019-02-16 13:30:00,0,8081.43,7590.59
2019-02-16 14:00:00,0,8263.55,7651.15
2019-02-16 14:30:00,0,8514.46,7731.1
2019-02-16 15:00:00,0,8704.62,7868.06
2019-02-16 15:30:00,0,9002.52,8008.49
2019-02-16 16:00:00,0,9217.32,8132.25
2019-02-16 16:30:00,0,9511.15,8199.03
2019-02-16 17:00:00,0,9663.27,8256.53
2019-02-16 17:30:00,0,9924.3,8276.54
2019-02-16 18:00:00,0,9974.41,8237.71
2019-02-16 18:30:00,0,9902.32,8079.24
2019-02-16 19:00:00,0,9777.14,7989.0
2019-02-16 19:30:00,0,9561.73,8060.33
2019-02-16 20:00:00,0,9505.99,7982.08
2019-02-16 20:30:00,0,9417.63,7863.14
2019-02-16 21:00:00,0,9069.32,7716.78
2019-02-16 21:30:00,0,8765.75,7623.78
2019-02-16 22:00:00,0,8445.81,7498.02
2019-02-16 22:30:00,0,8179.41,7370.63
2019-02-16 23:00:00,0,7963.86,7216.55
2019-02-16 23:30:00,0,7658.01,7026.0
2019-02-17 00:00:00,1,7434.32,6879.69
2019-02-17 00:30:00,1,7283.03,6735.64
2019-02-17 01:00:00,1,7110.02,6586.81
2019-02-17 01:30:00,1,6949.94,6369.1
2019-02-17 02:00:00,1,6702.29,6184.75
2019-02-17 02:30:00,1,6539.48,6090.69
2019-02-17 03:00:00,1,6445.26,6052.0
2019-02-17 03:30:00,1,6446.14,6045.88
2019-02-17 04:00:00,1,6497.61,6066.95
2019-02-17 12:30:00,1,9832.33,7950.59
2019-02-17 13:00:00,1,10047.62,8086.86
2019-02-17 13:30:00,1,10244.15,8238.47
2019-02-17 14:00:00,1,10480.68,8362.21
2019-02-17 14:30:00,1,10693.22,8544.91
2019-02-17 15:00:00,1,10918.94,8781.66
2019-02-17 15:30:00,1,11280.17,9001.21
2019-02-17 16:00:00,1,11596.16,9186.4
2019-02-17 16:30:00,1,11833.88,9347.73
2019-02-17 17:00:00,1,11898.99,9520.11
2019-02-17 17:30:00,1,11842.81,9556.15
2019-02-17 18:00:00,1,11572.93,9525.16
2019-02-17 18:30:00,1,11461.16,9369.64
2019-02-17 19:00:00,1,11113.47,9246.84
2019-02-17 19:30:00,1,10749.12,9207.25
2019-02-17 20:00:00,1,10597.3,9065.64
2019-02-17 20:30:00,1,10225.38,8826.28
2019-02-17 21:00:00,1,9834.35,8517.17
2019-02-17 21:30:00,1,9333.93,8294.3
2019-02-17 22:00:00,1,9131.27,8033.97
2019-02-17 22:30:00,1,8740.22,7781.29
2019-02-17 23:00:00,1,8569.41,7531.39
2019-02-17 23:30:00,1,8231.83,7287.88
2019-02-18 00:00:00,1,7997.81,7104.7
2019-02-18 00:30:00,1,7795.31,6893.64
2019-02-18 01:00:00,1,7616.19,6704.03
2019-02-18 01:30:00,1,7377.37,6457.91
2019-02-18 02:00:00,1,7115.7,6261.87
2019-02-18 02:30:00,1,6893.6,6191.19
2019-02-18 03:00:00,1,6759.72,6202.41
2019-02-18 03:30:00,1,6716.46,6256.3
2019-02-18 04:00:00,1,6770.9,6371.61
2019-02-18 12:30:00,1,9713.51,10467.51
2019-02-18 13:00:00,1,9651.41,10750.6
2019-02-18 13:30:00,1,9629.25,10961.73
2019-02-18 14:00:00,1,9808.22,11178.63
2019-02-18 14:30:00,1,9546.37,11376.6
2019-02-18 15:00:00,1,9713.32,11682.67
2019-02-18 15:30:00,1,9755.48,11908.77
2019-02-18 16:00:00,1,9892.43,12094.67
2019-02-18 16:30:00,1,9958.83,12165.13
2019-02-18 17:00:00,1,9959.26,12186.2
2019-02-18 17:30:00,1,9910.6,11889.91
2019-02-18 18:00:00,1,9696.89,11740.66
2019-02-18 18:30:00,1,9605.7,11449.0
2019-02-18 19:00:00,1,9374.22,11207.22
2019-02-18 19:30:00,1,9244.03,11063.03
2019-02-18 20:00:00,1,9118.72,10793.75
2019-02-18 20:30:00,1,8916.39,10468.9
2019-02-18 21:00:00,1,8667.47,10013.84
2019-02-18 21:30:00,1,8385.7,9662.7
2019-02-18 22:00:00,1,8281.91,9217.05
2019-02-18 22:30:00,1,8063.83,8872.51
2019-02-18 23:00:00,1,7887.64,8510.44
2019-02-18 23:30:00,1,7705.92,8207.41
2019-02-19 00:00:00,0,7562.52,7966.56
2019-02-19 00:30:00,0,7441.05,7741.3
2019-02-19 01:00:00,0,7254.01,7521.9
2019-02-19 01:30:00,0,7075.57,7251.01
2019-02-19 02:00:00,0,6774.23,7037.93
2019-02-19 02:30:00,0,6617.28,6897.41
2019-02-19 03:00:00,0,6451.48,6832.82
2019-02-19 03:30:00,0,6422.37,6837.6
2019-02-19 04:00:00,0,6420.37,6894.39
2019-02-19 12:30:00,0,8545.41,9523.78
2019-02-19 13:00:00,0,8544.52,9567.49
2019-02-19 13:30:00,0,8555.1,9587.37
2019-02-19 14:00:00,0,8606.28,9627.09
2019-02-19 14:30:00,0,8597.73,9628.47
2019-02-19 15:00:00,0,8608.21,9748.6
2019-02-19 15:30:00,0,8726.61,9879.2
2019-02-19 16:00:00,0,8883.96,9929.6
2019-02-19 16:30:00,0,9017.08,9858.38
2019-02-19 17:00:00,0,9081.07,9810.35
2019-02-19 17:30:00,0,9148.87,9724.23
2019-02-19 18:00:00,0,9045.4,9562.1
2019-02-19 18:30:00,0,8987.1,9353.05
2019-02-19 19:00:00,0,8868.91,9229.33
2019-02-19 19:30:00,0,8801.61,9238.91
2019-02-19 20:00:00,0,8755.85,9059.47
2019-02-19 20:30:00,0,8571.81,8845.3
2019-02-19 21:00:00,0,8376.69,8571.54
2019-02-19 21:30:00,0,8168.77,8384.69
2019-02-19 22:00:00,0,8063.43,8146.33
2019-02-19 22:30:00,0,7884.39,7925.52
2019-02-19 23:00:00,0,7824.41,7719.05
2019-02-19 23:30:00,0,7633.85,7526.65
2019-02-20 00:00:00,0,7438.02,7362.51
2019-02-20 00:30:00,0,7387.85,7207.98
2019-02-20 01:00:00,0,7159.79,7038.8
2019-02-20 01:30:00,0,6985.81,6811.3
2019-02-20 02:00:00,0,6749.82,6604.55
2019-02-20 02:30:00,0,6503.5,6476.81
2019-02-20 03:00:00,0,6401.37,6429.28
2019-02-20 03:30:00,0,6405.74,6436.23
2019-02-20 04:00:00,0,6390.85,6512.48
2019-02-20 12:30:00,0,8524.03,8552.84
2019-02-20 13:00:00,0,8497.75,8561.4
2019-02-20 13:30:00,0,8507.88,8590.3
2019-02-20 14:00:00,0,8512.54,8639.61
2019-02-20 14:30:00,0,8559.53,8682.27
2019-02-20 15:00:00,0,8482.38,8808.52
2019-02-20 15:30:00,0,8606.02,8914.72
2019-02-20 16:00:00,0,8702.91,9027.68
2019-02-20 16:30:00,0,8812.1,9110.52
2019-02-20 17:00:00,0,8839.27,9154.48
2019-02-20 17:30:00,0,8969.84,9076.84
2019-02-20 18:00:00,0,8931.42,9044.98
2019-02-20 18:30:00,0,8932.77,8844.73
2019-02-20 19:00:00,0,8793.91,8778.79
2019-02-20 19:30:00,0,8742.62,8791.88
2019-02-20 20:00:00,0,8788.71,8671.93
2019-02-20 20:30:00,0,8644.62,8475.03
2019-02-20 21:00:00,0,8353.03,8231.36
2019-02-20 21:30:00,0,8042.61,8086.14
2019-02-20 22:00:00,0,7963.96,7886.28
2019-02-20 22:30:00,0,7766.57,7695.94
2019-02-20 23:00:00,0,7717.62,7547.57
2019-02-20 23:30:00,0,7599.61,7379.12
2019-02-21 00:00:00,0,7411.89,7227.84
2019-02-21 00:30:00,0,7280.54,7100.7
2019-02-21 01:00:00,0,7116.56,6932.77
2019-02-21 01:30:00,0,6974.35,6704.18
2019-02-21 02:00:00,0,6673.78,6502.79
2019-02-21 02:30:00,0,6470.9,6378.22
2019-02-21 03:00:00,0,6389.59,6340.11
2019-02-21 03:30:00,0,6347.08,6350.02
2019-02-21 04:00:00,0,6372.64,6428.2
2019-02-21 12:30:00,0,8003.85,8502.54
2019-02-21 13:00:00,0,7871.28,8514.31
2019-02-21 13:30:00,0,7887.0,8553.76
2019-02-21 14:00:00,0,7916.26,8579.92
2019-02-21 14:30:00,0,7883.74,8646.16
2019-02-21 15:00:00,0,7842.71,8726.41
2019-02-21 15:30:00,0,7939.05,8846.68
2019-02-21 16:00:00,0,8005.54,8933.62
2019-02-21 16:30:00,0,8136.49,8992.22
2019-02-21 17:00:00,0,8178.36,9013.23
2019-02-21 17:30:00,0,8255.86,8895.36
2019-02-21 18:00:00,0,8211.41,8754.32
2019-02-21 18:30:00,0,8253.0,8683.3
2019-02-21 19:00:00,0,8123.37,8656.84
2019-02-21 19:30:00,0,8181.13,8680.37
2019-02-21 20:00:00,0,8195.31,8546.7
2019-02-21 20:30:00,0,8065.57,8349.93
2019-02-21 21:00:00,0,7966.06,8128.8
2019-02-21 21:30:00,0,7763.84,7971.26
2019-02-21 22:00:00,0,7779.57,7802.58
2019-02-21 22:30:00,0,7635.62,7674.59
2019-02-21 23:00:00,0,7597.14,7538.99
2019-02-21 23:30:00,0,7563.03,7384.45
2019-02-22 00:00:00,0,7342.19,7236.75
2019-02-22 00:30:00,0,7163.54,7068.43
2019-02-22 01:00:00,0,7013.81,6896.45
2019-02-22 01:30:00,0,6793.65,6651.64
2019-02-22 02:00:00,0,6493.67,6446.91
2019-02-22 02:30:00,0,6265.4,6328.49
2019-02-22 03:00:00,0,6148.54,6287.46
2019-02-22 03:30:00,0,6075.92,6298.33
2019-02-22 04:00:00,0,6051.26,6384.88
2019-02-22 12:30:00,0,7011.28,8048.0
2019-02-22 13:00:00,0,6934.2,8010.28
2019-02-22 13:30:00,0,6924.66,7984.86
2019-02-22 14:00:00,0,6901.34,8004.71
2019-02-22 14:30:00,0,6958.72,8018.73
2019-02-22 15:00:00,0,6909.44,8129.88
2019-02-22 15:30:00,0,6892.59,8228.9
2019-02-22 16:00:00,0,6981.61,8339.58
2019-02-22 16:30:00,0,7183.73,8411.65
2019-02-22 17:00:00,0,7235.86,8436.99
2019-02-22 17:30:00,0,7503.84,8308.22
2019-02-22 18:00:00,0,7577.67,8262.48
2019-02-22 18:30:00,0,7682.63,8170.16
2019-02-22 19:00:00,0,7715.98,8129.51
2019-02-22 19:30:00,0,7754.86,8143.49
2019-02-22 20:00:00,0,7845.14,8055.79
2019-02-22 20:30:00,0,7699.06,7907.3
2019-02-22 21:00:00,0,7529.56,7747.52
2019-02-22 21:30:00,0,7408.9,7670.98
2019-02-22 22:00:00,0,7373.45,7589.39
2019-02-22 22:30:00,0,7268.45,7517.6
2019-02-22 23:00:00,0,7254.82,7435.24
2019-02-22 23:30:00,0,7048.9,7301.59
2019-02-23 00:00:00,0,6810.03,7163.45
2019-02-23 00:30:00,0,6711.05,6984.59
2019-02-23 01:00:00,0,6631.02,6789.55
2019-02-23 01:30:00,0,6431.8,6539.28
2019-02-23 02:00:00,0,6197.97,6309.58
2019-02-23 02:30:00,0,6017.48,6174.42
2019-02-23 03:00:00,0,5885.9,6094.75
2019-02-23 03:30:00,0,5817.08,6065.29
2019-02-23 04:00:00,0,5779.41,6077.26
2019-02-23 12:30:00,0,6763.56,7112.46
2019-02-23 13:00:00,0,6658.14,7077.6
2019-02-23 13:30:00,0,6669.53,7070.18
2019-02-23 14:00:00,0,6656.54,7091.89
2019-02-23 14:30:00,0,6734.02,7135.21
2019-02-23 15:00:00,0,6735.71,7268.99
2019-02-23 15:30:00,0,6819.08,7392.82
2019-02-23 16:00:00,0,6915.09,7499.66
2019-02-23 16:30:00,0,7121.03,7595.42
2019-02-23 17:00:00,0,7299.56,7661.27
2019-02-23 17:30:00,0,7437.9,7633.07
2019-02-23 18:00:00,0,7660.4,7599.56
2019-02-23 18:30:00,0,7758.24,7518.32
2019-02-23 19:00:00,0,7814.91,7481.92
2019-02-23 19:30:00,0,7840.1,7590.6
2019-02-23 20:00:00,0,7901.64,7515.0
2019-02-23 20:30:00,0,7801.51,7384.99
2019-02-23 21:00:00,0,7610.02,7264.82
2019-02-23 21:30:00,0,7452.25,7173.47
2019-02-23 22:00:00,0,7347.04,7103.33
2019-02-23 22:30:00,0,7201.52,7018.01
2019-02-23 23:00:00,0,7159.42,6897.85
2019-02-23 23:30:00,0,6965.83,6705.7
2019-02-24 00:00:00,0,6807.2,6572.1
2019-02-24 00:30:00,0,6745.87,6435.6
2019-02-24 01:00:00,0,6620.76,6293.73
2019-02-24 01:30:00,0,6473.53,6085.87
2019-02-24 02:00:00,0,6217.2,5917.01
2019-02-24 02:30:00,0,6098.57,5833.76
2019-02-24 03:00:00,0,6000.65,5792.07
2019-02-24 03:30:00,0,5978.48,5784.25
2019-02-24 04:00:00,0,6017.78,5799.34
2019-02-24 12:30:00,0,7998.03,6734.77
2019-02-24 13:00:00,0,7966.69,6691.58
2019-02-24 13:30:00,0,7970.33,6701.47
2019-02-24 14:00:00,0,8014.49,6732.87
2019-02-24 14:30:00,0,8058.47,6783.38
2019-02-24 15:00:00,0,8084.82,6911.53
2019-02-24 15:30:00,0,8269.25,7059.38
2019-02-24 16:00:00,0,8424.79,7237.88
2019-02-24 16:30:00,0,8554.67,7372.01
2019-02-24 17:00:00,0,8690.34,7560.9
2019-02-24 17:30:00,0,8843.37,7669.84
2019-02-24 18:00:00,0,8853.63,7723.87
2019-02-24 18:30:00,0,8830.63,7689.89
2019-02-24 19:00:00,0,8766.52,7685.42
2019-02-24 19:30:00,0,8699.0,7769.79
2019-02-24 20:00:00,0,8643.87,7675.91
2019-02-24 20:30:00,0,8447.99,7560.48
2019-02-24 21:00:00,0,8273.98,7394.53
2019-02-24 21:30:00,0,7998.09,7245.29
2019-02-24 22:00:00,0,7900.28,7124.04
2019-02-24 22:30:00,0,7727.55,6979.18
2019-02-24 23:00:00,0,7678.41,6836.57
2019-02-24 23:30:00,0,7487.91,6691.35
2019-02-25 00:00:00,0,7388.35,6592.59
2019-02-25 00:30:00,0,7227.64,6486.59
2019-02-25 01:00:00,0,7026.0,6361.45
2019-02-25 01:30:00,0,6816.13,6164.21
2019-02-25 02:00:00,0,6593.75,6009.88
2019-02-25 02:30:00,0,6403.35,5937.13
2019-02-25 03:00:00,0,6296.98,5929.16
2019-02-25 03:30:00,0,6223.12,5977.25
2019-02-25 04:00:00,0,6248.62,6077.59
2019-02-25 12:30:00,0,8221.31,7952.83
2019-02-25 13:00:00,0,8333.59,7936.51
2019-02-25 13:30:00,0,8342.04,7970.94
2019-02-25 14:00:00,0,8367.28,8014.44
2019-02-25 14:30:00,0,8543.51,8054.63
2019-02-25 15:00:00,0,8610.3,8186.25
2019-02-25 15:30:00,0,8775.06,8310.06
2019-02-25 16:00:00,0,9008.82,8454.85
2019-02-25 16:30:00,0,9240.02,8588.82
2019-02-25 17:00:00,0,9342.15,8703.33
2019-02-25 17:30:00,0,9401.62,8643.02
2019-02-25 18:00:00,0,9288.31,8635.79
2019-02-25 18:30:00,0,9246.72,8563.66
2019-02-25 19:00:00,0,9132.76,8521.24
2019-02-25 19:30:00,0,9057.26,8502.81
2019-02-25 20:00:00,0,9055.66,8382.52
2019-02-25 20:30:00,0,8797.95,8197.15
2019-02-25 21:00:00,0,8581.55,7975.66
2019-02-25 21:30:00,0,8318.74,7853.61
2019-02-25 22:00:00,0,8098.32,7695.76
2019-02-25 22:30:00,0,7900.18,7585.47
2019-02-25 23:00:00,0,7751.43,7468.96
2019-02-25 23:30:00,0,7607.63,7340.42
2019-02-26 00:00:00,0,7408.61,7204.18
2019-02-26 00:30:00,0,7318.66,7044.54
2019-02-26 01:00:00,0,7084.66,6865.63
2019-02-26 01:30:00,0,6894.27,6633.4
2019-02-26 02:00:00,0,6611.11,6426.48
2019-02-26 02:30:00,0,6416.24,6280.28
2019-02-26 03:00:00,0,6231.62,6215.34
2019-02-26 03:30:00,0,6240.51,6214.43
2019-02-26 04:00:00,0,6228.43,6289.12
2019-02-26 12:30:00,0,8562.27,8170.53
2019-02-26 13:00:00,0,8561.09,8275.08
2019-02-26 13:30:00,0,8650.12,8390.65
2019-02-26 14:00:00,0,8736.75,8478.36
2019-02-26 14:30:00,0,8803.38,8641.0
2019-02-26 15:00:00,0,8823.49,8785.47
2019-02-26 15:30:00,0,8980.56,8987.98
2019-02-26 16:00:00,0,9147.2,9089.39
2019-02-26 16:30:00,0,9278.14,9175.67
2019-02-26 17:00:00,0,9309.07,9232.54
2019-02-26 17:30:00,0,9297.29,9249.62
2019-02-26 18:00:00,0,9198.6,9196.74
2019-02-26 18:30:00,0,9184.55,9034.05
2019-02-26 19:00:00,0,9058.93,8957.26
2019-02-26 19:30:00,0,9042.72,8838.99
2019-02-26 20:00:00,0,9023.16,8674.04
2019-02-26 20:30:00,0,8818.88,8482.51
2019-02-26 21:00:00,0,8627.76,8257.42
2019-02-26 21:30:00,0,8405.12,8136.89
2019-02-26 22:00:00,0,8246.77,7943.7
2019-02-26 22:30:00,0,8034.46,7765.78
2019-02-26 23:00:00,0,7928.86,7607.89
2019-02-26 23:30:00,0,7764.17,7445.65
2019-02-27 00:00:00,0,7597.44,7302.35
2019-02-27 00:30:00,0,7434.9,7137.16
2019-02-27 01:00:00,0,7243.87,6937.65
2019-02-27 01:30:00,0,7031.71,6668.23
2019-02-27 02:00:00,0,6776.6,6442.45
2019-02-27 02:30:00,0,6618.34,6298.0
2019-02-27 03:00:00,0,6476.95,6242.43
2019-02-27 03:30:00,0,6427.53,6242.59
2019-02-27 04:00:00,0,6461.54,6309.42
2019-02-27 12:30:00,0,8779.62,8449.53
2019-02-27 13:00:00,0,8817.26,8534.79
2019-02-27 13:30:00,0,8917.71,8656.36
2019-02-27 14:00:00,0,8987.51,8780.79
2019-02-27 14:30:00,0,9106.41,8896.44
2019-02-27 15:00:00,0,9185.14,9016.31
2019-02-27 15:30:00,0,9447.55,9118.18
2019-02-27 16:00:00,0,9628.93,9211.52
2019-02-27 16:30:00,0,9788.06,9257.28
2019-02-27 17:00:00,0,9871.2,9301.37
2019-02-27 17:30:00,0,9906.75,9334.59
2019-02-27 18:00:00,0,9751.75,9255.09
2019-02-27 18:30:00,0,9732.58,9098.84
2019-02-27 19:00:00,0,9520.86,9034.96
2019-02-27 19:30:00,0,9481.94,8910.04
2019-02-27 20:00:00,0,9408.13,8751.92
2019-02-27 20:30:00,0,9218.5,8536.45
2019-02-27 21:00:00,0,8951.64,8291.41
2019-02-27 21:30:00,0,8641.49,8164.31
2019-02-27 22:00:00,0,8509.61,7968.41
2019-02-27 22:30:00,0,8259.3,7797.49
2019-02-27 23:00:00,0,8160.64,7652.84
2019-02-27 23:30:00,0,7934.32,7509.53
2019-02-28 00:00:00,0,7779.02,7365.69
2019-02-28 00:30:00,0,7674.37,7213.85
2019-02-28 01:00:00,0,7465.01,7047.73
2019-02-28 01:30:00,0,7262.19,6802.61
2019-02-28 02:00:00,0,6982.12,6599.31
2019-02-28 02:30:00,0,6776.47,6450.8
2019-02-28 03:00:00,0,6659.09,6394.73
2019-02-28 03:30:00,0,6588.98,6391.01
2019-02-28 04:00:00,0,6555.97,6455.52
2019-02-28 12:30:00,0,8895.23,8721.29
2019-02-28 13:00:00,0,8889.18,8813.17
2019-02-28 13:30:00,0,9003.6,8965.0
2019-02-28 14:00:00,0,9039.15,9014.4
2019-02-28 14:30:00,0,9117.24,9147.9
2019-02-28 15:00:00,0,9212.47,9319.59
2019-02-28 15:30:00,0,9457.75,9506.77
2019-02-28 16:00:00,0,9584.09,9633.67
2019-02-28 16:30:00,0,9764.2,9688.07
2019-02-28 17:00:00,0,9754.65,9699.06
2019-02-28 17:30:00,0,9743.72,9702.62
2019-02-28 18:00:00,0,9480.3,9630.81
2019-02-28 18:30:00,0,9363.82,9473.07
2019-02-28 19:00:00,0,9180.07,9400.92
2019-02-28 19:30:00,0,9127.43,9265.2
2019-02-28 20:00:00,0,9084.57,9084.87
2019-02-28 20:30:00,0,8888.42,8809.82
2019-02-28 21:00:00,0,8707.97,8530.05
2019-02-28 21:30:00,0,8415.29,8385.0
2019-02-28 22:00:00,0,8407.01,8162.91
2019-02-28 22:30:00,0,8153.12,7987.74
2019-02-28 23:00:00,0,8139.21,7811.98
2019-02-28 23:30:00,0,7927.37,7607.41
2019-03-01 00:00:00,0,7730.45,7458.49
2019-03-01 00:30:00,0,7557.26,7279.66
2019-03-01 01:00:00,0,7349.63,7098.28
2019-03-01 01:30:00,0,7167.9,6855.93
2019-03-01 02:00:00,0,6845.25,6644.21
2019-03-01 02:30:00,0,6572.2,6501.96
2019-03-01 03:00:00,0,6510.66,6441.23
2019-03-01 03:30:00,0,6469.09,6442.11
2019-03-01 04:00:00,0,6474.87,6511.65
2019-03-01 12:30:00,0,7987.51,8601.04
2019-03-01 13:00:00,0,7971.47,8680.93
2019-03-01 13:30:00,0,7975.73,8781.07
2019-03-01 14:00:00,0,8083.13,8881.24
2019-03-01 14:30:00,0,8145.85,8993.68
2019-03-01 15:00:00,0,8269.58,9158.55
2019-03-01 15:30:00,0,8403.92,9292.86
2019-03-01 16:00:00,0,8492.8,9383.37
2019-03-01 16:30:00,0,8617.42,9428.54
2019-03-01 17:00:00,0,8645.71,9421.42
2019-03-01 17:30:00,0,8752.0,9416.69
2019-03-01 18:00:00,0,8738.97,9314.52
2019-03-01 18:30:00,0,8728.55,9112.67
2019-03-01 19:00:00,0,8553.7,9024.44
2019-03-01 19:30:00,0,8573.1,8910.1
2019-03-01 20:00:00,0,8568.41,8735.43
2019-03-01 20:30:00,0,8414.21,8464.61
2019-03-01 21:00:00,0,8239.53,8240.57
2019-03-01 21:30:00,0,8145.95,8162.73
2019-03-01 22:00:00,0,7955.29,8016.45
2019-03-01 22:30:00,0,7876.54,7916.97
2019-03-01 23:00:00,0,7811.84,7748.11
2019-03-01 23:30:00,0,7618.2,7540.33
2019-03-02 00:00:00,0,7367.43,7372.19
2019-03-02 00:30:00,0,7243.87,7184.65
2019-03-02 01:00:00,0,7052.1,6967.19
2019-03-02 01:30:00,0,6878.4,6696.17
2019-03-02 02:00:00,0,6637.96,6471.46
2019-03-02 02:30:00,0,6468.11,6326.9
2019-03-02 03:00:00,0,6374.57,6257.2
2019-03-02 03:30:00,0,6303.15,6234.59
2019-03-02 04:00:00,0,6285.2,6253.16
2019-03-02 12:30:00,0,7794.65,7565.03
2019-03-02 13:00:00,0,7892.83,7579.63
2019-03-02 13:30:00,0,7976.78,7684.11
2019-03-02 14:00:00,0,8152.75,7777.11
2019-03-02 14:30:00,0,8224.62,7886.94
2019-03-02 15:00:00,0,8395.44,8083.87
2019-03-02 15:30:00,0,8637.56,8240.83
2019-03-02 16:00:00,0,8841.28,8381.88
2019-03-02 16:30:00,0,9092.63,8484.85
2019-03-02 17:00:00,0,9275.21,8524.67
2019-03-02 17:30:00,0,9477.11,8604.51
2019-03-02 18:00:00,0,9606.91,8602.95
2019-03-02 18:30:00,0,9553.36,8506.1
2019-03-02 19:00:00,0,9408.16,8444.6
2019-03-02 19:30:00,0,9230.61,8387.93
2019-03-02 20:00:00,0,9178.79,8264.17
2019-03-02 20:30:00,0,8969.51,8117.68
2019-03-02 21:00:00,0,8779.33,7924.85
2019-03-02 21:30:00,0,8477.14,7745.95
2019-03-02 22:00:00,0,8269.63,7620.41
2019-03-02 22:30:00,0,7986.08,7513.68
2019-03-02 23:00:00,0,7861.01,7378.55
2019-03-02 23:30:00,0,7598.32,7192.8
2019-03-03 00:00:00,0,7379.63,7043.82
2019-03-03 00:30:00,0,7246.92,6876.27
2019-03-03 01:00:00,0,7098.27,6714.25
2019-03-03 01:30:00,0,6958.91,6482.99
2019-03-03 02:00:00,0,6679.91,6311.61
2019-03-03 02:30:00,0,6535.51,6215.14
2019-03-03 03:00:00,0,6416.16,6163.94
2019-03-03 03:30:00,0,6426.14,6149.55
2019-03-03 04:00:00,0,6485.9,6155.75
2019-03-03 12:30:00,0,9478.68,7552.32
2019-03-03 13:00:00,0,9683.45,7652.71
2019-03-03 13:30:00,0,9914.31,7778.67
2019-03-03 14:00:00,0,10099.78,7948.76
2019-03-03 14:30:00,0,10274.68,8138.11
2019-03-03 15:00:00,0,10501.92,8315.94
2019-03-03 15:30:00,0,10853.93,8545.14
2019-03-03 16:00:00,0,10979.65,8706.84
2019-03-03 16:30:00,0,11172.95,8874.03
2019-03-03 17:00:00,0,11164.61,9040.67
2019-03-03 17:30:00,0,11051.79,9161.33
2019-03-03 18:00:00,0,10721.09,9183.41
2019-03-03 18:30:00,0,10462.2,9118.41
2019-03-03 19:00:00,0,10122.18,9059.89
2019-03-03 19:30:00,0,10014.96,9007.51
2019-03-03 20:00:00,0,9868.35,8843.05
2019-03-03 20:30:00,0,9510.4,8575.73
2019-03-03 21:00:00,0,9233.97,8286.72
2019-03-03 21:30:00,0,8918.18,8076.74
2019-03-03 22:00:00,0,8781.29,7840.84
2019-03-03 22:30:00,0,8481.63,7650.03
2019-03-03 23:00:00,0,8403.15,7455.53
2019-03-03 23:30:00,0,8119.34,7204.82
2019-03-04 00:00:00,0,7877.14,7018.87
2019-03-04 00:30:00,0,7725.62,6792.1
2019-03-04 01:00:00,0,7528.89,6587.07
2019-03-04 01:30:00,0,7282.4,6321.38
2019-03-04 02:00:00,0,7048.0,6162.76
2019-03-04 02:30:00,0,6866.59,6082.91
2019-03-04 03:00:00,0,6731.2,6092.78
2019-03-04 03:30:00,0,6648.53,6148.18
2019-03-04 04:00:00,0,6691.7,6255.17
2019-03-04 12:30:00,0,9365.77,9527.14
2019-03-04 13:00:00,0,9579.98,9729.67
2019-03-04 13:30:00,0,9788.9,9905.12
2019-03-04 14:00:00,0,9951.56,10089.24
2019-03-04 14:30:00,0,10220.67,10278.31
2019-03-04 15:00:00,0,10437.16,10577.69
2019-03-04 15:30:00,0,10768.26,10806.15
2019-03-04 16:00:00,0,10930.8,10929.69
2019-03-04 16:30:00,0,10813.57,11026.82
2019-03-04 17:00:00,0,10673.16,11032.11
2019-03-04 17:30:00,0,10755.4,10888.68
2019-03-04 18:00:00,0,10721.3,10725.63
2019-03-04 18:30:00,0,10589.24,10503.96
2019-03-04 19:00:00,0,10365.2,10335.29
2019-03-04 19:30:00,0,10235.74,10132.63
2019-03-04 20:00:00,0,10038.25,9851.44
2019-03-04 20:30:00,0,9814.19,9462.4
2019-03-04 21:00:00,0,9391.38,9090.01
2019-03-04 21:30:00,0,9065.31,8768.35
2019-03-04 22:00:00,0,8894.24,8516.11
2019-03-04 22:30:00,0,8518.23,8311.28
2019-03-04 23:00:00,0,8379.45,8053.62
2019-03-04 23:30:00,0,8065.01,7798.41
2019-03-05 00:00:00,0,7856.18,7614.77
2019-03-05 00:30:00,0,7755.74,7422.28
2019-03-05 01:00:00,0,7482.17,7251.34
2019-03-05 01:30:00,0,7253.59,6973.48
2019-03-05 02:00:00,0,6895.57,6790.06
2019-03-05 02:30:00,0,6688.93,6664.73
2019-03-05 03:00:00,0,6539.14,6597.06
2019-03-05 03:30:00,0,6493.42,6598.9
2019-03-05 04:00:00,0,6536.35,6655.27
2019-03-05 12:30:00,0,9867.68,9685.62
2019-03-05 13:00:00,0,10026.83,9904.41
2019-03-05 13:30:00,0,10311.13,10117.36
2019-03-05 14:00:00,0,10176.0,10354.57
2019-03-05 14:30:00,0,9897.31,10567.61
2019-03-05 15:00:00,0,9707.63,10851.33
2019-03-05 15:30:00,0,9650.9,11068.13
2019-03-05 16:00:00,0,9619.65,11166.4
2019-03-05 16:30:00,0,9532.8,11278.51
2019-03-05 17:00:00,0,9411.69,11280.45
2019-03-05 17:30:00,0,9474.99,11213.37
2019-03-05 18:00:00,0,9450.61,11038.34
2019-03-05 18:30:00,0,9425.91,10861.56
2019-03-05 19:00:00,0,9274.01,10715.53
2019-03-05 19:30:00,0,9233.23,10565.39
2019-03-05 20:00:00,0,9158.87,10300.62
2019-03-05 20:30:00,0,8887.7,9952.83
2019-03-05 21:00:00,0,8647.86,9562.7
2019-03-05 21:30:00,0,8348.22,9254.43
2019-03-05 22:00:00,0,8180.88,8864.43
2019-03-05 22:30:00,0,7929.82,8576.73
2019-03-05 23:00:00,0,7795.07,8309.49
2019-03-05 23:30:00,0,7651.63,8011.08
2019-03-06 00:00:00,1,7484.66,7807.92
2019-03-06 00:30:00,1,7328.82,7600.85
2019-03-06 01:00:00,1,7142.57,7373.85
2019-03-06 01:30:00,1,6939.89,7092.31
2019-03-06 02:00:00,1,6647.23,6858.82
2019-03-06 02:30:00,1,6454.78,6702.8
2019-03-06 03:00:00,1,6311.07,6606.88
2019-03-06 03:30:00,1,6285.07,6575.69
2019-03-06 04:00:00,1,6291.1,6629.33
2019-03-06 12:30:00,1,7918.8,9748.81
2019-03-06 13:00:00,1,7900.49,9934.53
2019-03-06 13:30:00,1,7921.22,9977.92
2019-03-06 14:00:00,1,7948.73,10095.51
2019-03-06 14:30:00,1,7952.26,10068.62
2019-03-06 15:00:00,1,8016.32,10177.34
2019-03-06 15:30:00,1,8118.11,10151.29
2019-03-06 16:00:00,1,8204.51,10130.23
2019-03-06 16:30:00,1,8311.5,10023.1
2019-03-06 17:00:00,1,8376.25,9889.29
2019-03-06 17:30:00,1,8499.21,9802.41
2019-03-06 18:00:00,1,8466.41,9617.94
2019-03-06 18:30:00,1,8477.6,9459.81
2019-03-06 19:00:00,1,8439.66,9361.94
2019-03-06 19:30:00,1,8450.82,9364.33
2019-03-06 20:00:00,1,8335.38,9119.39
2019-03-06 20:30:00,1,8221.04,8890.2
2019-03-06 21:00:00,1,8009.78,8587.52
2019-03-06 21:30:00,1,7735.83,8403.27
2019-03-06 22:00:00,1,7677.57,8162.49
2019-03-06 22:30:00,1,7588.84,8059.43
2019-03-06 23:00:00,1,7575.27,7844.68
2019-03-06 23:30:00,1,7491.31,7632.63
2019-03-07 00:00:00,0,7397.92,7431.04
2019-03-07 00:30:00,0,7236.11,7231.6
2019-03-07 01:00:00,0,7091.05,7023.66
2019-03-07 01:30:00,0,6935.61,6777.66
2019-03-07 02:00:00,0,6702.56,6571.99
2019-03-07 02:30:00,0,6443.88,6431.88
2019-03-07 03:00:00,0,6360.24,6367.98
2019-03-07 03:30:00,0,6340.81,6359.22
2019-03-07 04:00:00,0,6395.12,6423.83
2019-03-07 12:30:00,0,8277.98,7747.98
2019-03-07 13:00:00,0,8383.11,7742.87
2019-03-07 13:30:00,0,8480.76,7740.26
2019-03-07 14:00:00,0,8591.58,7754.88
2019-03-07 14:30:00,0,8818.25,7759.13
2019-03-07 15:00:00,0,9010.07,7895.06
2019-03-07 15:30:00,0,9259.4,8020.36
2019-03-07 16:00:00,0,9496.32,8174.19
2019-03-07 16:30:00,0,9669.81,8297.64
2019-03-07 17:00:00,0,9785.66,8421.91
2019-03-07 17:30:00,0,9740.99,8443.21
2019-03-07 18:00:00,0,9541.25,8482.38
2019-03-07 18:30:00,0,9432.76,8479.54
2019-03-07 19:00:00,0,9289.57,8500.58
2019-03-07 19:30:00,0,9334.1,8489.18
2019-03-07 20:00:00,0,9254.12,8342.68
2019-03-07 20:30:00,0,9104.43,8129.33
2019-03-07 21:00:00,0,8871.01,7920.05
2019-03-07 21:30:00,0,8657.65,7785.53
2019-03-07 22:00:00,0,8571.51,7647.77
2019-03-07 22:30:00,0,8334.32,7598.61
2019-03-07 23:00:00,0,8266.59,7478.53
2019-03-07 23:30:00,0,8021.16,7320.65
2019-03-08 00:00:00,0,7841.38,7169.83
2019-03-08 00:30:00,0,7627.86,7001.12
2019-03-08 01:00:00,0,7397.53,6829.57
2019-03-08 01:30:00,0,7216.42,6581.05
2019-03-08 02:00:00,0,6910.25,6375.33
2019-03-08 02:30:00,0,6630.63,6239.73
2019-03-08 03:00:00,0,6484.39,6185.01
2019-03-08 03:30:00,0,6447.07,6193.33
2019-03-08 04:00:00,0,6390.88,6275.3
2019-03-08 12:30:00,0,7751.47,8255.67
2019-03-08 13:00:00,0,7819.04,8354.38
2019-03-08 13:30:00,0,7874.16,8515.71
2019-03-08 14:00:00,0,7835.65,8640.11
2019-03-08 14:30:00,0,7892.27,8781.27
2019-03-08 15:00:00,0,7882.02,8939.65
2019-03-08 15:30:00,0,7903.5,9139.36
2019-03-08 16:00:00,0,7918.88,9254.73
2019-03-08 16:30:00,0,7921.87,9365.07
2019-03-08 17:00:00,0,7984.66,9390.21
2019-03-08 17:30:00,0,8133.35,9308.94
2019-03-08 18:00:00,0,8233.03,9217.76
2019-03-08 18:30:00,0,8262.33,9122.16
2019-03-08 19:00:00,0,8208.9,9084.36
2019-03-08 19:30:00,0,8248.31,9047.49
2019-03-08 20:00:00,0,8184.56,8858.64
2019-03-08 20:30:00,0,8100.89,8586.56
2019-03-08 21:00:00,0,7948.21,8331.96
2019-03-08 21:30:00,0,7782.37,8167.76
2019-03-08 22:00:00,0,7679.63,8006.42
2019-03-08 22:30:00,0,7587.77,7952.46
2019-03-08 23:00:00,0,7528.23,7804.42
2019-03-08 23:30:00,0,7357.44,7579.77
2019-03-09 00:00:00,0,7183.17,7400.03
2019-03-09 00:30:00,0,7046.05,7175.68
2019-03-09 01:00:00,0,6851.34,6931.21
2019-03-09 01:30:00,0,6709.53,6635.57
2019-03-09 02:00:00,0,6436.52,6413.17
2019-03-09 02:30:00,0,6279.16,6278.96
2019-03-09 03:00:00,0,6197.43,6209.64
2019-03-09 03:30:00,0,6121.39,6172.65
2019-03-09 04:00:00,0,6119.34,6162.7
2019-03-09 12:30:00,0,7384.12,7877.91
2019-03-09 13:00:00,0,7507.06,7860.76
2019-03-09 13:30:00,0,7694.95,7926.84
2019-03-09 14:00:00,0,7945.31,8017.29
2019-03-09 14:30:00,0,8248.53,8106.98
2019-03-09 15:00:00,0,8503.1,8162.6
2019-03-09 15:30:00,0,8814.32,8343.64
2019-03-09 16:00:00,0,9120.8,8488.9
2019-03-09 16:30:00,0,9251.76,8612.88
2019-03-09 17:00:00,0,9397.94,8731.5
2019-03-09 17:30:00,0,9656.5,8892.56
2019-03-09 18:00:00,0,9772.91,8829.96
2019-03-09 18:30:00,0,9692.36,8705.2
2019-03-09 19:00:00,0,9549.09,8577.96
2019-03-09 19:30:00,0,9514.26,8452.94
2019-03-09 20:00:00,0,9387.5,8330.04
2019-03-09 20:30:00,0,9189.3,8137.46
2019-03-09 21:00:00,0,9057.58,8003.25
2019-03-09 21:30:00,0,8787.58,7910.61
2019-03-09 22:00:00,0,8475.61,7785.6
2019-03-09 22:30:00,0,8156.98,7683.5
2019-03-09 23:00:00,0,8011.7,7493.13
2019-03-09 23:30:00,0,7714.06,7299.09
2019-03-10 00:00:00,0,7422.25,7141.24
2019-03-10 00:30:00,0,7317.42,6976.8
2019-03-10 01:00:00,0,7116.16,6795.72
2019-03-10 01:30:00,0,6969.95,6550.5
2019-03-10 02:00:00,0,6725.63,6384.69
2019-03-10 02:30:00,0,6557.62,6263.62
2019-03-10 03:00:00,0,6484.15,6210.94
2019-03-10 03:30:00,0,6334.54,6179.79
2019-03-10 04:00:00,0,6357.81,6202.79
2019-03-10 12:30:00,0,9003.55,7755.8
2019-03-10 13:00:00,0,9100.36,7991.09
2019-03-10 13:30:00,0,9140.94,8228.4
2019-03-10 14:00:00,0,9253.74,8469.45
2019-03-10 14:30:00,0,9415.03,8712.88
2019-03-10 15:00:00,0,9468.32,8931.98
2019-03-10 15:30:00,0,9668.33,9191.77
2019-03-10 16:00:00,0,9850.7,9407.31
2019-03-10 16:30:00,0,10005.42,9635.76
2019-03-10 17:00:00,0,10118.14,9828.07
2019-03-10 17:30:00,0,10152.5,9918.23
2019-03-10 18:00:00,0,10005.95,9903.98
2019-03-10 18:30:00,0,9913.75,9869.31
2019-03-10 19:00:00,0,9711.53,9828.29
2019-03-10 19:30:00,0,9679.05,9742.77
2019-03-10 20:00:00,0,9508.78,9515.98
2019-03-10 20:30:00,0,9246.95,9215.99
2019-03-10 21:00:00,0,9006.58,8882.33
2019-03-10 21:30:00,0,8741.29,8592.13
2019-03-10 22:00:00,0,8593.33,8286.24
2019-03-10 22:30:00,0,8335.06,8057.68
2019-03-10 23:00:00,0,8242.37,7764.47
2019-03-10 23:30:00,0,8008.64,7461.27
2019-03-11 00:00:00,0,7800.29,7232.76
2019-03-11 00:30:00,0,7705.35,6969.79
2019-03-11 01:00:00,0,7485.52,6728.63
2019-03-11 01:30:00,0,7251.38,6455.84
2019-03-11 02:00:00,0,6929.53,6289.79
2019-03-11 02:30:00,0,6701.86,6212.31
2019-03-11 03:00:00,0,6590.73,6202.59
2019-03-11 03:30:00,0,6576.68,6263.9
2019-03-11 04:00:00,0,6577.23,6366.76
2019-03-11 12:30:00,0,9254.23,9096.6
2019-03-11 13:00:00,0,9383.02,9291.72
2019-03-11 13:30:00,0,9607.23,9388.56
2019-03-11 14:00:00,0,9770.0,9428.56
2019-03-11 14:30:00,0,9876.56,9570.92
2019-03-11 15:00:00,0,10078.69,9733.2
2019-03-11 15:30:00,0,10369.77,9933.66
2019-03-11 16:00:00,0,10673.08,9999.02
2019-03-11 16:30:00,0,10782.97,10109.28
2019-03-11 17:00:00,0,10882.64,10167.66
2019-03-11 17:30:00,0,10997.06,10159.8
2019-03-11 18:00:00,0,10877.09,10125.4
2019-03-11 18:30:00,0,10780.2,10002.64
2019-03-11 19:00:00,0,10443.38,9924.33
2019-03-11 19:30:00,0,10360.78,9724.95
2019-03-11 20:00:00,0,10124.06,9437.54
2019-03-11 20:30:00,0,9891.18,9098.57
2019-03-11 21:00:00,0,9483.66,8778.5
2019-03-11 21:30:00,0,9034.47,8524.18
2019-03-11 22:00:00,0,8733.93,8278.73
2019-03-11 22:30:00,0,8377.5,8166.3
2019-03-11 23:00:00,0,8215.9,7935.46
2019-03-11 23:30:00,0,7958.68,7699.07
2019-03-12 00:00:00,1,7792.35,7553.41
2019-03-12 00:30:00,1,7538.78,7398.44
2019-03-12 01:00:00,1,7381.29,7214.69
2019-03-12 01:30:00,1,7170.1,6971.72
2019-03-12 02:00:00,1,6909.23,6747.98
2019-03-12 02:30:00,1,6587.8,6614.9
2019-03-12 03:00:00,1,6459.71,6517.21
2019-03-12 03:30:00,1,6374.03,6482.62
2019-03-12 04:00:00,1,6414.74,6523.2
2019-03-12 12:30:00,1,8593.62,8989.39
2019-03-12 13:00:00,1,8569.76,9159.81
2019-03-12 13:30:00,1,8573.59,9350.43
2019-03-12 14:00:00,1,8555.76,9568.43
2019-03-12 14:30:00,1,8529.52,9799.43
2019-03-12 15:00:00,1,8552.71,10081.21
2019-03-12 15:30:00,1,8617.13,10338.95
2019-03-12 16:00:00,1,8674.83,10553.28
2019-03-12 16:30:00,1,8749.36,10667.96
2019-03-12 17:00:00,1,8742.91,10737.2
2019-03-12 17:30:00,1,8818.23,10643.27
2019-03-12 18:00:00,1,8701.99,10578.25
2019-03-12 18:30:00,1,8776.38,10387.29
2019-03-12 19:00:00,1,8784.07,10265.71
2019-03-12 19:30:00,1,8797.06,9964.17
2019-03-12 20:00:00,1,8627.57,9672.8
2019-03-12 20:30:00,1,8425.41,9189.19
2019-03-12 21:00:00,1,8260.47,8810.27
2019-03-12 21:30:00,1,8029.12,8559.27
2019-03-12 22:00:00,1,7955.44,8253.04
2019-03-12 22:30:00,1,7783.83,8024.32
2019-03-12 23:00:00,1,7764.92,7789.39
2019-03-12 23:30:00,1,7633.38,7607.42
2019-03-13 00:00:00,0,7470.53,7423.74
2019-03-13 00:30:00,0,7381.99,7226.55
2019-03-13 01:00:00,0,7214.21,7030.57
2019-03-13 01:30:00,0,7024.9,6788.6
2019-03-13 02:00:00,0,6734.79,6574.11
2019-03-13 02:30:00,0,6553.15,6449.56
2019-03-13 03:00:00,0,6447.67,6388.18
2019-03-13 03:30:00,0,6413.27,6386.91
2019-03-13 04:00:00,0,6403.47,6455.0
2019-03-13 12:30:00,0,8940.99,8097.18
2019-03-13 13:00:00,0,8850.85,8103.81
2019-03-13 13:30:00,0,8851.45,8101.09
2019-03-13 14:00:00,0,8940.7,8127.26
2019-03-13 14:30:00,0,9063.23,8124.89
2019-03-13 15:00:00,0,9117.34,8230.49
2019-03-13 15:30:00,0,9287.7,8328.77
2019-03-13 16:00:00,0,9362.84,8455.75
2019-03-13 16:30:00,0,9446.4,8557.0
2019-03-13 17:00:00,0,9389.47,8636.33
2019-03-13 17:30:00,0,9513.76,8589.42
2019-03-13 18:00:00,0,9352.28,8586.36
2019-03-13 18:30:00,0,9362.14,8568.35
2019-03-13 19:00:00,0,9271.26,8592.15
2019-03-13 19:30:00,0,9174.15,8503.27
2019-03-13 20:00:00,0,8951.92,8300.43
2019-03-13 20:30:00,0,8754.9,8081.72
2019-03-13 21:00:00,0,8450.57,7879.5
2019-03-13 21:30:00,0,8134.28,7753.01
2019-03-13 22:00:00,0,8014.11,7600.52
2019-03-13 22:30:00,0,7818.81,7536.35
2019-03-13 23:00:00,0,7778.01,7421.47
2019-03-13 23:30:00,0,7621.82,7292.78
2019-03-14 00:00:00,0,7450.78,7167.99
2019-03-14 00:30:00,0,7326.17,7048.55
2019-03-14 01:00:00,0,7155.14,6878.83
2019-03-14 01:30:00,0,6964.56,6641.7
2019-03-14 02:00:00,0,6697.57,6428.56
2019-03-14 02:30:00,0,6490.88,6309.46
2019-03-14 03:00:00,0,6382.4,6264.12
2019-03-14 03:30:00,0,6325.86,6273.7
2019-03-14 04:00:00,0,6296.02,6354.53
2019-03-14 12:30:00,0,8219.13,8396.19
2019-03-14 13:00:00,0,8150.6,8429.52
2019-03-14 13:30:00,0,8069.97,8462.68
2019-03-14 14:00:00,0,7965.44,8444.74
2019-03-14 14:30:00,0,7942.87,8478.39
2019-03-14 15:00:00,0,7933.4,8570.21
2019-03-14 15:30:00,0,8037.63,8660.07
2019-03-14 16:00:00,0,8118.15,8764.43
2019-03-14 16:30:00,0,8161.81,8869.61
2019-03-14 17:00:00,0,8135.79,8937.83
2019-03-14 17:30:00,0,8206.88,8841.61
2019-03-14 18:00:00,0,8110.99,8831.0
2019-03-14 18:30:00,0,8128.04,8858.93
2019-03-14 19:00:00,0,8101.88,8904.02
2019-03-14 19:30:00,0,8184.46,8873.76
2019-03-14 20:00:00,0,8129.59,8686.94
2019-03-14 20:30:00,0,7997.11,8464.29
2019-03-14 21:00:00,0,7820.94,8230.08
2019-03-14 21:30:00,0,7611.32,8111.67
2019-03-14 22:00:00,0,7558.08,7929.06
2019-03-14 22:30:00,0,7467.32,7747.7
2019-03-14 23:00:00,0,7110.26,7618.72
2019-03-14 23:30:00,0,7096.34,7451.37
2019-03-15 00:00:00,0,7268.16,7287.95
2019-03-15 00:30:00,0,7177.52,7112.03
2019-03-15 01:00:00,0,6984.0,6901.74
2019-03-15 01:30:00,0,6762.43,6639.52
2019-03-15 02:00:00,0,6455.59,6439.75
2019-03-15 02:30:00,0,6195.1,6299.16
2019-03-15 03:00:00,0,6042.0,6249.96
2019-03-15 03:30:00,0,5997.74,6245.24
2019-03-15 04:00:00,0,5959.59,6317.62
2019-03-15 12:30:00,0,7404.56,8163.83
2019-03-15 13:00:00,0,7303.38,8157.58
2019-03-15 13:30:00,0,7322.15,8138.32
2019-03-15 14:00:00,0,7245.48,8180.27
2019-03-15 14:30:00,0,7280.27,8174.66
2019-03-15 15:00:00,0,7369.18,8265.39
2019-03-15 15:30:00,0,7446.57,8356.68
2019-03-15 16:00:00,0,7503.89,8464.69
2019-03-15 16:30:00,0,7603.74,8538.57
2019-03-15 17:00:00,0,7611.05,8540.42
2019-03-15 17:30:00,0,7711.62,8418.97
2019-03-15 18:00:00,0,7806.0,8369.71
2019-03-15 18:30:00,0,7821.56,8359.55
2019-03-15 19:00:00,0,7845.57,8413.36
2019-03-15 19:30:00,0,7908.1,8384.19
2019-03-15 20:00:00,0,7751.84,8227.9
2019-03-15 20:30:00,0,7596.79,8021.29
2019-03-15 21:00:00,0,7472.75,7837.08
2019-03-15 21:30:00,0,7387.28,7739.29
2019-03-15 22:00:00,0,7325.52,7647.11
2019-03-15 22:30:00,0,7264.54,7582.33
2019-03-15 23:00:00,0,7263.22,7485.04
2019-03-15 23:30:00,0,7063.7,7344.23
2019-03-16 00:00:00,0,6900.53,7195.49
2019-03-16 00:30:00,0,6780.06,7005.55
2019-03-16 01:00:00,0,6666.58,6793.59
2019-03-16 01:30:00,0,6545.41,6502.79
2019-03-16 02:00:00,0,6279.34,6242.6
2019-03-16 02:30:00,0,6080.18,6093.79
2019-03-16 03:00:00,0,5993.98,6011.07
2019-03-16 03:30:00,0,5946.87,5988.74
2019-03-16 04:00:00,0,5904.82,6002.15
2019-03-16 12:30:00,0,7577.67,7355.44
2019-03-16 13:00:00,0,7529.41,7335.42
2019-03-16 13:30:00,0,7454.15,7340.19
2019-03-16 14:00:00,0,7421.31,7361.29
2019-03-16 14:30:00,0,7432.44,7395.49
2019-03-16 15:00:00,0,7434.82,7469.3
2019-03-16 15:30:00,0,7423.29,7587.72
2019-03-16 16:00:00,0,7492.16,7670.49
2019-03-16 16:30:00,0,7615.1,7742.98
2019-03-16 17:00:00,0,7713.67,7778.19
2019-03-16 17:30:00,0,7893.46,7694.97
2019-03-16 18:00:00,0,8020.49,7691.18
2019-03-16 18:30:00,0,8074.18,7722.46
2019-03-16 19:00:00,0,8060.54,7728.21
2019-03-16 19:30:00,0,8048.63,7700.94
2019-03-16 20:00:00,0,7884.91,7582.86
2019-03-16 20:30:00,0,7720.75,7446.45
2019-03-16 21:00:00,0,7565.06,7331.35
2019-03-16 21:30:00,0,7333.73,7229.85
2019-03-16 22:00:00,0,7228.86,7180.53
2019-03-16 22:30:00,0,7117.35,7120.99
2019-03-16 23:00:00,0,7133.74,6991.16
2019-03-16 23:30:00,0,6948.63,6797.81
2019-03-17 00:00:00,0,6806.79,6670.99
2019-03-17 00:30:00,0,6701.31,6509.63
2019-03-17 01:00:00,0,6571.76,6375.25
2019-03-17 01:30:00,0,6396.92,6139.0
2019-03-17 02:00:00,0,6169.7,5955.75
2019-03-17 02:30:00,0,5948.94,5864.34
2019-03-17 03:00:00,0,5886.63,5842.12
2019-03-17 03:30:00,0,5850.42,5852.95
2019-03-17 04:00:00,0,5934.43,5880.82
2019-03-17 12:30:00,0,7963.31,7146.6
2019-03-17 13:00:00,0,8045.01,7141.4
2019-03-17 13:30:00,0,8119.2,7178.72
2019-03-17 14:00:00,0,8101.91,7205.89
2019-03-17 14:30:00,0,8102.79,7279.79
2019-03-17 15:00:00,0,8118.36,7349.67
2019-03-17 15:30:00,0,8218.41,7444.68
2019-03-17 16:00:00,0,8350.15,7531.65
2019-03-17 16:30:00,0,8475.4,7668.65
2019-03-17 17:00:00,0,8581.14,7787.15
2019-03-17 17:30:00,0,8749.23,7796.84
2019-03-17 18:00:00,0,8697.65,7813.74
2019-03-17 18:30:00,0,8744.95,7930.21
2019-03-17 19:00:00,0,8666.76,7982.06
2019-03-17 19:30:00,0,8640.39,7973.47
2019-03-17 20:00:00,0,8380.76,7839.35
2019-03-17 20:30:00,0,8205.13,7681.64
2019-03-17 21:00:00,0,7990.65,7484.25
2019-03-17 21:30:00,0,7770.84,7318.4
2019-03-17 22:00:00,0,7653.64,7214.94
2019-03-17 22:30:00,0,7506.79,7091.17
2019-03-17 23:00:00,0,7557.07,6952.27
2019-03-17 23:30:00,0,7440.54,6789.38
2019-03-18 00:00:00,0,7288.37,6689.4
2019-03-18 00:30:00,0,7213.93,6574.1
2019-03-18 01:00:00,0,7051.33,6465.97
2019-03-18 01:30:00,0,6898.68,6258.51
2019-03-18 02:00:00,0,6574.98,6072.38
2019-03-18 02:30:00,0,6329.47,5983.31
2019-03-18 03:00:00,0,6187.23,5971.33
2019-03-18 03:30:00,0,6114.3,6003.86
2019-03-18 04:00:00,0,6129.9,6095.56
2019-03-18 12:30:00,0,8240.03,8161.28
2019-03-18 13:00:00,0,8295.97,8171.66
2019-03-18 13:30:00,0,8347.41,8200.67
2019-03-18 14:00:00,0,8396.49,8238.27
2019-03-18 14:30:00,0,8413.18,8285.85
2019-03-18 15:00:00,0,8425.5,8424.3
2019-03-18 15:30:00,0,8452.5,8541.15
2019-03-18 16:00:00,0,8514.71,8657.51
2019-03-18 16:30:00,0,8627.62,8756.2
2019-03-18 17:00:00,0,8687.7,8768.99
2019-03-18 17:30:00,0,8830.5,8623.81
2019-03-18 18:00:00,0,8754.25,8585.8
2019-03-18 18:30:00,0,8769.26,8643.2
2019-03-18 19:00:00,0,8770.23,8626.55
2019-03-18 19:30:00,0,8786.93,8497.3
2019-03-18 20:00:00,0,8575.98,8313.84
2019-03-18 20:30:00,0,8411.72,8120.01
2019-03-18 21:00:00,0,8226.56,7907.16
2019-03-18 21:30:00,0,8032.48,7775.38
2019-03-18 22:00:00,0,7893.48,7646.46
2019-03-18 22:30:00,0,7726.64,7555.01
2019-03-18 23:00:00,0,7663.71,7461.16
2019-03-18 23:30:00,0,7578.02,7339.73
2019-03-19 00:00:00,0,7409.62,7217.31
2019-03-19 00:30:00,0,7257.78,7071.48
2019-03-19 01:00:00,0,7084.45,6901.54
2019-03-19 01:30:00,0,6887.79,6637.04
2019-03-19 02:00:00,0,6585.8,6413.28
2019-03-19 02:30:00,0,6351.78,6266.75
2019-03-19 03:00:00,0,6214.04,6201.63
2019-03-19 03:30:00,0,6179.64,6209.47
2019-03-19 04:00:00,0,6212.18,6286.94
2019-03-19 12:30:00,0,8365.71,8281.99
2019-03-19 13:00:00,0,8472.76,8322.45
2019-03-19 13:30:00,0,8524.14,8367.32
2019-03-19 14:00:00,0,8555.93,8427.9
2019-03-19 14:30:00,0,8566.05,8514.03
2019-03-19 15:00:00,0,8543.93,8644.9
2019-03-19 15:30:00,0,8686.64,8774.31
2019-03-19 16:00:00,0,8830.13,8876.67
2019-03-19 16:30:00,0,8927.25,8973.5
2019-03-19 17:00:00,0,9046.9,9011.13
2019-03-19 17:30:00,0,9184.2,8941.19
2019-03-19 18:00:00,0,9062.35,8933.71
2019-03-19 18:30:00,0,9104.83,8934.91
2019-03-19 19:00:00,0,8981.4,8901.84
2019-03-19 19:30:00,0,8989.16,8761.2
2019-03-19 20:00:00,0,8748.98,8558.71
2019-03-19 20:30:00,0,8557.16,8347.81
2019-03-19 21:00:00,0,8337.98,8108.79
2019-03-19 21:30:00,0,8167.6,7968.79
2019-03-19 22:00:00,0,8055.77,7811.13
2019-03-19 22:30:00,0,7849.11,7688.06
2019-03-19 23:00:00,0,7760.59,7559.58
2019-03-19 23:30:00,0,7618.56,7411.69
2019-03-20 00:00:00,0,7459.07,7283.55
2019-03-20 00:30:00,0,7352.69,7134.91
2019-03-20 01:00:00,0,7145.42,6957.29
2019-03-20 01:30:00,0,6955.4,6688.63
2019-03-20 02:00:00,0,6646.69,6449.24
2019-03-20 02:30:00,0,6407.8,6302.56
2019-03-20 03:00:00,0,6247.87,6237.39
2019-03-20 03:30:00,0,6197.37,6236.58
2019-03-20 04:00:00,0,6184.31,6311.47
2019-03-20 12:30:00,0,8449.19,8371.96
2019-03-20 13:00:00,0,8518.5,8433.73
2019-03-20 13:30:00,0,8594.77,8518.18
2019-03-20 14:00:00,0,8688.89,8594.96
2019-03-20 14:30:00,0,8675.5,8698.44
2019-03-20 15:00:00,0,8712.31,8816.69
2019-03-20 15:30:00,0,8843.06,8933.03
2019-03-20 16:00:00,0,9009.32,9029.38
2019-03-20 16:30:00,0,9121.93,9141.32
2019-03-20 17:00:00,0,9170.79,9170.71
2019-03-20 17:30:00,0,9269.3,9125.92
2019-03-20 18:00:00,0,9090.07,9100.32
2019-03-20 18:30:00,0,9066.47,9056.47
2019-03-20 19:00:00,0,9049.01,8998.23
2019-03-20 19:30:00,0,9032.95,8830.83
2019-03-20 20:00:00,0,8851.95,8593.05
2019-03-20 20:30:00,0,8652.69,8379.06
2019-03-20 21:00:00,0,8389.07,8138.42
2019-03-20 21:30:00,0,8141.83,8009.24
2019-03-20 22:00:00,0,8025.72,7853.67
2019-03-20 22:30:00,0,7799.89,7727.18
2019-03-20 23:00:00,0,7712.36,7607.41
2019-03-20 23:30:00,0,7553.91,7461.09
2019-03-21 00:00:00,0,7381.05,7316.87
2019-03-21 00:30:00,0,7271.3,7160.77
2019-03-21 01:00:00,0,7078.52,6983.65
2019-03-21 01:30:00,0,6843.33,6711.17
2019-03-21 02:00:00,0,6587.68,6493.43
2019-03-21 02:30:00,0,6351.41,6346.25
2019-03-21 03:00:00,0,6213.33,6283.01
2019-03-21 03:30:00,0,6188.62,6285.08
2019-03-21 04:00:00,0,6238.76,6360.83
2019-03-21 12:30:00,0,8361.34,8327.13
2019-03-21 13:00:00,0,8483.6,8379.27
2019-03-21 13:30:00,0,8540.08,8460.96
2019-03-21 14:00:00,0,8505.28,8532.05
2019-03-21 14:30:00,0,8485.83,8613.96
2019-03-21 15:00:00,0,8636.37,8722.34
2019-03-21 15:30:00,0,8820.0,8839.28
2019-03-21 16:00:00,0,8825.32,8909.26
2019-03-21 16:30:00,0,8843.07,8978.98
2019-03-21 17:00:00,0,8788.82,9050.97
2019-03-21 17:30:00,0,8742.51,9056.35
2019-03-21 18:00:00,0,8613.7,9035.09
2019-03-21 18:30:00,0,8579.75,9025.11
2019-03-21 19:00:00,0,8545.53,8986.17
2019-03-21 19:30:00,0,8515.8,8851.1
2019-03-21 20:00:00,0,8353.85,8635.98
2019-03-21 20:30:00,0,8132.15,8416.43
2019-03-21 21:00:00,0,8011.73,8188.66
2019-03-21 21:30:00,0,7799.18,8059.93
2019-03-21 22:00:00,0,7761.93,7901.63
2019-03-21 22:30:00,0,7654.79,7784.85
2019-03-21 23:00:00,0,7638.57,7665.08
2019-03-21 23:30:00,0,7523.01,7516.59
2019-03-22 00:00:00,0,7326.78,7394.71
2019-03-22 00:30:00,0,7177.69,7250.71
2019-03-22 01:00:00,0,6949.05,7068.4
2019-03-22 01:30:00,0,6759.75,6785.9
2019-03-22 02:00:00,0,6463.53,6563.89
2019-03-22 02:30:00,0,6204.68,6405.78
2019-03-22 03:00:00,0,6000.54,6339.2
2019-03-22 03:30:00,0,5924.49,6332.56
2019-03-22 04:00:00,0,5899.23,6403.07
2019-03-22 12:30:00,0,7152.61,8463.01
2019-03-22 13:00:00,0,7275.17,8511.24
2019-03-22 13:30:00,0,7352.08,8527.12
2019-03-22 14:00:00,0,7552.02,8573.78
2019-03-22 14:30:00,0,7678.14,8617.58
2019-03-22 15:00:00,0,7989.26,8726.21
2019-03-22 15:30:00,0,8112.55,8824.35
2019-03-22 16:00:00,0,8224.13,8884.89
2019-03-22 16:30:00,0,8270.11,8946.17
2019-03-22 17:00:00,0,8362.45,8936.28
2019-03-22 17:30:00,0,8500.77,8891.36
2019-03-22 18:00:00,0,8486.65,8848.35
2019-03-22 18:30:00,0,8426.4,8798.12
2019-03-22 19:00:00,0,8438.9,8735.12
2019-03-22 19:30:00,0,8412.25,8556.37
2019-03-22 20:00:00,0,8267.62,8364.67
2019-03-22 20:30:00,0,8070.89,8178.45
2019-03-22 21:00:00,0,7948.71,8047.83
2019-03-22 21:30:00,0,7813.35,7986.86
2019-03-22 22:00:00,0,7627.3,7862.96
2019-03-22 22:30:00,0,7530.01,7810.13
2019-03-22 23:00:00,0,7464.98,7730.68
2019-03-22 23:30:00,0,7340.69,7564.31
2019-03-23 00:00:00,0,7068.65,7388.74
2019-03-23 00:30:00,0,6965.13,7180.22
2019-03-23 01:00:00,0,6788.05,6970.19
2019-03-23 01:30:00,0,6615.18,6705.11
2019-03-23 02:00:00,0,6381.62,6478.39
2019-03-23 02:30:00,0,6219.18,6302.7
2019-03-23 03:00:00,0,6098.74,6214.41
2019-03-23 03:30:00,0,6014.65,6200.54
2019-03-23 04:00:00,0,6017.34,6214.71
2019-03-23 12:30:00,0,7888.33,7893.37
2019-03-23 13:00:00,0,7994.07,7992.51
2019-03-23 13:30:00,0,8219.58,8109.84
2019-03-23 14:00:00,0,8307.54,8213.47
2019-03-23 14:30:00,0,8446.16,8314.34
2019-03-23 15:00:00,0,8622.08,8478.63
2019-03-23 15:30:00,0,8918.76,8596.67
2019-03-23 16:00:00,0,8980.47,8697.67
2019-03-23 16:30:00,0,9034.35,8743.15
2019-03-23 17:00:00,0,9095.9,8764.97
2019-03-23 17:30:00,0,9129.7,8773.7
2019-03-23 18:00:00,0,9112.89,8758.6
2019-03-23 18:30:00,0,9006.47,8799.59
2019-03-23 19:00:00,0,8911.47,8730.22
2019-03-23 19:30:00,0,8802.33,8551.56
2019-03-23 20:00:00,0,8497.17,8327.84
2019-03-23 20:30:00,0,8340.3,8149.02
2019-03-23 21:00:00,0,8109.26,7980.95
2019-03-23 21:30:00,0,7905.92,7828.81
2019-03-23 22:00:00,0,7621.83,7704.3
2019-03-23 22:30:00,0,7407.72,7643.37
2019-03-23 23:00:00,0,7322.95,7488.95
2019-03-23 23:30:00,0,7092.93,7266.17
2019-03-24 00:00:00,1,6875.21,7079.96
2019-03-24 00:30:00,1,6807.42,6899.79
2019-03-24 01:00:00,1,6665.46,6733.17
2019-03-24 01:30:00,1,6494.75,6529.51
2019-03-24 02:00:00,1,6238.73,6333.89
2019-03-24 02:30:00,1,6142.14,6231.56
2019-03-24 03:00:00,1,6073.25,6144.52
2019-03-24 03:30:00,1,6043.87,6103.22
2019-03-24 04:00:00,1,6049.96,6076.23
2019-03-24 12:30:00,1,8464.82,8044.06
2019-03-24 13:00:00,1,8480.83,8158.27
2019-03-24 13:30:00,1,8501.81,8304.85
2019-03-24 14:00:00,1,8496.96,8466.12
2019-03-24 14:30:00,1,8480.32,8651.6
2019-03-24 15:00:00,1,8519.87,8823.43
2019-03-24 15:30:00,1,8616.75,8986.88
2019-03-24 16:00:00,1,8672.24,9138.1
2019-03-24 16:30:00,1,8747.92,9260.09
2019-03-24 17:00:00,1,8794.5,9379.77
2019-03-24 17:30:00,1,8903.23,9412.79
2019-03-24 18:00:00,1,8806.97,9371.63
2019-03-24 18:30:00,1,8815.22,9377.59
2019-03-24 19:00:00,1,8741.05,9255.2
2019-03-24 19:30:00,1,8663.94,9036.07
2019-03-24 20:00:00,1,8489.83,8819.78
2019-03-24 20:30:00,1,8274.99,8603.37
2019-03-24 21:00:00,1,8119.69,8340.09
2019-03-24 21:30:00,1,7840.1,8119.23
2019-03-24 22:00:00,1,7698.34,7872.69
2019-03-24 22:30:00,1,7545.65,7649.22
2019-03-24 23:00:00,1,7539.16,7422.61
2019-03-24 23:30:00,1,7443.95,7210.8
2019-03-25 00:00:00,0,7311.16,7063.95
2019-03-25 00:30:00,0,7194.69,6913.24
2019-03-25 01:00:00,0,6938.88,6740.2
2019-03-25 01:30:00,0,6749.88,6475.52
2019-03-25 02:00:00,0,6450.58,6287.71
2019-03-25 02:30:00,0,6220.97,6189.95
2019-03-25 03:00:00,0,6103.92,6136.52
2019-03-25 03:30:00,0,6064.91,6166.88
2019-03-25 04:00:00,0,6114.52,6269.74
2019-03-25 12:30:00,0,7556.41,9036.67
2019-03-25 13:00:00,0,7574.81,9100.63
2019-03-25 13:30:00,0,7614.28,9201.24
2019-03-25 14:00:00,0,7625.15,9190.82
2019-03-25 14:30:00,0,7669.82,9250.09
2019-03-25 15:00:00,0,7736.61,9344.18
2019-03-25 15:30:00,0,7884.51,9410.81
2019-03-25 16:00:00,0,8045.81,9479.23
2019-03-25 16:30:00,0,8198.3,9568.56
2019-03-25 17:00:00,0,8347.94,9530.58
2019-03-25 17:30:00,0,8539.34,9437.89
2019-03-25 18:00:00,0,8516.21,9349.01
2019-03-25 18:30:00,0,8615.6,9283.49
2019-03-25 19:00:00,0,8688.18,9210.78
2019-03-25 19:30:00,0,8624.23,8964.79
2019-03-25 20:00:00,0,8372.68,8653.35
2019-03-25 20:30:00,0,8153.3,8434.66
2019-03-25 21:00:00,0,8042.57,8201.97
2019-03-25 21:30:00,0,7800.81,8070.71
2019-03-25 22:00:00,0,7731.02,7908.22
2019-03-25 22:30:00,0,7556.55,7761.82
2019-03-25 23:00:00,0,7574.36,7618.43
2019-03-25 23:30:00,0,7456.11,7468.68
2019-03-26 00:00:00,0,7287.98,7323.38
2019-03-26 00:30:00,0,7207.5,7153.2
2019-03-26 01:00:00,0,7049.81,6959.26
2019-03-26 01:30:00,0,6808.4,6702.81
2019-03-26 02:00:00,0,6539.85,6477.99
2019-03-26 02:30:00,0,6338.22,6319.69
2019-03-26 03:00:00,0,6202.72,6223.71
2019-03-26 03:30:00,0,6164.83,6221.35
2019-03-26 04:00:00,0,6167.99,6272.95
2019-03-26 12:30:00,0,7856.55,7447.95
2019-03-26 13:00:00,0,7863.74,7409.29
2019-03-26 13:30:00,0,7782.1,7396.6
2019-03-26 14:00:00,0,7808.01,7423.53
2019-03-26 14:30:00,0,7804.7,7474.53
2019-03-26 15:00:00,0,7846.11,7617.32
2019-03-26 15:30:00,0,7940.91,7743.36
2019-03-26 16:00:00,0,8049.25,7895.15
2019-03-26 16:30:00,0,8128.83,8062.8
2019-03-26 17:00:00,0,8230.93,8232.46
2019-03-26 17:30:00,0,8345.76,8305.55
2019-03-26 18:00:00,0,8392.47,8428.76
2019-03-26 18:30:00,0,8522.02,8532.26
2019-03-26 19:00:00,0,8583.48,8503.37
2019-03-26 19:30:00,0,8541.62,8333.7
2019-03-26 20:00:00,0,8277.61,8157.22
2019-03-26 20:30:00,0,8131.43,7983.42
2019-03-26 21:00:00,0,7943.59,7774.43
2019-03-26 21:30:00,0,7733.5,7673.66
2019-03-26 22:00:00,0,7703.1,7541.91
2019-03-26 22:30:00,0,7561.71,7529.12
2019-03-26 23:00:00,0,7617.13,7440.83
2019-03-26 23:30:00,0,7484.08,7307.43
2019-03-27 00:00:00,0,7327.54,7175.85
2019-03-27 00:30:00,0,7259.52,7007.63
2019-03-27 01:00:00,0,7095.3,6839.17
2019-03-27 01:30:00,0,6904.1,6578.14
2019-03-27 02:00:00,0,6633.01,6348.09
2019-03-27 02:30:00,0,6428.74,6184.06
2019-03-27 03:00:00,0,6287.49,6097.01
2019-03-27 03:30:00,0,6236.11,6094.39
2019-03-27 04:00:00,0,6213.21,6156.93
2019-03-27 12:30:00,0,7897.78,7780.72
2019-03-27 13:00:00,0,7868.94,7773.28
2019-03-27 13:30:00,0,7948.73,7800.26
2019-03-27 14:00:00,0,7974.41,7847.1
2019-03-27 14:30:00,0,8001.72,7868.06
2019-03-27 15:00:00,0,8020.99,7940.83
2019-03-27 15:30:00,0,8234.93,8010.64
2019-03-27 16:00:00,0,8408.91,8104.61
2019-03-27 16:30:00,0,8575.36,8225.82
2019-03-27 17:00:00,0,8696.06,8364.02
2019-03-27 17:30:00,0,8813.82,8405.39
2019-03-27 18:00:00,0,8789.82,8501.47
2019-03-27 18:30:00,0,8859.8,8554.64
2019-03-27 19:00:00,0,8972.84,8514.52
2019-03-27 19:30:00,0,8912.27,8332.7
2019-03-27 20:00:00,0,8696.4,8128.32
2019-03-27 20:30:00,0,8509.56,7903.81
2019-03-27 21:00:00,0,8303.63,7684.58
2019-03-27 21:30:00,0,8004.13,7571.89
2019-03-27 22:00:00,0,7880.63,7456.46
2019-03-27 22:30:00,0,7713.55,7414.72
2019-03-27 23:00:00,0,7670.57,7340.95
2019-03-27 23:30:00,0,7524.95,7208.73
2019-03-28 00:00:00,0,7386.02,7063.97
2019-03-28 00:30:00,0,7217.46,6902.25
2019-03-28 01:00:00,0,7068.11,6718.97
2019-03-28 01:30:00,0,6876.86,6451.95
2019-03-28 02:00:00,0,6613.95,6243.72
2019-03-28 02:30:00,0,6350.13,6101.63
2019-03-28 03:00:00,0,6207.12,6038.78
2019-03-28 03:30:00,0,6148.26,6039.54
2019-03-28 04:00:00,0,6168.21,6105.11
2019-03-28 12:30:00,0,8222.03,7582.98
2019-03-28 13:00:00,0,8193.97,7633.11
2019-03-28 13:30:00,0,8216.21,7677.25
2019-03-28 14:00:00,0,8200.11,7747.73
2019-03-28 14:30:00,0,8274.03,7809.76
2019-03-28 15:00:00,0,8308.68,7950.09
2019-03-28 15:30:00,0,8482.47,8068.43
2019-03-28 16:00:00,0,8666.23,8194.68
2019-03-28 16:30:00,0,8775.54,8335.63
2019-03-28 17:00:00,0,8757.82,8454.67
2019-03-28 17:30:00,0,8791.94,8418.81
2019-03-28 18:00:00,0,8736.38,8490.37
2019-03-28 18:30:00,0,8713.77,8625.3
2019-03-28 19:00:00,0,8768.5,8583.79
2019-03-28 19:30:00,0,8644.37,8438.91
2019-03-28 20:00:00,0,8442.04,8253.85
2019-03-28 20:30:00,0,8334.53,8047.46
2019-03-28 21:00:00,0,8216.48,7837.17
2019-03-28 21:30:00,0,7932.14,7697.72
2019-03-28 22:00:00,0,7952.91,7560.09
2019-03-28 22:30:00,0,7810.1,7502.44
2019-03-28 23:00:00,0,7725.37,7425.73
2019-03-28 23:30:00,0,7624.4,7294.79
2019-03-29 00:00:00,0,7512.55,7151.63
2019-03-29 00:30:00,0,7337.52,6987.22
2019-03-29 01:00:00,0,7199.23,6804.65
2019-03-29 01:30:00,0,7003.39,6563.33
2019-03-29 02:00:00,0,6721.21,6343.68
2019-03-29 02:30:00,0,6474.5,6185.0
2019-03-29 03:00:00,0,6317.46,6103.94
2019-03-29 03:30:00,0,6230.81,6110.41
2019-03-29 04:00:00,0,6176.0,6188.22
2019-03-29 12:30:00,0,7031.43,7927.33
2019-03-29 13:00:00,0,6860.54,7994.63
2019-03-29 13:30:00,0,6920.29,8036.92
2019-03-29 14:00:00,0,6871.39,8154.36
2019-03-29 14:30:00,0,6824.82,8239.2
2019-03-29 15:00:00,0,6774.85,8365.18
2019-03-29 15:30:00,0,6738.24,8497.52
2019-03-29 16:00:00,0,6808.29,8582.0
2019-03-29 16:30:00,0,6924.73,8641.54
2019-03-29 17:00:00,0,7057.27,8669.49
2019-03-29 17:30:00,0,7314.78,8714.4
2019-03-29 18:00:00,0,7463.19,8716.04
2019-03-29 18:30:00,0,7555.84,8686.46
2019-03-29 19:00:00,0,7681.27,8628.78
2019-03-29 19:30:00,0,7668.57,8408.07
2019-03-29 20:00:00,0,7498.28,8196.23
2019-03-29 20:30:00,0,7414.34,8023.06
2019-03-29 21:00:00,0,7326.15,7850.24
2019-03-29 21:30:00,0,7251.2,7802.13
2019-03-29 22:00:00,0,7142.92,7701.14
2019-03-29 22:30:00,0,7033.01,7660.56
2019-03-29 23:00:00,0,6996.32,7556.42
2019-03-29 23:30:00,0,6828.09,7404.91
2019-03-30 00:00:00,0,6654.57,7257.69
2019-03-30 00:30:00,0,6552.17,7071.17
2019-03-30 01:00:00,0,6376.82,6859.62
2019-03-30 01:30:00,0,6227.12,6572.15
2019-03-30 02:00:00,0,5948.61,6327.2
2019-03-30 02:30:00,0,5811.61,6170.6
2019-03-30 03:00:00,0,5633.37,6074.35
2019-03-30 03:30:00,0,5633.12,6030.4
2019-03-30 04:00:00,0,5591.05,6034.79
2019-03-30 12:30:00,0,6050.03,6891.04
2019-03-30 13:00:00,0,6035.92,6854.73
2019-03-30 13:30:00,0,5993.99,6851.37
2019-03-30 14:00:00,0,6007.35,6873.27
2019-03-30 14:30:00,0,6061.51,6869.66
2019-03-30 15:00:00,0,6109.03,6962.34
2019-03-30 15:30:00,0,6269.0,7034.31
2019-03-30 16:00:00,0,6473.57,7186.68
2019-03-30 16:30:00,0,6741.43,7372.04
2019-03-30 17:00:00,0,6953.36,7550.66
2019-03-30 17:30:00,0,7265.16,7627.42
2019-03-30 18:00:00,0,7529.82,7756.32
2019-03-30 18:30:00,0,7782.15,7751.51
2019-03-30 19:00:00,0,7897.6,7722.29
2019-03-30 19:30:00,0,7862.89,7672.2
2019-03-30 20:00:00,0,7683.49,7572.41
2019-03-30 20:30:00,0,7589.93,7488.02
2019-03-30 21:00:00,0,7482.57,7366.04
2019-03-30 21:30:00,0,7263.41,7329.43
2019-03-30 22:00:00,0,7120.11,7282.14
2019-03-30 22:30:00,0,7039.97,7210.07
2019-03-30 23:00:00,0,7015.49,7088.41
2019-03-30 23:30:00,0,6836.08,6911.16
2019-03-31 00:00:00,0,6722.36,6762.64
2019-03-31 00:30:00,0,6647.78,6597.93
2019-03-31 01:00:00,0,6561.59,6389.32
2019-03-31 01:30:00,0,6407.11,6132.48
2019-03-31 02:00:00,0,6240.65,5931.14
2019-03-31 02:30:00,0,6105.1,5816.01
2019-03-31 03:00:00,0,6029.07,5762.55
2019-03-31 03:30:00,0,5956.24,5748.66
2019-03-31 04:00:00,0,6005.25,5791.5
2019-03-31 12:30:00,0,7553.28,5978.39
2019-03-31 13:00:00,0,7542.61,5949.54
2019-03-31 13:30:00,0,7583.92,5934.55
2019-03-31 14:00:00,0,7583.9,5960.57
2019-03-31 14:30:00,0,7587.76,6074.98
2019-03-31 15:00:00,0,7563.69,6209.29
2019-03-31 15:30:00,0,7645.4,6431.33
2019-03-31 16:00:00,0,7713.37,6613.72
2019-03-31 16:30:00,0,7849.44,6854.45
2019-03-31 17:00:00,0,7984.99,7100.65
2019-03-31 17:30:00,0,8203.15,7369.77
2019-03-31 18:00:00,0,8385.9,7593.37
2019-03-31 18:30:00,0,8467.26,7773.07
2019-03-31 19:00:00,0,8535.81,7772.3
2019-03-31 19:30:00,0,8416.28,7641.9
2019-03-31 20:00:00,0,8249.71,7484.01
2019-03-31 20:30:00,0,8020.07,7358.58
2019-03-31 21:00:00,0,7815.36,7196.08
2019-03-31 21:30:00,0,7583.54,7163.68
2019-03-31 22:00:00,0,7514.93,7074.37
2019-03-31 22:30:00,0,7475.97,7006.58
2019-03-31 23:00:00,0,7477.24,6908.54
2019-03-31 23:30:00,0,7382.74,6723.03
2019-04-01 00:00:00,0,7281.7,6557.95
2019-04-01 00:30:00,0,7201.49,6379.45
2019-04-01 01:00:00,0,7054.55,6195.57
2019-04-01 01:30:00,0,6865.76,5959.94
2019-04-01 02:00:00,0,6548.8,5829.95
2019-04-01 02:30:00,0,6300.5,5753.82
2019-04-01 03:00:00,0,6112.72,5767.85
2019-04-01 03:30:00,0,6205.23,5818.78
2019-04-01 04:00:00,0,6152.28,5924.14
2019-04-01 12:30:00,0,7747.9,7396.26
2019-04-01 13:00:00,0,7785.59,7456.3
2019-04-01 13:30:00,0,7785.17,7503.0
2019-04-01 14:00:00,0,7852.77,7551.49
2019-04-01 14:30:00,0,7912.41,7611.61
2019-04-01 15:00:00,0,7908.65,7730.16
2019-04-01 15:30:00,0,8033.56,7837.89
2019-04-01 16:00:00,0,8093.14,7959.04
2019-04-01 16:30:00,0,8198.05,8123.51
2019-04-01 17:00:00,0,8271.81,8292.82
2019-04-01 17:30:00,0,8489.3,8502.22
2019-04-01 18:00:00,0,8559.59,8649.64
2019-04-01 18:30:00,0,8640.64,8699.42
2019-04-01 19:00:00,0,8665.03,8624.52
2019-04-01 19:30:00,0,8499.77,8408.41
2019-04-01 20:00:00,0,8276.74,8213.01
2019-04-01 20:30:00,0,8160.04,7977.15
2019-04-01 21:00:00,0,7983.12,7763.19
2019-04-01 21:30:00,0,7746.66,7619.31
2019-04-01 22:00:00,0,7700.51,7501.53
2019-04-01 22:30:00,0,7541.68,7450.13
2019-04-01 23:00:00,0,7543.33,7342.13
2019-04-01 23:30:00,0,7421.2,7169.62
2019-04-02 00:00:00,0,7300.1,7054.34
2019-04-02 00:30:00,0,7232.93,6888.73
2019-04-02 01:00:00,0,7076.04,6734.84
2019-04-02 01:30:00,0,6933.01,6501.57
2019-04-02 02:00:00,0,6606.97,6291.05
2019-04-02 02:30:00,0,6428.83,6128.72
2019-04-02 03:00:00,0,6305.28,6062.95
2019-04-02 03:30:00,0,6216.13,6047.61
2019-04-02 04:00:00,0,6242.51,6111.76
2019-04-02 12:30:00,0,7561.02,7819.42
2019-04-02 13:00:00,0,7572.74,7826.36
2019-04-02 13:30:00,0,7655.12,7832.37
2019-04-02 14:00:00,0,7709.56,7882.65
2019-04-02 14:30:00,0,7685.65,7912.34
2019-04-02 15:00:00,0,7710.29,8018.71
2019-04-02 15:30:00,0,7875.63,8132.57
2019-04-02 16:00:00,0,8082.94,8261.87
2019-04-02 16:30:00,0,8260.03,8411.05
2019-04-02 17:00:00,0,8372.95,8527.83
2019-04-02 17:30:00,0,8491.31,8600.39
2019-04-02 18:00:00,0,8517.61,8709.75
2019-04-02 18:30:00,0,8636.16,8743.03
2019-04-02 19:00:00,0,8670.8,8643.25
2019-04-02 19:30:00,0,8510.97,8432.06
2019-04-02 20:00:00,0,8328.8,8226.68
2019-04-02 20:30:00,0,8126.77,8015.01
2019-04-02 21:00:00,0,7978.01,7787.9
2019-04-02 21:30:00,0,7798.44,7634.76
2019-04-02 22:00:00,0,7655.44,7515.12
2019-04-02 22:30:00,0,7523.08,7472.94
2019-04-02 23:00:00,0,7497.26,7371.53
2019-04-02 23:30:00,0,7360.24,7233.34
2019-04-03 00:00:00,0,7225.12,7106.51
2019-04-03 00:30:00,0,7161.71,6964.77
2019-04-03 01:00:00,0,7011.36,6790.07
2019-04-03 01:30:00,0,6844.95,6557.18
2019-04-03 02:00:00,0,6509.45,6332.55
2019-04-03 02:30:00,0,6198.15,6165.11
2019-04-03 03:00:00,0,6088.75,6088.58
2019-04-03 03:30:00,0,6060.96,6071.17
2019-04-03 04:00:00,0,6069.12,6133.05
2019-04-03 12:30:00,0,8092.76,7531.91
2019-04-03 13:00:00,0,8109.49,7595.1
2019-04-03 13:30:00,0,8108.93,7670.3
2019-04-03 14:00:00,0,8137.92,7760.69
2019-04-03 14:30:00,0,8100.82,7840.13
2019-04-03 15:00:00,0,8118.01,7995.33
2019-04-03 15:30:00,0,8175.43,8139.46
2019-04-03 16:00:00,0,8292.08,8290.85
2019-04-03 16:30:00,0,8396.4,8435.33
2019-04-03 17:00:00,0,8367.88,8526.24
2019-04-03 17:30:00,0,8518.54,8526.26
2019-04-03 18:00:00,0,8571.98,8646.56
2019-04-03 18:30:00,0,8738.19,8728.02
2019-04-03 19:00:00,0,8758.24,8635.67
2019-04-03 19:30:00,0,8623.5,8464.59
2019-04-03 20:00:00,0,8425.45,8245.37
2019-04-03 20:30:00,0,8277.57,8038.95
2019-04-03 21:00:00,0,8043.05,7816.73
2019-04-03 21:30:00,0,7805.8,7692.05
2019-04-03 22:00:00,0,7696.75,7569.55
2019-04-03 22:30:00,0,7571.66,7490.25
2019-04-03 23:00:00,0,7555.78,7396.15
2019-04-03 23:30:00,0,7483.92,7261.68
2019-04-04 00:00:00,0,7388.89,7120.88
2019-04-04 00:30:00,0,7302.84,6960.55
2019-04-04 01:00:00,0,7113.55,6774.62
2019-04-04 01:30:00,0,6980.06,6527.34
2019-04-04 02:00:00,0,6698.68,6295.07
2019-04-04 02:30:00,0,6418.78,6133.22
2019-04-04 03:00:00,0,6261.31,6050.33
2019-04-04 03:30:00,0,6238.76,6039.24
2019-04-04 04:00:00,0,6203.58,6103.01
2019-04-04 12:30:00,0,8059.89,7818.16
2019-04-04 13:00:00,0,7949.02,7866.91
2019-04-04 13:30:00,0,8011.88,7900.31
2019-04-04 14:00:00,0,7996.35,7936.27
2019-04-04 14:30:00,0,7951.86,7970.57
2019-04-04 15:00:00,0,7969.09,8066.95
2019-04-04 15:30:00,0,8091.01,8195.35
2019-04-04 16:00:00,0,8156.61,8322.81
2019-04-04 16:30:00,0,8213.15,8452.0
2019-04-04 17:00:00,0,8211.93,8544.21
2019-04-04 17:30:00,0,8317.99,8653.43
2019-04-04 18:00:00,0,8241.72,8761.99
2019-04-04 18:30:00,0,8323.39,8815.96
2019-04-04 19:00:00,0,8326.39,8703.8
2019-04-04 19:30:00,0,8222.57,8516.71
2019-04-04 20:00:00,0,8046.26,8326.25
2019-04-04 20:30:00,0,7918.74,8081.77
2019-04-04 21:00:00,0,7746.09,7864.05
2019-04-04 21:30:00,0,7561.38,7716.36
2019-04-04 22:00:00,0,7575.53,7609.1
2019-04-04 22:30:00,0,7496.39,7586.68
2019-04-04 23:00:00,0,7548.35,7472.05
2019-04-04 23:30:00,0,7485.19,7326.77
2019-04-05 00:00:00,0,7396.6,7179.87
2019-04-05 00:30:00,0,7276.39,7011.34
2019-04-05 01:00:00,0,7069.3,6833.38
2019-04-05 01:30:00,0,6808.73,6574.15
2019-04-05 02:00:00,0,6528.03,6342.95
2019-04-05 02:30:00,0,6317.93,6170.61
2019-04-05 03:00:00,0,6139.93,6096.88
2019-04-05 03:30:00,0,6015.78,6080.04
2019-04-05 04:00:00,0,5989.21,6149.54
2019-04-05 12:30:00,0,6718.32,7785.19
2019-04-05 13:00:00,0,6734.7,7774.69
2019-04-05 13:30:00,0,6809.54,7755.48
2019-04-05 14:00:00,0,6796.23,7776.31
2019-04-05 14:30:00,0,6914.93,7789.59
2019-04-05 15:00:00,0,7047.12,7927.24
2019-04-05 15:30:00,0,7190.25,8051.38
2019-04-05 16:00:00,0,7394.74,8179.91
2019-04-05 16:30:00,0,7655.14,8305.11
2019-04-05 17:00:00,0,7760.17,8369.45
2019-04-05 17:30:00,0,7927.73,8428.35
2019-04-05 18:00:00,0,8031.69,8507.22
2019-04-05 18:30:00,0,8081.36,8530.02
2019-04-05 19:00:00,0,8216.05,8406.93
2019-04-05 19:30:00,0,8132.7,8212.62
2019-04-05 20:00:00,0,7985.0,8023.41
2019-04-05 20:30:00,0,7844.02,7824.69
2019-04-05 21:00:00,0,7663.39,7662.15
2019-04-05 21:30:00,0,7512.68,7574.33
2019-04-05 22:00:00,0,7408.62,7503.59
2019-04-05 22:30:00,0,7370.18,7495.8
2019-04-05 23:00:00,0,7342.3,7406.53
2019-04-05 23:30:00,0,7121.07,7290.35
2019-04-06 00:00:00,0,6983.01,7144.75
2019-04-06 00:30:00,0,6888.11,6981.09
2019-04-06 01:00:00,0,6725.07,6801.31
2019-04-06 01:30:00,0,6577.7,6536.06
2019-04-06 02:00:00,0,6325.5,6292.19
2019-04-06 02:30:00,0,6188.4,6121.06
2019-04-06 03:00:00,0,6023.32,6016.82
2019-04-06 03:30:00,0,5932.81,5962.66
2019-04-06 04:00:00,0,5900.04,5977.71
2019-04-06 12:30:00,0,6617.69,6812.92
2019-04-06 13:00:00,0,6696.25,6885.48
2019-04-06 13:30:00,0,6756.08,6937.88
2019-04-06 14:00:00,0,6799.12,7024.19
2019-04-06 14:30:00,0,6896.24,7189.49
2019-04-06 15:00:00,0,7047.36,7366.62
2019-04-06 15:30:00,0,7271.89,7619.56
2019-04-06 16:00:00,0,7540.63,7757.55
2019-04-06 16:30:00,0,7762.15,7887.86
2019-04-06 17:00:00,0,7943.6,7995.6
2019-04-06 17:30:00,0,8194.06,8076.25
2019-04-06 18:00:00,0,8337.33,8194.74
2019-04-06 18:30:00,0,8530.1,8196.99
2019-04-06 19:00:00,0,8768.97,8078.45
2019-04-06 19:30:00,0,8651.86,7903.16
2019-04-06 20:00:00,0,8375.63,7736.83
2019-04-06 20:30:00,0,8112.85,7655.45
2019-04-06 21:00:00,0,7846.26,7539.8
2019-04-06 21:30:00,0,7646.3,7448.41
2019-04-06 22:00:00,0,7501.0,7323.2
2019-04-06 22:30:00,0,7335.82,7168.86
2019-04-06 23:00:00,0,7282.93,7032.12
2019-04-06 23:30:00,0,7121.08,6873.58
2019-04-07 00:00:00,0,7035.76,6757.63
2019-04-07 00:30:00,0,6900.78,6670.63
2019-04-07 01:00:00,0,6780.04,6549.52
2019-04-07 01:30:00,0,6647.6,6426.31
2019-04-07 02:00:00,0,6472.63,6253.05
2019-04-07 02:30:00,0,6380.37,6033.57
2019-04-07 03:00:00,0,6200.18,5901.3
2019-04-07 03:30:00,0,6070.64,5792.02
2019-04-07 04:00:00,0,5978.87,5705.39
2019-04-07 12:30:00,0,8040.64,6504.98
2019-04-07 13:00:00,0,8158.64,6578.05
2019-04-07 13:30:00,0,8264.91,6742.56
2019-04-07 14:00:00,0,8424.46,6870.96
2019-04-07 14:30:00,0,8701.74,7009.39
2019-04-07 15:00:00,0,8803.19,7178.71
2019-04-07 15:30:00,0,8939.21,7398.52
2019-04-07 16:00:00,0,9058.89,7593.11
2019-04-07 16:30:00,0,9254.77,7824.65
2019-04-07 17:00:00,0,9382.27,8014.01
2019-04-07 17:30:00,0,9517.44,8165.64
2019-04-07 18:00:00,0,9459.51,8433.99
2019-04-07 18:30:00,0,9584.54,8667.59
2019-04-07 19:00:00,0,9703.26,8561.72
2019-04-07 19:30:00,0,9553.17,8310.06
2019-04-07 20:00:00,0,9189.8,8078.56
2019-04-07 20:30:00,0,8908.58,7919.71
2019-04-07 21:00:00,0,8616.12,7745.77
2019-04-07 21:30:00,0,8372.94,7490.01
2019-04-07 22:00:00,0,8104.25,7271.92
2019-04-07 22:30:00,0,7886.43,7124.55
2019-04-07 23:00:00,0,7780.78,6963.52
2019-04-07 23:30:00,0,7555.4,6866.89
2019-04-08 00:00:00,1,7364.24,6760.77
2019-04-08 00:30:00,1,7271.81,6638.16
2019-04-08 01:00:00,1,7072.13,6496.26
2019-04-08 01:30:00,1,6910.93,6341.54
2019-04-08 02:00:00,1,6684.54,6196.06
2019-04-08 02:30:00,1,6486.57,6008.75
2019-04-08 03:00:00,1,6199.67,5910.13
2019-04-08 03:30:00,1,6041.54,5856.04
2019-04-08 04:00:00,1,5948.37,5845.47
2019-04-08 12:30:00,1,8140.41,7952.61
2019-04-08 13:00:00,1,8165.73,8099.01
2019-04-08 13:30:00,1,8225.37,8269.65
2019-04-08 14:00:00,1,8234.47,8382.53
2019-04-08 14:30:00,1,8287.66,8512.47
2019-04-08 15:00:00,1,8348.94,8706.92
2019-04-08 15:30:00,1,8348.59,8847.9
2019-04-08 16:00:00,1,8383.23,9019.82
2019-04-08 16:30:00,1,8448.67,9094.25
2019-04-08 17:00:00,1,8546.43,9187.69
2019-04-08 17:30:00,1,8623.83,9163.69
2019-04-08 18:00:00,1,8663.2,9300.63
2019-04-08 18:30:00,1,8917.45,9345.73
2019-04-08 19:00:00,1,9052.86,9199.5
2019-04-08 19:30:00,1,8920.6,8854.56
2019-04-08 20:00:00,1,8677.14,8589.51
2019-04-08 20:30:00,1,8442.41,8436.15
2019-04-08 21:00:00,1,8319.16,8213.86
2019-04-08 21:30:00,1,8097.95,7990.4
2019-04-08 22:00:00,1,7855.02,7791.02
2019-04-08 22:30:00,1,7667.17,7699.23
2019-04-08 23:00:00,1,7719.97,7534.8
2019-04-08 23:30:00,1,7514.65,7425.37
2019-04-09 00:00:00,0,7404.88,7301.29
2019-04-09 00:30:00,0,7356.53,7150.15
2019-04-09 01:00:00,0,7233.37,6993.36
2019-04-09 01:30:00,0,7087.0,6820.88
2019-04-09 02:00:00,0,6940.96,6616.53
2019-04-09 02:30:00,0,6723.03,6368.32
2019-04-09 03:00:00,0,6421.84,6195.25
2019-04-09 03:30:00,0,6281.19,6085.18
2019-04-09 04:00:00,0,6149.37,6042.4
2019-04-09 12:30:00,0,7433.2,7783.04
2019-04-09 13:00:00,0,7413.35,7816.24
2019-04-09 13:30:00,0,7380.19,7817.47
2019-04-09 14:00:00,0,7368.18,7852.98
2019-04-09 14:30:00,0,7435.76,7908.29
2019-04-09 15:00:00,0,7499.72,8000.33
2019-04-09 15:30:00,0,7542.03,8093.92
2019-04-09 16:00:00,0,7587.0,8205.14
2019-04-09 16:30:00,0,7838.62,8388.72
2019-04-09 17:00:00,0,8024.0,8500.06
2019-04-09 17:30:00,0,8257.51,8656.94
2019-04-09 18:00:00,0,8516.19,8882.96
2019-04-09 18:30:00,0,8840.86,9083.66
2019-04-09 19:00:00,0,9038.42,9024.84
2019-04-09 19:30:00,0,8925.81,8807.52
2019-04-09 20:00:00,0,8645.77,8581.9
2019-04-09 20:30:00,0,8476.98,8400.84
2019-04-09 21:00:00,0,8324.8,8200.26
2019-04-09 21:30:00,0,8190.1,8009.37
2019-04-09 22:00:00,0,8018.71,7821.37
2019-04-09 22:30:00,0,7855.26,7819.46
2019-04-09 23:00:00,0,7923.63,7658.59
2019-04-09 23:30:00,0,7688.57,7564.27
2019-04-10 00:00:00,0,7594.2,7470.93
2019-04-10 00:30:00,0,7505.42,7345.03
2019-04-10 01:00:00,0,7368.57,7186.52
2019-04-10 01:30:00,0,7169.85,6937.8
2019-04-10 02:00:00,0,7036.76,6707.57
2019-04-10 02:30:00,0,6797.64,6409.99
2019-04-10 03:00:00,0,6557.46,6208.5
2019-04-10 03:30:00,0,6347.73,6117.8
2019-04-10 04:00:00,0,6232.5,6048.51
2019-04-10 12:30:00,0,7535.03,7205.64
2019-04-10 13:00:00,0,7578.99,7216.67
2019-04-10 13:30:00,0,7626.47,7229.64
2019-04-10 14:00:00,0,7638.89,7270.94
2019-04-10 14:30:00,0,7651.92,7353.75
2019-04-10 15:00:00,0,7648.36,7441.58
2019-04-10 15:30:00,0,7704.06,7572.06
2019-04-10 16:00:00,0,7770.43,7787.52
2019-04-10 16:30:00,0,7947.38,7988.69
2019-04-10 17:00:00,0,8091.67,8243.71
2019-04-10 17:30:00,0,8285.87,8567.47
2019-04-10 18:00:00,0,8522.75,8959.83
2019-04-10 18:30:00,0,8880.46,9174.31
2019-04-10 19:00:00,0,9102.54,9132.88
2019-04-10 19:30:00,0,9002.19,8925.87
2019-04-10 20:00:00,0,8764.42,8729.84
2019-04-10 20:30:00,0,8613.88,8530.95
2019-04-10 21:00:00,0,8433.08,8331.87
2019-04-10 21:30:00,0,8251.24,8153.23
2019-04-10 22:00:00,0,8024.52,7963.52
2019-04-10 22:30:00,0,7870.06,7927.09
2019-04-10 23:00:00,0,7920.94,7765.68
2019-04-10 23:30:00,0,7710.69,7673.61
2019-04-11 00:00:00,0,7638.71,7561.21
2019-04-11 00:30:00,0,7530.6,7425.42
2019-04-11 01:00:00,0,7402.28,7237.24
2019-04-11 01:30:00,0,7269.38,6991.22
2019-04-11 02:00:00,0,7055.67,6779.57
2019-04-11 02:30:00,0,6871.7,6506.67
2019-04-11 03:00:00,0,6626.93,6295.63
2019-04-11 03:30:00,0,6423.42,6182.16
2019-04-11 04:00:00,0,6286.42,6143.16
2019-04-11 12:30:00,0,7768.66,7523.57
2019-04-11 13:00:00,0,7727.27,7527.75
2019-04-11 13:30:00,0,7644.28,7532.81
2019-04-11 14:00:00,0,7572.82,7554.79
2019-04-11 14:30:00,0,7559.28,7591.91
2019-04-11 15:00:00,0,7605.28,7644.93
2019-04-11 15:30:00,0,7568.92,7744.58
2019-04-11 16:00:00,0,7670.14,7862.97
2019-04-11 16:30:00,0,7830.82,8041.54
2019-04-11 17:00:00,0,8054.64,8237.28
2019-04-11 17:30:00,0,8251.24,8479.08
2019-04-11 18:00:00,0,8352.63,8837.44
2019-04-11 18:30:00,0,8601.86,9045.91
2019-04-11 19:00:00,0,8705.21,8987.2
2019-04-11 19:30:00,0,8612.34,8767.82
2019-04-11 20:00:00,0,8344.21,8555.52
2019-04-11 20:30:00,0,8201.94,8329.48
2019-04-11 21:00:00,0,8095.48,8156.01
2019-04-11 21:30:00,0,7963.49,7952.43
2019-04-11 22:00:00,0,7794.06,7791.37
2019-04-11 22:30:00,0,7668.05,7779.62
2019-04-11 23:00:00,0,7751.85,7625.96
2019-04-11 23:30:00,0,7597.83,7548.44
2019-04-12 00:00:00,0,7595.27,7446.32
2019-04-12 00:30:00,0,7497.77,7323.74
2019-04-12 01:00:00,0,7377.97,7151.26
2019-04-12 01:30:00,0,7194.14,6935.0
2019-04-12 02:00:00,0,6995.36,6731.41
2019-04-12 02:30:00,0,6782.22,6460.91
2019-04-12 03:00:00,0,6484.74,6282.04
2019-04-12 03:30:00,0,6296.17,6159.57
2019-04-12 04:00:00,0,6127.2,6128.39
2019-04-12 12:30:00,0,6824.46,7667.57
2019-04-12 13:00:00,0,6766.64,7657.52
2019-04-12 13:30:00,0,6778.18,7654.47
2019-04-12 14:00:00,0,6814.21,7686.02
2019-04-12 14:30:00,0,6936.95,7704.45
2019-04-12 15:00:00,0,6952.95,7759.61
2019-04-12 15:30:00,0,7029.24,7822.63
2019-04-12 16:00:00,0,7233.07,7919.58
2019-04-12 16:30:00,0,7344.8,8051.12
2019-04-12 17:00:00,0,7453.27,8179.59
2019-04-12 17:30:00,0,7580.67,8329.97
2019-04-12 18:00:00,0,7724.11,8602.38
2019-04-12 18:30:00,0,8029.52,8751.56
2019-04-12 19:00:00,0,8135.08,8654.23
2019-04-12 19:30:00,0,7973.74,8430.85
2019-04-12 20:00:00,0,7720.43,8215.02
2019-04-12 20:30:00,0,7548.96,8036.64
2019-04-12 21:00:00,0,7465.25,7885.19
2019-04-12 21:30:00,0,7325.29,7744.79
2019-04-12 22:00:00,0,7210.62,7629.69
2019-04-12 22:30:00,0,7137.36,7694.66
2019-04-12 23:00:00,0,7108.81,7604.26
2019-04-12 23:30:00,0,7025.46,7530.82
2019-04-13 00:00:00,0,6949.36,7433.17
2019-04-13 00:30:00,0,6882.93,7293.88
2019-04-13 01:00:00,0,6707.27,7116.57
2019-04-13 01:30:00,0,6556.81,6885.37
2019-04-13 02:00:00,0,6382.96,6667.65
2019-04-13 02:30:00,0,6231.33,6402.36
2019-04-13 03:00:00,0,5992.07,6194.31
2019-04-13 03:30:00,0,5883.93,6047.04
2019-04-13 04:00:00,0,5810.98,5964.58
2019-04-13 12:30:00,0,6820.82,6613.82
2019-04-13 13:00:00,0,6827.97,6696.37
2019-04-13 13:30:00,0,6738.72,6702.89
2019-04-13 14:00:00,0,6617.16,6756.2
2019-04-13 14:30:00,0,6638.38,6798.28
2019-04-13 15:00:00,0,6730.07,6907.34
2019-04-13 15:30:00,0,6807.58,7004.73
2019-04-13 16:00:00,0,6965.51,7154.84
2019-04-13 16:30:00,0,7073.98,7303.83
2019-04-13 17:00:00,0,7263.61,7493.71
2019-04-13 17:30:00,0,7468.72,7604.68
2019-04-13 18:00:00,0,7682.49,7889.63
2019-04-13 18:30:00,0,8002.31,8109.14
2019-04-13 19:00:00,0,8222.61,8011.71
2019-04-13 19:30:00,0,8034.55,7876.01
2019-04-13 20:00:00,0,7811.9,7664.83
2019-04-13 20:30:00,0,7648.38,7527.96
2019-04-13 21:00:00,0,7534.98,7406.54
2019-04-13 21:30:00,0,7434.71,7288.54
2019-04-13 22:00:00,0,7319.82,7201.59
2019-04-13 22:30:00,0,7233.27,7156.75
2019-04-13 23:00:00,0,7160.4,7059.66
2019-04-13 23:30:00,0,7019.45,6971.69
2019-04-14 00:00:00,0,6971.86,6838.19
2019-04-14 00:30:00,0,6859.71,6678.43
2019-04-14 01:00:00,0,6719.18,6532.32
2019-04-14 01:30:00,0,6536.73,6341.06
2019-04-14 02:00:00,0,6438.63,6171.56
2019-04-14 02:30:00,0,6299.35,5950.06
2019-04-14 03:00:00,0,6070.37,5799.75
2019-04-14 03:30:00,0,5982.48,5716.04
2019-04-14 04:00:00,0,5889.41,5675.54
2019-04-14 12:30:00,0,7456.14,6680.52
2019-04-14 13:00:00,0,7474.86,6664.39
2019-04-14 13:30:00,0,7514.74,6659.17
2019-04-14 14:00:00,0,7573.68,6674.8
2019-04-14 14:30:00,0,7671.57,6704.69
2019-04-14 15:00:00,0,7702.46,6762.23
2019-04-14 15:30:00,0,7731.39,6817.52
2019-04-14 16:00:00,0,7845.99,6920.23
2019-04-14 16:30:00,0,7989.77,7080.85
2019-04-14 17:00:00,0,8126.24,7318.87
2019-04-14 17:30:00,0,8321.81,7556.32
2019-04-14 18:00:00,0,8482.3,7903.28
2019-04-14 18:30:00,0,8796.52,8208.95
2019-04-14 19:00:00,0,8879.23,8136.48
2019-04-14 19:30:00,0,8695.5,7919.4
2019-04-14 20:00:00,0,8389.32,7700.05
2019-04-14 20:30:00,0,8230.49,7538.59
2019-04-14 21:00:00,0,8042.82,7378.27
2019-04-14 21:30:00,0,7865.49,7213.96
2019-04-14 22:00:00,0,7644.57,7071.43
2019-04-14 22:30:00,0,7472.92,7085.02
2019-04-14 23:00:00,0,7591.17,6988.43
2019-04-14 23:30:00,0,7514.91,6881.24
2019-04-15 00:00:00,0,7444.51,6747.09
2019-04-15 00:30:00,0,7368.4,6556.89
2019-04-15 01:00:00,0,7197.92,6406.65
2019-04-15 01:30:00,0,7054.65,6259.59
2019-04-15 02:00:00,0,6868.19,6109.58
2019-04-15 02:30:00,0,6652.0,5905.08
2019-04-15 03:00:00,0,6385.46,5817.29
2019-04-15 03:30:00,0,6183.16,5771.59
2019-04-15 04:00:00,0,6064.52,5781.88
2019-04-15 12:30:00,0,7671.74,7549.66
2019-04-15 13:00:00,0,7649.85,7569.9
2019-04-15 13:30:00,0,7609.63,7588.52
2019-04-15 14:00:00,0,7644.0,7626.85
2019-04-15 14:30:00,0,7698.94,7696.77
2019-04-15 15:00:00,0,7793.9,7744.97
2019-04-15 15:30:00,0,7874.01,7790.4
2019-04-15 16:00:00,0,7932.21,7900.0
2019-04-15 16:30:00,0,8058.12,8044.6
2019-04-15 17:00:00,0,8154.51,8254.01
2019-04-15 17:30:00,0,8345.71,8530.27
2019-04-15 18:00:00,0,8508.13,8873.7
2019-04-15 18:30:00,0,8796.66,9089.53
2019-04-15 19:00:00,0,8964.21,8966.99
2019-04-15 19:30:00,0,8799.49,8674.27
2019-04-15 20:00:00,0,8545.31,8439.54
2019-04-15 20:30:00,0,8363.7,8211.93
2019-04-15 21:00:00,0,8192.27,8019.14
2019-04-15 21:30:00,0,8028.59,7810.65
2019-04-15 22:00:00,0,7839.28,7636.69
2019-04-15 22:30:00,0,7673.51,7650.84
2019-04-15 23:00:00,0,7709.99,7532.86
2019-04-15 23:30:00,0,7547.7,7427.63
2019-04-16 00:00:00,0,7473.32,7338.25
2019-04-16 00:30:00,0,7416.93,7209.69
2019-04-16 01:00:00,0,7276.87,7075.15
2019-04-16 01:30:00,0,7166.6,6901.51
2019-04-16 02:00:00,0,6908.91,6711.94
2019-04-16 02:30:00,0,6674.85,6445.65
2019-04-16 03:00:00,0,6389.16,6228.23
2019-04-16 03:30:00,0,6239.45,6103.77
2019-04-16 04:00:00,0,6151.57,6030.78
2019-04-16 12:30:00,0,7772.35,7496.36
2019-04-16 13:00:00,0,7740.84,7520.68
2019-04-16 13:30:00,0,7769.7,7539.97
2019-04-16 14:00:00,0,7731.49,7586.0
2019-04-16 14:30:00,0,7818.18,7636.89
2019-04-16 15:00:00,0,7926.76,7690.06
2019-04-16 15:30:00,0,7999.15,7775.0
2019-04-16 16:00:00,0,8119.48,7888.77
2019-04-16 16:30:00,0,8266.41,8053.01
2019-04-16 17:00:00,0,8352.8,8195.53
2019-04-16 17:30:00,0,8545.66,8400.5
2019-04-16 18:00:00,0,8694.49,8772.79
2019-04-16 18:30:00,0,8922.65,8927.27
2019-04-16 19:00:00,0,9050.86,8788.18
2019-04-16 19:30:00,0,8911.49,8521.46
2019-04-16 20:00:00,0,8637.32,8308.04
2019-04-16 20:30:00,0,8415.56,8141.12
2019-04-16 21:00:00,0,8277.1,7973.38
2019-04-16 21:30:00,0,8136.22,7755.99
2019-04-16 22:00:00,0,7974.59,7612.58
2019-04-16 22:30:00,0,7804.18,7617.97
2019-04-16 23:00:00,0,7867.21,7502.62
2019-04-16 23:30:00,0,7665.27,7427.26
2019-04-17 00:00:00,0,7616.86,7353.37
2019-04-17 00:30:00,0,7601.62,7233.1
2019-04-17 01:00:00,0,7425.66,7082.8
2019-04-17 01:30:00,0,7180.18,6906.99
2019-04-17 02:00:00,0,6996.93,6684.38
2019-04-17 02:30:00,0,6798.75,6401.82
2019-04-17 03:00:00,0,6459.15,6193.38
2019-04-17 03:30:00,0,6275.08,6054.68
2019-04-17 04:00:00,0,6187.86,5989.05
2019-04-17 12:30:00,0,7606.88,7494.17
2019-04-17 13:00:00,0,7621.19,7526.01
2019-04-17 13:30:00,0,7678.25,7548.48
2019-04-17 14:00:00,0,7768.22,7606.48
2019-04-17 14:30:00,0,7864.69,7640.1
2019-04-17 15:00:00,0,7911.48,7701.73
2019-04-17 15:30:00,0,8044.87,7765.48
2019-04-17 16:00:00,0,8140.53,7904.0
2019-04-17 16:30:00,0,8246.35,8044.75
2019-04-17 17:00:00,0,8424.46,8192.95
2019-04-17 17:30:00,0,8493.5,8382.59
2019-04-17 18:00:00,0,8567.98,8743.08
2019-04-17 18:30:00,0,8757.84,8941.54
2019-04-17 19:00:00,0,8785.08,8787.59
2019-04-17 19:30:00,0,8642.4,8520.2
2019-04-17 20:00:00,0,8436.34,8304.19
2019-04-17 20:30:00,0,8259.18,8140.31
2019-04-17 21:00:00,0,8035.63,7974.69
2019-04-17 21:30:00,0,7923.39,7776.62
2019-04-17 22:00:00,0,7724.52,7608.81
2019-04-17 22:30:00,0,7541.51,7589.54
2019-04-17 23:00:00,0,7633.11,7464.88
2019-04-17 23:30:00,0,7501.84,7404.26
2019-04-18 00:00:00,0,7431.35,7310.97
2019-04-18 00:30:00,0,7437.74,7188.56
2019-04-18 01:00:00,0,7217.03,7073.1
2019-04-18 01:30:00,0,7044.19,6905.83
2019-04-18 02:00:00,0,6872.98,6706.57
2019-04-18 02:30:00,0,6656.13,6440.93
2019-04-18 03:00:00,0,6342.32,6227.91
2019-04-18 03:30:00,0,6140.25,6088.79
2019-04-18 04:00:00,0,5986.99,6048.04
2019-04-18 12:30:00,0,6562.74,7521.97
2019-04-18 13:00:00,0,6549.53,7566.99
2019-04-18 13:30:00,0,6582.26,7591.12
2019-04-18 14:00:00,0,6537.48,7646.44
2019-04-18 14:30:00,0,6522.69,7704.68
2019-04-18 15:00:00,0,6582.64,7784.68
2019-04-18 15:30:00,0,6639.92,7883.68
2019-04-18 16:00:00,0,6809.06,8006.07
2019-04-18 16:30:00,0,6995.73,8143.77
2019-04-18 17:00:00,0,7101.51,8290.86
2019-04-18 17:30:00,0,7411.02,8449.46
2019-04-18 18:00:00,0,7646.41,8787.79
2019-04-18 18:30:00,0,7879.57,8972.67
2019-04-18 19:00:00,0,8006.39,8821.26
2019-04-18 19:30:00,0,7873.56,8599.18
2019-04-18 20:00:00,0,7610.51,8359.7
2019-04-18 20:30:00,0,7427.62,8223.99
2019-04-18 21:00:00,0,7337.79,8070.11
2019-04-18 21:30:00,0,7242.37,7848.1
2019-04-18 22:00:00,0,7146.81,7661.34
2019-04-18 22:30:00,0,7090.58,7629.11
2019-04-18 23:00:00,0,7177.04,7530.91
2019-04-18 23:30:00,0,7158.45,7441.3
2019-04-19 00:00:00,0,7175.87,7331.68
2019-04-19 00:30:00,0,7170.89,7162.83
2019-04-19 01:00:00,0,7025.58,6983.64
2019-04-19 01:30:00,0,6879.83,6795.12
2019-04-19 02:00:00,0,6651.23,6548.33
2019-04-19 02:30:00,0,6454.72,6250.19
2019-04-19 03:00:00,0,6162.32,6013.99
2019-04-19 03:30:00,0,5985.14,5854.02
2019-04-19 04:00:00,0,5863.06,5743.6
2019-04-19 12:30:00,0,6623.72,6365.89
2019-04-19 13:00:00,0,6635.07,6312.25
2019-04-19 13:30:00,0,6592.44,6312.67
2019-04-19 14:00:00,0,6660.02,6273.83
2019-04-19 14:30:00,0,6722.62,6290.97
2019-04-19 15:00:00,0,6758.24,6339.17
2019-04-19 15:30:00,0,6875.95,6451.71
2019-04-19 16:00:00,0,7065.13,6605.22
2019-04-19 16:30:00,0,7149.93,6833.28
2019-04-19 17:00:00,0,7405.7,7014.14
2019-04-19 17:30:00,0,7573.87,7216.09
2019-04-19 18:00:00,0,7669.39,7563.33
2019-04-19 18:30:00,0,7951.55,7807.96
2019-04-19 19:00:00,0,8079.04,7682.32
2019-04-19 19:30:00,0,7868.75,7510.3
2019-04-19 20:00:00,0,7638.63,7355.99
2019-04-19 20:30:00,0,7537.26,7259.57
2019-04-19 21:00:00,0,7443.54,7230.76
2019-04-19 21:30:00,0,7296.05,7114.99
2019-04-19 22:00:00,0,7204.88,7100.78
2019-04-19 22:30:00,0,7111.42,7164.97
2019-04-19 23:00:00,0,7116.76,7113.32
2019-04-19 23:30:00,0,6984.29,7118.41
2019-04-20 00:00:00,0,6972.65,7080.52
2019-04-20 00:30:00,0,6898.09,6993.29
2019-04-20 01:00:00,0,6680.04,6885.29
2019-04-20 01:30:00,0,6519.18,6714.31
2019-04-20 02:00:00,0,6323.18,6505.36
2019-04-20 02:30:00,0,6180.99,6228.78
2019-04-20 03:00:00,0,5948.81,6001.33
2019-04-20 03:30:00,0,5805.51,5840.21
2019-04-20 04:00:00,0,5750.36,5737.32
2019-04-20 12:30:00,0,6445.28,6577.71
2019-04-20 13:00:00,0,6479.02,6594.16
2019-04-20 13:30:00,0,6504.65,6629.02
2019-04-20 14:00:00,0,6580.84,6681.32
2019-04-20 14:30:00,0,6599.55,6726.33
2019-04-20 15:00:00,0,6657.62,6794.72
2019-04-20 15:30:00,0,6779.09,6916.71
2019-04-20 16:00:00,0,6942.55,7058.92
2019-04-20 16:30:00,0,7086.37,7212.8
2019-04-20 17:00:00,0,7187.97,7399.79
2019-04-20 17:30:00,0,7333.37,7480.68
2019-04-20 18:00:00,0,7401.9,7785.82
2019-04-20 18:30:00,0,7777.34,7977.23
2019-04-20 19:00:00,0,7854.6,7855.11
2019-04-20 19:30:00,0,7737.32,7714.52
2019-04-20 20:00:00,0,7557.6,7572.79
2019-04-20 20:30:00,0,7378.92,7448.48
2019-04-20 21:00:00,0,7285.0,7358.85
2019-04-20 21:30:00,0,7134.82,7297.59
2019-04-20 22:00:00,0,7041.89,7238.65
2019-04-20 22:30:00,0,6994.0,7161.17
2019-04-20 23:00:00,0,7042.79,7045.18
2019-04-20 23:30:00,0,6941.56,6953.75
2019-04-21 00:00:00,0,6879.04,6832.19
2019-04-21 00:30:00,0,6800.8,6674.64
2019-04-21 01:00:00,0,6614.39,6549.26
2019-04-21 01:30:00,0,6490.69,6361.78
2019-04-21 02:00:00,0,6334.15,6190.54
2019-04-21 02:30:00,0,6209.02,5998.61
2019-04-21 03:00:00,0,5982.23,5845.01
2019-04-21 03:30:00,0,5849.44,5747.18
2019-04-21 04:00:00,0,5793.59,5680.36
2019-04-21 12:30:00,0,6825.69,6381.87
2019-04-21 13:00:00,0,6815.79,6402.33
2019-04-21 13:30:00,0,6889.41,6393.61
2019-04-21 14:00:00,0,6903.02,6418.74
2019-04-21 14:30:00,0,6985.0,6447.8
2019-04-21 15:00:00,0,7030.23,6542.5
2019-04-21 15:30:00,0,7216.5,6691.07
2019-04-21 16:00:00,0,7324.1,6851.61
2019-04-21 16:30:00,0,7340.33,7068.71
2019-04-21 17:00:00,0,7492.23,7272.48
2019-04-21 17:30:00,0,7662.43,7407.63
2019-04-21 18:00:00,0,7835.4,7729.79
2019-04-21 18:30:00,0,8132.68,7878.84
2019-04-21 19:00:00,0,8201.88,7783.62
2019-04-21 19:30:00,0,8038.67,7639.44
2019-04-21 20:00:00,0,7787.45,7485.29
2019-04-21 20:30:00,0,7582.86,7428.5
2019-04-21 21:00:00,0,7465.11,7333.54
2019-04-21 21:30:00,0,7320.97,7216.71
2019-04-21 22:00:00,0,7231.8,7137.36
2019-04-21 22:30:00,0,7097.63,7009.61
2019-04-21 23:00:00,0,7209.11,6900.53
2019-04-21 23:30:00,0,7132.28,6865.76
2019-04-22 00:00:00,0,7070.45,6784.28
2019-04-22 00:30:00,0,7076.97,6695.47
2019-04-22 01:00:00,0,6931.38,6573.7
2019-04-22 01:30:00,0,6826.67,6460.02
2019-04-22 02:00:00,0,6639.53,6257.14
2019-04-22 02:30:00,0,6448.43,6044.51
2019-04-22 03:00:00,0,6167.25,5884.1
2019-04-22 03:30:00,0,5999.98,5793.56
2019-04-22 04:00:00,0,5892.03,5747.84
2019-04-22 12:30:00,0,7854.44,6796.59
2019-04-22 13:00:00,0,7814.69,6799.68
2019-04-22 13:30:00,0,7895.83,6811.64
2019-04-22 14:00:00,0,7932.72,6869.52
2019-04-22 14:30:00,0,7934.12,6897.02
2019-04-22 15:00:00,0,7995.52,6992.21
2019-04-22 15:30:00,0,8001.35,7062.3
2019-04-22 16:00:00,0,8076.77,7213.31
2019-04-22 16:30:00,0,8220.55,7417.52
2019-04-22 17:00:00,0,8310.47,7611.21
2019-04-22 17:30:00,0,8398.18,7801.1
2019-04-22 18:00:00,0,8514.57,8167.94
2019-04-22 18:30:00,0,8877.46,8384.68
2019-04-22 19:00:00,0,8836.02,8218.34
2019-04-22 19:30:00,0,8622.68,8000.67
2019-04-22 20:00:00,0,8356.48,7831.85
2019-04-22 20:30:00,0,8174.11,7667.5
2019-04-22 21:00:00,0,8031.75,7535.09
2019-04-22 21:30:00,0,7864.33,7331.37
2019-04-22 22:00:00,0,7673.13,7250.05
2019-04-22 22:30:00,0,7543.63,7249.74
2019-04-22 23:00:00,0,7594.59,7182.89
2019-04-22 23:30:00,0,7410.0,7184.11
2019-04-23 00:00:00,0,7347.75,7145.79
2019-04-23 00:30:00,0,7321.95,7068.8
2019-04-23 01:00:00,0,7176.5,6929.87
2019-04-23 01:30:00,0,6994.73,6766.56
2019-04-23 02:00:00,0,6782.0,6568.92
2019-04-23 02:30:00,0,6557.56,6309.42
2019-04-23 03:00:00,0,6323.55,6121.84
2019-04-23 03:30:00,0,6127.19,6024.5
2019-04-23 04:00:00,0,6083.63,5985.82
2019-04-23 12:30:00,0,7587.8,7927.71
2019-04-23 13:00:00,0,7553.41,7947.9
2019-04-23 13:30:00,0,7534.94,7956.1
2019-04-23 14:00:00,0,7580.86,7985.99
2019-04-23 14:30:00,0,7657.76,7997.0
2019-04-23 15:00:00,0,7786.75,8034.16
2019-04-23 15:30:00,0,7892.12,8100.59
2019-04-23 16:00:00,0,7984.14,8189.84
2019-04-23 16:30:00,0,8083.9,8296.68
2019-04-23 17:00:00,0,8208.86,8418.99
2019-04-23 17:30:00,0,8340.11,8616.1
2019-04-23 18:00:00,0,8446.27,8991.37
2019-04-23 18:30:00,0,8767.89,9114.16
2019-04-23 19:00:00,0,8677.52,8949.46
2019-04-23 19:30:00,0,8498.53,8692.95
2019-04-23 20:00:00,0,8234.53,8483.63
2019-04-23 20:30:00,0,8031.02,8329.65
2019-04-23 21:00:00,0,7854.51,8162.09
2019-04-23 21:30:00,0,7722.12,7936.4
2019-04-23 22:00:00,0,7644.89,7779.57
2019-04-23 22:30:00,0,7513.36,7751.86
2019-04-23 23:00:00,0,7552.04,7628.92
2019-04-23 23:30:00,0,7386.8,7558.21
2019-04-24 00:00:00,0,7393.9,7456.56
2019-04-24 00:30:00,0,7281.72,7359.31
2019-04-24 01:00:00,0,7147.27,7186.06
2019-04-24 01:30:00,0,6960.86,6981.3
2019-04-24 02:00:00,0,6819.36,6776.47
2019-04-24 02:30:00,0,6565.04,6499.05
2019-04-24 03:00:00,0,6256.67,6292.24
2019-04-24 03:30:00,0,6071.95,6148.02
2019-04-24 04:00:00,0,5947.93,6086.34
2019-04-24 12:30:00,0,6552.45,7745.16
2019-04-24 13:00:00,0,6619.91,7769.28
2019-04-24 13:30:00,0,6612.17,7800.52
2019-04-24 14:00:00,0,6760.89,7845.88
2019-04-24 14:30:00,0,6781.27,7887.15
2019-04-24 15:00:00,0,6816.41,7958.2
2019-04-24 15:30:00,0,6888.16,8032.67
2019-04-24 16:00:00,0,7083.3,8148.63
2019-04-24 16:30:00,0,7234.98,8266.37
2019-04-24 17:00:00,0,7399.33,8371.12
2019-04-24 17:30:00,0,7610.31,8529.21
2019-04-24 18:00:00,0,7816.72,8853.22
2019-04-24 18:30:00,0,8196.27,8993.88
2019-04-24 19:00:00,0,8304.53,8835.92
2019-04-24 19:30:00,0,8146.86,8623.27
2019-04-24 20:00:00,0,7850.46,8418.55
2019-04-24 20:30:00,0,7710.79,8269.12
2019-04-24 21:00:00,0,7633.49,8093.65
2019-04-24 21:30:00,0,7542.89,7864.2
2019-04-24 22:00:00,0,7341.82,7729.78
2019-04-24 22:30:00,0,7212.07,7756.14
2019-04-24 23:00:00,0,7196.0,7624.69
2019-04-24 23:30:00,0,7057.09,7528.51
2019-04-25 00:00:00,0,7037.05,7417.98
2019-04-25 00:30:00,0,7002.72,7258.37
2019-04-25 01:00:00,0,6825.94,7086.52
2019-04-25 01:30:00,0,6673.45,6902.07
2019-04-25 02:00:00,0,6489.21,6713.92
2019-04-25 02:30:00,0,6300.59,6436.55
2019-04-25 03:00:00,0,6003.77,6215.62
2019-04-25 03:30:00,0,5853.21,6065.92
2019-04-25 04:00:00,0,5731.58,5969.45
2019-04-25 12:30:00,0,7287.55,6712.84
2019-04-25 13:00:00,0,7307.6,6807.36
2019-04-25 13:30:00,0,7373.88,6839.13
2019-04-25 14:00:00,0,7447.8,6880.08
2019-04-25 14:30:00,0,7473.8,6941.67
2019-04-25 15:00:00,0,7510.27,7090.44
2019-04-25 15:30:00,0,7653.32,7294.56
2019-04-25 16:00:00,0,7779.52,7513.74
2019-04-25 16:30:00,0,7959.19,7763.3
2019-04-25 17:00:00,0,8064.03,7980.97
2019-04-25 17:30:00,0,8173.78,8118.89
2019-04-25 18:00:00,0,8359.34,8462.74
2019-04-25 18:30:00,0,8565.37,8498.03
2019-04-25 19:00:00,0,8494.41,8341.81
2019-04-25 19:30:00,0,8331.37,8140.36
2019-04-25 20:00:00,0,8066.52,7924.21
2019-04-25 20:30:00,0,7810.35,7809.73
2019-04-25 21:00:00,0,7640.04,7629.61
2019-04-25 21:30:00,0,7511.99,7520.28
2019-04-25 22:00:00,0,7392.84,7407.29
2019-04-25 22:30:00,0,7327.21,7328.43
2019-04-25 23:00:00,0,7445.22,7199.69
2019-04-25 23:30:00,0,7328.66,7192.03
2019-04-26 00:00:00,0,7305.56,7162.89
2019-04-26 00:30:00,0,7342.73,7098.19
2019-04-26 01:00:00,0,7199.79,6971.92
2019-04-26 01:30:00,0,7034.74,6807.11
2019-04-26 02:00:00,0,6844.9,6574.09
2019-04-26 02:30:00,0,6619.68,6299.92
2019-04-26 03:00:00,0,6318.69,6091.17
2019-04-26 03:30:00,0,6172.62,5959.89
2019-04-26 04:00:00,0,6035.89,5898.49
2019-04-26 12:30:00,0,6557.9,7530.97
2019-04-26 13:00:00,0,6506.65,7559.95
2019-04-26 13:30:00,0,6465.73,7565.59
2019-04-26 14:00:00,0,6430.16,7589.02
2019-04-26 14:30:00,0,6430.62,7604.81
2019-04-26 15:00:00,0,6475.48,7646.73
2019-04-26 15:30:00,0,6563.8,7697.01
2019-04-26 16:00:00,0,6739.8,7771.39
2019-04-26 16:30:00,0,6939.05,7881.15
2019-04-26 17:00:00,0,7149.75,7977.65
2019-04-26 17:30:00,0,7400.81,8130.01
2019-04-26 18:00:00,0,7678.25,8427.4
2019-04-26 18:30:00,0,8048.31,8584.37
2019-04-26 19:00:00,0,8141.32,8401.68
2019-04-26 19:30:00,0,7953.2,8154.23
2019-04-26 20:00:00,0,7781.28,7977.1
2019-04-26 20:30:00,0,7623.41,7845.83
2019-04-26 21:00:00,0,7560.57,7703.39
2019-04-26 21:30:00,0,7457.78,7611.63
2019-04-26 22:00:00,0,7406.11,7510.9
2019-04-26 22:30:00,0,7273.86,7620.0
2019-04-26 23:00:00,0,7313.25,7504.8
2019-04-26 23:30:00,0,7223.58,7470.02
2019-04-27 00:00:00,0,7204.47,7394.61
2019-04-27 00:30:00,0,7086.38,7271.65
2019-04-27 01:00:00,0,6887.31,7104.35
2019-04-27 01:30:00,0,6749.33,6891.69
2019-04-27 02:00:00,0,6578.45,6663.68
2019-04-27 02:30:00,0,6358.25,6414.26
2019-04-27 03:00:00,0,6141.7,6199.73
2019-04-27 03:30:00,0,5977.93,6072.84
2019-04-27 04:00:00,0,5928.65,5978.76
2019-04-27 12:30:00,0,6313.67,6679.11
2019-04-27 13:00:00,0,6327.89,6638.47
2019-04-27 13:30:00,0,6258.06,6606.7
2019-04-27 14:00:00,0,6261.43,6599.17
2019-04-27 14:30:00,0,6336.61,6614.51
2019-04-27 15:00:00,0,6416.84,6714.19
2019-04-27 15:30:00,0,6533.5,6814.46
2019-04-27 16:00:00,0,6712.47,7003.2
2019-04-27 16:30:00,0,6937.77,7251.75
2019-04-27 17:00:00,0,7244.37,7537.41
2019-04-27 17:30:00,0,7492.06,7925.05
2019-04-27 18:00:00,0,7787.35,8355.7
2019-04-27 18:30:00,0,8279.62,8426.69
2019-04-27 19:00:00,0,8443.62,8264.44
2019-04-27 19:30:00,0,8260.25,8131.8
2019-04-27 20:00:00,0,8054.72,8001.72
2019-04-27 20:30:00,0,7919.74,7901.42
2019-04-27 21:00:00,0,7778.14,7781.72
2019-04-27 21:30:00,0,7598.07,7673.37
2019-04-27 22:00:00,0,7485.28,7578.65
2019-04-27 22:30:00,0,7374.83,7455.32
2019-04-27 23:00:00,0,7375.91,7341.99
2019-04-27 23:30:00,0,7247.98,7264.38
2019-04-28 00:00:00,0,7143.76,7128.96
2019-04-28 00:30:00,0,7102.92,6965.8
2019-04-28 01:00:00,0,6928.26,6786.56
2019-04-28 01:30:00,0,6760.46,6617.81
2019-04-28 02:00:00,0,6549.71,6420.16
2019-04-28 02:30:00,0,6463.22,6179.47
2019-04-28 03:00:00,0,6286.93,6023.56
2019-04-28 03:30:00,0,6151.05,5928.42
2019-04-28 04:00:00,0,6057.05,5893.48
2019-04-28 12:30:00,0,7648.79,6090.26
2019-04-28 13:00:00,0,7606.92,6044.85
2019-04-28 13:30:00,0,7662.66,6002.2
2019-04-28 14:00:00,0,7728.06,6017.72
2019-04-28 14:30:00,0,7728.29,6154.92
2019-04-28 15:00:00,0,7765.28,6240.33
2019-04-28 15:30:00,0,7802.21,6414.24
2019-04-28 16:00:00,0,7911.16,6645.59
2019-04-28 16:30:00,0,8054.52,6977.06
2019-04-28 17:00:00,0,8202.17,7279.46
2019-04-28 17:30:00,0,8465.65,7744.69
2019-04-28 18:00:00,0,8755.93,8235.71
2019-04-28 18:30:00,0,9193.48,8476.76
2019-04-28 19:00:00,0,9172.69,8398.15
2019-04-28 19:30:00,0,9059.86,8172.77
2019-04-28 20:00:00,0,8738.98,7988.03
2019-04-28 20:30:00,0,8530.49,7837.6
2019-04-28 21:00:00,0,8318.83,7675.96
2019-04-28 21:30:00,0,8157.07,7540.44
2019-04-28 22:00:00,0,8002.14,7373.68
2019-04-28 22:30:00,0,7786.81,7294.33
2019-04-28 23:00:00,0,7885.06,7146.65
2019-04-28 23:30:00,0,7728.83,7019.33
2019-04-29 00:00:00,0,7676.5,6907.95
2019-04-29 00:30:00,0,7644.23,6783.17
2019-04-29 01:00:00,0,7445.08,6635.89
2019-04-29 01:30:00,0,7291.17,6463.72
2019-04-29 02:00:00,0,7083.69,6318.48
2019-04-29 02:30:00,0,6917.17,6120.74
2019-04-29 03:00:00,0,6639.27,6011.98
2019-04-29 03:30:00,0,6466.07,5957.59
2019-04-29 04:00:00,0,6331.16,5958.03
2019-04-29 12:30:00,0,7622.7,7580.26
2019-04-29 13:00:00,0,7534.53,7588.7
2019-04-29 13:30:00,0,7552.88,7625.07
2019-04-29 14:00:00,0,7671.07,7667.65
2019-04-29 14:30:00,0,7835.35,7727.2
2019-04-29 15:00:00,0,7853.39,7770.45
2019-04-29 15:30:00,0,7992.93,7825.75
2019-04-29 16:00:00,0,8015.86,7967.18
2019-04-29 16:30:00,0,8198.93,8141.78
2019-04-29 17:00:00,0,8260.56,8391.27
2019-04-29 17:30:00,0,8405.97,8777.15
2019-04-29 18:00:00,0,8743.45,9203.65
2019-04-29 18:30:00,0,9182.35,9285.44
2019-04-29 19:00:00,0,9101.43,9142.29
2019-04-29 19:30:00,0,9018.32,8868.84
2019-04-29 20:00:00,0,8716.62,8636.29
2019-04-29 20:30:00,0,8555.01,8411.26
2019-04-29 21:00:00,0,8371.18,8228.3
2019-04-29 21:30:00,0,8185.64,7991.62
2019-04-29 22:00:00,0,7995.99,7808.82
2019-04-29 22:30:00,0,7813.48,7772.65
2019-04-29 23:00:00,0,7833.63,7644.0
2019-04-29 23:30:00,0,7642.67,7552.22
2019-04-30 00:00:00,0,7536.96,7476.11
2019-04-30 00:30:00,0,7567.96,7348.39
2019-04-30 01:00:00,0,7365.59,7193.73
2019-04-30 01:30:00,0,7217.46,7015.15
2019-04-30 02:00:00,0,6988.33,6829.71
2019-04-30 02:30:00,0,6875.03,6554.76
2019-04-30 03:00:00,0,6574.67,6346.62
2019-04-30 03:30:00,0,6360.84,6205.64
2019-04-30 04:00:00,0,6240.78,6145.35
2019-04-30 12:30:00,0,8104.06,7614.59
2019-04-30 13:00:00,0,7994.35,7640.57
2019-04-30 13:30:00,0,7923.79,7683.96
2019-04-30 14:00:00,0,7914.73,7744.28
2019-04-30 14:30:00,0,8008.79,7787.86
2019-04-30 15:00:00,0,8171.46,7877.94
2019-04-30 15:30:00,0,8182.88,7971.21
2019-04-30 16:00:00,0,8200.07,8130.19
2019-04-30 16:30:00,0,8393.39,8282.83
2019-04-30 17:00:00,0,8491.43,8466.16
2019-04-30 17:30:00,0,8614.39,8677.82
2019-04-30 18:00:00,0,8878.05,9049.15
2019-04-30 18:30:00,0,9235.64,9169.43
2019-04-30 19:00:00,0,9168.93,9019.94
2019-04-30 19:30:00,0,8998.97,8759.84
2019-04-30 20:00:00,0,8742.85,8551.47
2019-04-30 20:30:00,0,8485.24,8374.35
2019-04-30 21:00:00,0,8332.88,8227.56
2019-04-30 21:30:00,0,8177.46,7986.39
2019-04-30 22:00:00,0,8004.29,7796.03
2019-04-30 22:30:00,0,7813.83,7778.01
2019-04-30 23:00:00,0,7833.12,7630.77
2019-04-30 23:30:00,0,7667.08,7536.56
2019-05-01 00:00:00,0,7597.89,7427.07
2019-05-01 00:30:00,0,7540.63,7293.82
2019-05-01 01:00:00,0,7392.96,7151.34
2019-05-01 01:30:00,0,7247.02,6978.52
2019-05-01 02:00:00,0,7024.8,6751.75
2019-05-01 02:30:00,0,6788.57,6493.75
2019-05-01 03:00:00,0,6570.59,6288.89
2019-05-01 03:30:00,0,6341.93,6152.81
2019-05-01 04:00:00,0,6211.44,6115.51
2019-05-01 12:30:00,0,8061.81,7861.9
2019-05-01 13:00:00,0,8100.98,7852.96
2019-05-01 13:30:00,0,8198.94,7909.42
2019-05-01 14:00:00,0,8318.94,7969.06
2019-05-01 14:30:00,0,8332.75,8000.59
2019-05-01 15:00:00,0,8373.1,8053.72
2019-05-01 15:30:00,0,8395.26,8088.49
2019-05-01 16:00:00,0,8373.51,8207.58
2019-05-01 16:30:00,0,8464.5,8361.59
2019-05-01 17:00:00,0,8587.08,8535.52
2019-05-01 17:30:00,0,8668.54,8728.11
2019-05-01 18:00:00,0,8879.31,9079.98
2019-05-01 18:30:00,0,9259.97,9185.88
2019-05-01 19:00:00,0,9224.57,9022.95
2019-05-01 19:30:00,0,9038.66,8779.42
2019-05-01 20:00:00,0,8762.03,8564.74
2019-05-01 20:30:00,0,8586.61,8383.94
2019-05-01 21:00:00,0,8397.78,8218.65
2019-05-01 21:30:00,0,8273.19,8008.07
2019-05-01 22:00:00,0,8038.01,7836.29
2019-05-01 22:30:00,0,7891.09,7770.74
2019-05-01 23:00:00,0,7893.24,7635.86
2019-05-01 23:30:00,0,7724.7,7540.8
2019-05-02 00:00:00,0,7572.46,7435.04
2019-05-02 00:30:00,0,7488.21,7313.86
2019-05-02 01:00:00,0,7326.2,7179.14
2019-05-02 01:30:00,0,7145.53,6994.7
2019-05-02 02:00:00,0,6945.52,6795.72
2019-05-02 02:30:00,0,6723.07,6538.79
2019-05-02 03:00:00,0,6449.66,6351.62
2019-05-02 03:30:00,0,6236.4,6220.43
2019-05-02 04:00:00,0,6104.8,6167.49
2019-05-02 12:30:00,0,8495.76,7902.03
2019-05-02 13:00:00,0,8489.77,7943.91
2019-05-02 13:30:00,0,8428.99,7973.3
2019-05-02 14:00:00,0,8383.83,8030.99
2019-05-02 14:30:00,0,8330.1,8063.57
2019-05-02 15:00:00,0,8341.87,8132.43
2019-05-02 15:30:00,0,8378.17,8222.04
2019-05-02 16:00:00,0,8327.26,8366.46
2019-05-02 16:30:00,0,8422.43,8514.94
2019-05-02 17:00:00,0,8464.78,8657.07
2019-05-02 17:30:00,0,8566.46,8803.97
2019-05-02 18:00:00,0,8730.71,9176.36
2019-05-02 18:30:00,0,8951.55,9265.8
2019-05-02 19:00:00,0,8832.9,9138.24
2019-05-02 19:30:00,0,8641.09,8917.2
2019-05-02 20:00:00,0,8403.13,8679.85
2019-05-02 20:30:00,0,8233.0,8493.06
2019-05-02 21:00:00,0,8119.58,8347.43
2019-05-02 21:30:00,0,8022.34,8116.94
2019-05-02 22:00:00,0,7886.72,7996.76
2019-05-02 22:30:00,0,7782.34,7910.22
2019-05-02 23:00:00,0,7873.7,7762.71
2019-05-02 23:30:00,0,7729.6,7670.43
2019-05-03 00:00:00,0,7695.83,7563.4
2019-05-03 00:30:00,0,7608.33,7418.08
2019-05-03 01:00:00,0,7489.3,7252.71
2019-05-03 01:30:00,0,7281.17,7054.01
2019-05-03 02:00:00,0,7116.44,6820.09
2019-05-03 02:30:00,0,6855.28,6556.8
2019-05-03 03:00:00,0,6538.38,6381.08
2019-05-03 03:30:00,0,6334.22,6260.25
2019-05-03 04:00:00,0,6182.51,6215.09
2019-05-03 12:30:00,0,7015.51,8037.06
2019-05-03 13:00:00,0,6947.13,7974.65
2019-05-03 13:30:00,0,6929.25,7956.59
2019-05-03 14:00:00,0,6863.85,7952.18
2019-05-03 14:30:00,0,6864.83,7950.56
2019-05-03 15:00:00,0,6905.49,7964.14
2019-05-03 15:30:00,0,6944.35,8006.86
2019-05-03 16:00:00,0,7129.7,8125.54
2019-05-03 16:30:00,0,7282.47,8250.88
2019-05-03 17:00:00,0,7507.76,8382.14
2019-05-03 17:30:00,0,7696.92,8524.36
2019-05-03 18:00:00,0,7977.5,8816.95
2019-05-03 18:30:00,0,8355.78,8866.51
2019-05-03 19:00:00,0,8385.82,8714.99
2019-05-03 19:30:00,0,8213.07,8465.2
2019-05-03 20:00:00,0,8002.78,8266.86
2019-05-03 20:30:00,0,7827.62,8082.88
2019-05-03 21:00:00,0,7678.42,7955.33
2019-05-03 21:30:00,0,7562.54,7815.66
2019-05-03 22:00:00,0,7466.32,7721.81
2019-05-03 22:30:00,0,7381.7,7739.6
2019-05-03 23:00:00,0,7416.9,7659.18
2019-05-03 23:30:00,0,7265.61,7588.5
2019-05-04 00:00:00,0,7194.52,7485.92
2019-05-04 00:30:00,0,7088.55,7337.47
2019-05-04 01:00:00,0,6878.03,7146.39
2019-05-04 01:30:00,0,6747.6,6935.02
2019-05-04 02:00:00,0,6618.71,6726.02
2019-05-04 02:30:00,0,6448.97,6450.37
2019-05-04 03:00:00,0,6202.2,6216.99
2019-05-04 03:30:00,0,6019.37,6077.03
2019-05-04 04:00:00,0,5920.01,5985.13
2019-05-04 12:30:00,0,6689.44,6778.31
2019-05-04 13:00:00,0,6634.64,6748.71
2019-05-04 13:30:00,0,6644.76,6712.62
2019-05-04 14:00:00,0,6874.62,6721.36
2019-05-04 14:30:00,0,7037.63,6725.22
2019-05-04 15:00:00,0,7045.78,6786.26
2019-05-04 15:30:00,0,7063.71,6869.89
2019-05-04 16:00:00,0,7196.26,7024.33
2019-05-04 16:30:00,0,7330.53,7265.14
2019-05-04 17:00:00,0,7515.93,7527.39
2019-05-04 17:30:00,0,7812.74,7836.25
2019-05-04 18:00:00,0,8088.66,8269.91
2019-05-04 18:30:00,0,8636.72,8322.01
2019-05-04 19:00:00,0,8723.71,8183.09
2019-05-04 19:30:00,0,8585.84,7984.45
2019-05-04 20:00:00,0,8383.98,7824.6
2019-05-04 20:30:00,0,8209.09,7698.46
2019-05-04 21:00:00,0,8078.68,7574.01
2019-05-04 21:30:00,0,7945.5,7518.84
2019-05-04 22:00:00,0,7801.27,7432.21
2019-05-04 22:30:00,0,7623.17,7384.9
2019-05-04 23:00:00,0,7531.47,7301.69
2019-05-04 23:30:00,0,7402.46,7237.98
2019-05-05 00:00:00,0,7295.51,7115.63
2019-05-05 00:30:00,0,7140.94,6990.45
2019-05-05 01:00:00,0,6950.85,6828.99
2019-05-05 01:30:00,0,6788.43,6662.06
2019-05-05 02:00:00,0,6625.84,6463.87
2019-05-05 02:30:00,0,6538.11,6233.17
2019-05-05 03:00:00,0,6308.5,6068.97
2019-05-05 03:30:00,0,6163.77,5939.14
2019-05-05 04:00:00,0,6069.6,5853.27
2019-05-05 12:30:00,0,7373.26,6658.29
2019-05-05 13:00:00,0,7341.63,6647.58
2019-05-05 13:30:00,0,7382.41,6626.97
2019-05-05 14:00:00,0,7368.43,6660.56
2019-05-05 14:30:00,0,7410.37,6744.76
2019-05-05 15:00:00,0,7431.0,6830.84
2019-05-05 15:30:00,0,7606.94,7004.22
2019-05-05 16:00:00,0,7679.6,7263.07
2019-05-05 16:30:00,0,7908.55,7562.35
2019-05-05 17:00:00,0,8102.21,7905.71
2019-05-05 17:30:00,0,8429.02,8306.03
2019-05-05 18:00:00,0,8784.7,8780.77
2019-05-05 18:30:00,0,9332.41,8895.59
2019-05-05 19:00:00,0,9348.24,8780.73
2019-05-05 19:30:00,0,9220.09,8523.2
2019-05-05 20:00:00,0,8996.49,8327.66
2019-05-05 20:30:00,0,8826.89,8171.13
2019-05-05 21:00:00,0,8631.77,8001.02
2019-05-05 21:30:00,0,8471.34,7847.1
2019-05-05 22:00:00,0,8309.75,7669.87
2019-05-05 22:30:00,0,8101.5,7546.08
2019-05-05 23:00:00,0,8117.39,7387.48
2019-05-05 23:30:00,0,7954.19,7268.54
2019-05-06 00:00:00,0,7831.53,7135.18
2019-05-06 00:30:00,0,7749.64,6995.36
2019-05-06 01:00:00,0,7577.83,6835.07
2019-05-06 01:30:00,0,7441.7,6653.15
2019-05-06 02:00:00,0,7279.93,6484.19
2019-05-06 02:30:00,0,7091.33,6246.14
2019-05-06 03:00:00,0,6813.79,6112.75
2019-05-06 03:30:00,0,6617.08,6047.85
2019-05-06 04:00:00,0,6444.09,6044.95
2019-05-06 12:30:00,0,7346.08,7445.78
2019-05-06 13:00:00,0,7242.39,7429.13
2019-05-06 13:30:00,0,7239.71,7441.92
2019-05-06 14:00:00,0,7290.46,7464.84
2019-05-06 14:30:00,0,7355.52,7529.63
2019-05-06 15:00:00,0,7459.72,7590.68
2019-05-06 15:30:00,0,7535.88,7692.07
2019-05-06 16:00:00,0,7607.67,7891.56
2019-05-06 16:30:00,0,7877.05,8129.34
2019-05-06 17:00:00,0,8159.81,8464.48
2019-05-06 17:30:00,0,8443.87,9001.2
2019-05-06 18:00:00,0,8807.75,9523.13
2019-05-06 18:30:00,0,9345.25,9572.2
2019-05-06 19:00:00,0,9434.71,9448.19
2019-05-06 19:30:00,0,9367.58,9200.06
2019-05-06 20:00:00,0,9126.59,9018.08
2019-05-06 20:30:00,0,8986.88,8842.7
2019-05-06 21:00:00,0,8821.34,8650.58
2019-05-06 21:30:00,0,8653.03,8446.59
2019-05-06 22:00:00,0,8466.96,8235.97
2019-05-06 22:30:00,0,8253.98,8118.68
2019-05-06 23:00:00,0,8226.9,7916.8
2019-05-06 23:30:00,0,8026.75,7788.04
2019-05-07 00:00:00,0,7882.59,7667.66
2019-05-07 00:30:00,0,7805.57,7549.11
2019-05-07 01:00:00,0,7631.94,7382.59
2019-05-07 01:30:00,0,7376.3,7183.9
2019-05-07 02:00:00,0,7211.92,7002.22
2019-05-07 02:30:00,0,6983.69,6716.02
2019-05-07 03:00:00,0,6722.29,6516.23
2019-05-07 03:30:00,0,6472.79,6380.11
2019-05-07 04:00:00,0,6338.95,6317.34
2019-05-07 12:30:00,0,7445.8,7274.22
2019-05-07 13:00:00,0,7455.38,7277.74
2019-05-07 13:30:00,0,7477.53,7317.21
2019-05-07 14:00:00,0,7507.09,7334.84
2019-05-07 14:30:00,0,7500.94,7429.62
2019-05-07 15:00:00,0,7586.85,7498.32
2019-05-07 15:30:00,0,7670.86,7618.7
2019-05-07 16:00:00,0,7816.74,7801.73
2019-05-07 16:30:00,0,8027.55,8039.28
2019-05-07 17:00:00,0,8238.7,8353.79
2019-05-07 17:30:00,0,8537.65,8849.2
2019-05-07 18:00:00,0,8951.16,9345.64
2019-05-07 18:30:00,0,9464.47,9388.43
2019-05-07 19:00:00,0,9534.07,9271.11
2019-05-07 19:30:00,0,9452.87,9020.43
2019-05-07 20:00:00,0,9254.16,8815.74
2019-05-07 20:30:00,0,9018.96,8668.13
2019-05-07 21:00:00,0,8872.82,8518.77
2019-05-07 21:30:00,0,8693.19,8332.2
2019-05-07 22:00:00,0,8497.48,8127.02
2019-05-07 22:30:00,0,8295.91,8051.42
2019-05-07 23:00:00,0,8249.93,7875.08
2019-05-07 23:30:00,0,8060.94,7758.29
2019-05-08 00:00:00,0,7982.18,7659.87
2019-05-08 00:30:00,0,7864.57,7515.81
2019-05-08 01:00:00,0,7770.02,7361.03
2019-05-08 01:30:00,0,7604.88,7153.26
2019-05-08 02:00:00,0,7414.75,6940.78
2019-05-08 02:30:00,0,7207.54,6664.26
2019-05-08 03:00:00,0,6915.66,6437.1
2019-05-08 03:30:00,0,6729.75,6285.54
2019-05-08 04:00:00,0,6588.52,6202.69
2019-05-08 12:30:00,0,7523.13,7397.14
2019-05-08 13:00:00,0,7435.81,7395.54
2019-05-08 13:30:00,0,7425.57,7405.79
2019-05-08 14:00:00,0,7444.87,7439.23
2019-05-08 14:30:00,0,7476.31,7503.18
2019-05-08 15:00:00,0,7603.54,7587.84
2019-05-08 15:30:00,0,7644.83,7665.97
2019-05-08 16:00:00,0,7860.12,7862.88
2019-05-08 16:30:00,0,8092.7,8164.17
2019-05-08 17:00:00,0,8358.17,8506.62
2019-05-08 17:30:00,0,8594.69,8943.5
2019-05-08 18:00:00,0,9100.18,9515.34
2019-05-08 18:30:00,0,9606.18,9622.51
2019-05-08 19:00:00,0,9708.65,9553.4
2019-05-08 19:30:00,0,9589.99,9403.69
2019-05-08 20:00:00,0,9414.22,9228.95
2019-05-08 20:30:00,0,9243.08,9118.6
2019-05-08 21:00:00,0,9107.79,8953.93
2019-05-08 21:30:00,0,8937.94,8736.34
2019-05-08 22:00:00,0,8669.84,8521.25
2019-05-08 22:30:00,0,8438.65,8375.85
2019-05-08 23:00:00,0,8393.19,8162.24
2019-05-08 23:30:00,0,8122.96,8039.49
2019-05-09 00:00:00,0,8004.93,7928.95
2019-05-09 00:30:00,0,7911.56,7777.77
2019-05-09 01:00:00,0,7735.38,7619.65
2019-05-09 01:30:00,0,7594.86,7436.02
2019-05-09 02:00:00,0,7372.51,7229.71
2019-05-09 02:30:00,0,7172.26,6944.02
2019-05-09 03:00:00,0,6831.15,6722.32
2019-05-09 03:30:00,0,6569.57,6553.71
2019-05-09 04:00:00,0,6462.02,6475.69
2019-05-09 12:30:00,0,8739.24,7471.4
2019-05-09 13:00:00,0,8693.26,7434.31
2019-05-09 13:30:00,0,8631.2,7393.54
2019-05-09 14:00:00,0,8636.49,7410.38
2019-05-09 14:30:00,0,8590.63,7490.32
2019-05-09 15:00:00,0,8503.75,7592.39
2019-05-09 15:30:00,0,8357.88,7691.61
2019-05-09 16:00:00,0,8360.95,7881.66
2019-05-09 16:30:00,0,8576.34,8170.79
2019-05-09 17:00:00,0,8761.66,8508.77
2019-05-09 17:30:00,0,9033.72,9102.26
2019-05-09 18:00:00,0,9424.94,9656.68
2019-05-09 18:30:00,0,9876.33,9736.64
2019-05-09 19:00:00,0,9767.88,9616.98
2019-05-09 19:30:00,0,9608.49,9409.79
2019-05-09 20:00:00,0,9448.98,9202.31
2019-05-09 20:30:00,0,9298.76,9031.18
2019-05-09 21:00:00,0,9164.11,8860.81
2019-05-09 21:30:00,0,9020.18,8642.32
2019-05-09 22:00:00,0,8824.49,8410.19
2019-05-09 22:30:00,0,8651.3,8307.16
2019-05-09 23:00:00,0,8598.82,8090.43
2019-05-09 23:30:00,0,8457.25,7972.54
2019-05-10 00:00:00,0,8294.68,7851.33
2019-05-10 00:30:00,0,8192.19,7720.06
2019-05-10 01:00:00,0,8025.16,7579.62
2019-05-10 01:30:00,0,7809.52,7389.66
2019-05-10 02:00:00,0,7559.18,7183.2
2019-05-10 02:30:00,0,7239.49,6915.94
2019-05-10 03:00:00,0,6925.0,6692.44
2019-05-10 03:30:00,0,6640.06,6548.02
2019-05-10 04:00:00,0,6495.01,6480.95
2019-05-10 12:30:00,0,7118.3,8127.28
2019-05-10 13:00:00,0,7043.08,8093.65
2019-05-10 13:30:00,0,7003.06,8059.21
2019-05-10 14:00:00,0,6928.43,8082.68
2019-05-10 14:30:00,0,6942.04,8132.15
2019-05-10 15:00:00,0,6972.93,8186.32
2019-05-10 15:30:00,0,7039.98,8287.77
2019-05-10 16:00:00,0,7205.83,8484.67
2019-05-10 16:30:00,0,7437.0,8811.06
2019-05-10 17:00:00,0,7760.86,9019.35
2019-05-10 17:30:00,0,8087.81,9324.3
2019-05-10 18:00:00,0,8519.07,9749.47
2019-05-10 18:30:00,0,8942.21,9797.95
2019-05-10 19:00:00,0,8973.42,9683.96
2019-05-10 19:30:00,0,8880.74,9523.14
2019-05-10 20:00:00,0,8661.3,9348.98
2019-05-10 20:30:00,0,8547.08,9212.22
2019-05-10 21:00:00,0,8422.06,9079.88
2019-05-10 21:30:00,0,8343.45,8900.57
2019-05-10 22:00:00,0,8193.85,8693.59
2019-05-10 22:30:00,0,8102.0,8620.83
2019-05-10 23:00:00,0,8041.79,8437.14
2019-05-10 23:30:00,0,7892.08,8313.12
2019-05-11 00:00:00,0,7768.29,8163.37
2019-05-11 00:30:00,0,7650.04,7974.24
2019-05-11 01:00:00,0,7485.23,7783.58
2019-05-11 01:30:00,0,7311.45,7548.44
2019-05-11 02:00:00,0,7053.29,7279.47
2019-05-11 02:30:00,0,6911.46,6942.37
2019-05-11 03:00:00,0,6596.45,6688.63
2019-05-11 03:30:00,0,6441.65,6507.34
2019-05-11 04:00:00,0,6323.87,6396.72
2019-05-11 12:30:00,0,6993.1,7164.25
2019-05-11 13:00:00,0,6918.01,7096.4
2019-05-11 13:30:00,0,6812.9,7082.41
2019-05-11 14:00:00,0,6761.26,7100.1
2019-05-11 14:30:00,0,6679.37,7140.96
2019-05-11 15:00:00,0,6735.07,7225.97
2019-05-11 15:30:00,0,6849.38,7295.31
2019-05-11 16:00:00,0,7048.03,7500.59
2019-05-11 16:30:00,0,7280.34,7788.66
2019-05-11 17:00:00,0,7641.06,8106.37
2019-05-11 17:30:00,0,8012.1,8483.3
2019-05-11 18:00:00,0,8348.48,8890.4
2019-05-11 18:30:00,0,8857.74,8921.2
2019-05-11 19:00:00,0,8895.46,8765.94
2019-05-11 19:30:00,0,8870.93,8620.55
2019-05-11 20:00:00,0,8699.34,8470.76
2019-05-11 20:30:00,0,8591.37,8339.17
2019-05-11 21:00:00,0,8513.24,8221.17
2019-05-11 21:30:00,0,8383.28,8082.31
2019-05-11 22:00:00,0,8229.24,7976.87
2019-05-11 22:30:00,0,8096.3,7861.4
2019-05-11 23:00:00,0,7949.21,7743.98
2019-05-11 23:30:00,0,7750.32,7666.19
2019-05-12 00:00:00,0,7557.31,7510.68
2019-05-12 00:30:00,0,7496.3,7314.26
2019-05-12 01:00:00,0,7311.35,7135.65
2019-05-12 01:30:00,0,7131.36,6933.21
2019-05-12 02:00:00,0,6914.09,6741.68
2019-05-12 02:30:00,0,6818.86,6502.86
2019-05-12 03:00:00,0,6567.65,6326.9
2019-05-12 03:30:00,0,6392.89,6215.86
2019-05-12 04:00:00,0,6352.99,6163.54
2019-05-12 12:30:00,0,7717.71,6658.76
2019-05-12 13:00:00,0,7652.66,6612.13
2019-05-12 13:30:00,0,7607.01,6591.41
2019-05-12 14:00:00,0,7676.07,6602.38
2019-05-12 14:30:00,0,7735.86,6685.23
2019-05-12 15:00:00,0,7833.41,6801.0
2019-05-12 15:30:00,0,7900.68,6985.05
2019-05-12 16:00:00,0,8044.19,7239.74
2019-05-12 16:30:00,0,8241.49,7569.4
2019-05-12 17:00:00,0,8441.03,7952.67
2019-05-12 17:30:00,0,8777.33,8412.04
2019-05-12 18:00:00,0,9265.93,8897.54
2019-05-12 18:30:00,0,9705.86,8981.59
2019-05-12 19:00:00,0,9697.86,8863.07
2019-05-12 19:30:00,0,9538.94,8631.46
2019-05-12 20:00:00,0,9299.18,8464.59
2019-05-12 20:30:00,0,9071.3,8334.21
2019-05-12 21:00:00,0,8899.0,8195.97
2019-05-12 21:30:00,0,8709.69,8060.91
2019-05-12 22:00:00,0,8503.56,7885.48
2019-05-12 22:30:00,0,8287.43,7699.13
2019-05-12 23:00:00,0,8260.26,7531.79
2019-05-12 23:30:00,0,8087.62,7408.64
2019-05-13 00:00:00,0,7936.46,7274.55
2019-05-13 00:30:00,0,7874.83,7131.94
2019-05-13 01:00:00,0,7704.06,6994.68
2019-05-13 01:30:00,0,7542.42,6841.72
2019-05-13 02:00:00,0,7348.12,6696.55
2019-05-13 02:30:00,0,7148.9,6492.44
2019-05-13 03:00:00,0,6866.07,6344.45
2019-05-13 03:30:00,0,6637.73,6257.87
2019-05-13 04:00:00,0,6488.35,6224.95
2019-05-13 12:30:00,0,7589.36,7718.63
2019-05-13 13:00:00,0,7522.08,7719.95
2019-05-13 13:30:00,0,7555.37,7771.83
2019-05-13 14:00:00,0,7557.83,7800.76
2019-05-13 14:30:00,0,7595.98,7865.21
2019-05-13 15:00:00,0,7687.98,7904.67
2019-05-13 15:30:00,0,7753.58,7975.44
2019-05-13 16:00:00,0,7911.06,8124.1
2019-05-13 16:30:00,0,8103.4,8339.43
2019-05-13 17:00:00,0,8374.23,8640.55
2019-05-13 17:30:00,0,8627.71,9092.88
2019-05-13 18:00:00,0,9077.75,9541.92
2019-05-13 18:30:00,0,9562.76,9561.75
2019-05-13 19:00:00,0,9572.0,9422.2
2019-05-13 19:30:00,0,9485.13,9142.29
2019-05-13 20:00:00,0,9265.93,8919.45
2019-05-13 20:30:00,0,9056.14,8669.79
2019-05-13 21:00:00,0,8951.13,8490.2
2019-05-13 21:30:00,0,8779.51,8258.26
2019-05-13 22:00:00,0,8572.03,8068.12
2019-05-13 22:30:00,0,8361.51,8030.91
2019-05-13 23:00:00,0,8414.92,7876.17
2019-05-13 23:30:00,0,8179.31,7757.94
2019-05-14 00:00:00,0,8079.16,7664.81
2019-05-14 00:30:00,0,7969.52,7534.31
2019-05-14 01:00:00,0,7802.83,7390.66
2019-05-14 01:30:00,0,7697.41,7193.12
2019-05-14 02:00:00,0,7479.49,6998.51
2019-05-14 02:30:00,0,7279.52,6720.37
2019-05-14 03:00:00,0,6973.22,6505.93
2019-05-14 03:30:00,0,6729.8,6370.82
2019-05-14 04:00:00,0,6560.86,6302.01
2019-05-14 12:30:00,0,7661.82,7632.51
2019-05-14 13:00:00,0,7699.84,7619.51
2019-05-14 13:30:00,0,7613.56,7622.77
2019-05-14 14:00:00,0,7577.26,7647.43
2019-05-14 14:30:00,0,7639.25,7695.68
2019-05-14 15:00:00,0,7679.55,7755.93
2019-05-14 15:30:00,0,7758.22,7842.96
2019-05-14 16:00:00,0,7871.3,8031.06
2019-05-14 16:30:00,0,8081.84,8241.25
2019-05-14 17:00:00,0,8324.4,8558.46
2019-05-14 17:30:00,0,8671.61,9059.24
2019-05-14 18:00:00,0,9082.96,9533.19
2019-05-14 18:30:00,0,9575.04,9543.95
2019-05-14 19:00:00,0,9579.15,9429.18
2019-05-14 19:30:00,0,9467.13,9194.03
2019-05-14 20:00:00,0,9247.24,8991.21
2019-05-14 20:30:00,0,9048.82,8867.14
2019-05-14 21:00:00,0,8861.27,8699.84
2019-05-14 21:30:00,0,8712.69,8505.62
2019-05-14 22:00:00,0,8532.47,8290.75
2019-05-14 22:30:00,0,8337.97,8183.22
2019-05-14 23:00:00,0,8289.36,8019.94
2019-05-14 23:30:00,0,8126.32,7882.74
2019-05-15 00:00:00,0,8053.38,7780.27
2019-05-15 00:30:00,0,7949.12,7642.14
2019-05-15 01:00:00,0,7762.47,7508.17
2019-05-15 01:30:00,0,7629.91,7311.3
2019-05-15 02:00:00,0,7447.44,7101.91
2019-05-15 02:30:00,0,7247.84,6835.08
2019-05-15 03:00:00,0,6959.91,6615.93
2019-05-15 03:30:00,0,6741.87,6465.0
2019-05-15 04:00:00,0,6643.53,6394.26
2019-05-15 12:30:00,0,7719.92,7683.71
2019-05-15 13:00:00,0,7666.98,7689.57
2019-05-15 13:30:00,0,7658.97,7707.26
2019-05-15 14:00:00,0,7706.48,7735.09
2019-05-15 14:30:00,0,7721.5,7784.73
2019-05-15 15:00:00,0,7805.89,7841.39
2019-05-15 15:30:00,0,7848.94,7908.9
2019-05-15 16:00:00,0,7971.35,8084.24
2019-05-15 16:30:00,0,8179.77,8276.03
2019-05-15 17:00:00,0,8385.18,8552.91
2019-05-15 17:30:00,0,8576.11,9051.5
2019-05-15 18:00:00,0,8997.71,9515.12
2019-05-15 18:30:00,0,9483.67,9505.6
2019-05-15 19:00:00,0,9498.92,9381.06
2019-05-15 19:30:00,0,9413.38,9151.44
2019-05-15 20:00:00,0,9240.35,8944.27
2019-05-15 20:30:00,0,9047.9,8770.84
2019-05-15 21:00:00,0,8898.95,8591.97
2019-05-15 21:30:00,0,8800.8,8396.39
2019-05-15 22:00:00,0,8629.94,8190.33
2019-05-15 22:30:00,0,8414.98,8125.45
2019-05-15 23:00:00,0,8398.1,7971.36
2019-05-15 23:30:00,0,8156.69,7856.72
2019-05-16 00:00:00,0,8075.37,7752.18
2019-05-16 00:30:00,0,8014.35,7623.14
2019-05-16 01:00:00,0,7797.32,7494.68
2019-05-16 01:30:00,0,7657.26,7303.01
2019-05-16 02:00:00,0,7438.88,7102.19
2019-05-16 02:30:00,0,7269.14,6841.41
2019-05-16 03:00:00,0,6913.7,6627.89
2019-05-16 03:30:00,0,6651.18,6493.33
2019-05-16 04:00:00,0,6476.29,6422.24
2019-05-16 12:30:00,0,7596.29,7724.51
2019-05-16 13:00:00,0,7499.81,7720.35
2019-05-16 13:30:00,0,7431.45,7746.53
2019-05-16 14:00:00,0,7430.72,7780.83
2019-05-16 14:30:00,0,7495.92,7794.21
2019-05-16 15:00:00,0,7565.5,7844.56
2019-05-16 15:30:00,0,7659.98,7930.59
2019-05-16 16:00:00,0,7771.24,8106.13
2019-05-16 16:30:00,0,7987.35,8327.25
2019-05-16 17:00:00,0,8184.86,8644.3
2019-05-16 17:30:00,0,8490.21,9165.21
2019-05-16 18:00:00,0,8793.27,9577.51
2019-05-16 18:30:00,0,9145.52,9581.0
2019-05-16 19:00:00,0,9084.5,9503.59
2019-05-16 19:30:00,0,8946.76,9335.51
2019-05-16 20:00:00,0,8715.81,9140.91
2019-05-16 20:30:00,0,8572.23,8964.45
2019-05-16 21:00:00,0,8467.02,8789.65
2019-05-16 21:30:00,0,8304.54,8555.63
2019-05-16 22:00:00,0,8173.43,8361.05
2019-05-16 22:30:00,0,8044.48,8276.7
2019-05-16 23:00:00,0,8078.63,8102.92
2019-05-16 23:30:00,0,7970.52,7990.47
2019-05-17 00:00:00,0,7909.51,7885.45
2019-05-17 00:30:00,0,7841.45,7736.58
2019-05-17 01:00:00,0,7702.28,7572.34
2019-05-17 01:30:00,0,7491.46,7339.72
2019-05-17 02:00:00,0,7283.61,7141.02
2019-05-17 02:30:00,0,7071.15,6866.68
2019-05-17 03:00:00,0,6788.3,6645.24
2019-05-17 03:30:00,0,6564.15,6502.55
2019-05-17 04:00:00,0,6391.85,6445.13
2019-05-17 12:30:00,0,6845.02,7631.85
2019-05-17 13:00:00,0,6830.21,7596.26
2019-05-17 13:30:00,0,6787.93,7622.26
2019-05-17 14:00:00,0,6733.18,7622.85
2019-05-17 14:30:00,0,6788.21,7684.63
2019-05-17 15:00:00,0,6847.95,7726.24
2019-05-17 15:30:00,0,6987.47,7812.05
2019-05-17 16:00:00,0,7212.01,7981.48
2019-05-17 16:30:00,0,7363.35,8192.86
2019-05-17 17:00:00,0,7613.09,8453.6
2019-05-17 17:30:00,0,7917.9,8903.36
2019-05-17 18:00:00,0,8280.32,9191.37
2019-05-17 18:30:00,0,8646.07,9155.39
2019-05-17 19:00:00,0,8584.6,9059.19
2019-05-17 19:30:00,0,8415.41,8871.4
2019-05-17 20:00:00,0,8223.38,8698.29
2019-05-17 20:30:00,0,8031.94,8556.73
2019-05-17 21:00:00,0,7924.35,8415.1
2019-05-17 21:30:00,0,7868.61,8243.68
2019-05-17 22:00:00,0,7798.92,8121.24
2019-05-17 22:30:00,0,7751.59,8103.43
2019-05-17 23:00:00,0,7742.94,7987.75
2019-05-17 23:30:00,0,7584.48,7886.95
2019-05-18 00:00:00,0,7525.2,7803.78
2019-05-18 00:30:00,0,7421.46,7650.64
2019-05-18 01:00:00,0,7270.39,7483.73
2019-05-18 01:30:00,0,7080.3,7272.6
2019-05-18 02:00:00,0,6879.84,7032.94
2019-05-18 02:30:00,0,6731.13,6776.94
2019-05-18 03:00:00,0,6431.95,6524.03
2019-05-18 03:30:00,0,6274.85,6366.39
2019-05-18 04:00:00,0,6173.27,6274.28
2019-05-18 12:30:00,0,6926.74,6856.59
2019-05-18 13:00:00,0,6868.27,6834.68
2019-05-18 13:30:00,0,6903.28,6813.24
2019-05-18 14:00:00,0,6875.86,6807.21
2019-05-18 14:30:00,0,6882.57,6863.66
2019-05-18 15:00:00,0,6955.41,6929.5
2019-05-18 15:30:00,0,7134.64,7036.97
2019-05-18 16:00:00,0,7288.35,7253.75
2019-05-18 16:30:00,0,7517.63,7548.58
2019-05-18 17:00:00,0,7723.84,7877.03
2019-05-18 17:30:00,0,8052.92,8288.49
2019-05-18 18:00:00,0,8440.39,8626.23
2019-05-18 18:30:00,0,8834.76,8598.65
2019-05-18 19:00:00,0,8769.25,8481.6
2019-05-18 19:30:00,0,8607.45,8270.17
2019-05-18 20:00:00,0,8375.89,8088.31
2019-05-18 20:30:00,0,8209.51,7961.42
2019-05-18 21:00:00,0,8079.4,7821.58
2019-05-18 21:30:00,0,7958.58,7791.55
2019-05-18 22:00:00,0,7841.63,7700.13
2019-05-18 22:30:00,0,7670.13,7623.39
2019-05-18 23:00:00,0,7612.77,7534.66
2019-05-18 23:30:00,0,7415.54,7451.12
2019-05-19 00:00:00,0,7372.73,7319.32
2019-05-19 00:30:00,0,7247.51,7141.85
2019-05-19 01:00:00,0,7135.85,6950.58
2019-05-19 01:30:00,0,6941.62,6771.41
2019-05-19 02:00:00,0,6812.4,6594.23
2019-05-19 02:30:00,0,6649.25,6370.76
2019-05-19 03:00:00,0,6428.95,6175.59
2019-05-19 03:30:00,0,6297.9,6058.23
2019-05-19 04:00:00,0,6265.44,5994.45
2019-05-19 12:30:00,0,7908.12,6793.65
2019-05-19 13:00:00,0,7830.74,6765.33
2019-05-19 13:30:00,0,7802.28,6731.43
2019-05-19 14:00:00,0,7851.9,6731.2
2019-05-19 14:30:00,0,7905.7,6783.81
2019-05-19 15:00:00,0,7955.87,6871.21
2019-05-19 15:30:00,0,8046.36,6998.72
2019-05-19 16:00:00,0,8095.34,7229.13
2019-05-19 16:30:00,0,8257.84,7531.83
2019-05-19 17:00:00,0,8479.0,7933.55
2019-05-19 17:30:00,0,8776.45,8410.09
2019-05-19 18:00:00,0,9172.57,8802.2
2019-05-19 18:30:00,0,9584.01,8900.39
2019-05-19 19:00:00,0,9464.88,8827.66
2019-05-19 19:30:00,0,9333.59,8597.76
2019-05-19 20:00:00,0,9052.09,8382.7
2019-05-19 20:30:00,0,8862.56,8213.84
2019-05-19 21:00:00,0,8675.06,8045.84
2019-05-19 21:30:00,0,8562.48,7901.94
2019-05-19 22:00:00,0,8358.27,7742.16
2019-05-19 22:30:00,0,8183.32,7650.03
2019-05-19 23:00:00,0,8174.53,7492.84
2019-05-19 23:30:00,0,7969.15,7377.26
2019-05-20 00:00:00,0,7830.17,7250.42
2019-05-20 00:30:00,0,7758.79,7100.77
2019-05-20 01:00:00,0,7607.33,6935.28
2019-05-20 01:30:00,0,7511.19,6761.61
2019-05-20 02:00:00,0,7240.19,6626.91
2019-05-20 02:30:00,0,7084.4,6412.34
2019-05-20 03:00:00,0,6747.25,6256.26
2019-05-20 03:30:00,0,6564.34,6178.42
2019-05-20 04:00:00,0,6378.48,6148.8
2019-05-20 12:30:00,0,7406.79,7737.4
2019-05-20 13:00:00,0,7436.68,7721.49
2019-05-20 13:30:00,0,7420.19,7747.62
2019-05-20 14:00:00,0,7465.19,7797.57
2019-05-20 14:30:00,0,7556.51,7865.4
2019-05-20 15:00:00,0,7669.82,7928.06
2019-05-20 15:30:00,0,7818.17,8008.29
2019-05-20 16:00:00,0,7902.47,8196.99
2019-05-20 16:30:00,0,8087.5,8447.76
2019-05-20 17:00:00,0,8290.73,8752.92
2019-05-20 17:30:00,0,8553.58,9250.57
2019-05-20 18:00:00,0,8931.46,9628.7
2019-05-20 18:30:00,0,9278.49,9607.33
2019-05-20 19:00:00,0,9173.89,9477.03
2019-05-20 19:30:00,0,9061.39,9214.78
2019-05-20 20:00:00,0,8836.22,9002.48
2019-05-20 20:30:00,0,8642.63,8817.58
2019-05-20 21:00:00,0,8510.8,8641.06
2019-05-20 21:30:00,0,8344.79,8388.82
2019-05-20 22:00:00,0,8110.48,8180.54
2019-05-20 22:30:00,0,7971.49,8130.56
2019-05-20 23:00:00,0,7991.87,7952.21
2019-05-20 23:30:00,0,7798.89,7834.58
2019-05-21 00:00:00,0,7667.29,7747.5
2019-05-21 00:30:00,0,7616.18,7608.13
2019-05-21 01:00:00,0,7477.44,7444.38
2019-05-21 01:30:00,0,7353.08,7242.49
2019-05-21 02:00:00,0,7192.32,7037.79
2019-05-21 02:30:00,0,6995.37,6764.51
2019-05-21 03:00:00,0,6739.87,6533.11
2019-05-21 03:30:00,0,6525.11,6391.83
2019-05-21 04:00:00,0,6388.82,6324.24
2019-05-21 12:30:00,0,7702.13,7516.45
2019-05-21 13:00:00,0,7681.28,7559.82
2019-05-21 13:30:00,0,7683.2,7620.85
2019-05-21 14:00:00,0,7753.17,7695.85
2019-05-21 14:30:00,0,7808.05,7745.65
2019-05-21 15:00:00,0,7895.3,7802.91
2019-05-21 15:30:00,0,7998.31,7927.71
2019-05-21 16:00:00,0,8074.18,8105.98
2019-05-21 16:30:00,0,8281.79,8329.87
2019-05-21 17:00:00,0,8445.21,8589.76
2019-05-21 17:30:00,0,8647.19,8969.3
2019-05-21 18:00:00,0,9032.98,9305.34
2019-05-21 18:30:00,0,9365.36,9342.67
2019-05-21 19:00:00,0,9305.33,9197.46
2019-05-21 19:30:00,0,9065.34,8983.32
2019-05-21 20:00:00,0,8911.91,8779.91
2019-05-21 20:30:00,0,8660.98,8600.21
2019-05-21 21:00:00,0,8481.72,8453.94
2019-05-21 21:30:00,0,8341.13,8233.0
2019-05-21 22:00:00,0,8192.05,8042.23
2019-05-21 22:30:00,0,8018.31,8004.02
2019-05-21 23:00:00,0,8022.78,7846.2
2019-05-21 23:30:00,0,7857.46,7738.08
2019-05-22 00:00:00,0,7830.96,7648.82
2019-05-22 00:30:00,0,7719.97,7517.75
2019-05-22 01:00:00,0,7600.58,7375.52
2019-05-22 01:30:00,0,7449.6,7193.97
2019-05-22 02:00:00,0,7272.59,6975.0
2019-05-22 02:30:00,0,7046.83,6669.6
2019-05-22 03:00:00,0,6741.81,6431.49
2019-05-22 03:30:00,0,6536.71,6273.49
2019-05-22 04:00:00,0,6383.26,6202.03
2019-05-22 12:30:00,0,7639.17,7544.95
2019-05-22 13:00:00,0,7603.26,7574.38
2019-05-22 13:30:00,0,7672.33,7622.21
2019-05-22 14:00:00,0,7655.21,7672.61
2019-05-22 14:30:00,0,7720.32,7717.92
2019-05-22 15:00:00,0,7794.2,7778.34
2019-05-22 15:30:00,0,7881.41,7870.36
2019-05-22 16:00:00,0,8001.8,8051.3
2019-05-22 16:30:00,0,8099.03,8256.14
2019-05-22 17:00:00,0,8305.23,8542.76
2019-05-22 17:30:00,0,8566.71,8980.96
2019-05-22 18:00:00,0,8902.64,9332.24
2019-05-22 18:30:00,0,9305.91,9334.89
2019-05-22 19:00:00,0,9199.33,9210.14
2019-05-22 19:30:00,0,9128.96,9012.44
2019-05-22 20:00:00,0,8898.36,8801.49
2019-05-22 20:30:00,0,8704.45,8631.56
2019-05-22 21:00:00,0,8589.05,8467.07
2019-05-22 21:30:00,0,8479.5,8207.25
2019-05-22 22:00:00,0,8259.77,8030.51
2019-05-22 22:30:00,0,8068.99,8010.32
2019-05-22 23:00:00,0,8111.17,7858.53
2019-05-22 23:30:00,0,7939.04,7759.77
2019-05-23 00:00:00,0,7877.45,7660.6
2019-05-23 00:30:00,0,7736.58,7530.32
2019-05-23 01:00:00,0,7623.08,7373.34
2019-05-23 01:30:00,0,7418.02,7187.61
2019-05-23 02:00:00,0,7238.79,6988.05
2019-05-23 02:30:00,0,7026.59,6695.56
2019-05-23 03:00:00,0,6772.77,6457.92
2019-05-23 03:30:00,0,6552.37,6308.43
2019-05-23 04:00:00,0,6415.4,6244.86
2019-05-23 12:30:00,0,7631.64,7676.36
2019-05-23 13:00:00,0,7606.62,7690.69
2019-05-23 13:30:00,0,7643.12,7726.0
2019-05-23 14:00:00,0,7720.38,7780.37
2019-05-23 14:30:00,0,7810.57,7805.66
2019-05-23 15:00:00,0,7840.04,7872.12
2019-05-23 15:30:00,0,7886.11,7936.9
2019-05-23 16:00:00,0,7944.16,8146.96
2019-05-23 16:30:00,0,8100.44,8361.57
2019-05-23 17:00:00,0,8229.12,8680.16
2019-05-23 17:30:00,0,8506.63,9174.71
2019-05-23 18:00:00,0,8867.68,9550.28
2019-05-23 18:30:00,0,9095.58,9500.22
2019-05-23 19:00:00,0,8940.57,9403.24
2019-05-23 19:30:00,0,8742.49,9214.51
2019-05-23 20:00:00,0,8512.25,9035.32
2019-05-23 20:30:00,0,8435.91,8857.96
2019-05-23 21:00:00,0,8303.14,8701.22
2019-05-23 21:30:00,0,8227.21,8479.59
2019-05-23 22:00:00,0,8059.66,8267.31
2019-05-23 22:30:00,0,7951.92,8212.15
2019-05-23 23:00:00,0,8009.93,8035.95
2019-05-23 23:30:00,0,7897.44,7916.21
2019-05-24 00:00:00,0,7874.88,7812.96
2019-05-24 00:30:00,0,7813.25,7672.9
2019-05-24 01:00:00,0,7590.72,7510.9
2019-05-24 01:30:00,0,7451.62,7303.18
2019-05-24 02:00:00,0,7188.96,7087.62
2019-05-24 02:30:00,0,7009.56,6810.82
2019-05-24 03:00:00,0,6682.28,6593.16
2019-05-24 03:30:00,0,6458.22,6456.44
2019-05-24 04:00:00,0,6288.26,6406.98
2019-05-24 12:30:00,0,6755.56,7563.53
2019-05-24 13:00:00,0,6692.66,7544.33
2019-05-24 13:30:00,0,6603.3,7562.7
2019-05-24 14:00:00,0,6638.2,7594.25
2019-05-24 14:30:00,0,6711.48,7661.97
2019-05-24 15:00:00,0,6808.87,7706.76
2019-05-24 15:30:00,0,6956.94,7813.29
2019-05-24 16:00:00,0,7097.73,7984.66
2019-05-24 16:30:00,0,7270.14,8215.99
2019-05-24 17:00:00,0,7535.17,8497.27
2019-05-24 17:30:00,0,7789.2,8926.98
2019-05-24 18:00:00,0,8134.85,9225.7
2019-05-24 18:30:00,0,8419.58,9180.48
2019-05-24 19:00:00,0,8372.7,9049.67
2019-05-24 19:30:00,0,8187.63,8846.39
2019-05-24 20:00:00,0,7985.44,8653.05
2019-05-24 20:30:00,0,7875.47,8512.68
2019-05-24 21:00:00,0,7749.78,8373.91
2019-05-24 21:30:00,0,7649.41,8233.79
2019-05-24 22:00:00,0,7570.79,8091.95
2019-05-24 22:30:00,0,7484.28,8084.2
2019-05-24 23:00:00,0,7473.43,7967.68
2019-05-24 23:30:00,0,7370.87,7881.59
2019-05-25 00:00:00,0,7315.53,7776.17
2019-05-25 00:30:00,0,7193.59,7631.6
2019-05-25 01:00:00,0,7101.1,7475.79
2019-05-25 01:30:00,0,6925.18,7271.15
2019-05-25 02:00:00,0,6729.92,7033.18
2019-05-25 02:30:00,0,6492.58,6758.46
2019-05-25 03:00:00,0,6254.7,6515.06
2019-05-25 03:30:00,0,6098.11,6331.41
2019-05-25 04:00:00,0,5953.45,6226.09
2019-05-25 12:30:00,0,6613.25,6691.3
2019-05-25 13:00:00,0,6488.55,6698.77
2019-05-25 13:30:00,0,6464.23,6754.14
2019-05-25 14:00:00,0,6449.57,6774.92
2019-05-25 14:30:00,0,6506.56,6854.01
2019-05-25 15:00:00,0,6601.52,6971.82
2019-05-25 15:30:00,0,6714.39,7165.65
2019-05-25 16:00:00,0,6884.51,7372.99
2019-05-25 16:30:00,0,7142.26,7582.7
2019-05-25 17:00:00,0,7503.93,7891.47
2019-05-25 17:30:00,0,7839.96,8247.29
2019-05-25 18:00:00,0,8256.46,8566.78
2019-05-25 18:30:00,0,8709.95,8504.6
2019-05-25 19:00:00,0,8739.9,8370.82
2019-05-25 19:30:00,0,8606.89,8223.21
2019-05-25 20:00:00,0,8418.96,8068.21
2019-05-25 20:30:00,0,8230.87,7935.98
2019-05-25 21:00:00,0,8128.33,7813.9
2019-05-25 21:30:00,0,8038.52,7759.88
2019-05-25 22:00:00,0,7844.55,7660.63
2019-05-25 22:30:00,0,7690.11,7578.31
2019-05-25 23:00:00,0,7669.49,7489.65
2019-05-25 23:30:00,0,7429.52,7409.67
2019-05-26 00:00:00,0,7356.6,7277.4
2019-05-26 00:30:00,0,7237.73,7109.31
2019-05-26 01:00:00,0,7045.12,6938.25
2019-05-26 01:30:00,0,6879.69,6755.36
2019-05-26 02:00:00,0,6681.26,6573.01
2019-05-26 02:30:00,0,6551.63,6341.68
2019-05-26 03:00:00,0,6289.68,6149.04
2019-05-26 03:30:00,0,6173.35,6016.88
2019-05-26 04:00:00,0,6123.28,5937.53
2019-05-26 12:30:00,0,8089.59,6823.55
2019-05-26 13:00:00,0,8210.84,6758.1
2019-05-26 13:30:00,0,8353.34,6699.62
2019-05-26 14:00:00,0,8415.63,6689.58
2019-05-26 14:30:00,0,8440.43,6745.99
2019-05-26 15:00:00,0,8527.76,6844.97
2019-05-26 15:30:00,0,8522.37,7015.16
2019-05-26 16:00:00,0,8579.09,7265.2
2019-05-26 16:30:00,0,8837.28,7636.88
2019-05-26 17:00:00,0,9213.15,8057.55
2019-05-26 17:30:00,0,9692.27,8579.29
2019-05-26 18:00:00,0,10366.89,8941.01
2019-05-26 18:30:00,0,10917.17,8921.25
2019-05-26 19:00:00,0,10963.96,8839.79
2019-05-26 19:30:00,0,10776.71,8788.64
2019-05-26 20:00:00,0,10508.29,8627.2
2019-05-26 20:30:00,0,10188.65,8548.99
2019-05-26 21:00:00,0,9924.92,8402.39
2019-05-26 21:30:00,0,9726.1,8215.52
2019-05-26 22:00:00,0,9448.2,8038.6
2019-05-26 22:30:00,0,9056.52,7844.05
2019-05-26 23:00:00,0,8935.49,7648.57
2019-05-26 23:30:00,0,8555.31,7533.83
2019-05-27 00:00:00,0,8386.98,7392.68
2019-05-27 00:30:00,0,8258.68,7244.21
2019-05-27 01:00:00,0,8003.35,7092.36
2019-05-27 01:30:00,0,7866.77,6944.52
2019-05-27 02:00:00,0,7650.38,6761.33
2019-05-27 02:30:00,0,7495.38,6502.49
2019-05-27 03:00:00,0,7128.69,6307.37
2019-05-27 03:30:00,0,6935.39,6205.97
2019-05-27 04:00:00,0,6738.47,6159.13
2019-05-27 12:30:00,0,7991.51,8141.4
2019-05-27 13:00:00,0,7950.83,8196.45
2019-05-27 13:30:00,0,7894.18,8355.38
2019-05-27 14:00:00,0,7913.67,8419.11
2019-05-27 14:30:00,0,7986.22,8502.92
2019-05-27 15:00:00,0,8090.12,8602.69
2019-05-27 15:30:00,0,8210.82,8774.52
2019-05-27 16:00:00,0,8358.46,9076.76
2019-05-27 16:30:00,0,8637.45,9407.44
2019-05-27 17:00:00,0,9009.52,9929.28
2019-05-27 17:30:00,0,9524.33,10473.78
2019-05-27 18:00:00,0,10171.68,10970.33
2019-05-27 18:30:00,0,10781.52,11005.36
2019-05-27 19:00:00,0,10806.52,10920.38
2019-05-27 19:30:00,0,10746.93,10701.18
2019-05-27 20:00:00,0,10501.62,10495.89
2019-05-27 20:30:00,0,10227.93,10279.01
2019-05-27 21:00:00,0,10034.26,9986.4
2019-05-27 21:30:00,0,9773.24,9628.52
2019-05-27 22:00:00,0,9440.86,9279.36
2019-05-27 22:30:00,0,9036.3,9060.98
2019-05-27 23:00:00,0,8908.78,8763.81
2019-05-27 23:30:00,0,8534.24,8554.6
2019-05-28 00:00:00,0,8410.14,8400.4
2019-05-28 00:30:00,0,8277.44,8216.77
2019-05-28 01:00:00,0,8133.82,8026.77
2019-05-28 01:30:00,0,7950.06,7813.59
2019-05-28 02:00:00,0,7728.07,7588.72
2019-05-28 02:30:00,0,7550.1,7268.19
2019-05-28 03:00:00,0,7224.58,7007.57
2019-05-28 03:30:00,0,6980.56,6817.23
2019-05-28 04:00:00,0,6789.4,6721.0
2019-05-28 12:30:00,0,8055.9,8090.21
2019-05-28 13:00:00,0,7997.36,8046.83
2019-05-28 13:30:00,0,7966.74,8026.76
2019-05-28 14:00:00,0,7971.32,8074.19
2019-05-28 14:30:00,0,7953.51,8137.34
2019-05-28 15:00:00,0,7967.4,8235.96
2019-05-28 15:30:00,0,8090.9,8438.18
2019-05-28 16:00:00,0,8247.31,8716.05
2019-05-28 16:30:00,0,8589.21,9134.66
2019-05-28 17:00:00,0,8913.53,9621.05
2019-05-28 17:30:00,0,9343.91,10195.81
2019-05-28 18:00:00,0,9919.72,10707.99
2019-05-28 18:30:00,0,10404.26,10809.28
2019-05-28 19:00:00,0,10390.71,10742.53
2019-05-28 19:30:00,0,10345.97,10534.03
2019-05-28 20:00:00,0,10123.84,10299.06
2019-05-28 20:30:00,0,9910.63,10084.95
2019-05-28 21:00:00,0,9801.36,9848.4
2019-05-28 21:30:00,0,9623.92,9531.4
2019-05-28 22:00:00,0,9357.8,9211.89
2019-05-28 22:30:00,0,9006.01,9002.72
2019-05-28 23:00:00,0,8849.04,8725.93
2019-05-28 23:30:00,0,8648.59,8524.01
2019-05-29 00:00:00,0,8467.92,8376.36
2019-05-29 00:30:00,0,8284.08,8203.41
2019-05-29 01:00:00,0,8095.28,8014.49
2019-05-29 01:30:00,0,7907.53,7784.12
2019-05-29 02:00:00,0,7738.94,7538.45
2019-05-29 02:30:00,0,7489.59,7197.1
2019-05-29 03:00:00,0,7224.55,6906.52
2019-05-29 03:30:00,0,6981.82,6708.05
2019-05-29 04:00:00,0,6854.72,6599.97
2019-05-29 12:30:00,0,8177.54,8151.34
2019-05-29 13:00:00,0,8094.18,8150.06
2019-05-29 13:30:00,0,8037.9,8183.12
2019-05-29 14:00:00,0,8030.17,8148.28
2019-05-29 14:30:00,0,8021.74,8218.11
2019-05-29 15:00:00,0,8047.13,8307.04
2019-05-29 15:30:00,0,8169.08,8455.33
2019-05-29 16:00:00,0,8312.0,8712.25
2019-05-29 16:30:00,0,8662.13,9039.84
2019-05-29 17:00:00,0,9091.75,9489.07
2019-05-29 17:30:00,0,9714.05,9947.07
2019-05-29 18:00:00,0,10443.63,10421.8
2019-05-29 18:30:00,0,11114.07,10516.52
2019-05-29 19:00:00,0,11172.72,10483.11
2019-05-29 19:30:00,0,11209.02,10316.71
2019-05-29 20:00:00,0,11095.96,10141.78
2019-05-29 20:30:00,0,10891.82,9961.55
2019-05-29 21:00:00,0,10836.05,9764.07
2019-05-29 21:30:00,0,10607.49,9461.3
2019-05-29 22:00:00,0,10226.12,9157.28
2019-05-29 22:30:00,0,9831.29,8976.58
2019-05-29 23:00:00,0,9631.34,8708.24
2019-05-29 23:30:00,0,9230.35,8523.76
2019-05-30 00:00:00,0,8992.85,8353.24
2019-05-30 00:30:00,0,8766.64,8148.25
2019-05-30 01:00:00,0,8559.26,7973.59
2019-05-30 01:30:00,0,8413.37,7785.43
2019-05-30 02:00:00,0,8172.89,7580.72
2019-05-30 02:30:00,0,7938.5,7302.55
2019-05-30 03:00:00,0,7611.17,7070.07
2019-05-30 03:30:00,0,7357.52,6913.2
2019-05-30 04:00:00,0,7155.37,6842.4
2019-05-30 12:30:00,0,8440.51,8268.28
2019-05-30 13:00:00,0,8287.42,8212.33
2019-05-30 13:30:00,0,8193.9,8215.3
2019-05-30 14:00:00,0,8155.86,8203.6
2019-05-30 14:30:00,0,8151.24,8223.18
2019-05-30 15:00:00,0,8206.64,8300.45
2019-05-30 15:30:00,0,8321.66,8476.95
2019-05-30 16:00:00,0,8390.2,8761.28
2019-05-30 16:30:00,0,8667.1,9201.09
2019-05-30 17:00:00,0,9040.14,9762.3
2019-05-30 17:30:00,0,9558.28,10454.88
2019-05-30 18:00:00,0,10119.31,11029.86
2019-05-30 18:30:00,0,10608.84,11160.12
2019-05-30 19:00:00,0,10646.51,11154.66
2019-05-30 19:30:00,0,10527.69,11010.11
2019-05-30 20:00:00,0,10429.33,10842.68
2019-05-30 20:30:00,0,10206.9,10623.34
2019-05-30 21:00:00,0,10098.44,10402.11
2019-05-30 21:30:00,0,9920.05,10054.71
2019-05-30 22:00:00,0,9777.28,9674.21
2019-05-30 22:30:00,0,9487.75,9416.47
2019-05-30 23:00:00,0,9414.49,9114.66
2019-05-30 23:30:00,0,9089.59,8872.85
2019-05-31 00:00:00,0,8942.02,8684.94
2019-05-31 00:30:00,0,8783.37,8476.08
2019-05-31 01:00:00,0,8533.47,8272.68
2019-05-31 01:30:00,0,8277.33,8056.66
2019-05-31 02:00:00,0,8022.24,7823.43
2019-05-31 02:30:00,0,7776.99,7502.46
2019-05-31 03:00:00,0,7470.54,7262.81
2019-05-31 03:30:00,0,7190.27,7062.69
2019-05-31 04:00:00,0,7042.08,6981.72
2019-05-31 12:30:00,0,7834.72,8067.44
2019-05-31 13:00:00,0,7791.07,7992.68
2019-05-31 13:30:00,0,7711.6,7960.02
2019-05-31 14:00:00,0,7738.81,7967.25
2019-05-31 14:30:00,0,7698.77,8031.8
2019-05-31 15:00:00,0,7695.47,8109.37
2019-05-31 15:30:00,0,7740.04,8242.55
2019-05-31 16:00:00,0,7950.44,8503.16
2019-05-31 16:30:00,0,8165.88,8824.8
2019-05-31 17:00:00,0,8531.13,9255.73
2019-05-31 17:30:00,0,8973.77,9761.81
2019-05-31 18:00:00,0,9442.41,10184.52
2019-05-31 18:30:00,0,9744.08,10211.48
2019-05-31 19:00:00,0,9710.69,10088.22
2019-05-31 19:30:00,0,9551.74,9940.53
2019-05-31 20:00:00,0,9361.47,9757.09
2019-05-31 20:30:00,0,9141.86,9633.02
2019-05-31 21:00:00,0,9034.59,9478.27
2019-05-31 21:30:00,0,8896.46,9279.33
2019-05-31 22:00:00,0,8720.49,9071.76
2019-05-31 22:30:00,0,8602.27,8965.64
2019-05-31 23:00:00,0,8557.82,8771.79
2019-05-31 23:30:00,0,8424.25,8620.06
2019-06-01 00:00:00,0,8267.63,8474.4
2019-06-01 00:30:00,0,8148.66,8318.16
2019-06-01 01:00:00,0,7848.58,8140.35
2019-06-01 01:30:00,0,7635.41,7905.01
2019-06-01 02:00:00,0,7384.08,7638.36
2019-06-01 02:30:00,0,7200.44,7298.02
2019-06-01 03:00:00,0,6936.11,7028.57
2019-06-01 03:30:00,0,6739.76,6836.65
2019-06-01 04:00:00,0,6608.66,6713.85
2019-06-01 12:30:00,0,7538.6,7640.97
2019-06-01 13:00:00,0,7455.5,7575.63
2019-06-01 13:30:00,0,7446.0,7544.17
2019-06-01 14:00:00,0,7475.68,7541.95
2019-06-01 14:30:00,0,7587.07,7549.63
2019-06-01 15:00:00,0,7641.16,7619.38
2019-06-01 15:30:00,0,7776.47,7728.47
2019-06-01 16:00:00,0,7875.81,7948.23
2019-06-01 16:30:00,0,8166.98,8235.09
2019-06-01 17:00:00,0,8411.21,8646.88
2019-06-01 17:30:00,0,8867.61,9109.68
2019-06-01 18:00:00,0,9371.99,9417.0
2019-06-01 18:30:00,0,9790.93,9348.13
2019-06-01 19:00:00,0,9800.21,9174.3
2019-06-01 19:30:00,0,9626.48,9035.64
2019-06-01 20:00:00,0,9413.31,8855.7
2019-06-01 20:30:00,0,9175.72,8742.72
2019-06-01 21:00:00,0,9048.65,8614.93
2019-06-01 21:30:00,0,8949.85,8504.2
2019-06-01 22:00:00,0,8683.99,8379.17
2019-06-01 22:30:00,0,8441.54,8223.29
2019-06-01 23:00:00,0,8249.33,8089.13
2019-06-01 23:30:00,0,7988.67,7979.47
2019-06-02 00:00:00,0,7855.41,7820.94
2019-06-02 00:30:00,0,7703.92,7593.87
2019-06-02 01:00:00,0,7416.72,7383.36
2019-06-02 01:30:00,0,7250.35,7182.01
2019-06-02 02:00:00,0,7085.83,6980.51
2019-06-02 02:30:00,0,6900.11,6734.77
2019-06-02 03:00:00,0,6723.39,6543.01
2019-06-02 03:30:00,0,6537.13,6426.01
2019-06-02 04:00:00,0,6458.17,6356.11
2019-06-02 12:30:00,0,8488.74,7457.29
2019-06-02 13:00:00,0,8520.55,7396.1
2019-06-02 13:30:00,0,8549.19,7349.67
2019-06-02 14:00:00,0,8511.99,7344.68
2019-06-02 14:30:00,0,8474.62,7349.97
2019-06-02 15:00:00,0,8544.21,7445.22
2019-06-02 15:30:00,0,8549.77,7585.45
2019-06-02 16:00:00,0,8662.38,7843.04
2019-06-02 16:30:00,0,8975.83,8191.91
2019-06-02 17:00:00,0,9355.16,8616.0
2019-06-02 17:30:00,0,9963.35,9073.85
2019-06-02 18:00:00,0,10680.04,9443.24
2019-06-02 18:30:00,0,11184.47,9476.75
2019-06-02 19:00:00,0,11185.5,9373.94
2019-06-02 19:30:00,0,11144.7,9237.72
2019-06-02 20:00:00,0,10881.33,9067.38
2019-06-02 20:30:00,0,10596.58,8936.58
2019-06-02 21:00:00,0,10439.08,8762.58
2019-06-02 21:30:00,0,10195.65,8567.18
2019-06-02 22:00:00,0,9936.41,8369.22
2019-06-02 22:30:00,0,9576.66,8172.53
2019-06-02 23:00:00,0,9381.75,7936.3
2019-06-02 23:30:00,0,9004.0,7778.57
2019-06-03 00:00:00,0,8864.06,7622.38
2019-06-03 00:30:00,0,8642.71,7439.41
2019-06-03 01:00:00,0,8408.58,7268.2
2019-06-03 01:30:00,0,8249.65,7085.15
2019-06-03 02:00:00,0,8060.18,6920.51
2019-06-03 02:30:00,0,7797.82,6672.52
2019-06-03 03:00:00,0,7511.17,6505.32
2019-06-03 03:30:00,0,7261.99,6406.49
2019-06-03 04:00:00,0,7105.09,6373.78
2019-06-03 12:30:00,0,9760.84,8499.36
2019-06-03 13:00:00,0,9745.65,8471.5
2019-06-03 13:30:00,0,9649.62,8500.1
2019-06-03 14:00:00,0,9674.19,8516.58
2019-06-03 14:30:00,0,9550.41,8577.55
2019-06-03 15:00:00,0,9532.89,8639.85
2019-06-03 15:30:00,0,9585.67,8788.1
2019-06-03 16:00:00,0,9767.57,9059.48
2019-06-03 16:30:00,0,10046.72,9432.88
2019-06-03 17:00:00,0,10357.83,9895.49
2019-06-03 17:30:00,0,10915.99,10541.35
2019-06-03 18:00:00,0,11573.24,11025.49
2019-06-03 18:30:00,0,12112.84,11115.82
2019-06-03 19:00:00,0,12107.14,11063.93
2019-06-03 19:30:00,0,12065.53,10861.79
2019-06-03 20:00:00,0,11706.92,10652.89
2019-06-03 20:30:00,0,11467.86,10435.89
2019-06-03 21:00:00,0,11186.25,10206.24
2019-06-03 21:30:00,0,10857.31,9878.44
2019-06-03 22:00:00,0,10444.3,9542.64
2019-06-03 22:30:00,0,10054.24,9320.47
2019-06-03 23:00:00,0,9799.53,9019.86
2019-06-03 23:30:00,0,9386.08,8780.46
2019-06-04 00:00:00,0,9139.54,8621.06
2019-06-04 00:30:00,0,8940.71,8449.12
2019-06-04 01:00:00,0,8710.58,8261.75
2019-06-04 01:30:00,0,8448.68,8037.61
2019-06-04 02:00:00,0,8202.16,7823.17
2019-06-04 02:30:00,0,7984.17,7500.79
2019-06-04 03:00:00,0,7625.22,7237.98
2019-06-04 03:30:00,0,7352.44,7039.7
2019-06-04 04:00:00,0,7162.15,6938.78
2019-06-04 12:30:00,0,9285.6,9044.21
2019-06-04 13:00:00,0,9050.89,8975.23
2019-06-04 13:30:00,0,8859.99,8985.79
2019-06-04 14:00:00,0,8847.49,8940.64
2019-06-04 14:30:00,0,8854.38,8920.57
2019-06-04 15:00:00,0,8898.46,8954.25
2019-06-04 15:30:00,0,8961.93,9073.45
2019-06-04 16:00:00,0,9035.05,9406.18
2019-06-04 16:30:00,0,9333.21,9763.23
2019-06-04 17:00:00,0,9703.81,10277.8
2019-06-04 17:30:00,0,10316.14,10960.38
2019-06-04 18:00:00,0,11114.92,11484.35
2019-06-04 18:30:00,0,11649.05,11524.44
2019-06-04 19:00:00,0,11644.82,11436.25
2019-06-04 19:30:00,0,11493.24,11129.42
2019-06-04 20:00:00,0,11187.28,10907.82
2019-06-04 20:30:00,0,10962.05,10681.67
2019-06-04 21:00:00,0,10786.43,10401.35
2019-06-04 21:30:00,0,10522.26,10056.03
2019-06-04 22:00:00,0,10219.88,9689.24
2019-06-04 22:30:00,0,9919.32,9436.59
2019-06-04 23:00:00,0,9730.13,9085.57
2019-06-04 23:30:00,0,9346.79,8816.33
2019-06-05 00:00:00,0,9065.53,8622.59
2019-06-05 00:30:00,0,8849.68,8430.51
2019-06-05 01:00:00,0,8648.02,8250.22
2019-06-05 01:30:00,0,8409.96,8027.09
2019-06-05 02:00:00,0,8199.48,7804.72
2019-06-05 02:30:00,0,7987.09,7477.97
2019-06-05 03:00:00,0,7708.12,7213.53
2019-06-05 03:30:00,0,7481.72,7014.8
2019-06-05 04:00:00,0,7331.05,6914.34
2019-06-05 12:30:00,0,8351.68,8691.89
2019-06-05 13:00:00,0,8235.76,8631.19
2019-06-05 13:30:00,0,8134.2,8606.36
2019-06-05 14:00:00,0,8134.51,8607.94
2019-06-05 14:30:00,0,8111.73,8614.51
2019-06-05 15:00:00,0,8133.28,8679.6
2019-06-05 15:30:00,0,8190.93,8809.14
2019-06-05 16:00:00,0,8384.29,9113.56
2019-06-05 16:30:00,0,8666.71,9496.49
2019-06-05 17:00:00,0,9070.21,10015.11
2019-06-05 17:30:00,0,9655.82,10677.56
2019-06-05 18:00:00,0,10437.55,11183.93
2019-06-05 18:30:00,0,11081.91,11242.0
2019-06-05 19:00:00,0,11182.08,11168.27
2019-06-05 19:30:00,0,11195.95,10943.44
2019-06-05 20:00:00,0,10970.65,10740.33
2019-06-05 20:30:00,0,10807.0,10545.8
2019-06-05 21:00:00,0,10607.5,10319.0
2019-06-05 21:30:00,0,10405.04,10016.54
2019-06-05 22:00:00,0,10065.85,9678.34
2019-06-05 22:30:00,0,9728.35,9454.12
2019-06-05 23:00:00,0,9555.95,9109.93
2019-06-05 23:30:00,0,9181.94,8867.94
2019-06-06 00:00:00,0,8974.58,8672.66
2019-06-06 00:30:00,0,8754.05,8454.26
2019-06-06 01:00:00,0,8601.24,8247.0
2019-06-06 01:30:00,0,8386.3,8029.21
2019-06-06 02:00:00,0,8157.19,7812.4
2019-06-06 02:30:00,0,7931.28,7509.12
2019-06-06 03:00:00,0,7624.25,7261.7
2019-06-06 03:30:00,0,7365.71,7083.99
2019-06-06 04:00:00,0,7190.17,7000.53
2019-06-06 12:30:00,0,8818.14,8304.64
2019-06-06 13:00:00,0,8687.49,8231.82
2019-06-06 13:30:00,0,8651.65,8158.0
2019-06-06 14:00:00,0,8592.01,8125.33
2019-06-06 14:30:00,0,8569.57,8150.91
2019-06-06 15:00:00,0,8517.08,8249.94
2019-06-06 15:30:00,0,8586.81,8402.59
2019-06-06 16:00:00,0,8663.73,8708.5
2019-06-06 16:30:00,0,8891.87,9159.41
2019-06-06 17:00:00,0,9270.1,9627.28
2019-06-06 17:30:00,0,9738.99,10270.03
2019-06-06 18:00:00,0,10253.98,10779.2
2019-06-06 18:30:00,0,10583.71,10907.05
2019-06-06 19:00:00,0,10451.04,10854.19
2019-06-06 19:30:00,0,10329.07,10671.86
2019-06-06 20:00:00,0,10077.13,10501.07
2019-06-06 20:30:00,0,9887.75,10287.8
2019-06-06 21:00:00,0,9733.2,10056.23
2019-06-06 21:30:00,0,9517.07,9749.79
2019-06-06 22:00:00,0,9341.77,9442.96
2019-06-06 22:30:00,0,9080.85,9242.57
2019-06-06 23:00:00,0,9112.63,8943.83
2019-06-06 23:30:00,0,8839.73,8738.65
2019-06-07 00:00:00,0,8691.93,8540.48
2019-06-07 00:30:00,0,8586.06,8350.26
2019-06-07 01:00:00,0,8396.73,8177.56
2019-06-07 01:30:00,0,8198.77,7952.59
2019-06-07 02:00:00,0,7877.42,7739.74
2019-06-07 02:30:00,0,7646.33,7440.05
2019-06-07 03:00:00,0,7287.99,7185.73
2019-06-07 03:30:00,0,6994.41,7007.77
2019-06-07 04:00:00,0,6856.04,6917.13
2019-06-07 12:30:00,0,8934.09,8330.02
2019-06-07 13:00:00,0,8942.63,8272.23
2019-06-07 13:30:00,0,8889.63,8246.41
2019-06-07 14:00:00,0,8828.8,8253.12
2019-06-07 14:30:00,0,8768.07,8289.05
2019-06-07 15:00:00,0,8709.9,8348.37
2019-06-07 15:30:00,0,8618.53,8423.66
2019-06-07 16:00:00,0,8780.1,8641.11
2019-06-07 16:30:00,0,8973.38,8912.45
2019-06-07 17:00:00,0,9205.28,9303.86
2019-06-07 17:30:00,0,9551.46,9851.3
2019-06-07 18:00:00,0,9857.48,10222.11
2019-06-07 18:30:00,0,10095.34,10181.3
2019-06-07 19:00:00,0,10018.06,10055.45
2019-06-07 19:30:00,0,9867.91,9866.04
2019-06-07 20:00:00,0,9589.65,9682.29
2019-06-07 20:30:00,0,9424.2,9532.27
2019-06-07 21:00:00,0,9215.95,9387.31
2019-06-07 21:30:00,0,9069.45,9214.7
2019-06-07 22:00:00,0,8883.8,9026.61
2019-06-07 22:30:00,0,8741.09,8946.97
2019-06-07 23:00:00,0,8639.43,8738.05
2019-06-07 23:30:00,0,8443.97,8582.08
2019-06-08 00:00:00,0,8263.75,8444.94
2019-06-08 00:30:00,0,8106.49,8278.09
2019-06-08 01:00:00,0,7793.09,8086.84
2019-06-08 01:30:00,0,7612.31,7848.32
2019-06-08 02:00:00,0,7289.31,7586.75
2019-06-08 02:30:00,0,7047.94,7271.17
2019-06-08 03:00:00,0,6803.58,6992.39
2019-06-08 03:30:00,0,6577.41,6793.27
2019-06-08 04:00:00,0,6459.59,6659.58
2019-06-08 12:30:00,0,7027.02,8053.79
2019-06-08 13:00:00,0,6881.12,7974.41
2019-06-08 13:30:00,0,6847.62,7933.44
2019-06-08 14:00:00,0,6854.92,7936.23
2019-06-08 14:30:00,0,6856.06,7930.88
2019-06-08 15:00:00,0,6927.99,8000.37
2019-06-08 15:30:00,0,7067.97,8095.97
2019-06-08 16:00:00,0,7247.46,8314.98
2019-06-08 16:30:00,0,7572.63,8639.29
2019-06-08 17:00:00,0,7835.33,9037.25
2019-06-08 17:30:00,0,8198.55,9409.63
2019-06-08 18:00:00,0,8629.1,9670.49
2019-06-08 18:30:00,0,9005.61,9722.53
2019-06-08 19:00:00,0,9043.35,9562.91
2019-06-08 19:30:00,0,8949.51,9361.43
2019-06-08 20:00:00,0,8763.5,9154.45
2019-06-08 20:30:00,0,8624.0,8999.17
2019-06-08 21:00:00,0,8559.19,8855.06
2019-06-08 21:30:00,0,8440.5,8674.82
2019-06-08 22:00:00,0,8298.49,8530.39
2019-06-08 22:30:00,0,8161.97,8425.97
2019-06-08 23:00:00,0,8060.07,8261.99
2019-06-08 23:30:00,0,7860.84,8115.18
2019-06-09 00:00:00,0,7786.51,7933.26
2019-06-09 00:30:00,0,7669.91,7717.05
2019-06-09 01:00:00,0,7434.13,7457.23
2019-06-09 01:30:00,0,7173.17,7221.64
2019-06-09 02:00:00,0,6986.73,6991.51
2019-06-09 02:30:00,0,6778.92,6749.92
2019-06-09 03:00:00,0,6543.17,6536.63
2019-06-09 03:30:00,0,6336.89,6411.84
2019-06-09 04:00:00,0,6214.76,6336.69
2019-06-09 12:30:00,0,7174.47,7185.75
2019-06-09 13:00:00,0,7214.92,7118.26
2019-06-09 13:30:00,0,7208.99,7108.3
2019-06-09 14:00:00,0,7165.85,7133.45
2019-06-09 14:30:00,0,7121.68,7217.09
2019-06-09 15:00:00,0,7119.35,7294.7
2019-06-09 15:30:00,0,7149.47,7457.41
2019-06-09 16:00:00,0,7334.72,7711.99
2019-06-09 16:30:00,0,7553.98,8054.34
2019-06-09 17:00:00,0,7791.5,8470.37
2019-06-09 17:30:00,0,8265.72,9040.16
2019-06-09 18:00:00,0,8856.38,9412.62
2019-06-09 18:30:00,0,9285.85,9431.65
2019-06-09 19:00:00,0,9216.11,9343.35
2019-06-09 19:30:00,0,9106.68,9171.98
2019-06-09 20:00:00,0,8887.76,9012.66
2019-06-09 20:30:00,0,8704.77,8906.81
2019-06-09 21:00:00,0,8538.52,8766.28
2019-06-09 21:30:00,0,8405.91,8594.4
2019-06-09 22:00:00,0,8194.04,8404.43
2019-06-09 22:30:00,0,8082.98,8183.8
2019-06-09 23:00:00,0,8016.23,7959.19
2019-06-09 23:30:00,0,7869.82,7795.66
2019-06-10 00:00:00,0,7767.61,7632.2
2019-06-10 00:30:00,0,7694.79,7435.15
2019-06-10 01:00:00,0,7585.2,7207.2
2019-06-10 01:30:00,0,7435.04,6994.39
2019-06-10 02:00:00,0,7226.94,6775.31
2019-06-10 02:30:00,0,7037.55,6521.53
2019-06-10 03:00:00,0,6763.62,6330.5
2019-06-10 03:30:00,0,6597.9,6228.26
2019-06-10 04:00:00,0,6481.96,6161.16
2019-06-10 12:30:00,0,7711.75,7094.64
2019-06-10 13:00:00,0,7589.88,7047.11
2019-06-10 13:30:00,0,7598.93,6991.49
2019-06-10 14:00:00,0,7561.72,6981.1
2019-06-10 14:30:00,0,7615.5,7060.92
2019-06-10 15:00:00,0,7637.25,7131.19
2019-06-10 15:30:00,0,7713.21,7269.8
2019-06-10 16:00:00,0,7853.67,7472.35
2019-06-10 16:30:00,0,8168.38,7771.89
2019-06-10 17:00:00,0,8385.8,8240.54
2019-06-10 17:30:00,0,8812.09,8905.14
2019-06-10 18:00:00,0,9343.1,9310.57
2019-06-10 18:30:00,0,9882.55,9299.44
2019-06-10 19:00:00,0,9836.34,9149.7
2019-06-10 19:30:00,0,9752.28,8909.58
2019-06-10 20:00:00,0,9572.8,8738.79
2019-06-10 20:30:00,0,9371.99,8560.12
2019-06-10 21:00:00,0,9210.84,8394.97
2019-06-10 21:30:00,0,9052.21,8251.86
2019-06-10 22:00:00,0,8859.55,8096.98
2019-06-10 22:30:00,0,8588.65,8013.49
2019-06-10 23:00:00,0,8510.87,7876.8
2019-06-10 23:30:00,0,8234.11,7794.28
2019-06-11 00:00:00,0,8137.97,7745.1
2019-06-11 00:30:00,0,8054.41,7653.48
2019-06-11 01:00:00,0,7875.49,7524.97
2019-06-11 01:30:00,0,7686.29,7335.6
2019-06-11 02:00:00,0,7487.54,7131.19
2019-06-11 02:30:00,0,7254.73,6852.86
2019-06-11 03:00:00,0,6972.18,6642.17
2019-06-11 03:30:00,0,6702.61,6490.91
2019-06-11 04:00:00,0,6535.77,6418.7
2019-06-11 12:30:00,0,7967.71,7754.31
2019-06-11 13:00:00,0,7917.25,7732.24
2019-06-11 13:30:00,0,7865.16,7763.29
2019-06-11 14:00:00,0,7959.01,7802.54
2019-06-11 14:30:00,0,7892.93,7876.91
2019-06-11 15:00:00,0,7846.5,7942.43
2019-06-11 15:30:00,0,7953.36,8043.82
2019-06-11 16:00:00,0,7986.51,8269.77
2019-06-11 16:30:00,0,8168.89,8523.1
2019-06-11 17:00:00,0,8465.53,8969.47
2019-06-11 17:30:00,0,8814.64,9629.97
2019-06-11 18:00:00,0,9380.54,10057.87
2019-06-11 18:30:00,0,9777.25,10011.9
2019-06-11 19:00:00,0,9705.03,9908.07
2019-06-11 19:30:00,0,9605.4,9703.92
2019-06-11 20:00:00,0,9370.69,9528.13
2019-06-11 20:30:00,0,9188.19,9384.36
2019-06-11 21:00:00,0,9017.61,9195.69
2019-06-11 21:30:00,0,8802.11,8981.74
2019-06-11 22:00:00,0,8566.98,8754.48
2019-06-11 22:30:00,0,8300.23,8639.13
2019-06-11 23:00:00,0,8294.36,8416.79
2019-06-11 23:30:00,0,8047.46,8264.76
2019-06-12 00:00:00,0,7968.45,8151.14
2019-06-12 00:30:00,0,7823.22,8006.62
2019-06-12 01:00:00,0,7659.07,7832.62
2019-06-12 01:30:00,0,7496.81,7622.81
2019-06-12 02:00:00,0,7330.18,7395.51
2019-06-12 02:30:00,0,7121.33,7096.52
2019-06-12 03:00:00,0,6813.06,6840.07
2019-06-12 03:30:00,0,6508.61,6673.45
2019-06-12 04:00:00,0,6357.56,6592.41
2019-06-12 12:30:00,0,8066.14,7903.3
2019-06-12 13:00:00,0,8016.78,7884.41
2019-06-12 13:30:00,0,7963.34,7923.23
2019-06-12 14:00:00,0,7964.81,7941.09
2019-06-12 14:30:00,0,7979.28,7989.37
2019-06-12 15:00:00,0,7875.95,8010.52
2019-06-12 15:30:00,0,7934.25,8097.34
2019-06-12 16:00:00,0,8108.0,8276.46
2019-06-12 16:30:00,0,8232.23,8520.62
2019-06-12 17:00:00,0,8451.55,8914.93
2019-06-12 17:30:00,0,8778.22,9490.42
2019-06-12 18:00:00,0,9275.94,9827.54
2019-06-12 18:30:00,0,9589.87,9799.09
2019-06-12 19:00:00,0,9581.04,9673.16
2019-06-12 19:30:00,0,9500.93,9415.92
2019-06-12 20:00:00,0,9305.99,9221.67
2019-06-12 20:30:00,0,9138.07,9031.63
2019-06-12 21:00:00,0,9035.84,8848.5
2019-06-12 21:30:00,0,8912.84,8610.2
2019-06-12 22:00:00,0,8727.75,8396.07
2019-06-12 22:30:00,0,8487.49,8314.84
2019-06-12 23:00:00,0,8477.36,8133.74
2019-06-12 23:30:00,0,8277.7,8025.99
2019-06-13 00:00:00,0,8188.97,7916.35
2019-06-13 00:30:00,0,8090.46,7768.13
2019-06-13 01:00:00,0,7921.36,7614.29
2019-06-13 01:30:00,0,7742.68,7429.09
2019-06-13 02:00:00,0,7526.13,7219.03
2019-06-13 02:30:00,0,7312.2,6913.44
2019-06-13 03:00:00,0,7021.98,6662.63
2019-06-13 03:30:00,0,6793.97,6483.06
2019-06-13 04:00:00,0,6653.14,6389.32
2019-06-13 12:30:00,0,7988.77,8112.36
2019-06-13 13:00:00,0,7865.1,8077.58
2019-06-13 13:30:00,0,7810.06,8097.38
2019-06-13 14:00:00,0,7807.82,8120.61
2019-06-13 14:30:00,0,7860.03,8150.89
2019-06-13 15:00:00,0,7863.55,8216.23
2019-06-13 15:30:00,0,7905.12,8269.31
2019-06-13 16:00:00,0,8005.37,8434.4
2019-06-13 16:30:00,0,8287.18,8610.8
2019-06-13 17:00:00,0,8535.45,8987.87
2019-06-13 17:30:00,0,8965.05,9530.76
2019-06-13 18:00:00,0,9521.81,9871.78
2019-06-13 18:30:00,0,9980.47,9866.32
2019-06-13 19:00:00,0,9970.98,9774.28
2019-06-13 19:30:00,0,9928.37,9632.53
2019-06-13 20:00:00,0,9739.3,9477.79
2019-06-13 20:30:00,0,9596.89,9338.18
2019-06-13 21:00:00,0,9513.61,9167.48
2019-06-13 21:30:00,0,9358.22,8941.37
2019-06-13 22:00:00,0,9193.07,8706.57
2019-06-13 22:30:00,0,8928.86,8609.77
2019-06-13 23:00:00,0,8954.93,8412.97
2019-06-13 23:30:00,0,8717.59,8270.95
2019-06-14 00:00:00,0,8634.28,8136.32
2019-06-14 00:30:00,0,8526.13,7986.38
2019-06-14 01:00:00,0,8300.21,7828.09
2019-06-14 01:30:00,0,8065.93,7630.78
2019-06-14 02:00:00,0,7836.53,7424.35
2019-06-14 02:30:00,0,7614.53,7139.17
2019-06-14 03:00:00,0,7239.59,6918.4
2019-06-14 03:30:00,0,7032.59,6753.95
2019-06-14 04:00:00,0,6831.06,6673.89
2019-06-14 12:30:00,0,7530.22,8085.66
2019-06-14 13:00:00,0,7331.73,8038.17
2019-06-14 13:30:00,0,7215.66,7993.56
2019-06-14 14:00:00,0,7120.53,7964.57
2019-06-14 14:30:00,0,7142.5,7975.08
2019-06-14 15:00:00,0,7231.68,8004.51
2019-06-14 15:30:00,0,7352.9,8127.82
2019-06-14 16:00:00,0,7523.27,8345.47
2019-06-14 16:30:00,0,7803.21,8701.89
2019-06-14 17:00:00,0,8138.76,9128.44
2019-06-14 17:30:00,0,8661.64,9707.91
2019-06-14 18:00:00,0,9206.22,10093.71
2019-06-14 18:30:00,0,9648.36,10169.08
2019-06-14 19:00:00,0,9645.59,10067.17
2019-06-14 19:30:00,0,9528.95,9937.23
2019-06-14 20:00:00,0,9363.95,9794.73
2019-06-14 20:30:00,0,9168.46,9688.33
2019-06-14 21:00:00,0,9048.4,9561.1
2019-06-14 21:30:00,0,8888.04,9385.29
2019-06-14 22:00:00,0,8748.31,9188.07
2019-06-14 22:30:00,0,8553.11,9088.17
2019-06-14 23:00:00,0,8508.64,8865.57
2019-06-14 23:30:00,0,8334.9,8700.1
2019-06-15 00:00:00,0,8190.18,8551.32
2019-06-15 00:30:00,0,7969.98,8379.69
2019-06-15 01:00:00,0,7727.9,8196.65
2019-06-15 01:30:00,0,7529.56,7960.33
2019-06-15 02:00:00,0,7334.06,7691.39
2019-06-15 02:30:00,0,7073.56,7361.67
2019-06-15 03:00:00,0,6781.32,7100.61
2019-06-15 03:30:00,0,6558.71,6916.96
2019-06-15 04:00:00,0,6392.4,6788.15
2019-06-15 12:30:00,0,8504.38,7684.66
2019-06-15 13:00:00,0,8398.23,7603.34
2019-06-15 13:30:00,0,8337.49,7555.89
2019-06-15 14:00:00,0,8334.98,7513.33
2019-06-15 14:30:00,0,8331.53,7557.3
2019-06-15 15:00:00,0,8345.37,7612.46
2019-06-15 15:30:00,0,8380.33,7759.28
2019-06-15 16:00:00,0,8603.15,7982.53
2019-06-15 16:30:00,0,8777.51,8382.52
2019-06-15 17:00:00,0,9067.0,8874.65
2019-06-15 17:30:00,0,9471.31,9426.85
2019-06-15 18:00:00,0,9949.87,9827.08
2019-06-15 18:30:00,0,10210.87,9888.3
2019-06-15 19:00:00,0,10202.39,9730.45
2019-06-15 19:30:00,0,10093.36,9554.95
2019-06-15 20:00:00,0,9839.95,9370.09
2019-06-15 20:30:00,0,9676.55,9192.72
2019-06-15 21:00:00,0,9507.37,9047.05
2019-06-15 21:30:00,0,9260.86,8867.21
2019-06-15 22:00:00,0,8969.63,8731.08
2019-06-15 22:30:00,0,8708.89,8615.58
2019-06-15 23:00:00,0,8511.34,8431.21
2019-06-15 23:30:00,0,8246.43,8277.64
2019-06-16 00:00:00,0,8054.97,8101.29
2019-06-16 00:30:00,0,7882.45,7922.04
2019-06-16 01:00:00,0,7666.25,7706.72
2019-06-16 01:30:00,0,7483.0,7475.28
2019-06-16 02:00:00,0,7292.05,7253.5
2019-06-16 02:30:00,0,7109.48,6967.19
2019-06-16 03:00:00,0,6899.21,6757.26
2019-06-16 03:30:00,0,6765.45,6621.15
2019-06-16 04:00:00,0,6629.98,6557.3
2019-06-16 12:30:00,0,8746.01,8092.17
2019-06-16 13:00:00,0,8779.03,8022.04
2019-06-16 13:30:00,0,8789.29,7992.8
2019-06-16 14:00:00,0,8758.58,7967.7
2019-06-16 14:30:00,0,8797.5,7962.67
2019-06-16 15:00:00,0,8816.76,8074.76
2019-06-16 15:30:00,0,8819.69,8201.04
2019-06-16 16:00:00,0,9026.85,8471.78
2019-06-16 16:30:00,0,9287.67,8795.55
2019-06-16 17:00:00,0,9685.41,9247.48
2019-06-16 17:30:00,0,10103.2,9734.36
2019-06-16 18:00:00,0,10607.7,10136.72
2019-06-16 18:30:00,0,11113.07,10326.84
2019-06-16 19:00:00,0,11041.38,10217.71
2019-06-16 19:30:00,0,10896.59,10045.66
2019-06-16 20:00:00,0,10598.48,9847.14
2019-06-16 20:30:00,0,10392.04,9651.84
2019-06-16 21:00:00,0,10175.44,9449.57
2019-06-16 21:30:00,0,9866.42,9166.34
2019-06-16 22:00:00,0,9558.81,8902.39
2019-06-16 22:30:00,0,9206.15,8631.02
2019-06-16 23:00:00,0,9087.53,8342.44
2019-06-16 23:30:00,0,8729.06,8138.17
2019-06-17 00:00:00,0,8523.44,7969.37
2019-06-17 00:30:00,0,8351.31,7799.73
2019-06-17 01:00:00,0,8125.68,7635.56
2019-06-17 01:30:00,0,7983.26,7458.58
2019-06-17 02:00:00,0,7758.24,7275.71
2019-06-17 02:30:00,0,7528.18,7018.78
2019-06-17 03:00:00,0,7199.56,6820.36
2019-06-17 03:30:00,0,6957.63,6686.38
2019-06-17 04:00:00,0,6782.45,6640.09
2019-06-17 12:30:00,0,8502.29,8745.64
2019-06-17 13:00:00,0,8391.95,8714.15
2019-06-17 13:30:00,0,8350.89,8688.01
2019-06-17 14:00:00,0,8449.76,8705.37
2019-06-17 14:30:00,0,8427.72,8706.28
2019-06-17 15:00:00,0,8462.36,8781.02
2019-06-17 15:30:00,0,8537.43,8861.65
2019-06-17 16:00:00,0,8587.35,9117.05
2019-06-17 16:30:00,0,8830.12,9422.33
2019-06-17 17:00:00,0,9210.99,9903.73
2019-06-17 17:30:00,0,9609.71,10550.64
2019-06-17 18:00:00,0,10161.38,11057.81
2019-06-17 18:30:00,0,10567.27,11177.01
2019-06-17 19:00:00,0,10637.82,11055.03
2019-06-17 19:30:00,0,10538.95,10813.57
2019-06-17 20:00:00,0,10333.42,10589.04
2019-06-17 20:30:00,0,10122.7,10381.19
2019-06-17 21:00:00,0,9892.82,10146.21
2019-06-17 21:30:00,0,9625.97,9840.95
2019-06-17 22:00:00,0,9364.45,9502.25
2019-06-17 22:30:00,0,9016.33,9269.99
2019-06-17 23:00:00,0,8907.99,8972.08
2019-06-17 23:30:00,0,8547.63,8759.3
2019-06-18 00:00:00,0,8389.23,8611.85
2019-06-18 00:30:00,0,8298.76,8442.37
2019-06-18 01:00:00,0,8124.22,8252.39
2019-06-18 01:30:00,0,8003.65,8051.88
2019-06-18 02:00:00,0,7740.49,7829.61
2019-06-18 02:30:00,0,7559.24,7505.22
2019-06-18 03:00:00,0,7263.74,7244.04
2019-06-18 03:30:00,0,7078.76,7053.86
2019-06-18 04:00:00,0,6841.61,6956.68
2019-06-18 12:30:00,0,8143.83,8452.39
2019-06-18 13:00:00,0,8023.71,8347.22
2019-06-18 13:30:00,0,7965.12,8288.8
2019-06-18 14:00:00,0,7968.39,8299.74
2019-06-18 14:30:00,0,7977.54,8385.95
2019-06-18 15:00:00,0,8017.87,8467.88
2019-06-18 15:30:00,0,8087.17,8605.98
2019-06-18 16:00:00,0,8232.92,8867.85
2019-06-18 16:30:00,0,8573.02,9238.73
2019-06-18 17:00:00,0,9043.88,9721.31
2019-06-18 17:30:00,0,9661.36,10305.61
2019-06-18 18:00:00,0,10463.08,10786.05
2019-06-18 18:30:00,0,11110.83,10894.39
2019-06-18 19:00:00,0,11242.95,10825.18
2019-06-18 19:30:00,0,11210.72,10608.65
2019-06-18 20:00:00,0,11006.86,10416.67
2019-06-18 20:30:00,0,10871.31,10247.06
2019-06-18 21:00:00,0,10795.98,10019.28
2019-06-18 21:30:00,0,10593.34,9724.08
2019-06-18 22:00:00,0,10238.21,9417.46
2019-06-18 22:30:00,0,9845.79,9240.16
2019-06-18 23:00:00,0,9623.98,8951.8
2019-06-18 23:30:00,0,9188.81,8762.23
2019-06-19 00:00:00,0,9038.82,8601.8
2019-06-19 00:30:00,0,8822.75,8427.25
2019-06-19 01:00:00,0,8613.95,8235.89
2019-06-19 01:30:00,0,8415.07,8019.63
2019-06-19 02:00:00,0,8166.4,7783.87
2019-06-19 02:30:00,0,7992.99,7459.61
2019-06-19 03:00:00,0,7635.84,7174.25
2019-06-19 03:30:00,0,7439.0,7002.46
2019-06-19 04:00:00,0,7269.54,6912.15
2019-06-19 12:30:00,0,8747.84,8620.59
2019-06-19 13:00:00,0,8578.05,8543.31
2019-06-19 13:30:00,0,8558.3,8506.73
2019-06-19 14:00:00,0,8651.31,8484.27
2019-06-19 14:30:00,0,8777.05,8493.14
2019-06-19 15:00:00,0,8832.92,8522.56
2019-06-19 15:30:00,0,9002.36,8624.36
2019-06-19 16:00:00,0,9188.64,8944.1
2019-06-19 16:30:00,0,9549.52,9381.92
2019-06-19 17:00:00,0,9944.27,10072.53
2019-06-19 17:30:00,0,10438.22,10814.15
2019-06-19 18:00:00,0,11132.63,11369.1
2019-06-19 18:30:00,0,11635.3,11558.79
2019-06-19 19:00:00,0,11700.84,11534.87
2019-06-19 19:30:00,0,11651.73,11364.26
2019-06-19 20:00:00,0,11536.46,11207.51
2019-06-19 20:30:00,0,11347.06,11029.53
2019-06-19 21:00:00,0,11224.45,10791.07
2019-06-19 21:30:00,0,11001.18,10445.18
2019-06-19 22:00:00,0,10690.43,10063.57
2019-06-19 22:30:00,0,10306.21,9766.99
2019-06-19 23:00:00,0,10076.76,9409.28
2019-06-19 23:30:00,0,9634.69,9143.31
2019-06-20 00:00:00,0,9412.06,8954.96
2019-06-20 00:30:00,0,9172.66,8740.45
2019-06-20 01:00:00,0,8939.31,8520.72
2019-06-20 01:30:00,0,8638.03,8293.3
2019-06-20 02:00:00,0,8395.43,8058.73
2019-06-20 02:30:00,0,8212.82,7726.27
2019-06-20 03:00:00,0,7901.7,7464.85
2019-06-20 03:30:00,0,7627.24,7275.91
2019-06-20 04:00:00,0,7480.29,7175.17
2019-06-20 12:30:00,0,8923.79,9019.8
2019-06-20 13:00:00,0,8712.07,8979.21
2019-06-20 13:30:00,0,8583.91,8939.43
2019-06-20 14:00:00,0,8533.52,8913.99
2019-06-20 14:30:00,0,8492.64,8888.54
2019-06-20 15:00:00,0,8534.53,8964.36
2019-06-20 15:30:00,0,8610.76,9108.6
2019-06-20 16:00:00,0,8785.91,9403.24
2019-06-20 16:30:00,0,9228.1,9819.87
2019-06-20 17:00:00,0,9791.47,10451.88
2019-06-20 17:30:00,0,10489.78,11256.36
2019-06-20 18:00:00,0,11186.22,11814.54
2019-06-20 18:30:00,0,11692.83,11929.71
2019-06-20 19:00:00,0,11646.09,11893.26
2019-06-20 19:30:00,0,11635.41,11655.35
2019-06-20 20:00:00,0,11468.58,11459.3
2019-06-20 20:30:00,0,11272.84,11240.14
2019-06-20 21:00:00,0,11164.18,10971.74
2019-06-20 21:30:00,0,11008.18,10639.54
2019-06-20 22:00:00,0,10750.27,10255.19
2019-06-20 22:30:00,0,10440.81,9971.57
2019-06-20 23:00:00,0,10278.36,9585.97
2019-06-20 23:30:00,0,9886.33,9312.09
2019-06-21 00:00:00,0,9641.43,9109.44
2019-06-21 00:30:00,0,9452.61,8905.66
2019-06-21 01:00:00,0,9161.09,8678.68
2019-06-21 01:30:00,0,8915.2,8460.87
2019-06-21 02:00:00,0,8655.75,8188.37
2019-06-21 02:30:00,0,8402.82,7859.48
2019-06-21 03:00:00,0,8037.79,7597.58
2019-06-21 03:30:00,0,7766.51,7394.18
2019-06-21 04:00:00,0,7529.87,7309.92
2019-06-21 12:30:00,0,8595.6,8998.63
2019-06-21 13:00:00,0,8511.64,8897.12
2019-06-21 13:30:00,0,8563.71,8790.9
2019-06-21 14:00:00,0,8459.3,8739.78
2019-06-21 14:30:00,0,8556.51,8703.56
2019-06-21 15:00:00,0,8525.45,8775.93
2019-06-21 15:30:00,0,8680.65,8920.54
2019-06-21 16:00:00,0,8944.44,9218.4
2019-06-21 16:30:00,0,9188.75,9656.76
2019-06-21 17:00:00,0,9631.38,10298.55
2019-06-21 17:30:00,0,10243.09,11095.33
2019-06-21 18:00:00,0,10672.32,11652.07
2019-06-21 18:30:00,0,10972.61,11739.08
2019-06-21 19:00:00,0,10950.67,11687.55
2019-06-21 19:30:00,0,10815.22,11469.76
2019-06-21 20:00:00,0,10694.06,11335.62
2019-06-21 20:30:00,0,10472.71,11126.56
2019-06-21 21:00:00,0,10385.9,10950.05
2019-06-21 21:30:00,0,10171.36,10675.37
2019-06-21 22:00:00,0,10014.11,10346.44
2019-06-21 22:30:00,0,9751.92,10133.17
2019-06-21 23:00:00,0,9611.36,9860.25
2019-06-21 23:30:00,0,9278.98,9621.77
2019-06-22 00:00:00,0,9010.67,9417.47
2019-06-22 00:30:00,0,8799.75,9208.91
2019-06-22 01:00:00,0,8471.06,8979.16
2019-06-22 01:30:00,0,8226.24,8689.94
2019-06-22 02:00:00,0,7957.58,8411.31
2019-06-22 02:30:00,0,7743.87,8049.21
2019-06-22 03:00:00,0,7452.1,7759.17
2019-06-22 03:30:00,0,7227.65,7514.27
2019-06-22 04:00:00,0,7070.38,7359.08
2019-06-22 12:30:00,0,8532.78,8329.09
2019-06-22 13:00:00,0,8528.34,8208.91
2019-06-22 13:30:00,0,8435.03,8086.07
2019-06-22 14:00:00,0,8417.1,8065.39
2019-06-22 14:30:00,0,8416.33,8103.02
2019-06-22 15:00:00,0,8539.9,8168.9
2019-06-22 15:30:00,0,8774.25,8385.48
2019-06-22 16:00:00,0,9029.42,8676.82
2019-06-22 16:30:00,0,9343.93,9133.34
2019-06-22 17:00:00,0,9795.29,9731.68
2019-06-22 17:30:00,0,10341.89,10388.84
2019-06-22 18:00:00,0,10835.39,10932.08
2019-06-22 18:30:00,0,11258.15,10974.42
2019-06-22 19:00:00,0,11268.75,10798.0
2019-06-22 19:30:00,0,11146.94,10585.01
2019-06-22 20:00:00,0,10942.26,10398.21
2019-06-22 20:30:00,0,10786.31,10204.54
2019-06-22 21:00:00,0,10580.92,10066.04
2019-06-22 21:30:00,0,10352.07,9851.23
2019-06-22 22:00:00,0,10100.51,9675.05
2019-06-22 22:30:00,0,9761.96,9529.79
2019-06-22 23:00:00,0,9397.43,9284.97
2019-06-22 23:30:00,0,9019.87,9028.62
2019-06-23 00:00:00,0,8719.82,8776.3
2019-06-23 00:30:00,0,8472.31,8491.84
2019-06-23 01:00:00,0,8208.35,8205.2
2019-06-23 01:30:00,0,7962.69,7927.84
2019-06-23 02:00:00,0,7759.08,7681.48
2019-06-23 02:30:00,0,7555.27,7388.03
2019-06-23 03:00:00,0,7314.23,7171.19
2019-06-23 03:30:00,0,7111.31,7014.38
2019-06-23 04:00:00,0,7001.59,6954.52
2019-06-23 12:30:00,0,9488.42,8279.62
2019-06-23 13:00:00,0,9403.05,8199.45
2019-06-23 13:30:00,0,9322.87,8158.59
2019-06-23 14:00:00,0,9238.75,8117.63
2019-06-23 14:30:00,0,9224.74,8162.97
2019-06-23 15:00:00,0,9288.02,8269.96
2019-06-23 15:30:00,0,9376.39,8455.84
2019-06-23 16:00:00,0,9478.42,8726.61
2019-06-23 16:30:00,0,9802.57,9110.11
2019-06-23 17:00:00,0,10164.86,9687.39
2019-06-23 17:30:00,0,10672.62,10445.2
2019-06-23 18:00:00,0,11280.19,11036.77
2019-06-23 18:30:00,0,11787.09,11164.71
2019-06-23 19:00:00,0,11759.54,11071.25
2019-06-23 19:30:00,0,11665.2,10794.45
2019-06-23 20:00:00,0,11356.14,10554.54
2019-06-23 20:30:00,0,11094.16,10339.24
2019-06-23 21:00:00,0,10846.97,10095.16
2019-06-23 21:30:00,0,10607.18,9774.51
2019-06-23 22:00:00,0,10257.84,9466.51
2019-06-23 22:30:00,0,9855.42,9122.66
2019-06-23 23:00:00,0,9722.74,8779.71
2019-06-23 23:30:00,0,9263.34,8555.02
2019-06-24 00:00:00,0,9091.72,8334.64
2019-06-24 00:30:00,0,8857.95,8133.72
2019-06-24 01:00:00,0,8662.35,7925.47
2019-06-24 01:30:00,0,8464.5,7725.97
2019-06-24 02:00:00,0,8263.96,7529.17
2019-06-24 02:30:00,0,7990.46,7262.26
2019-06-24 03:00:00,0,7691.84,7060.94
2019-06-24 03:30:00,0,7451.65,6924.84
2019-06-24 04:00:00,0,7238.2,6863.09
2019-06-24 12:30:00,0,8765.06,8928.78
2019-06-24 13:00:00,0,8725.34,8860.7
2019-06-24 13:30:00,0,8684.45,8836.03
2019-06-24 14:00:00,0,8582.46,8838.52
2019-06-24 14:30:00,0,8696.43,8852.32
2019-06-24 15:00:00,0,8759.44,8919.06
2019-06-24 15:30:00,0,8848.68,9054.41
2019-06-24 16:00:00,0,8972.97,9309.21
2019-06-24 16:30:00,0,9277.94,9656.91
2019-06-24 17:00:00,0,9633.59,10190.11
2019-06-24 17:30:00,0,10201.81,10826.75
2019-06-24 18:00:00,0,10735.49,11373.4
2019-06-24 18:30:00,0,11162.97,11481.48
2019-06-24 19:00:00,0,11161.69,11393.56
2019-06-24 19:30:00,0,11087.39,11139.38
2019-06-24 20:00:00,0,10865.38,10855.86
2019-06-24 20:30:00,0,10609.94,10608.05
2019-06-24 21:00:00,0,10403.87,10335.73
2019-06-24 21:30:00,0,10223.84,10020.95
2019-06-24 22:00:00,0,9965.48,9661.06
2019-06-24 22:30:00,0,9587.6,9387.7
2019-06-24 23:00:00,0,9465.68,9067.19
2019-06-24 23:30:00,0,9084.5,8839.22
2019-06-25 00:00:00,0,8910.8,8672.67
2019-06-25 00:30:00,0,8761.67,8494.99
2019-06-25 01:00:00,0,8557.78,8310.83
2019-06-25 01:30:00,0,8338.57,8090.41
2019-06-25 02:00:00,0,8127.42,7877.5
2019-06-25 02:30:00,0,7940.5,7575.16
2019-06-25 03:00:00,0,7677.13,7315.95
2019-06-25 03:30:00,0,7378.86,7139.36
2019-06-25 04:00:00,0,7237.86,7044.53
2019-06-25 12:30:00,0,8485.76,8589.17
2019-06-25 13:00:00,0,8373.72,8538.57
2019-06-25 13:30:00,0,8323.66,8512.09
2019-06-25 14:00:00,0,8315.83,8512.94
2019-06-25 14:30:00,0,8337.12,8561.36
2019-06-25 15:00:00,0,8372.97,8644.02
2019-06-25 15:30:00,0,8387.91,8778.91
2019-06-25 16:00:00,0,8528.51,9040.86
2019-06-25 16:30:00,0,8817.34,9399.22
2019-06-25 17:00:00,0,9194.36,9908.91
2019-06-25 17:30:00,0,9721.63,10572.56
2019-06-25 18:00:00,0,10392.93,11094.0
2019-06-25 18:30:00,0,10931.53,11191.38
2019-06-25 19:00:00,0,10922.07,11118.68
2019-06-25 19:30:00,0,10887.79,10890.32
2019-06-25 20:00:00,0,10668.11,10594.75
2019-06-25 20:30:00,0,10531.28,10403.06
2019-06-25 21:00:00,0,10345.77,10170.63
2019-06-25 21:30:00,0,10157.02,9880.36
2019-06-25 22:00:00,0,9858.22,9549.52
2019-06-25 22:30:00,0,9527.6,9350.02
2019-06-25 23:00:00,0,9375.85,9039.94
2019-06-25 23:30:00,0,9052.15,8828.49
2019-06-26 00:00:00,0,8860.09,8650.2
2019-06-26 00:30:00,0,8714.69,8454.13
2019-06-26 01:00:00,0,8543.26,8262.25
2019-06-26 01:30:00,0,8312.01,8033.19
2019-06-26 02:00:00,0,8101.82,7807.41
2019-06-26 02:30:00,0,7865.57,7519.54
2019-06-26 03:00:00,0,7505.49,7265.77
2019-06-26 03:30:00,0,7290.58,7085.56
2019-06-26 04:00:00,0,7057.85,6992.07
2019-06-26 12:30:00,0,8283.67,8500.2
2019-06-26 13:00:00,0,8162.06,8439.0
2019-06-26 13:30:00,0,8098.83,8413.01
2019-06-26 14:00:00,0,8071.83,8418.49
2019-06-26 14:30:00,0,8087.21,8399.08
2019-06-26 15:00:00,0,8155.24,8427.96
2019-06-26 15:30:00,0,8221.25,8524.86
2019-06-26 16:00:00,0,8303.28,8766.33
2019-06-26 16:30:00,0,8618.18,9106.09
2019-06-26 17:00:00,0,8970.18,9577.99
2019-06-26 17:30:00,0,9412.78,10157.2
2019-06-26 18:00:00,0,10070.07,10648.14
2019-06-26 18:30:00,0,10591.21,10811.12
2019-06-26 19:00:00,0,10627.87,10826.58
2019-06-26 19:30:00,0,10594.33,10652.8
2019-06-26 20:00:00,0,10478.25,10469.01
2019-06-26 20:30:00,0,10381.81,10284.76
2019-06-26 21:00:00,0,10238.07,10042.69
2019-06-26 21:30:00,0,10095.25,9775.53
2019-06-26 22:00:00,0,9865.41,9438.28
2019-06-26 22:30:00,0,9513.99,9237.93
2019-06-26 23:00:00,0,9377.09,8972.7
2019-06-26 23:30:00,0,9035.27,8777.93
2019-06-27 00:00:00,0,8869.1,8614.28
2019-06-27 00:30:00,0,8688.95,8418.81
2019-06-27 01:00:00,0,8502.15,8220.84
2019-06-27 01:30:00,0,8282.35,7989.65
2019-06-27 02:00:00,0,8088.81,7758.31
2019-06-27 02:30:00,0,7825.49,7450.58
2019-06-27 03:00:00,0,7488.63,7182.93
2019-06-27 03:30:00,0,7239.88,6995.44
2019-06-27 04:00:00,0,7044.2,6893.75
2019-06-27 12:30:00,0,8034.28,8223.23
2019-06-27 13:00:00,0,7943.59,8165.86
2019-06-27 13:30:00,0,7827.75,8152.29
2019-06-27 14:00:00,0,7811.87,8156.86
2019-06-27 14:30:00,0,7791.9,8195.56
2019-06-27 15:00:00,0,7832.69,8256.96
2019-06-27 15:30:00,0,7936.42,8345.66
2019-06-27 16:00:00,0,8051.63,8575.93
2019-06-27 16:30:00,0,8348.62,8918.26
2019-06-27 17:00:00,0,8728.52,9404.03
2019-06-27 17:30:00,0,9122.02,10015.4
2019-06-27 18:00:00,0,9697.36,10522.11
2019-06-27 18:30:00,0,10097.65,10667.96
2019-06-27 19:00:00,0,10111.0,10601.97
2019-06-27 19:30:00,0,10040.92,10452.71
2019-06-27 20:00:00,0,9826.35,10272.44
2019-06-27 20:30:00,0,9732.91,10087.92
2019-06-27 21:00:00,0,9621.69,9895.42
2019-06-27 21:30:00,0,9459.52,9611.78
2019-06-27 22:00:00,0,9313.72,9333.73
2019-06-27 22:30:00,0,9123.58,9174.61
2019-06-27 23:00:00,0,9090.67,8927.46
2019-06-27 23:30:00,0,8826.14,8739.32
2019-06-28 00:00:00,0,8744.42,8573.34
2019-06-28 00:30:00,0,8585.66,8385.54
2019-06-28 01:00:00,0,8361.18,8194.75
2019-06-28 01:30:00,0,8081.96,7976.63
2019-06-28 02:00:00,0,7866.54,7749.0
2019-06-28 02:30:00,0,7603.19,7439.48
2019-06-28 03:00:00,0,7274.82,7180.65
2019-06-28 03:30:00,0,7012.32,6995.96
2019-06-28 04:00:00,0,6866.44,6903.43
2019-06-28 12:30:00,0,7591.57,8036.95
2019-06-28 13:00:00,0,7419.77,7957.8
2019-06-28 13:30:00,0,7365.01,7935.28
2019-06-28 14:00:00,0,7198.77,7922.64
2019-06-28 14:30:00,0,7204.45,7954.61
2019-06-28 15:00:00,0,7305.19,7995.52
2019-06-28 15:30:00,0,7399.7,8083.23
2019-06-28 16:00:00,0,7572.82,8313.86
2019-06-28 16:30:00,0,7890.78,8620.59
2019-06-28 17:00:00,0,8210.49,9078.56
2019-06-28 17:30:00,0,8596.04,9674.49
2019-06-28 18:00:00,0,9144.14,10106.86
2019-06-28 18:30:00,0,9558.58,10157.22
2019-06-28 19:00:00,0,9498.38,10088.48
2019-06-28 19:30:00,0,9348.24,9984.09
2019-06-28 20:00:00,0,9139.97,9851.25
2019-06-28 20:30:00,0,8947.53,9729.96
2019-06-28 21:00:00,0,8779.23,9597.02
2019-06-28 21:30:00,0,8670.87,9448.18
2019-06-28 22:00:00,0,8550.55,9259.39
2019-06-28 22:30:00,0,8366.62,9150.07
2019-06-28 23:00:00,0,8383.89,8938.25
2019-06-28 23:30:00,0,8159.39,8783.83
2019-06-29 00:00:00,0,8063.41,8640.44
2019-06-29 00:30:00,0,7859.54,8461.78
2019-06-29 01:00:00,0,7641.71,8238.55
2019-06-29 01:30:00,0,7426.67,7992.1
2019-06-29 02:00:00,0,7209.03,7718.13
2019-06-29 02:30:00,0,6995.62,7392.62
2019-06-29 03:00:00,0,6683.25,7107.18
2019-06-29 03:30:00,0,6490.01,6884.25
2019-06-29 04:00:00,0,6366.53,6754.13
2019-06-29 12:30:00,0,7053.8,7374.79
2019-06-29 13:00:00,0,6986.22,7236.6
2019-06-29 13:30:00,0,6889.52,7149.26
2019-06-29 14:00:00,0,6843.93,7110.6
2019-06-29 14:30:00,0,6837.8,7144.31
2019-06-29 15:00:00,0,6928.11,7207.14
2019-06-29 15:30:00,0,7095.69,7354.68
2019-06-29 16:00:00,0,7341.99,7601.49
2019-06-29 16:30:00,0,7684.03,7919.97
2019-06-29 17:00:00,0,8187.88,8393.38
2019-06-29 17:30:00,0,8719.75,8946.92
2019-06-29 18:00:00,0,9389.06,9342.06
2019-06-29 18:30:00,0,10005.48,9318.72
2019-06-29 19:00:00,0,10145.11,9164.8
2019-06-29 19:30:00,0,10180.02,9027.9
2019-06-29 20:00:00,0,10063.22,8884.5
2019-06-29 20:30:00,0,9870.35,8783.36
2019-06-29 21:00:00,0,9706.13,8656.15
2019-06-29 21:30:00,0,9480.53,8537.66
2019-06-29 22:00:00,0,9243.06,8419.56
2019-06-29 22:30:00,0,8968.98,8312.7
2019-06-29 23:00:00,0,8790.94,8154.18
2019-06-29 23:30:00,0,8496.24,8031.28
2019-06-30 00:00:00,0,8371.04,7868.58
2019-06-30 00:30:00,0,8145.71,7669.18
2019-06-30 01:00:00,0,7951.59,7442.02
2019-06-30 01:30:00,0,7676.06,7218.87
2019-06-30 02:00:00,0,7489.95,7011.9
2019-06-30 02:30:00,0,7283.36,6753.51
2019-06-30 03:00:00,0,7036.8,6552.09
2019-06-30 03:30:00,0,6846.56,6405.13
2019-06-30 04:00:00,0,6752.22,6324.6
2019-06-30 12:30:00,0,8605.55,7535.71
2019-06-30 13:00:00,0,8446.61,7480.65
2019-06-30 13:30:00,0,8314.31,7453.33
2019-06-30 14:00:00,0,8245.36,7445.1
2019-06-30 14:30:00,0,8266.86,7496.98
2019-06-30 15:00:00,0,8340.7,7616.14
2019-06-30 15:30:00,0,8497.89,7821.9
2019-06-30 16:00:00,0,8809.47,8109.93
2019-06-30 16:30:00,0,9076.39,8554.63
2019-06-30 17:00:00,0,9375.49,9095.82
2019-06-30 17:30:00,0,10004.83,9673.87
2019-06-30 18:00:00,0,10793.18,10250.72
2019-06-30 18:30:00,0,11359.64,10475.91
2019-06-30 19:00:00,0,11379.76,10433.69
2019-06-30 19:30:00,0,11305.74,10336.9
2019-06-30 20:00:00,0,11067.46,10205.9
2019-06-30 20:30:00,0,10823.51,10091.19
2019-06-30 21:00:00,0,10599.53,9898.65
2019-06-30 21:30:00,0,10335.51,9664.68
2019-06-30 22:00:00,0,9991.71,9368.61
2019-06-30 22:30:00,0,9705.99,9093.61
2019-06-30 23:00:00,0,9491.87,8778.15
2019-06-30 23:30:00,0,9051.05,8564.47
2019-07-01 00:00:00,0,8882.39,8341.04
2019-07-01 00:30:00,0,8759.82,8115.51
2019-07-01 01:00:00,0,8521.89,7909.24
2019-07-01 01:30:00,0,8297.26,7705.37
2019-07-01 02:00:00,0,8070.67,7531.39
2019-07-01 02:30:00,0,7892.06,7290.38
2019-07-01 03:00:00,0,7511.14,7104.32
2019-07-01 03:30:00,0,7317.74,6973.95
2019-07-01 04:00:00,0,7114.4,6936.02
2019-07-01 12:30:00,0,8558.44,8519.79
2019-07-01 13:00:00,0,8324.89,8425.08
2019-07-01 13:30:00,0,8161.3,8345.27
2019-07-01 14:00:00,0,8098.71,8312.45
2019-07-01 14:30:00,0,7975.67,8358.37
2019-07-01 15:00:00,0,7965.41,8429.18
2019-07-01 15:30:00,0,8125.03,8576.35
2019-07-01 16:00:00,0,8234.03,8846.08
2019-07-01 16:30:00,0,8512.05,9319.01
2019-07-01 17:00:00,0,8689.33,9928.39
2019-07-01 17:30:00,0,9514.53,10733.3
2019-07-01 18:00:00,0,10287.49,11368.92
2019-07-01 18:30:00,0,10949.43,11530.71
2019-07-01 19:00:00,0,11126.83,11484.97
2019-07-01 19:30:00,0,11136.71,11287.03
2019-07-01 20:00:00,0,10976.95,11068.44
2019-07-01 20:30:00,0,10836.83,10846.67
2019-07-01 21:00:00,0,10705.33,10585.89
2019-07-01 21:30:00,0,10488.11,10257.81
2019-07-01 22:00:00,0,10186.03,9904.08
2019-07-01 22:30:00,0,9825.32,9606.36
2019-07-01 23:00:00,0,9667.52,9269.88
2019-07-01 23:30:00,0,9340.17,9030.56
2019-07-02 00:00:00,0,9088.87,8866.65
2019-07-02 00:30:00,0,8922.76,8683.62
2019-07-02 01:00:00,0,8709.58,8482.86
2019-07-02 01:30:00,0,8523.43,8254.34
2019-07-02 02:00:00,0,8283.44,8030.78
2019-07-02 02:30:00,0,8081.6,7712.78
2019-07-02 03:00:00,0,7784.91,7456.54
2019-07-02 03:30:00,0,7497.08,7267.22
2019-07-02 04:00:00,0,7288.77,7178.54
2019-07-02 12:30:00,0,8703.27,8497.26
2019-07-02 13:00:00,0,8543.44,8360.51
2019-07-02 13:30:00,0,8508.9,8259.06
2019-07-02 14:00:00,0,8432.64,8231.53
2019-07-02 14:30:00,0,8430.78,8259.53
2019-07-02 15:00:00,0,8483.01,8333.35
2019-07-02 15:30:00,0,8514.08,8485.6
2019-07-02 16:00:00,0,8629.53,8762.62
2019-07-02 16:30:00,0,8949.88,9210.87
2019-07-02 17:00:00,0,9310.47,9807.02
2019-07-02 17:30:00,0,9853.44,10583.0
2019-07-02 18:00:00,0,10470.29,11186.71
2019-07-02 18:30:00,0,10884.92,11375.36
2019-07-02 19:00:00,0,10853.54,11371.15
2019-07-02 19:30:00,0,10726.83,11190.95
2019-07-02 20:00:00,0,10474.39,11034.21
2019-07-02 20:30:00,0,10332.68,10860.18
2019-07-02 21:00:00,0,10112.35,10640.49
2019-07-02 21:30:00,0,9865.05,10327.93
2019-07-02 22:00:00,0,9580.4,9976.78
2019-07-02 22:30:00,0,9292.05,9719.04
2019-07-02 23:00:00,0,9164.71,9374.85
2019-07-02 23:30:00,0,8810.67,9142.12
2019-07-03 00:00:00,0,8659.67,8953.22
2019-07-03 00:30:00,0,8491.69,8749.21
2019-07-03 01:00:00,0,8337.17,8534.65
2019-07-03 01:30:00,0,8099.37,8315.55
2019-07-03 02:00:00,0,7859.89,8079.62
2019-07-03 02:30:00,0,7606.48,7736.24
2019-07-03 03:00:00,0,7326.64,7464.62
2019-07-03 03:30:00,0,7089.98,7254.6
2019-07-03 04:00:00,0,6920.16,7152.31
2019-07-03 12:30:00,0,8877.14,8593.75
2019-07-03 13:00:00,0,8721.92,8525.34
2019-07-03 13:30:00,0,8562.53,8496.28
2019-07-03 14:00:00,0,8579.95,8491.73
2019-07-03 14:30:00,0,8564.7,8510.83
2019-07-03 15:00:00,0,8633.58,8543.28
2019-07-03 15:30:00,0,8669.59,8617.11
2019-07-03 16:00:00,0,8712.89,8847.95
2019-07-03 16:30:00,0,8969.09,9174.64
2019-07-03 17:00:00,0,9262.74,9653.78
2019-07-03 17:30:00,0,9760.07,10269.84
2019-07-03 18:00:00,0,10253.66,10784.22
2019-07-03 18:30:00,0,10707.03,10873.74
2019-07-03 19:00:00,0,10743.61,10828.98
2019-07-03 19:30:00,0,10629.29,10656.44
2019-07-03 20:00:00,0,10462.15,10444.4
2019-07-03 20:30:00,0,10267.62,10258.83
2019-07-03 21:00:00,0,10165.38,10021.04
2019-07-03 21:30:00,0,9964.89,9735.74
2019-07-03 22:00:00,0,9662.51,9464.83
2019-07-03 22:30:00,0,9287.05,9279.54
2019-07-03 23:00:00,0,9190.44,8989.59
2019-07-03 23:30:00,0,8860.65,8778.6
2019-07-04 00:00:00,0,8687.06,8610.61
2019-07-04 00:30:00,0,8509.42,8420.9
2019-07-04 01:00:00,0,8337.46,8214.34
2019-07-04 01:30:00,0,8152.64,7997.3
2019-07-04 02:00:00,0,7885.66,7788.18
2019-07-04 02:30:00,0,7621.07,7486.39
2019-07-04 03:00:00,0,7291.7,7236.07
2019-07-04 03:30:00,0,7046.54,7057.07
2019-07-04 04:00:00,0,6816.28,6960.79
2019-07-04 12:30:00,0,8643.53,8640.24
2019-07-04 13:00:00,0,8629.15,8565.91
2019-07-04 13:30:00,0,8529.19,8519.25
2019-07-04 14:00:00,0,8471.99,8511.79
2019-07-04 14:30:00,0,8507.77,8531.82
2019-07-04 15:00:00,0,8456.98,8606.13
2019-07-04 15:30:00,0,8497.67,8708.97
2019-07-04 16:00:00,0,8614.81,8934.35
2019-07-04 16:30:00,0,8833.42,9252.78
2019-07-04 17:00:00,0,9093.81,9737.32
2019-07-04 17:30:00,0,9470.03,10329.0
2019-07-04 18:00:00,0,9961.51,10847.45
2019-07-04 18:30:00,0,10331.54,10979.31
2019-07-04 19:00:00,0,10306.6,10926.47
2019-07-04 19:30:00,0,10209.46,10766.14
2019-07-04 20:00:00,0,9968.62,10565.2
2019-07-04 20:30:00,0,9778.79,10358.15
2019-07-04 21:00:00,0,9705.42,10125.21
2019-07-04 21:30:00,0,9473.03,9839.65
2019-07-04 22:00:00,0,9389.4,9525.85
2019-07-04 22:30:00,0,9170.56,9349.7
2019-07-04 23:00:00,0,9089.05,9065.42
2019-07-04 23:30:00,0,8840.91,8845.29
2019-07-05 00:00:00,0,8656.97,8665.0
2019-07-05 00:30:00,0,8488.13,8459.36
2019-07-05 01:00:00,0,8243.1,8248.42
2019-07-05 01:30:00,0,8048.38,8023.17
2019-07-05 02:00:00,0,7898.33,7797.94
2019-07-05 02:30:00,0,7601.37,7496.27
2019-07-05 03:00:00,0,7258.54,7238.85
2019-07-05 03:30:00,0,6986.16,7048.13
2019-07-05 04:00:00,0,6783.8,6950.51
2019-07-05 12:30:00,0,7701.86,8510.35
2019-07-05 13:00:00,0,7577.12,8417.3
2019-07-05 13:30:00,0,7444.67,8346.74
2019-07-05 14:00:00,0,7317.7,8323.23
2019-07-05 14:30:00,0,7336.75,8313.24
2019-07-05 15:00:00,0,7297.89,8355.85
2019-07-05 15:30:00,0,7396.07,8415.81
2019-07-05 16:00:00,0,7488.21,8636.13
2019-07-05 16:30:00,0,7745.27,8915.32
2019-07-05 17:00:00,0,8113.46,9323.27
2019-07-05 17:30:00,0,8608.94,9841.93
2019-07-05 18:00:00,0,9113.81,10266.5
2019-07-05 18:30:00,0,9563.57,10354.79
2019-07-05 19:00:00,0,9577.56,10284.77
2019-07-05 19:30:00,0,9437.2,10123.99
2019-07-05 20:00:00,0,9268.64,9965.12
2019-07-05 20:30:00,0,9097.37,9819.87
2019-07-05 21:00:00,0,8995.72,9674.97
2019-07-05 21:30:00,0,8875.64,9499.06
2019-07-05 22:00:00,0,8743.61,9283.72
2019-07-05 22:30:00,0,8605.85,9186.34
2019-07-05 23:00:00,0,8531.86,8976.6
2019-07-05 23:30:00,0,8299.24,8811.4
2019-07-06 00:00:00,0,8218.05,8646.13
2019-07-06 00:30:00,0,8038.47,8445.41
2019-07-06 01:00:00,0,7747.27,8221.78
2019-07-06 01:30:00,0,7504.18,7974.05
2019-07-06 02:00:00,0,7245.92,7694.04
2019-07-06 02:30:00,0,7034.14,7362.43
2019-07-06 03:00:00,0,6788.16,7067.0
2019-07-06 03:30:00,0,6597.16,6841.53
2019-07-06 04:00:00,0,6492.27,6702.34
2019-07-06 12:30:00,0,7666.57,7589.65
2019-07-06 13:00:00,0,7460.19,7483.38
2019-07-06 13:30:00,0,7347.82,7414.71
2019-07-06 14:00:00,0,7232.4,7421.97
2019-07-06 14:30:00,0,7257.75,7434.59
2019-07-06 15:00:00,0,7313.57,7533.94
2019-07-06 15:30:00,0,7421.79,7645.82
2019-07-06 16:00:00,0,7637.83,7889.25
2019-07-06 16:30:00,0,7898.32,8219.09
2019-07-06 17:00:00,0,8260.79,8649.71
2019-07-06 17:30:00,0,8742.8,9115.05
2019-07-06 18:00:00,0,9277.52,9506.23
2019-07-06 18:30:00,0,9747.54,9577.91
2019-07-06 19:00:00,0,9804.67,9464.74
2019-07-06 19:30:00,0,9672.03,9335.34
2019-07-06 20:00:00,0,9492.88,9188.32
2019-07-06 20:30:00,0,9258.28,9070.04
2019-07-06 21:00:00,0,9120.7,8952.67
2019-07-06 21:30:00,0,8959.27,8790.63
2019-07-06 22:00:00,0,8771.61,8659.87
2019-07-06 22:30:00,0,8593.38,8542.59
2019-07-06 23:00:00,0,8395.05,8385.96
2019-07-06 23:30:00,0,8140.87,8244.42
2019-07-07 00:00:00,0,7913.83,8071.36
2019-07-07 00:30:00,0,7710.59,7855.54
2019-07-07 01:00:00,0,7514.18,7615.48
2019-07-07 01:30:00,0,7369.88,7370.84
2019-07-07 02:00:00,0,7165.48,7143.27
2019-07-07 02:30:00,0,6986.24,6881.66
2019-07-07 03:00:00,0,6756.49,6664.0
2019-07-07 03:30:00,0,6606.88,6533.22
2019-07-07 04:00:00,0,6523.74,6437.82
2019-07-07 12:30:00,0,8592.46,7452.27
2019-07-07 13:00:00,0,8502.43,7347.03
2019-07-07 13:30:00,0,8466.42,7274.24
2019-07-07 14:00:00,0,8451.36,7250.79
2019-07-07 14:30:00,0,8522.25,7274.74
2019-07-07 15:00:00,0,8465.78,7371.26
2019-07-07 15:30:00,0,8490.8,7533.22
2019-07-07 16:00:00,0,8463.95,7796.86
2019-07-07 16:30:00,0,8638.7,8215.88
2019-07-07 17:00:00,0,8879.52,8693.08
2019-07-07 17:30:00,0,9270.99,9199.74
2019-07-07 18:00:00,0,9788.32,9679.59
2019-07-07 18:30:00,0,10259.74,9824.56
2019-07-07 19:00:00,0,10355.57,9783.45
2019-07-07 19:30:00,0,10223.55,9634.51
2019-07-07 20:00:00,0,10015.87,9487.58
2019-07-07 20:30:00,0,9822.63,9357.74
2019-07-07 21:00:00,0,9692.45,9190.63
2019-07-07 21:30:00,0,9437.71,8953.11
2019-07-07 22:00:00,0,9256.23,8725.15
2019-07-07 22:30:00,0,8928.47,8528.91
2019-07-07 23:00:00,0,8846.83,8284.18
2019-07-07 23:30:00,0,8578.9,8129.22
2019-07-08 00:00:00,0,8498.09,7959.17
2019-07-08 00:30:00,0,8368.78,7802.24
2019-07-08 01:00:00,0,8191.49,7640.68
2019-07-08 01:30:00,0,7972.87,7481.76
2019-07-08 02:00:00,0,7768.67,7298.85
2019-07-08 02:30:00,0,7589.63,7065.39
2019-07-08 03:00:00,0,7297.96,6866.75
2019-07-08 03:30:00,0,7108.36,6752.06
2019-07-08 04:00:00,0,6961.13,6693.85
2019-07-08 12:30:00,0,8044.11,8723.67
2019-07-08 13:00:00,0,7936.5,8628.26
2019-07-08 13:30:00,0,7816.61,8570.22
2019-07-08 14:00:00,0,7810.29,8575.23
2019-07-08 14:30:00,0,7822.57,8569.43
2019-07-08 15:00:00,0,7887.46,8597.56
2019-07-08 15:30:00,0,7983.27,8672.06
2019-07-08 16:00:00,0,8197.75,8853.62
2019-07-08 16:30:00,0,8449.5,9195.26
2019-07-08 17:00:00,0,8775.06,9654.35
2019-07-08 17:30:00,0,9309.84,10234.2
2019-07-08 18:00:00,0,10048.64,10767.68
2019-07-08 18:30:00,0,10632.29,10937.17
2019-07-08 19:00:00,0,10770.35,10868.51
2019-07-08 19:30:00,0,10690.31,10668.32
2019-07-08 20:00:00,0,10558.51,10461.77
2019-07-08 20:30:00,0,10366.68,10268.14
2019-07-08 21:00:00,0,10243.94,10070.51
2019-07-08 21:30:00,0,10056.17,9804.51
2019-07-08 22:00:00,0,9800.2,9481.77
2019-07-08 22:30:00,0,9503.32,9287.09
2019-07-08 23:00:00,0,9375.42,8989.58
2019-07-08 23:30:00,0,9025.57,8789.16
2019-07-09 00:00:00,0,8837.14,8636.63
2019-07-09 00:30:00,0,8661.52,8465.77
2019-07-09 01:00:00,0,8491.59,8274.78
2019-07-09 01:30:00,0,8289.84,8060.19
2019-07-09 02:00:00,0,8018.3,7840.08
2019-07-09 02:30:00,0,7809.36,7523.03
2019-07-09 03:00:00,0,7403.61,7257.25
2019-07-09 03:30:00,0,7179.68,7077.23
2019-07-09 04:00:00,0,7004.85,6973.33
2019-07-09 12:30:00,0,8239.88,8266.79
2019-07-09 13:00:00,0,8097.58,8160.02
2019-07-09 13:30:00,0,8085.4,8107.55
2019-07-09 14:00:00,0,8063.58,8079.25
2019-07-09 14:30:00,0,8082.73,8109.51
2019-07-09 15:00:00,0,8106.27,8174.06
2019-07-09 15:30:00,0,8222.38,8334.1
2019-07-09 16:00:00,0,8336.4,8562.51
2019-07-09 16:30:00,0,8558.1,8960.62
2019-07-09 17:00:00,0,8894.15,9498.9
2019-07-09 17:30:00,0,9507.97,10230.24
2019-07-09 18:00:00,0,10154.99,10841.6
2019-07-09 18:30:00,0,10853.88,11053.89
2019-07-09 19:00:00,0,11001.19,11056.8
2019-07-09 19:30:00,0,10952.36,10906.89
2019-07-09 20:00:00,0,10753.14,10745.11
2019-07-09 20:30:00,0,10628.71,10604.78
2019-07-09 21:00:00,0,10408.41,10388.86
2019-07-09 21:30:00,0,10172.77,10093.6
2019-07-09 22:00:00,0,10035.61,9749.59
2019-07-09 22:30:00,0,9718.79,9493.84
2019-07-09 23:00:00,0,9601.7,9180.86
2019-07-09 23:30:00,0,9269.8,8980.13
2019-07-10 00:00:00,0,8975.28,8798.92
2019-07-10 00:30:00,0,8780.54,8605.55
2019-07-10 01:00:00,0,8538.47,8405.19
2019-07-10 01:30:00,0,8320.49,8193.62
2019-07-10 02:00:00,0,8024.19,7960.1
2019-07-10 02:30:00,0,7792.1,7635.05
2019-07-10 03:00:00,0,7477.32,7361.87
2019-07-10 03:30:00,0,7225.88,7151.74
2019-07-10 04:00:00,0,7042.95,7036.56
2019-07-10 12:30:00,0,8138.13,8322.51
2019-07-10 13:00:00,0,8027.58,8239.52
2019-07-10 13:30:00,0,7974.8,8211.92
2019-07-10 14:00:00,0,7971.71,8205.0
2019-07-10 14:30:00,0,8004.98,8247.03
2019-07-10 15:00:00,0,8029.09,8313.76
2019-07-10 15:30:00,0,8095.83,8471.98
2019-07-10 16:00:00,0,8264.6,8723.29
2019-07-10 16:30:00,0,8480.6,9110.2
2019-07-10 17:00:00,0,8816.37,9660.08
2019-07-10 17:30:00,0,9254.83,10424.38
2019-07-10 18:00:00,0,9856.09,11029.01
2019-07-10 18:30:00,0,10499.23,11178.74
2019-07-10 19:00:00,0,10593.28,11182.23
2019-07-10 19:30:00,0,10562.93,11001.67
2019-07-10 20:00:00,0,10411.95,10822.32
2019-07-10 20:30:00,0,10251.18,10633.54
2019-07-10 21:00:00,0,10095.11,10393.26
2019-07-10 21:30:00,0,9922.37,10086.31
2019-07-10 22:00:00,0,9663.46,9743.15
2019-07-10 22:30:00,0,9414.29,9507.33
2019-07-10 23:00:00,0,9266.07,9190.46
2019-07-10 23:30:00,0,8970.28,8971.89
2019-07-11 00:00:00,0,8752.84,8807.9
2019-07-11 00:30:00,0,8590.14,8618.84
2019-07-11 01:00:00,0,8396.72,8429.1
2019-07-11 01:30:00,0,8139.84,8196.36
2019-07-11 02:00:00,0,7895.29,7943.43
2019-07-11 02:30:00,0,7630.76,7601.02
2019-07-11 03:00:00,0,7269.17,7309.53
2019-07-11 03:30:00,0,7062.24,7081.83
2019-07-11 04:00:00,0,6860.73,6942.67
2019-07-11 12:30:00,0,8204.47,8401.41
2019-07-11 13:00:00,0,8094.79,8356.68
2019-07-11 13:30:00,0,7981.74,8335.65
2019-07-11 14:00:00,0,8018.39,8331.69
2019-07-11 14:30:00,0,8007.19,8368.71
2019-07-11 15:00:00,0,8061.74,8457.63
2019-07-11 15:30:00,0,8130.09,8614.49
2019-07-11 16:00:00,0,8263.09,8852.88
2019-07-11 16:30:00,0,8450.11,9189.91
2019-07-11 17:00:00,0,8748.19,9714.56
2019-07-11 17:30:00,0,9123.49,10415.9
2019-07-11 18:00:00,0,9539.39,10974.15
2019-07-11 18:30:00,0,9984.61,11130.93
2019-07-11 19:00:00,0,9990.61,11136.08
2019-07-11 19:30:00,0,9892.45,10956.94
2019-07-11 20:00:00,0,9743.18,10780.98
2019-07-11 20:30:00,0,9567.67,10593.69
2019-07-11 21:00:00,0,9421.12,10369.19
2019-07-11 21:30:00,0,9321.05,10055.93
2019-07-11 22:00:00,0,9134.81,9695.78
2019-07-11 22:30:00,0,8981.89,9471.48
2019-07-11 23:00:00,0,8944.75,9162.7
2019-07-11 23:30:00,0,8698.51,8931.28
2019-07-12 00:00:00,0,8544.16,8744.74
2019-07-12 00:30:00,0,8441.12,8530.74
2019-07-12 01:00:00,0,8226.77,8301.91
2019-07-12 01:30:00,0,8003.91,8071.34
2019-07-12 02:00:00,0,7714.52,7815.9
2019-07-12 02:30:00,0,7501.85,7497.17
2019-07-12 03:00:00,0,7126.11,7221.68
2019-07-12 03:30:00,0,6877.0,7024.38
2019-07-12 04:00:00,0,6678.65,6918.28
2019-07-12 12:30:00,0,7716.69,8243.3
2019-07-12 13:00:00,0,7659.8,8157.97
2019-07-12 13:30:00,0,7571.18,8122.3
2019-07-12 14:00:00,0,7498.24,8123.87
2019-07-12 14:30:00,0,7486.84,8141.04
2019-07-12 15:00:00,0,7554.82,8154.13
2019-07-12 15:30:00,0,7655.75,8233.93
2019-07-12 16:00:00,0,7811.56,8423.55
2019-07-12 16:30:00,0,8171.82,8713.68
2019-07-12 17:00:00,0,8530.14,9126.81
2019-07-12 17:30:00,0,9114.64,9630.04
2019-07-12 18:00:00,0,9691.27,10060.08
2019-07-12 18:30:00,0,10270.77,10165.0
2019-07-12 19:00:00,0,10273.0,10096.91
2019-07-12 19:30:00,0,10205.58,9949.2
2019-07-12 20:00:00,0,10053.47,9808.4
2019-07-12 20:30:00,0,9875.91,9666.74
2019-07-12 21:00:00,0,9803.21,9532.37
2019-07-12 21:30:00,0,9626.82,9346.69
2019-07-12 22:00:00,0,9443.55,9151.03
2019-07-12 22:30:00,0,9310.06,9059.11
2019-07-12 23:00:00,0,9272.93,8850.84
2019-07-12 23:30:00,0,9045.28,8689.77
2019-07-13 00:00:00,0,8830.89,8541.8
2019-07-13 00:30:00,0,8592.8,8356.89
2019-07-13 01:00:00,0,8286.57,8157.1
2019-07-13 01:30:00,0,7985.19,7911.79
2019-07-13 02:00:00,0,7734.15,7640.16
2019-07-13 02:30:00,0,7468.17,7317.81
2019-07-13 03:00:00,0,7207.03,7020.5
2019-07-13 03:30:00,0,6997.43,6793.86
2019-07-13 04:00:00,0,6881.27,6646.34
2019-07-13 12:30:00,0,7757.58,8025.81
2019-07-13 13:00:00,0,7597.25,7922.01
2019-07-13 13:30:00,0,7535.33,7885.03
2019-07-13 14:00:00,0,7465.6,7859.18
2019-07-13 14:30:00,0,7496.8,7939.35
2019-07-13 15:00:00,0,7538.23,8052.9
2019-07-13 15:30:00,0,7746.06,8288.2
2019-07-13 16:00:00,0,7967.23,8530.15
2019-07-13 16:30:00,0,8377.68,8852.49
2019-07-13 17:00:00,0,8812.11,9393.31
2019-07-13 17:30:00,0,9367.48,10078.28
2019-07-13 18:00:00,0,10006.39,10622.26
2019-07-13 18:30:00,0,10667.39,10767.72
2019-07-13 19:00:00,0,10870.4,10660.61
2019-07-13 19:30:00,0,10791.83,10517.56
2019-07-13 20:00:00,0,10631.63,10344.08
2019-07-13 20:30:00,0,10429.89,10175.79
2019-07-13 21:00:00,0,10280.06,9988.53
2019-07-13 21:30:00,0,10002.36,9789.4
2019-07-13 22:00:00,0,9732.94,9557.34
2019-07-13 22:30:00,0,9429.49,9316.83
2019-07-13 23:00:00,0,9140.46,9087.07
2019-07-13 23:30:00,0,8750.32,8935.51
2019-07-14 00:00:00,0,8551.6,8682.15
2019-07-14 00:30:00,0,8244.62,8414.69
2019-07-14 01:00:00,0,8052.36,8171.63
2019-07-14 01:30:00,0,7765.36,7876.6
2019-07-14 02:00:00,0,7586.87,7643.86
2019-07-14 02:30:00,0,7311.07,7315.39
2019-07-14 03:00:00,0,7062.79,7085.0
2019-07-14 03:30:00,0,6890.94,6887.75
2019-07-14 04:00:00,0,6782.77,6778.2
2019-07-14 12:30:00,0,8466.4,7755.6
2019-07-14 13:00:00,0,8292.43,7649.99
2019-07-14 13:30:00,0,8189.76,7596.45
2019-07-14 14:00:00,0,8131.86,7578.36
2019-07-14 14:30:00,0,8133.48,7695.04
2019-07-14 15:00:00,0,8107.3,7839.03
2019-07-14 15:30:00,0,8154.31,8106.37
2019-07-14 16:00:00,0,8336.56,8424.82
2019-07-14 16:30:00,0,8611.98,8848.98
2019-07-14 17:00:00,0,8965.22,9443.48
2019-07-14 17:30:00,0,9497.09,10239.65
2019-07-14 18:00:00,0,10199.53,10887.72
2019-07-14 18:30:00,0,11043.11,11133.52
2019-07-14 19:00:00,0,11156.52,11078.8
2019-07-14 19:30:00,0,11150.91,10883.76
2019-07-14 20:00:00,0,10971.07,10674.95
2019-07-14 20:30:00,0,10727.91,10479.86
2019-07-14 21:00:00,0,10578.34,10232.74
2019-07-14 21:30:00,0,10369.1,9924.64
2019-07-14 22:00:00,0,10180.16,9567.16
2019-07-14 22:30:00,0,9775.61,9206.82
2019-07-14 23:00:00,0,9558.0,8816.92
2019-07-14 23:30:00,0,9177.99,8570.39
2019-07-15 00:00:00,0,8954.32,8341.71
2019-07-15 00:30:00,0,8795.36,8127.13
2019-07-15 01:00:00,0,8600.05,7905.2
2019-07-15 01:30:00,0,8450.31,7676.26
2019-07-15 02:00:00,0,8181.13,7466.22
2019-07-15 02:30:00,0,7926.53,7197.94
2019-07-15 03:00:00,0,7592.85,6986.58
2019-07-15 03:30:00,0,7405.37,6834.66
2019-07-15 04:00:00,0,7228.06,6759.81
2019-07-15 12:30:00,0,8263.96,8802.05
2019-07-15 13:00:00,0,8109.48,8726.94
2019-07-15 13:30:00,0,8021.11,8698.12
2019-07-15 14:00:00,0,7950.77,8669.14
2019-07-15 14:30:00,0,7902.76,8693.2
2019-07-15 15:00:00,0,8029.2,8788.81
2019-07-15 15:30:00,0,8093.29,8911.14
2019-07-15 16:00:00,0,8275.27,9150.38
2019-07-15 16:30:00,0,8522.49,9505.42
2019-07-15 17:00:00,0,8820.7,10040.78
2019-07-15 17:30:00,0,9255.86,10758.57
2019-07-15 18:00:00,0,9970.3,11378.54
2019-07-15 18:30:00,0,10668.73,11528.0
2019-07-15 19:00:00,0,10852.49,11492.42
2019-07-15 19:30:00,0,10817.32,11266.67
2019-07-15 20:00:00,0,10622.37,11065.49
2019-07-15 20:30:00,0,10403.49,10846.46
2019-07-15 21:00:00,0,10278.69,10590.05
2019-07-15 21:30:00,0,10014.28,10251.52
2019-07-15 22:00:00,0,9822.19,9861.26
2019-07-15 22:30:00,0,9520.36,9571.71
2019-07-15 23:00:00,0,9305.43,9219.08
2019-07-15 23:30:00,0,8997.55,8995.66
2019-07-16 00:00:00,0,8807.06,8815.07
2019-07-16 00:30:00,0,8641.3,8623.93
2019-07-16 01:00:00,0,8446.48,8435.65
2019-07-16 01:30:00,0,8227.22,8237.37
2019-07-16 02:00:00,0,8011.42,8007.37
2019-07-16 02:30:00,0,7780.41,7691.26
2019-07-16 03:00:00,0,7459.38,7407.08
2019-07-16 03:30:00,0,7193.65,7176.37
2019-07-16 04:00:00,0,6987.68,7038.39
2019-07-16 12:30:00,0,7986.23,8116.04
2019-07-16 13:00:00,0,7787.89,8018.03
2019-07-16 13:30:00,0,7696.02,7962.36
2019-07-16 14:00:00,0,7713.2,7967.57
2019-07-16 14:30:00,0,7706.4,8015.65
2019-07-16 15:00:00,0,7750.37,8092.87
2019-07-16 15:30:00,0,7868.34,8219.39
2019-07-16 16:00:00,0,8042.72,8443.45
2019-07-16 16:30:00,0,8290.08,8801.68
2019-07-16 17:00:00,0,8609.21,9253.09
2019-07-16 17:30:00,0,9155.89,9882.56
2019-07-16 18:00:00,0,9726.53,10588.2
2019-07-16 18:30:00,0,10426.94,10875.49
2019-07-16 19:00:00,0,10508.7,10894.13
2019-07-16 19:30:00,0,10547.25,10749.67
2019-07-16 20:00:00,0,10431.5,10584.02
2019-07-16 20:30:00,0,10243.76,10392.33
2019-07-16 21:00:00,0,10109.46,10177.64
2019-07-16 21:30:00,0,9904.58,9890.73
2019-07-16 22:00:00,0,9659.63,9572.58
2019-07-16 22:30:00,0,9313.36,9371.3
2019-07-16 23:00:00,0,9207.36,9075.3
2019-07-16 23:30:00,0,8844.96,8859.19
2019-07-17 00:00:00,0,8723.12,8700.18
2019-07-17 00:30:00,0,8548.19,8514.64
2019-07-17 01:00:00,0,8362.26,8327.14
2019-07-17 01:30:00,0,8150.5,8132.38
2019-07-17 02:00:00,0,7911.16,7904.09
2019-07-17 02:30:00,0,7711.44,7588.56
2019-07-17 03:00:00,0,7413.4,7306.23
2019-07-17 03:30:00,0,7155.56,7091.02
2019-07-17 04:00:00,0,7010.71,6970.24
2019-07-17 12:30:00,0,7906.95,8172.03
2019-07-17 13:00:00,0,7762.65,8075.74
2019-07-17 13:30:00,0,7704.63,8010.28
2019-07-17 14:00:00,0,7636.77,7997.28
2019-07-17 14:30:00,0,7625.32,8038.94
2019-07-17 15:00:00,0,7675.56,8113.06
2019-07-17 15:30:00,0,7767.16,8249.93
2019-07-17 16:00:00,0,7988.67,8470.62
2019-07-17 16:30:00,0,8180.48,8829.23
2019-07-17 17:00:00,0,8552.53,9292.27
2019-07-17 17:30:00,0,9067.09,9945.21
2019-07-17 18:00:00,0,9630.8,10645.04
2019-07-17 18:30:00,0,10409.8,10901.44
2019-07-17 19:00:00,0,10575.49,10907.55
2019-07-17 19:30:00,0,10584.48,10746.69
2019-07-17 20:00:00,0,10523.3,10581.52
2019-07-17 20:30:00,0,10419.29,10405.26
2019-07-17 21:00:00,0,10345.91,10181.34
2019-07-17 21:30:00,0,10202.87,9894.03
2019-07-17 22:00:00,0,9887.77,9560.09
2019-07-17 22:30:00,0,9557.15,9345.34
2019-07-17 23:00:00,0,9446.82,9053.92
2019-07-17 23:30:00,0,9087.58,8830.87
2019-07-18 00:00:00,0,8888.47,8665.35
2019-07-18 00:30:00,0,8724.86,8482.44
2019-07-18 01:00:00,0,8526.07,8282.74
2019-07-18 01:30:00,0,8355.39,8081.67
2019-07-18 02:00:00,0,8024.94,7864.65
2019-07-18 02:30:00,0,7768.85,7575.12
2019-07-18 03:00:00,0,7488.98,7312.77
2019-07-18 03:30:00,0,7285.29,7112.43
2019-07-18 04:00:00,0,7149.07,6995.21
2019-07-18 12:30:00,0,8099.69,8160.23
2019-07-18 13:00:00,0,7930.34,8059.05
2019-07-18 13:30:00,0,7802.88,7995.11
2019-07-18 14:00:00,0,7748.82,7976.95
2019-07-18 14:30:00,0,7689.2,7994.93
2019-07-18 15:00:00,0,7741.98,8062.6
2019-07-18 15:30:00,0,7833.83,8192.64
2019-07-18 16:00:00,0,8007.81,8428.11
2019-07-18 16:30:00,0,8238.22,8780.72
2019-07-18 17:00:00,0,8622.35,9271.88
2019-07-18 17:30:00,0,9116.86,9966.09
2019-07-18 18:00:00,0,9694.41,10728.17
2019-07-18 18:30:00,0,10343.55,11024.68
2019-07-18 19:00:00,0,10356.88,11062.02
2019-07-18 19:30:00,0,10401.25,10936.31
2019-07-18 20:00:00,0,10215.36,10799.86
2019-07-18 20:30:00,0,10126.94,10644.08
2019-07-18 21:00:00,0,10048.46,10438.77
2019-07-18 21:30:00,0,9928.82,10143.21
2019-07-18 22:00:00,0,9806.65,9799.45
2019-07-18 22:30:00,0,9594.86,9575.51
2019-07-18 23:00:00,0,9498.5,9266.38
2019-07-18 23:30:00,0,9196.04,9052.64
2019-07-19 00:00:00,0,9064.89,8855.99
2019-07-19 00:30:00,0,8908.5,8642.27
2019-07-19 01:00:00,0,8665.95,8421.4
2019-07-19 01:30:00,0,8456.52,8199.28
2019-07-19 02:00:00,0,8192.11,7977.53
2019-07-19 02:30:00,0,7893.15,7683.91
2019-07-19 03:00:00,0,7558.74,7433.82
2019-07-19 03:30:00,0,7287.46,7230.73
2019-07-19 04:00:00,0,7093.41,7130.1
2019-07-19 12:30:00,0,7399.58,7925.06
2019-07-19 13:00:00,0,7154.72,7809.28
2019-07-19 13:30:00,0,7005.16,7724.11
2019-07-19 14:00:00,0,6962.91,7691.48
2019-07-19 14:30:00,0,6909.45,7740.23
2019-07-19 15:00:00,0,6919.14,7807.97
2019-07-19 15:30:00,0,6980.41,7946.25
2019-07-19 16:00:00,0,7143.17,8166.35
2019-07-19 16:30:00,0,7384.2,8509.23
2019-07-19 17:00:00,0,7835.58,8937.77
2019-07-19 17:30:00,0,8363.97,9461.35
2019-07-19 18:00:00,0,8948.61,10144.44
2019-07-19 18:30:00,0,9615.73,10391.68
2019-07-19 19:00:00,0,9752.62,10377.92
2019-07-19 19:30:00,0,9720.4,10271.09
2019-07-19 20:00:00,0,9604.01,10139.47
2019-07-19 20:30:00,0,9462.41,10048.06
2019-07-19 21:00:00,0,9359.01,9921.34
2019-07-19 21:30:00,0,9295.45,9761.65
2019-07-19 22:00:00,0,9156.7,9535.79
2019-07-19 22:30:00,0,9037.32,9430.23
2019-07-19 23:00:00,0,8979.29,9206.8
2019-07-19 23:30:00,0,8740.31,9015.63
2019-07-20 00:00:00,0,8527.49,8850.14
2019-07-20 00:30:00,0,8302.35,8644.6
2019-07-20 01:00:00,0,8022.26,8431.57
2019-07-20 01:30:00,0,7754.82,8226.63
2019-07-20 02:00:00,0,7528.61,7948.03
2019-07-20 02:30:00,0,7338.36,7618.11
2019-07-20 03:00:00,0,7052.78,7319.41
2019-07-20 03:30:00,0,6802.33,7101.74
2019-07-20 04:00:00,0,6700.57,6953.03
2019-07-20 12:30:00,0,6877.43,7223.22
2019-07-20 13:00:00,0,6730.36,7063.38
2019-07-20 13:30:00,0,6624.25,6932.56
2019-07-20 14:00:00,0,6556.23,6888.56
2019-07-20 14:30:00,0,6549.76,6893.08
2019-07-20 15:00:00,0,6579.26,7005.35
2019-07-20 15:30:00,0,6703.43,7151.18
2019-07-20 16:00:00,0,6884.64,7411.21
2019-07-20 16:30:00,0,7165.24,7868.68
2019-07-20 17:00:00,0,7514.36,8345.78
2019-07-20 17:30:00,0,8067.58,8869.1
2019-07-20 18:00:00,0,8568.16,9513.21
2019-07-20 18:30:00,0,9222.13,9680.89
2019-07-20 19:00:00,0,9451.6,9598.53
2019-07-20 19:30:00,0,9468.46,9449.18
2019-07-20 20:00:00,0,9312.73,9296.86
2019-07-20 20:30:00,0,9156.55,9181.55
2019-07-20 21:00:00,0,9081.36,9064.58
2019-07-20 21:30:00,0,8949.59,8898.02
2019-07-20 22:00:00,0,8721.98,8752.36
2019-07-20 22:30:00,0,8465.21,8722.3
2019-07-20 23:00:00,0,8251.4,8538.89
2019-07-20 23:30:00,0,7981.77,8357.15
2019-07-21 00:00:00,0,7846.32,8168.25
2019-07-21 00:30:00,0,7641.65,7931.07
2019-07-21 01:00:00,0,7489.52,7658.68
2019-07-21 01:30:00,0,7344.09,7399.3
2019-07-21 02:00:00,0,7155.93,7174.87
2019-07-21 02:30:00,0,6972.06,6922.67
2019-07-21 03:00:00,0,6765.53,6722.76
2019-07-21 03:30:00,0,6592.49,6602.38
2019-07-21 04:00:00,0,6509.88,6530.69
2019-07-21 12:30:00,0,8195.47,6717.66
2019-07-21 13:00:00,0,7932.93,6594.53
2019-07-21 13:30:00,0,7760.8,6501.63
2019-07-21 14:00:00,0,7691.68,6476.24
2019-07-21 14:30:00,0,7699.69,6552.88
2019-07-21 15:00:00,0,7727.19,6648.53
2019-07-21 15:30:00,0,7812.93,6846.63
2019-07-21 16:00:00,0,7877.57,7104.13
2019-07-21 16:30:00,0,8078.4,7538.85
2019-07-21 17:00:00,0,8349.12,7951.94
2019-07-21 17:30:00,0,8828.31,8575.76
2019-07-21 18:00:00,0,9340.59,9222.94
2019-07-21 18:30:00,0,10078.71,9446.38
2019-07-21 19:00:00,0,10192.72,9417.66
2019-07-21 19:30:00,0,10173.9,9312.29
2019-07-21 20:00:00,0,9940.48,9154.63
2019-07-21 20:30:00,0,9799.38,9071.48
2019-07-21 21:00:00,0,9617.33,8916.83
2019-07-21 21:30:00,0,9434.53,8715.67
2019-07-21 22:00:00,0,9191.84,8508.12
2019-07-21 22:30:00,0,8883.87,8345.04
2019-07-21 23:00:00,0,8851.17,8140.9
2019-07-21 23:30:00,0,8515.82,7983.89
2019-07-22 00:00:00,0,8402.68,7804.03
2019-07-22 00:30:00,0,8249.32,7622.55
2019-07-22 01:00:00,0,8158.95,7449.52
2019-07-22 01:30:00,0,7957.35,7286.62
2019-07-22 02:00:00,0,7762.33,7150.39
2019-07-22 02:30:00,0,7517.46,6938.05
2019-07-22 03:00:00,0,7217.09,6766.85
2019-07-22 03:30:00,0,6969.14,6649.19
2019-07-22 04:00:00,0,6772.72,6589.08
2019-07-22 12:30:00,0,7474.81,7838.4
2019-07-22 13:00:00,0,7360.82,7737.38
2019-07-22 13:30:00,0,7229.37,7691.01
2019-07-22 14:00:00,0,7296.56,7671.09
2019-07-22 14:30:00,0,7332.55,7706.17
2019-07-22 15:00:00,0,7378.22,7755.63
2019-07-22 15:30:00,0,7504.86,7856.64
2019-07-22 16:00:00,0,7583.32,8093.95
2019-07-22 16:30:00,0,7868.54,8375.12
2019-07-22 17:00:00,0,8175.68,8843.62
2019-07-22 17:30:00,0,8614.39,9527.48
2019-07-22 18:00:00,0,9085.61,10212.17
2019-07-22 18:30:00,0,9791.58,10352.18
2019-07-22 19:00:00,0,9918.42,10310.4
2019-07-22 19:30:00,0,9902.78,10097.84
2019-07-22 20:00:00,0,9765.27,9900.25
2019-07-22 20:30:00,0,9589.62,9737.95
2019-07-22 21:00:00,0,9483.3,9529.8
2019-07-22 21:30:00,0,9341.69,9289.48
2019-07-22 22:00:00,0,9082.4,9014.44
2019-07-22 22:30:00,0,8831.24,8840.43
2019-07-22 23:00:00,0,8754.4,8580.29
2019-07-22 23:30:00,0,8484.86,8393.37
2019-07-23 00:00:00,0,8333.78,8263.82
2019-07-23 00:30:00,0,8203.31,8121.89
2019-07-23 01:00:00,0,8045.12,7943.41
2019-07-23 01:30:00,0,7902.22,7756.46
2019-07-23 02:00:00,0,7647.76,7541.1
2019-07-23 02:30:00,0,7457.87,7236.72
2019-07-23 03:00:00,0,7172.28,6990.51
2019-07-23 03:30:00,0,6912.2,6812.52
2019-07-23 04:00:00,0,6768.17,6711.14
2019-07-23 12:30:00,0,7672.94,7387.88
2019-07-23 13:00:00,0,7569.91,7320.24
2019-07-23 13:30:00,0,7489.68,7345.84
2019-07-23 14:00:00,0,7441.27,7359.22
2019-07-23 14:30:00,0,7498.26,7437.5
2019-07-23 15:00:00,0,7534.93,7519.69
2019-07-23 15:30:00,0,7655.18,7670.46
2019-07-23 16:00:00,0,7802.91,7907.9
2019-07-23 16:30:00,0,8079.18,8197.12
2019-07-23 17:00:00,0,8402.07,8614.87
2019-07-23 17:30:00,0,8845.92,9201.17
2019-07-23 18:00:00,0,9400.03,9857.48
2019-07-23 18:30:00,0,10114.85,10074.46
2019-07-23 19:00:00,0,10274.08,10059.23
2019-07-23 19:30:00,0,10248.93,9944.98
2019-07-23 20:00:00,0,10145.38,9812.25
2019-07-23 20:30:00,0,9995.04,9693.96
2019-07-23 21:00:00,0,9865.13,9508.13
2019-07-23 21:30:00,0,9676.5,9258.31
2019-07-23 22:00:00,0,9445.7,8972.18
2019-07-23 22:30:00,0,9181.46,8836.24
2019-07-23 23:00:00,0,9102.25,8604.16
2019-07-23 23:30:00,0,8810.57,8434.01
2019-07-24 00:00:00,0,8716.56,8295.98
2019-07-24 00:30:00,0,8541.9,8136.48
2019-07-24 01:00:00,0,8434.28,7950.48
2019-07-24 01:30:00,0,8210.1,7753.47
2019-07-24 02:00:00,0,8082.29,7533.31
2019-07-24 02:30:00,0,7846.47,7232.3
2019-07-24 03:00:00,0,7536.7,6980.52
2019-07-24 03:30:00,0,7297.82,6796.58
2019-07-24 04:00:00,0,7109.63,6689.69
2019-07-24 12:30:00,0,8147.34,7707.87
2019-07-24 13:00:00,0,7935.16,7645.07
2019-07-24 13:30:00,0,7826.13,7612.42
2019-07-24 14:00:00,0,7737.58,7619.19
2019-07-24 14:30:00,0,7739.86,7641.39
2019-07-24 15:00:00,0,7771.99,7722.29
2019-07-24 15:30:00,0,7897.61,7850.04
2019-07-24 16:00:00,0,8005.04,8128.88
2019-07-24 16:30:00,0,8185.36,8486.05
2019-07-24 17:00:00,0,8555.7,8960.14
2019-07-24 17:30:00,0,9024.72,9594.45
2019-07-24 18:00:00,0,9627.41,10324.16
2019-07-24 18:30:00,0,10374.86,10620.36
2019-07-24 19:00:00,0,10565.58,10662.41
2019-07-24 19:30:00,0,10586.01,10578.39
2019-07-24 20:00:00,0,10453.1,10435.15
2019-07-24 20:30:00,0,10336.46,10303.99
2019-07-24 21:00:00,0,10209.36,10106.38
2019-07-24 21:30:00,0,10109.69,9846.54
2019-07-24 22:00:00,0,9823.09,9529.68
2019-07-24 22:30:00,0,9510.3,9305.96
2019-07-24 23:00:00,0,9332.21,9012.8
2019-07-24 23:30:00,0,8997.6,8794.8
2019-07-25 00:00:00,0,8781.47,8623.95
2019-07-25 00:30:00,0,8653.33,8456.98
2019-07-25 01:00:00,0,8374.94,8264.72
2019-07-25 01:30:00,0,8233.11,8056.53
2019-07-25 02:00:00,0,7975.21,7841.6
2019-07-25 02:30:00,0,7798.67,7549.32
2019-07-25 03:00:00,0,7471.21,7317.75
2019-07-25 03:30:00,0,7244.7,7148.63
2019-07-25 04:00:00,0,7082.03,7062.71
2019-07-25 12:30:00,0,8665.06,7773.75
2019-07-25 13:00:00,0,8555.41,7674.94
2019-07-25 13:30:00,0,8540.94,7602.97
2019-07-25 14:00:00,0,8465.41,7582.91
2019-07-25 14:30:00,0,8391.6,7598.37
2019-07-25 15:00:00,0,8300.8,7659.15
2019-07-25 15:30:00,0,8344.17,7795.47
2019-07-25 16:00:00,0,8495.7,8047.51
2019-07-25 16:30:00,0,8736.59,8429.12
2019-07-25 17:00:00,0,9038.77,8901.99
2019-07-25 17:30:00,0,9435.1,9540.3
2019-07-25 18:00:00,0,9968.03,10285.4
2019-07-25 18:30:00,0,10466.55,10580.04
2019-07-25 19:00:00,0,10487.04,10620.65
2019-07-25 19:30:00,0,10402.78,10486.72
2019-07-25 20:00:00,0,10212.11,10327.61
2019-07-25 20:30:00,0,10008.45,10168.64
2019-07-25 21:00:00,0,9874.24,9990.0
2019-07-25 21:30:00,0,9776.97,9725.0
2019-07-25 22:00:00,0,9512.9,9402.48
2019-07-25 22:30:00,0,9256.37,9217.42
2019-07-25 23:00:00,0,9242.37,8963.6
2019-07-25 23:30:00,0,8941.12,8765.17
2019-07-26 00:00:00,0,8840.27,8618.81
2019-07-26 00:30:00,0,8650.14,8456.07
2019-07-26 01:00:00,0,8480.73,8274.19
2019-07-26 01:30:00,0,8240.07,8067.73
2019-07-26 02:00:00,0,8001.55,7827.07
2019-07-26 02:30:00,0,7722.49,7498.12
2019-07-26 03:00:00,0,7460.13,7247.31
2019-07-26 03:30:00,0,7154.45,7063.63
2019-07-26 04:00:00,0,6942.29,6969.24
2019-07-26 12:30:00,0,7311.16,8236.44
2019-07-26 13:00:00,0,7165.49,8110.48
2019-07-26 13:30:00,0,7166.07,8046.67
2019-07-26 14:00:00,0,7235.29,8003.44
2019-07-26 14:30:00,0,7289.89,7969.98
2019-07-26 15:00:00,0,7310.47,8007.53
2019-07-26 15:30:00,0,7400.93,8099.1
2019-07-26 16:00:00,0,7537.73,8307.13
2019-07-26 16:30:00,0,7674.92,8608.61
2019-07-26 17:00:00,0,7993.15,9011.28
2019-07-26 17:30:00,0,8412.84,9563.83
2019-07-26 18:00:00,0,8922.39,10131.51
2019-07-26 18:30:00,0,9478.19,10284.01
2019-07-26 19:00:00,0,9594.36,10240.56
2019-07-26 19:30:00,0,9525.4,10086.82
2019-07-26 20:00:00,0,9345.19,9935.89
2019-07-26 20:30:00,0,9181.59,9815.71
2019-07-26 21:00:00,0,9060.63,9663.69
2019-07-26 21:30:00,0,8967.05,9482.16
2019-07-26 22:00:00,0,8841.81,9280.93
2019-07-26 22:30:00,0,8680.73,9204.28
2019-07-26 23:00:00,0,8627.06,8992.42
2019-07-26 23:30:00,0,8495.21,8823.55
2019-07-27 00:00:00,0,8388.58,8676.94
2019-07-27 00:30:00,0,8199.28,8489.19
2019-07-27 01:00:00,0,7992.77,8274.47
2019-07-27 01:30:00,0,7765.37,8037.85
2019-07-27 02:00:00,0,7580.24,7753.64
2019-07-27 02:30:00,0,7295.6,7423.26
2019-07-27 03:00:00,0,7085.75,7165.16
2019-07-27 03:30:00,0,6922.74,6966.48
2019-07-27 04:00:00,0,6798.75,6839.68
2019-07-27 12:30:00,0,7088.35,7297.06
2019-07-27 13:00:00,0,7013.49,7188.01
2019-07-27 13:30:00,0,6912.33,7087.2
2019-07-27 14:00:00,0,6878.33,7064.37
2019-07-27 14:30:00,0,6880.83,7071.77
2019-07-27 15:00:00,0,6948.05,7176.8
2019-07-27 15:30:00,0,7031.95,7311.53
2019-07-27 16:00:00,0,7248.96,7532.57
2019-07-27 16:30:00,0,7554.14,7877.6
2019-07-27 17:00:00,0,7985.49,8283.8
2019-07-27 17:30:00,0,8429.53,8751.83
2019-07-27 18:00:00,0,9025.52,9323.27
2019-07-27 18:30:00,0,9760.88,9542.02
2019-07-27 19:00:00,0,9980.28,9481.81
2019-07-27 19:30:00,0,10009.09,9344.98
2019-07-27 20:00:00,0,9836.17,9201.84
2019-07-27 20:30:00,0,9689.85,9085.67
2019-07-27 21:00:00,0,9509.63,8959.35
2019-07-27 21:30:00,0,9393.72,8800.08
2019-07-27 22:00:00,0,9179.26,8673.76
2019-07-27 22:30:00,0,8869.29,8601.84
2019-07-27 23:00:00,0,8701.16,8443.07
2019-07-27 23:30:00,0,8372.43,8299.29
2019-07-28 00:00:00,0,8161.86,8115.28
2019-07-28 00:30:00,0,7969.45,7888.36
2019-07-28 01:00:00,0,7798.78,7654.53
2019-07-28 01:30:00,0,7587.39,7436.8
2019-07-28 02:00:00,0,7471.62,7218.06
2019-07-28 02:30:00,0,7255.12,6953.67
2019-07-28 03:00:00,0,7022.15,6783.99
2019-07-28 03:30:00,0,6861.7,6670.74
2019-07-28 04:00:00,0,6763.48,6607.06
2019-07-28 12:30:00,0,8367.07,7004.23
2019-07-28 13:00:00,0,8153.79,6916.03
2019-07-28 13:30:00,0,8037.77,6847.46
2019-07-28 14:00:00,0,8132.79,6851.4
2019-07-28 14:30:00,0,8186.03,6900.66
2019-07-28 15:00:00,0,8291.11,7026.93
2019-07-28 15:30:00,0,8447.36,7236.91
2019-07-28 16:00:00,0,8585.37,7503.37
2019-07-28 16:30:00,0,8858.25,7909.38
2019-07-28 17:00:00,0,9213.23,8335.63
2019-07-28 17:30:00,0,9675.42,8821.38
2019-07-28 18:00:00,0,10205.61,9469.73
2019-07-28 18:30:00,0,10814.41,9755.23
2019-07-28 19:00:00,0,10857.48,9745.02
2019-07-28 19:30:00,0,10736.03,9597.17
2019-07-28 20:00:00,0,10480.23,9457.98
2019-07-28 20:30:00,0,10287.3,9335.87
2019-07-28 21:00:00,0,10076.41,9178.13
2019-07-28 21:30:00,0,9799.5,8943.93
2019-07-28 22:00:00,0,9517.96,8702.55
2019-07-28 22:30:00,0,9212.59,8534.04
2019-07-28 23:00:00,0,9088.05,8269.92
2019-07-28 23:30:00,0,8723.18,8083.29
2019-07-29 00:00:00,0,8543.7,7893.37
2019-07-29 00:30:00,0,8405.55,7716.95
2019-07-29 01:00:00,0,8298.38,7544.0
2019-07-29 01:30:00,0,8127.67,7379.09
2019-07-29 02:00:00,0,7897.68,7210.44
2019-07-29 02:30:00,0,7673.83,6972.25
2019-07-29 03:00:00,0,7359.72,6821.13
2019-07-29 03:30:00,0,7174.85,6718.47
2019-07-29 04:00:00,0,6966.73,6667.99
2019-07-29 12:30:00,0,8609.51,8144.55
2019-07-29 13:00:00,0,8573.76,8098.87
2019-07-29 13:30:00,0,8554.81,8066.04
2019-07-29 14:00:00,0,8547.65,8070.17
2019-07-29 14:30:00,0,8494.15,8115.03
2019-07-29 15:00:00,0,8476.87,8169.04
2019-07-29 15:30:00,0,8506.68,8253.97
2019-07-29 16:00:00,0,8587.37,8454.89
2019-07-29 16:30:00,0,8876.95,8759.08
2019-07-29 17:00:00,0,9173.22,9164.22
2019-07-29 17:30:00,0,9638.88,9795.27
2019-07-29 18:00:00,0,10222.13,10477.84
2019-07-29 18:30:00,0,10939.89,10687.38
2019-07-29 19:00:00,0,11107.04,10657.82
2019-07-29 19:30:00,0,11045.18,10487.99
2019-07-29 20:00:00,0,10888.41,10281.95
2019-07-29 20:30:00,0,10703.07,10074.55
2019-07-29 21:00:00,0,10513.73,9840.74
2019-07-29 21:30:00,0,10273.45,9560.28
2019-07-29 22:00:00,0,9934.51,9257.99
2019-07-29 22:30:00,0,9618.85,9108.42
2019-07-29 23:00:00,0,9429.88,8841.76
2019-07-29 23:30:00,0,9160.36,8660.39
2019-07-30 00:00:00,0,8872.61,8524.84
2019-07-30 00:30:00,0,8705.19,8377.94
2019-07-30 01:00:00,0,8475.13,8201.14
2019-07-30 01:30:00,0,8311.58,8013.08
2019-07-30 02:00:00,0,8129.98,7793.0
2019-07-30 02:30:00,0,7895.77,7490.72
2019-07-30 03:00:00,0,7585.08,7257.19
2019-07-30 03:30:00,0,7346.39,7080.2
2019-07-30 04:00:00,0,7162.02,6979.41
2019-07-30 12:30:00,0,8416.85,8709.81
2019-07-30 13:00:00,0,8330.84,8629.12
2019-07-30 13:30:00,0,8234.86,8585.95
2019-07-30 14:00:00,0,8223.41,8577.19
2019-07-30 14:30:00,0,8183.58,8590.04
2019-07-30 15:00:00,0,8161.52,8616.36
2019-07-30 15:30:00,0,8249.21,8689.83
2019-07-30 16:00:00,0,8335.85,8896.09
2019-07-30 16:30:00,0,8619.54,9178.76
2019-07-30 17:00:00,0,8930.26,9610.2
2019-07-30 17:30:00,0,9405.79,10219.86
2019-07-30 18:00:00,0,10113.32,10897.51
2019-07-30 18:30:00,0,10822.05,11154.02
2019-07-30 19:00:00,0,11079.06,11166.54
2019-07-30 19:30:00,0,11026.74,10974.0
2019-07-30 20:00:00,0,10831.55,10798.66
2019-07-30 20:30:00,0,10655.23,10607.43
2019-07-30 21:00:00,0,10475.32,10381.12
2019-07-30 21:30:00,0,10210.85,10078.29
2019-07-30 22:00:00,0,9920.11,9734.0
2019-07-30 22:30:00,0,9637.2,9499.26
2019-07-30 23:00:00,0,9479.88,9166.71
2019-07-30 23:30:00,0,9114.25,8917.59
2019-07-31 00:00:00,0,8905.48,8740.11
2019-07-31 00:30:00,0,8726.59,8560.3
2019-07-31 01:00:00,0,8573.9,8358.93
2019-07-31 01:30:00,0,8362.55,8140.55
2019-07-31 02:00:00,0,8148.9,7901.16
2019-07-31 02:30:00,0,7915.54,7566.32
2019-07-31 03:00:00,0,7639.47,7316.07
2019-07-31 03:30:00,0,7404.33,7127.51
2019-07-31 04:00:00,0,7212.63,7014.99
2019-07-31 12:30:00,0,7865.84,8401.36
2019-07-31 13:00:00,0,7762.08,8325.37
2019-07-31 13:30:00,0,7657.08,8279.5
2019-07-31 14:00:00,0,7671.35,8254.09
2019-07-31 14:30:00,0,7692.24,8271.8
2019-07-31 15:00:00,0,7685.14,8345.22
2019-07-31 15:30:00,0,7728.39,8443.18
2019-07-31 16:00:00,0,7844.99,8688.08
2019-07-31 16:30:00,0,8172.05,9002.94
2019-07-31 17:00:00,0,8513.73,9446.02
2019-07-31 17:30:00,0,8879.74,10036.5
2019-07-31 18:00:00,0,9512.37,10719.79
2019-07-31 18:30:00,0,10266.31,10990.86
2019-07-31 19:00:00,0,10502.01,11015.22
2019-07-31 19:30:00,0,10579.81,10845.87
2019-07-31 20:00:00,0,10399.4,10705.57
2019-07-31 20:30:00,0,10325.95,10520.21
2019-07-31 21:00:00,0,10123.68,10284.4
2019-07-31 21:30:00,0,10059.98,10012.44
2019-07-31 22:00:00,0,9757.55,9682.29
2019-07-31 22:30:00,0,9484.85,9466.03
2019-07-31 23:00:00,0,9351.23,9146.06
2019-07-31 23:30:00,0,9003.16,8912.0
2019-08-01 00:00:00,0,8812.11,8734.7
2019-08-01 00:30:00,0,8703.74,8543.13
2019-08-01 01:00:00,0,8481.89,8337.28
2019-08-01 01:30:00,0,8314.84,8120.89
2019-08-01 02:00:00,0,8050.13,7886.82
2019-08-01 02:30:00,0,7808.5,7558.09
2019-08-01 03:00:00,0,7526.9,7311.91
2019-08-01 03:30:00,0,7292.28,7119.91
2019-08-01 04:00:00,0,7130.74,7020.85
2019-08-01 12:30:00,0,8356.18,8001.96
2019-08-01 13:00:00,0,8190.74,7901.88
2019-08-01 13:30:00,0,8124.23,7816.78
2019-08-01 14:00:00,0,8015.69,7819.52
2019-08-01 14:30:00,0,8032.68,7817.42
2019-08-01 15:00:00,0,7910.56,7892.57
2019-08-01 15:30:00,0,7842.29,8002.31
2019-08-01 16:00:00,0,7910.95,8234.76
2019-08-01 16:30:00,0,8192.23,8585.37
2019-08-01 17:00:00,0,8519.58,9030.28
2019-08-01 17:30:00,0,8892.32,9626.35
2019-08-01 18:00:00,0,9430.01,10328.68
2019-08-01 18:30:00,0,10085.9,10618.81
2019-08-01 19:00:00,0,10257.68,10634.56
2019-08-01 19:30:00,0,10208.97,10553.98
2019-08-01 20:00:00,0,10043.63,10426.27
2019-08-01 20:30:00,0,9914.26,10244.35
2019-08-01 21:00:00,0,9881.13,10055.22
2019-08-01 21:30:00,0,9717.57,9754.23
2019-08-01 22:00:00,0,9499.11,9455.65
2019-08-01 22:30:00,0,9239.18,9279.63
2019-08-01 23:00:00,0,9257.04,9007.89
2019-08-01 23:30:00,0,9003.68,8807.51
2019-08-02 00:00:00,0,8811.27,8656.12
2019-08-02 00:30:00,0,8699.61,8478.96
2019-08-02 01:00:00,0,8506.38,8274.06
2019-08-02 01:30:00,0,8287.1,8046.93
2019-08-02 02:00:00,0,8089.73,7810.96
2019-08-02 02:30:00,0,7799.1,7493.21
2019-08-02 03:00:00,0,7485.76,7243.79
2019-08-02 03:30:00,0,7176.1,7052.42
2019-08-02 04:00:00,0,6997.08,6964.2
2019-08-02 12:30:00,0,7318.46,8024.55
2019-08-02 13:00:00,0,7177.38,7912.41
2019-08-02 13:30:00,0,6999.38,7819.37
2019-08-02 14:00:00,0,6877.62,7809.14
2019-08-02 14:30:00,0,6829.89,7791.29
2019-08-02 15:00:00,0,6864.84,7854.08
2019-08-02 15:30:00,0,6950.6,7944.97
2019-08-02 16:00:00,0,7106.58,8162.92
2019-08-02 16:30:00,0,7389.55,8457.16
2019-08-02 17:00:00,0,7748.18,8863.24
2019-08-02 17:30:00,0,8218.94,9382.4
2019-08-02 18:00:00,0,8730.45,10008.28
2019-08-02 18:30:00,0,9392.66,10260.99
2019-08-02 19:00:00,0,9627.97,10267.38
2019-08-02 19:30:00,0,9532.39,10161.27
2019-08-02 20:00:00,0,9397.83,10032.24
2019-08-02 20:30:00,0,9285.98,9907.06
2019-08-02 21:00:00,0,9242.8,9725.12
2019-08-02 21:30:00,0,9198.75,9530.34
2019-08-02 22:00:00,0,9048.31,9322.77
2019-08-02 22:30:00,0,8891.69,9228.23
2019-08-02 23:00:00,0,8817.57,9005.47
2019-08-02 23:30:00,0,8633.86,8826.74
2019-08-03 00:00:00,0,8468.51,8663.41
2019-08-03 00:30:00,0,8214.72,8472.02
2019-08-03 01:00:00,0,8032.02,8255.31
2019-08-03 01:30:00,0,7754.67,8006.19
2019-08-03 02:00:00,0,7561.47,7738.65
2019-08-03 02:30:00,0,7303.58,7425.69
2019-08-03 03:00:00,0,7069.44,7160.2
2019-08-03 03:30:00,0,6879.43,6962.67
2019-08-03 04:00:00,0,6745.24,6833.4
2019-08-03 12:30:00,0,7355.72,6954.28
2019-08-03 13:00:00,0,7226.81,6819.1
2019-08-03 13:30:00,0,7112.74,6705.09
2019-08-03 14:00:00,0,7020.77,6690.45
2019-08-03 14:30:00,0,6990.98,6708.12
2019-08-03 15:00:00,0,7040.56,6820.82
2019-08-03 15:30:00,0,7210.02,6985.14
2019-08-03 16:00:00,0,7434.52,7244.78
2019-08-03 16:30:00,0,7678.46,7616.87
2019-08-03 17:00:00,0,8070.82,8078.88
2019-08-03 17:30:00,0,8579.75,8596.26
2019-08-03 18:00:00,0,9129.31,9207.15
2019-08-03 18:30:00,0,9843.64,9385.16
2019-08-03 19:00:00,0,10077.0,9347.02
2019-08-03 19:30:00,0,10008.25,9205.4
2019-08-03 20:00:00,0,9807.73,9097.11
2019-08-03 20:30:00,0,9675.37,8994.9
2019-08-03 21:00:00,0,9540.81,8889.84
2019-08-03 21:30:00,0,9352.12,8754.61
2019-08-03 22:00:00,0,9179.43,8621.25
2019-08-03 22:30:00,0,8802.54,8584.62
2019-08-03 23:00:00,0,8625.76,8422.66
2019-08-03 23:30:00,0,8322.17,8257.85
2019-08-04 00:00:00,0,8157.74,8114.77
2019-08-04 00:30:00,0,7967.08,7924.0
2019-08-04 01:00:00,0,7743.67,7712.21
2019-08-04 01:30:00,0,7575.73,7474.87
2019-08-04 02:00:00,0,7409.12,7254.44
2019-08-04 02:30:00,0,7248.42,7009.26
2019-08-04 03:00:00,0,7020.88,6828.82
2019-08-04 03:30:00,0,6862.83,6715.45
2019-08-04 04:00:00,0,6754.32,6648.54
2019-08-04 12:30:00,0,7855.69,7316.94
2019-08-04 13:00:00,0,7720.27,7246.7
2019-08-04 13:30:00,0,7678.5,7210.66
2019-08-04 14:00:00,0,7616.18,7210.57
2019-08-04 14:30:00,0,7585.99,7231.65
2019-08-04 15:00:00,0,7618.84,7358.67
2019-08-04 15:30:00,0,7717.65,7525.73
2019-08-04 16:00:00,0,7866.93,7791.35
2019-08-04 16:30:00,0,8120.35,8141.57
2019-08-04 17:00:00,0,8418.33,8587.66
2019-08-04 17:30:00,0,8850.45,9060.55
2019-08-04 18:00:00,0,9437.3,9720.57
2019-08-04 18:30:00,0,10118.97,10036.26
2019-08-04 19:00:00,0,10431.74,10039.83
2019-08-04 19:30:00,0,10375.86,9859.36
2019-08-04 20:00:00,0,10214.24,9709.28
2019-08-04 20:30:00,0,9996.34,9569.0
2019-08-04 21:00:00,0,9891.74,9373.45
2019-08-04 21:30:00,0,9714.05,9112.84
2019-08-04 22:00:00,0,9439.4,8829.56
2019-08-04 22:30:00,0,9204.06,8628.14
2019-08-04 23:00:00,0,9097.5,8346.58
2019-08-04 23:30:00,0,8798.72,8152.0
2019-08-05 00:00:00,0,8621.39,7958.44
2019-08-05 00:30:00,0,8552.0,7752.82
2019-08-05 01:00:00,0,8357.3,7562.83
2019-08-05 01:30:00,0,8148.14,7360.12
2019-08-05 02:00:00,0,7964.14,7200.5
2019-08-05 02:30:00,0,7713.1,6975.29
2019-08-05 03:00:00,0,7444.04,6818.64
2019-08-05 03:30:00,0,7184.81,6718.64
2019-08-05 04:00:00,0,7051.47,6682.83
2019-08-05 12:30:00,0,7845.56,7808.2
2019-08-05 13:00:00,0,7699.69,7717.69
2019-08-05 13:30:00,0,7588.45,7663.95
2019-08-05 14:00:00,0,7504.48,7658.58
2019-08-05 14:30:00,0,7448.42,7717.84
2019-08-05 15:00:00,0,7484.58,7790.69
2019-08-05 15:30:00,0,7589.8,7886.86
2019-08-05 16:00:00,0,7693.5,8103.27
2019-08-05 16:30:00,0,7984.11,8354.88
2019-08-05 17:00:00,0,8288.52,8771.91
2019-08-05 17:30:00,0,8698.2,9378.31
2019-08-05 18:00:00,0,9335.41,10070.93
2019-08-05 18:30:00,0,10124.92,10349.7
2019-08-05 19:00:00,0,10500.0,10349.04
2019-08-05 19:30:00,0,10594.11,10190.23
2019-08-05 20:00:00,0,10427.55,10028.89
2019-08-05 20:30:00,0,10273.18,9863.87
2019-08-05 21:00:00,0,10132.22,9662.64
2019-08-05 21:30:00,0,10014.68,9409.37
2019-08-05 22:00:00,0,9699.11,9121.46
2019-08-05 22:30:00,0,9393.78,8949.31
2019-08-05 23:00:00,0,9223.14,8696.35
2019-08-05 23:30:00,0,8941.17,8512.27
2019-08-06 00:00:00,0,8751.12,8373.12
2019-08-06 00:30:00,0,8573.5,8213.48
2019-08-06 01:00:00,0,8383.36,8037.48
2019-08-06 01:30:00,0,8175.91,7840.92
2019-08-06 02:00:00,0,7959.98,7629.68
2019-08-06 02:30:00,0,7765.7,7330.26
2019-08-06 03:00:00,0,7459.41,7085.89
2019-08-06 03:30:00,0,7222.62,6916.52
2019-08-06 04:00:00,0,7088.75,6820.48
2019-08-06 12:30:00,0,7804.11,7613.14
2019-08-06 13:00:00,0,7627.25,7505.34
2019-08-06 13:30:00,0,7529.26,7381.47
2019-08-06 14:00:00,0,7454.53,7358.1
2019-08-06 14:30:00,0,7434.95,7344.4
2019-08-06 15:00:00,0,7494.37,7423.09
2019-08-06 15:30:00,0,7561.11,7557.6
2019-08-06 16:00:00,0,7702.97,7815.99
2019-08-06 16:30:00,0,7875.9,8177.85
2019-08-06 17:00:00,0,8163.92,8638.83
2019-08-06 17:30:00,0,8555.22,9292.51
2019-08-06 18:00:00,0,9167.68,10048.25
2019-08-06 18:30:00,0,9861.62,10407.2
2019-08-06 19:00:00,0,10176.66,10470.53
2019-08-06 19:30:00,0,10228.97,10368.19
2019-08-06 20:00:00,0,10113.54,10215.2
2019-08-06 20:30:00,0,10007.22,10064.97
2019-08-06 21:00:00,0,9867.09,9862.52
2019-08-06 21:30:00,0,9737.73,9611.97
2019-08-06 22:00:00,0,9485.4,9303.59
2019-08-06 22:30:00,0,9131.95,9146.27
2019-08-06 23:00:00,0,8972.67,8858.55
2019-08-06 23:30:00,0,8646.38,8654.18
2019-08-07 00:00:00,0,8435.5,8482.36
2019-08-07 00:30:00,0,8293.16,8340.94
2019-08-07 01:00:00,0,8119.44,8156.69
2019-08-07 01:30:00,0,7933.13,7948.27
2019-08-07 02:00:00,0,7780.28,7715.85
2019-08-07 02:30:00,0,7580.7,7418.25
2019-08-07 03:00:00,0,7287.2,7185.64
2019-08-07 03:30:00,0,7024.06,7014.17
2019-08-07 04:00:00,0,6817.74,6929.04
2019-08-07 12:30:00,0,8127.65,7460.16
2019-08-07 13:00:00,0,7926.53,7395.48
2019-08-07 13:30:00,0,7927.1,7402.36
2019-08-07 14:00:00,0,7889.46,7411.45
2019-08-07 14:30:00,0,7894.9,7505.7
2019-08-07 15:00:00,0,7813.83,7579.95
2019-08-07 15:30:00,0,7839.66,7709.36
2019-08-07 16:00:00,0,7871.05,7946.36
2019-08-07 16:30:00,0,8148.25,8228.03
2019-08-07 17:00:00,0,8411.81,8626.9
2019-08-07 17:30:00,0,8904.39,9166.81
2019-08-07 18:00:00,0,9458.52,9822.59
2019-08-07 18:30:00,0,10248.67,10067.93
2019-08-07 19:00:00,0,10517.71,10112.68
2019-08-07 19:30:00,0,10532.23,10024.91
2019-08-07 20:00:00,0,10405.72,9851.47
2019-08-07 20:30:00,0,10218.4,9739.08
2019-08-07 21:00:00,0,10106.18,9565.4
2019-08-07 21:30:00,0,9965.09,9329.32
2019-08-07 22:00:00,0,9676.19,9058.74
2019-08-07 22:30:00,0,9322.94,8925.62
2019-08-07 23:00:00,0,9116.02,8663.1
2019-08-07 23:30:00,0,8718.87,8482.64
2019-08-08 00:00:00,0,8543.11,8333.12
2019-08-08 00:30:00,0,8400.93,8204.87
2019-08-08 01:00:00,0,8226.41,8030.4
2019-08-08 01:30:00,0,8037.63,7829.0
2019-08-08 02:00:00,0,7825.52,7607.56
2019-08-08 02:30:00,0,7584.53,7316.92
2019-08-08 03:00:00,0,7291.23,7087.19
2019-08-08 03:30:00,0,7036.05,6932.22
2019-08-08 04:00:00,0,6809.48,6845.47
2019-08-08 12:30:00,0,8021.36,7838.48
2019-08-08 13:00:00,0,7884.38,7764.25
2019-08-08 13:30:00,0,7848.29,7762.55
2019-08-08 14:00:00,0,7879.65,7779.16
2019-08-08 14:30:00,0,7875.76,7802.34
2019-08-08 15:00:00,0,7829.06,7887.82
2019-08-08 15:30:00,0,7924.71,8022.11
2019-08-08 16:00:00,0,8073.92,8271.44
2019-08-08 16:30:00,0,8396.48,8550.8
2019-08-08 17:00:00,0,8759.58,8973.48
2019-08-08 17:30:00,0,9256.33,9462.6
2019-08-08 18:00:00,0,9810.64,10157.68
2019-08-08 18:30:00,0,10491.53,10513.8
2019-08-08 19:00:00,0,10732.08,10596.46
2019-08-08 19:30:00,0,10609.58,10485.92
2019-08-08 20:00:00,0,10487.43,10329.55
2019-08-08 20:30:00,0,10290.57,10154.86
2019-08-08 21:00:00,0,10157.62,9938.09
2019-08-08 21:30:00,0,9980.01,9650.0
2019-08-08 22:00:00,0,9741.49,9344.16
2019-08-08 22:30:00,0,9564.07,9129.61
2019-08-08 23:00:00,0,9482.87,8856.98
2019-08-08 23:30:00,0,9134.59,8658.87
2019-08-09 00:00:00,0,8932.46,8494.97
2019-08-09 00:30:00,0,8787.85,8312.44
2019-08-09 01:00:00,0,8567.29,8118.34
2019-08-09 01:30:00,0,8300.25,7904.98
2019-08-09 02:00:00,0,8044.98,7678.01
2019-08-09 02:30:00,0,7808.98,7359.79
2019-08-09 03:00:00,0,7466.63,7099.41
2019-08-09 03:30:00,0,7217.22,6911.57
2019-08-09 04:00:00,0,7013.71,6820.74
2019-08-09 12:30:00,0,7961.29,7929.22
2019-08-09 13:00:00,0,7913.82,7842.93
2019-08-09 13:30:00,0,7841.36,7798.85
2019-08-09 14:00:00,0,7794.0,7796.38
2019-08-09 14:30:00,0,7837.0,7829.77
2019-08-09 15:00:00,0,7871.55,7904.82
2019-08-09 15:30:00,0,7923.55,8038.42
2019-08-09 16:00:00,0,8164.03,8319.64
2019-08-09 16:30:00,0,8461.21,8631.25
2019-08-09 17:00:00,0,8838.8,9084.72
2019-08-09 17:30:00,0,9314.18,9604.24
2019-08-09 18:00:00,0,9826.37,10265.84
2019-08-09 18:30:00,0,10508.28,10572.28
2019-08-09 19:00:00,0,10713.3,10623.94
2019-08-09 19:30:00,0,10623.4,10508.76
2019-08-09 20:00:00,0,10413.14,10375.12
2019-08-09 20:30:00,0,10228.41,10243.04
2019-08-09 21:00:00,0,10064.97,10035.42
2019-08-09 21:30:00,0,9898.47,9781.87
2019-08-09 22:00:00,0,9652.24,9514.56
2019-08-09 22:30:00,0,9444.22,9317.49
2019-08-09 23:00:00,0,9268.57,9049.12
2019-08-09 23:30:00,0,8988.08,8862.67
2019-08-10 00:00:00,0,8760.5,8733.07
2019-08-10 00:30:00,0,8494.48,8564.0
2019-08-10 01:00:00,0,8179.13,8362.57
2019-08-10 01:30:00,0,7942.3,8129.79
2019-08-10 02:00:00,0,7705.38,7869.92
2019-08-10 02:30:00,0,7460.98,7523.47
2019-08-10 03:00:00,0,7191.3,7240.5
2019-08-10 03:30:00,0,6991.4,7022.64
2019-08-10 04:00:00,0,6808.54,6875.23
2019-08-10 12:30:00,0,8161.5,7588.67
2019-08-10 13:00:00,0,8102.56,7533.36
2019-08-10 13:30:00,0,7989.52,7503.83
2019-08-10 14:00:00,0,7837.92,7502.95
2019-08-10 14:30:00,0,7953.05,7553.0
2019-08-10 15:00:00,0,8122.49,7654.93
2019-08-10 15:30:00,0,8148.29,7835.67
2019-08-10 16:00:00,0,8311.71,8131.77
2019-08-10 16:30:00,0,8560.97,8471.43
2019-08-10 17:00:00,0,8946.54,8965.59
2019-08-10 17:30:00,0,9370.75,9515.65
2019-08-10 18:00:00,0,9972.66,10234.87
2019-08-10 18:30:00,0,10782.09,10470.0
2019-08-10 19:00:00,0,11128.43,10413.41
2019-08-10 19:30:00,0,11086.51,10210.95
2019-08-10 20:00:00,0,10922.9,10058.03
2019-08-10 20:30:00,0,10732.84,9879.44
2019-08-10 21:00:00,0,10600.04,9694.82
2019-08-10 21:30:00,0,10383.72,9483.4
2019-08-10 22:00:00,0,10065.99,9262.93
2019-08-10 22:30:00,0,9629.99,9085.09
2019-08-10 23:00:00,0,9306.47,8864.1
2019-08-10 23:30:00,0,8902.62,8663.49
2019-08-11 00:00:00,0,8631.81,8431.08
2019-08-11 00:30:00,0,8405.23,8189.7
2019-08-11 01:00:00,0,8171.88,7944.17
2019-08-11 01:30:00,0,8017.54,7704.99
2019-08-11 02:00:00,0,7801.16,7467.32
2019-08-11 02:30:00,0,7620.32,7164.89
2019-08-11 03:00:00,0,7353.42,6929.0
2019-08-11 03:30:00,0,7134.23,6749.45
2019-08-11 04:00:00,0,7024.95,6660.02
2019-08-11 12:30:00,0,8360.05,7775.91
2019-08-11 13:00:00,0,8207.44,7746.46
2019-08-11 13:30:00,0,8094.97,7703.62
2019-08-11 14:00:00,0,7996.27,7728.3
2019-08-11 14:30:00,0,7921.79,7789.11
2019-08-11 15:00:00,0,7951.53,7978.6
2019-08-11 15:30:00,0,7976.69,8156.79
2019-08-11 16:00:00,0,8057.77,8443.01
2019-08-11 16:30:00,0,8355.74,8785.32
2019-08-11 17:00:00,0,8661.47,9328.52
2019-08-11 17:30:00,0,9160.88,10102.36
2019-08-11 18:00:00,0,9804.5,10911.6
2019-08-11 18:30:00,0,10666.59,11213.15
2019-08-11 19:00:00,0,11062.04,11209.42
2019-08-11 19:30:00,0,11123.4,10948.42
2019-08-11 20:00:00,0,10980.2,10769.37
2019-08-11 20:30:00,0,10756.84,10559.41
2019-08-11 21:00:00,0,10661.36,10299.62
2019-08-11 21:30:00,0,10440.56,9958.54
2019-08-11 22:00:00,0,10142.88,9579.13
2019-08-11 22:30:00,0,9779.92,9295.26
2019-08-11 23:00:00,0,9586.28,8943.61
2019-08-11 23:30:00,0,9239.15,8627.15
2019-08-12 00:00:00,0,9048.32,8371.01
2019-08-12 00:30:00,0,8851.4,8124.28
2019-08-12 01:00:00,0,8689.48,7897.39
2019-08-12 01:30:00,0,8543.61,7663.78
2019-08-12 02:00:00,0,8330.67,7478.96
2019-08-12 02:30:00,0,8131.55,7226.27
2019-08-12 03:00:00,0,7836.68,7045.94
2019-08-12 03:30:00,0,7640.39,6933.27
2019-08-12 04:00:00,0,7458.17,6894.58
2019-08-12 12:30:00,0,8160.29,8149.39
2019-08-12 13:00:00,0,7998.86,8073.33
2019-08-12 13:30:00,0,7928.99,7983.96
2019-08-12 14:00:00,0,7898.56,7987.83
2019-08-12 14:30:00,0,7878.79,8001.16
2019-08-12 15:00:00,0,7896.31,8060.38
2019-08-12 15:30:00,0,7981.43,8147.27
2019-08-12 16:00:00,0,8090.07,8398.41
2019-08-12 16:30:00,0,8382.14,8780.99
2019-08-12 17:00:00,0,8751.44,9236.78
2019-08-12 17:30:00,0,9243.41,9852.88
2019-08-12 18:00:00,0,9934.15,10622.55
2019-08-12 18:30:00,0,10784.81,10990.45
2019-08-12 19:00:00,0,11188.6,11026.28
2019-08-12 19:30:00,0,11221.11,10867.2
2019-08-12 20:00:00,0,11119.06,10673.47
2019-08-12 20:30:00,0,10931.99,10474.83
2019-08-12 21:00:00,0,10825.47,10254.42
2019-08-12 21:30:00,0,10589.63,9960.01
2019-08-12 22:00:00,0,10278.37,9609.73
2019-08-12 22:30:00,0,9869.01,9353.49
2019-08-12 23:00:00,0,9716.36,9037.88
2019-08-12 23:30:00,0,9366.45,8815.14
2019-08-13 00:00:00,0,9093.18,8647.6
2019-08-13 00:30:00,0,8882.91,8477.83
2019-08-13 01:00:00,0,8699.47,8294.27
2019-08-13 01:30:00,0,8524.31,8090.08
2019-08-13 02:00:00,0,8335.49,7886.96
2019-08-13 02:30:00,0,8123.65,7590.23
2019-08-13 03:00:00,0,7859.58,7348.61
2019-08-13 03:30:00,0,7624.22,7178.25
2019-08-13 04:00:00,0,7478.17,7089.65
2019-08-13 12:30:00,0,8249.95,7839.05
2019-08-13 13:00:00,0,8132.41,7750.56
2019-08-13 13:30:00,0,8084.48,7679.97
2019-08-13 14:00:00,0,8013.02,7673.96
2019-08-13 14:30:00,0,7969.19,7706.91
2019-08-13 15:00:00,0,7948.74,7781.28
2019-08-13 15:30:00,0,7984.53,7919.36
2019-08-13 16:00:00,0,8094.77,8186.21
2019-08-13 16:30:00,0,8330.44,8560.41
2019-08-13 17:00:00,0,8647.86,9025.28
2019-08-13 17:30:00,0,9120.32,9639.02
2019-08-13 18:00:00,0,9714.92,10372.62
2019-08-13 18:30:00,0,10535.02,10752.37
2019-08-13 19:00:00,0,10943.5,10814.16
2019-08-13 19:30:00,0,10980.71,10683.33
2019-08-13 20:00:00,0,10843.96,10530.9
2019-08-13 20:30:00,0,10673.94,10381.29
2019-08-13 21:00:00,0,10619.84,10195.59
2019-08-13 21:30:00,0,10449.7,9901.75
2019-08-13 22:00:00,0,10079.05,9580.34
2019-08-13 22:30:00,0,9753.83,9363.96
2019-08-13 23:00:00,0,9476.01,9041.09
2019-08-13 23:30:00,0,9179.14,8814.9
2019-08-14 00:00:00,0,8932.88,8652.69
2019-08-14 00:30:00,0,8785.3,8476.94
2019-08-14 01:00:00,0,8582.83,8294.35
2019-08-14 01:30:00,0,8352.61,8089.05
2019-08-14 02:00:00,0,8158.58,7862.2
2019-08-14 02:30:00,0,7933.48,7561.2
2019-08-14 03:00:00,0,7655.21,7326.7
2019-08-14 03:30:00,0,7357.59,7153.64
2019-08-14 04:00:00,0,7225.84,7076.05
2019-08-14 12:30:00,0,7661.35,7764.46
2019-08-14 13:00:00,0,7552.17,7671.36
2019-08-14 13:30:00,0,7451.57,7617.65
2019-08-14 14:00:00,0,7435.31,7605.2
2019-08-14 14:30:00,0,7412.57,7619.15
2019-08-14 15:00:00,0,7522.24,7691.79
2019-08-14 15:30:00,0,7588.27,7799.65
2019-08-14 16:00:00,0,7740.39,8051.45
2019-08-14 16:30:00,0,8075.0,8383.33
2019-08-14 17:00:00,0,8359.3,8864.1
2019-08-14 17:30:00,0,8751.75,9424.53
2019-08-14 18:00:00,0,9299.71,10121.08
2019-08-14 18:30:00,0,10169.11,10499.38
2019-08-14 19:00:00,0,10549.98,10590.54
2019-08-14 19:30:00,0,10634.82,10468.99
2019-08-14 20:00:00,0,10508.4,10323.02
2019-08-14 20:30:00,0,10407.8,10183.75
2019-08-14 21:00:00,0,10297.16,9998.03
2019-08-14 21:30:00,0,10129.17,9733.99
2019-08-14 22:00:00,0,9884.34,9422.28
2019-08-14 22:30:00,0,9528.19,9229.76
2019-08-14 23:00:00,0,9403.53,8932.08
2019-08-14 23:30:00,0,9015.32,8703.87
2019-08-15 00:00:00,0,8861.34,8530.74
2019-08-15 00:30:00,0,8682.46,8336.67
2019-08-15 01:00:00,0,8515.64,8160.65
2019-08-15 01:30:00,0,8309.45,7957.3
2019-08-15 02:00:00,0,8090.47,7741.6
2019-08-15 02:30:00,0,7881.21,7456.79
2019-08-15 03:00:00,0,7600.3,7237.38
2019-08-15 03:30:00,0,7350.89,7067.28
2019-08-15 04:00:00,0,7231.34,6982.84
2019-08-15 12:30:00,0,7701.13,7434.36
2019-08-15 13:00:00,0,7560.53,7340.21
2019-08-15 13:30:00,0,7499.42,7284.59
2019-08-15 14:00:00,0,7468.56,7296.0
2019-08-15 14:30:00,0,7413.44,7379.89
2019-08-15 15:00:00,0,7452.47,7455.29
2019-08-15 15:30:00,0,7488.1,7591.07
2019-08-15 16:00:00,0,7659.01,7839.07
2019-08-15 16:30:00,0,7902.21,8174.99
2019-08-15 17:00:00,0,8175.05,8579.93
2019-08-15 17:30:00,0,8503.29,9344.85
2019-08-15 18:00:00,0,8868.21,10064.89
2019-08-15 18:30:00,0,9449.01,10532.52
2019-08-15 19:00:00,0,9667.51,10705.93
2019-08-15 19:30:00,0,9640.78,10602.51
2019-08-15 20:00:00,0,9471.4,10380.51
2019-08-15 20:30:00,0,9324.38,10191.42
2019-08-15 21:00:00,0,9256.86,9925.1
2019-08-15 21:30:00,0,9150.72,9669.44
2019-08-15 22:00:00,0,8954.32,9304.35
2019-08-15 22:30:00,0,8716.01,9146.41
2019-08-15 23:00:00,0,8762.92,8878.83
2019-08-15 23:30:00,0,8552.62,8675.48
2019-08-16 00:00:00,0,8417.87,8529.65
2019-08-16 00:30:00,0,8343.15,8350.14
2019-08-16 01:00:00,0,8062.87,8163.58
2019-08-16 01:30:00,0,7870.37,7983.87
2019-08-16 02:00:00,0,7686.23,7768.94
2019-08-16 02:30:00,0,7498.56,7496.94
2019-08-16 03:00:00,0,7248.49,7245.43
2019-08-16 03:30:00,0,7004.51,7073.62
2019-08-16 04:00:00,0,6810.35,6985.76
2019-08-16 12:30:00,0,6970.8,7159.9
2019-08-16 13:00:00,0,6860.33,7068.66
2019-08-16 13:30:00,0,6762.08,7104.93
2019-08-16 14:00:00,0,6679.79,7088.34
2019-08-16 14:30:00,0,6638.83,7174.58
2019-08-16 15:00:00,0,6668.67,7230.76
2019-08-16 15:30:00,0,6718.13,7381.1
2019-08-16 16:00:00,0,6899.7,7603.1
2019-08-16 16:30:00,0,7158.4,7883.1
2019-08-16 17:00:00,0,7511.91,8227.16
2019-08-16 17:30:00,0,7889.86,8610.43
2019-08-16 18:00:00,0,8341.06,9148.62
2019-08-16 18:30:00,0,8908.92,9407.51
2019-08-16 19:00:00,0,9176.7,9393.72
2019-08-16 19:30:00,0,9146.36,9237.13
2019-08-16 20:00:00,0,8996.15,9107.43
2019-08-16 20:30:00,0,8798.68,9045.61
2019-08-16 21:00:00,0,8784.49,8951.03
2019-08-16 21:30:00,0,8701.14,8808.68
2019-08-16 22:00:00,0,8528.18,8661.48
2019-08-16 22:30:00,0,8337.82,8602.15
2019-08-16 23:00:00,0,8337.72,8463.97
2019-08-16 23:30:00,0,8129.44,8360.58
2019-08-17 00:00:00,0,8025.47,8276.48
2019-08-17 00:30:00,0,7882.92,8135.46
2019-08-17 01:00:00,0,7635.89,7961.53
2019-08-17 01:30:00,0,7445.23,7745.66
2019-08-17 02:00:00,0,7263.36,7520.53
2019-08-17 02:30:00,0,7027.68,7224.24
2019-08-17 03:00:00,0,6798.63,6947.94
2019-08-17 03:30:00,0,6582.75,6770.05
2019-08-17 04:00:00,0,6441.64,6652.26
2019-08-17 12:30:00,0,6660.78,6790.47
2019-08-17 13:00:00,0,6555.5,6703.98
2019-08-17 13:30:00,0,6405.68,6683.79
2019-08-17 14:00:00,0,6294.42,6658.29
2019-08-17 14:30:00,0,6303.35,6699.1
2019-08-17 15:00:00,0,6396.99,6807.1
2019-08-17 15:30:00,0,6457.88,6963.6
2019-08-17 16:00:00,0,6701.7,7211.26
2019-08-17 16:30:00,0,6978.38,7486.29
2019-08-17 17:00:00,0,7343.49,7897.67
2019-08-17 17:30:00,0,7771.58,8343.07
2019-08-17 18:00:00,0,8143.75,8894.21
2019-08-17 18:30:00,0,8774.77,9193.01
2019-08-17 19:00:00,0,9095.48,9154.74
2019-08-17 19:30:00,0,9044.1,9038.29
2019-08-17 20:00:00,0,8878.59,8910.15
2019-08-17 20:30:00,0,8701.18,8830.29
2019-08-17 21:00:00,0,8510.28,8709.87
2019-08-17 21:30:00,0,8364.75,8598.16
2019-08-17 22:00:00,0,8158.75,8485.83
2019-08-17 22:30:00,0,7956.79,8448.22
2019-08-17 23:00:00,0,7749.15,8307.92
2019-08-17 23:30:00,0,7559.66,8157.06
2019-08-18 00:00:00,0,7465.6,7978.29
2019-08-18 00:30:00,0,7316.58,7759.22
2019-08-18 01:00:00,0,7115.3,7531.05
2019-08-18 01:30:00,0,6935.56,7312.23
2019-08-18 02:00:00,0,6835.35,7094.6
2019-08-18 02:30:00,0,6648.34,6859.14
2019-08-18 03:00:00,0,6463.84,6647.18
2019-08-18 03:30:00,0,6300.23,6511.13
2019-08-18 04:00:00,0,6223.55,6438.32
2019-08-18 12:30:00,0,7663.13,6265.82
2019-08-18 13:00:00,0,7590.84,6166.75
2019-08-18 13:30:00,0,7594.81,6140.08
2019-08-18 14:00:00,0,7587.07,6122.07
2019-08-18 14:30:00,0,7624.37,6228.66
2019-08-18 15:00:00,0,7648.97,6296.65
2019-08-18 15:30:00,0,7661.85,6475.74
2019-08-18 16:00:00,0,7826.37,6739.27
2019-08-18 16:30:00,0,8132.57,7058.8
2019-08-18 17:00:00,0,8493.61,7438.47
2019-08-18 17:30:00,0,9082.29,7932.89
2019-08-18 18:00:00,0,9780.19,8541.09
2019-08-18 18:30:00,0,10612.57,8939.22
2019-08-18 19:00:00,0,11057.01,8934.0
2019-08-18 19:30:00,0,11101.06,8688.49
2019-08-18 20:00:00,0,10891.19,8518.19
2019-08-18 20:30:00,0,10652.24,8358.34
2019-08-18 21:00:00,0,10547.38,8221.55
2019-08-18 21:30:00,0,10240.0,8071.33
2019-08-18 22:00:00,0,9884.43,7890.58
2019-08-18 22:30:00,0,9473.92,7730.96
2019-08-18 23:00:00,0,9266.14,7567.35
2019-08-18 23:30:00,0,8888.54,7422.62
2019-08-19 00:00:00,0,8596.65,7284.78
2019-08-19 00:30:00,0,8498.81,7143.98
2019-08-19 01:00:00,0,8307.11,6984.71
2019-08-19 01:30:00,0,8172.97,6825.37
2019-08-19 02:00:00,0,7943.63,6663.92
2019-08-19 02:30:00,0,7653.4,6438.11
2019-08-19 03:00:00,0,7363.57,6288.29
2019-08-19 03:30:00,0,7138.09,6209.61
2019-08-19 04:00:00,0,6922.54,6171.57
2019-08-19 12:30:00,0,7644.0,7688.07
2019-08-19 13:00:00,0,7531.67,7663.26
2019-08-19 13:30:00,0,7472.32,7656.06
2019-08-19 14:00:00,0,7409.8,7681.14
2019-08-19 14:30:00,0,7421.81,7741.6
2019-08-19 15:00:00,0,7441.51,7829.68
2019-08-19 15:30:00,0,7487.11,7974.65
2019-08-19 16:00:00,0,7628.22,8274.12
2019-08-19 16:30:00,0,7898.65,8657.53
2019-08-19 17:00:00,0,8277.26,9196.95
2019-08-19 17:30:00,0,8723.28,9812.57
2019-08-19 18:00:00,0,9324.18,10607.3
2019-08-19 18:30:00,0,10092.01,11058.61
2019-08-19 19:00:00,0,10507.35,11109.04
2019-08-19 19:30:00,0,10610.94,10979.75
2019-08-19 20:00:00,0,10437.06,10789.85
2019-08-19 20:30:00,0,10297.0,10619.75
2019-08-19 21:00:00,0,10070.29,10384.6
2019-08-19 21:30:00,0,9827.36,10048.46
2019-08-19 22:00:00,0,9527.18,9663.61
2019-08-19 22:30:00,0,9203.94,9375.06
2019-08-19 23:00:00,0,8995.34,9039.19
2019-08-19 23:30:00,0,8589.99,8778.81
2019-08-20 00:00:00,0,8402.64,8605.49
2019-08-20 00:30:00,0,8270.02,8416.93
2019-08-20 01:00:00,0,8059.37,8227.79
2019-08-20 01:30:00,0,7870.47,8018.82
2019-08-20 02:00:00,0,7662.28,7816.48
2019-08-20 02:30:00,0,7435.85,7511.69
2019-08-20 03:00:00,0,7161.51,7257.49
2019-08-20 03:30:00,0,6967.22,7051.87
2019-08-20 04:00:00,0,6780.28,6944.54
2019-08-20 12:30:00,0,7395.02,7638.15
2019-08-20 13:00:00,0,7298.98,7574.34
2019-08-20 13:30:00,0,7221.98,7539.17
2019-08-20 14:00:00,0,7137.5,7529.1
2019-08-20 14:30:00,0,7134.72,7569.01
2019-08-20 15:00:00,0,7260.37,7637.74
2019-08-20 15:30:00,0,7379.83,7796.04
2019-08-20 16:00:00,0,7463.45,8075.64
2019-08-20 16:30:00,0,7792.6,8418.86
2019-08-20 17:00:00,0,8066.01,8877.01
2019-08-20 17:30:00,0,8469.31,9433.16
2019-08-20 18:00:00,0,8884.45,10123.91
2019-08-20 18:30:00,0,9599.72,10575.27
2019-08-20 19:00:00,0,9895.56,10633.16
2019-08-20 19:30:00,0,9902.02,10504.32
2019-08-20 20:00:00,0,9744.81,10316.73
2019-08-20 20:30:00,0,9567.54,10164.85
2019-08-20 21:00:00,0,9393.61,9964.53
2019-08-20 21:30:00,0,9177.93,9668.55
2019-08-20 22:00:00,0,8959.0,9334.48
2019-08-20 22:30:00,0,8624.65,9094.09
2019-08-20 23:00:00,0,8449.85,8796.77
2019-08-20 23:30:00,0,8198.17,8574.65
2019-08-21 00:00:00,0,8063.75,8427.92
2019-08-21 00:30:00,0,7968.06,8259.15
2019-08-21 01:00:00,0,7797.86,8063.91
2019-08-21 01:30:00,0,7672.71,7847.72
2019-08-21 02:00:00,0,7456.47,7620.94
2019-08-21 02:30:00,0,7240.98,7300.69
2019-08-21 03:00:00,0,7020.23,7040.95
2019-08-21 03:30:00,0,6762.81,6846.2
2019-08-21 04:00:00,0,6616.81,6740.94
2019-08-21 12:30:00,0,7716.57,7606.56
2019-08-21 13:00:00,0,7715.45,7575.31
2019-08-21 13:30:00,0,7740.26,7572.24
2019-08-21 14:00:00,0,7816.44,7563.61
2019-08-21 14:30:00,0,7793.31,7587.94
2019-08-21 15:00:00,0,7852.26,7630.6
2019-08-21 15:30:00,0,7862.74,7725.57
2019-08-21 16:00:00,0,7982.76,7933.75
2019-08-21 16:30:00,0,8243.56,8192.09
2019-08-21 17:00:00,0,8553.91,8568.94
2019-08-21 17:30:00,0,9011.85,9042.15
2019-08-21 18:00:00,0,9577.07,9646.19
2019-08-21 18:30:00,0,10342.38,9985.73
2019-08-21 19:00:00,0,10631.44,10014.71
2019-08-21 19:30:00,0,10592.56,9890.61
2019-08-21 20:00:00,0,10440.1,9742.22
2019-08-21 20:30:00,0,10291.26,9581.03
2019-08-21 21:00:00,0,10130.34,9401.97
2019-08-21 21:30:00,0,9927.07,9133.85
2019-08-21 22:00:00,0,9697.58,8862.35
2019-08-21 22:30:00,0,9337.92,8727.0
2019-08-21 23:00:00,0,9241.19,8493.68
2019-08-21 23:30:00,0,8904.87,8312.78
2019-08-22 00:00:00,0,8805.12,8183.19
2019-08-22 00:30:00,0,8687.11,8034.1
2019-08-22 01:00:00,0,8531.12,7857.91
2019-08-22 01:30:00,0,8327.3,7674.79
2019-08-22 02:00:00,0,8092.21,7463.5
2019-08-22 02:30:00,0,7891.91,7168.91
2019-08-22 03:00:00,0,7569.08,6918.33
2019-08-22 03:30:00,0,7343.39,6734.75
2019-08-22 04:00:00,0,7181.69,6637.41
2019-08-22 12:30:00,0,7610.94,7711.81
2019-08-22 13:00:00,0,7489.36,7683.92
2019-08-22 13:30:00,0,7356.38,7658.88
2019-08-22 14:00:00,0,7258.21,7653.67
2019-08-22 14:30:00,0,7250.02,7651.56
2019-08-22 15:00:00,0,7260.86,7705.22
2019-08-22 15:30:00,0,7275.1,7800.19
2019-08-22 16:00:00,0,7443.11,8039.64
2019-08-22 16:30:00,0,7753.08,8359.37
2019-08-22 17:00:00,0,8046.86,8785.17
2019-08-22 17:30:00,0,8529.13,9304.09
2019-08-22 18:00:00,0,8951.34,10016.65
2019-08-22 18:30:00,0,9640.73,10489.06
2019-08-22 19:00:00,0,10015.04,10601.74
2019-08-22 19:30:00,0,10087.33,10539.3
2019-08-22 20:00:00,0,9996.15,10410.19
2019-08-22 20:30:00,0,9868.85,10267.15
2019-08-22 21:00:00,0,9764.01,10066.47
2019-08-22 21:30:00,0,9632.73,9785.41
2019-08-22 22:00:00,0,9470.0,9474.84
2019-08-22 22:30:00,0,9283.15,9277.1
2019-08-22 23:00:00,0,9271.76,8999.05
2019-08-22 23:30:00,0,9017.19,8774.77
2019-08-23 00:00:00,0,8827.15,8598.48
2019-08-23 00:30:00,0,8653.36,8414.53
2019-08-23 01:00:00,0,8437.58,8227.14
2019-08-23 01:30:00,0,8208.81,8001.65
2019-08-23 02:00:00,0,7900.99,7780.39
2019-08-23 02:30:00,0,7599.27,7492.21
2019-08-23 03:00:00,0,7293.62,7263.09
2019-08-23 03:30:00,0,7046.7,7093.51
2019-08-23 04:00:00,0,6894.72,7018.58
2019-08-23 12:30:00,0,6564.96,7490.85
2019-08-23 13:00:00,0,6411.88,7372.14
2019-08-23 13:30:00,0,6332.2,7278.34
2019-08-23 14:00:00,0,6300.9,7231.32
2019-08-23 14:30:00,0,6239.62,7212.42
2019-08-23 15:00:00,0,6311.67,7265.95
2019-08-23 15:30:00,0,6393.54,7373.7
2019-08-23 16:00:00,0,6543.9,7632.62
2019-08-23 16:30:00,0,6801.86,8020.62
2019-08-23 17:00:00,0,7074.13,8481.2
2019-08-23 17:30:00,0,7485.86,9049.6
2019-08-23 18:00:00,0,7806.88,9667.41
2019-08-23 18:30:00,0,8356.32,10024.98
2019-08-23 19:00:00,0,8763.7,10011.6
2019-08-23 19:30:00,0,8756.64,9880.45
2019-08-23 20:00:00,0,8616.34,9756.17
2019-08-23 20:30:00,0,8490.41,9671.99
2019-08-23 21:00:00,0,8389.58,9546.24
2019-08-23 21:30:00,0,8285.69,9355.71
2019-08-23 22:00:00,0,8164.67,9139.59
2019-08-23 22:30:00,0,8033.71,9036.79
2019-08-23 23:00:00,0,8013.76,8822.41
2019-08-23 23:30:00,0,7858.88,8633.42
2019-08-24 00:00:00,0,7783.74,8485.16
2019-08-24 00:30:00,0,7692.82,8297.49
2019-08-24 01:00:00,0,7462.14,8083.38
2019-08-24 01:30:00,0,7331.22,7896.08
2019-08-24 02:00:00,0,7111.88,7627.14
2019-08-24 02:30:00,0,6939.17,7320.89
2019-08-24 03:00:00,0,6660.12,7044.1
2019-08-24 03:30:00,0,6480.91,6833.96
2019-08-24 04:00:00,0,6400.61,6709.01
2019-08-24 12:30:00,0,6457.4,6325.19
2019-08-24 13:00:00,0,6307.65,6212.67
2019-08-24 13:30:00,0,6235.05,6202.34
2019-08-24 14:00:00,0,6186.8,6182.78
2019-08-24 14:30:00,0,6275.56,6300.23
2019-08-24 15:00:00,0,6312.18,6395.52
2019-08-24 15:30:00,0,6473.94,6616.28
2019-08-24 16:00:00,0,6735.72,6830.07
2019-08-24 16:30:00,0,7054.2,7098.12
2019-08-24 17:00:00,0,7398.84,7456.71
2019-08-24 17:30:00,0,7854.02,7807.91
2019-08-24 18:00:00,0,8319.75,8336.69
2019-08-24 18:30:00,0,8891.11,8597.37
2019-08-24 19:00:00,0,9256.46,8568.28
2019-08-24 19:30:00,0,9256.61,8364.64
2019-08-24 20:00:00,0,9122.53,8227.84
2019-08-24 20:30:00,0,8925.97,8151.6
2019-08-24 21:00:00,0,8772.76,8065.14
2019-08-24 21:30:00,0,8652.51,7989.61
2019-08-24 22:00:00,0,8439.85,7874.08
2019-08-24 22:30:00,0,8131.38,7728.75
2019-08-24 23:00:00,0,8003.59,7621.73
2019-08-24 23:30:00,0,7764.94,7559.54
2019-08-25 00:00:00,0,7680.5,7455.27
2019-08-25 00:30:00,0,7546.27,7301.29
2019-08-25 01:00:00,0,7413.26,7132.36
2019-08-25 01:30:00,0,7255.38,6962.33
2019-08-25 02:00:00,0,7112.46,6781.41
2019-08-25 02:30:00,0,6952.48,6552.58
2019-08-25 03:00:00,0,6716.57,6373.49
2019-08-25 03:30:00,0,6533.21,6282.62
2019-08-25 04:00:00,0,6463.55,6236.51
2019-08-25 12:30:00,0,8457.72,6408.61
2019-08-25 13:00:00,0,8400.43,6376.1
2019-08-25 13:30:00,0,8375.22,6446.44
2019-08-25 14:00:00,0,8397.48,6469.67
2019-08-25 14:30:00,0,8369.46,6594.11
2019-08-25 15:00:00,0,8272.65,6702.3
2019-08-25 15:30:00,0,8264.25,6957.1
2019-08-25 16:00:00,0,8373.6,7205.32
2019-08-25 16:30:00,0,8637.18,7468.42
2019-08-25 17:00:00,0,8968.17,7845.1
2019-08-25 17:30:00,0,9333.22,8199.06
2019-08-25 18:00:00,0,9799.04,8795.28
2019-08-25 18:30:00,0,10381.21,9200.79
2019-08-25 19:00:00,0,10654.74,9235.52
2019-08-25 19:30:00,0,10579.62,9143.76
2019-08-25 20:00:00,0,10288.32,9000.34
2019-08-25 20:30:00,0,10053.7,8885.65
2019-08-25 21:00:00,0,9839.34,8713.44
2019-08-25 21:30:00,0,9591.17,8487.42
2019-08-25 22:00:00,0,9278.46,8249.41
2019-08-25 22:30:00,0,8968.57,8074.57
2019-08-25 23:00:00,0,8789.38,7900.8
2019-08-25 23:30:00,0,8542.19,7737.95
2019-08-26 00:00:00,0,8355.43,7586.85
2019-08-26 00:30:00,0,8288.83,7421.21
2019-08-26 01:00:00,0,8149.97,7258.52
2019-08-26 01:30:00,0,7960.54,7111.78
2019-08-26 02:00:00,0,7755.02,6977.23
2019-08-26 02:30:00,0,7570.11,6731.14
2019-08-26 03:00:00,0,7313.28,6567.02
2019-08-26 03:30:00,0,7074.18,6463.34
2019-08-26 04:00:00,0,6869.26,6419.3
2019-08-26 12:30:00,0,7990.08,8234.86
2019-08-26 13:00:00,0,7960.46,8231.75
2019-08-26 13:30:00,0,7878.38,8209.8
2019-08-26 14:00:00,0,7935.82,8200.0
2019-08-26 14:30:00,0,7907.9,8209.59
2019-08-26 15:00:00,0,7809.46,8275.6
2019-08-26 15:30:00,0,7837.58,8355.46
2019-08-26 16:00:00,0,7930.29,8572.19
2019-08-26 16:30:00,0,8125.47,8854.59
2019-08-26 17:00:00,0,8406.51,9241.61
2019-08-26 17:30:00,0,8718.15,9738.17
2019-08-26 18:00:00,0,9208.1,10317.83
2019-08-26 18:30:00,0,9854.86,10679.37
2019-08-26 19:00:00,0,10283.37,10658.29
2019-08-26 19:30:00,0,10330.7,10423.36
2019-08-26 20:00:00,0,10135.44,10214.11
2019-08-26 20:30:00,0,9965.3,9995.75
2019-08-26 21:00:00,0,9795.85,9756.19
2019-08-26 21:30:00,0,9603.29,9426.37
2019-08-26 22:00:00,0,9271.48,9101.01
2019-08-26 22:30:00,0,8979.94,8897.37
2019-08-26 23:00:00,0,8840.42,8616.41
2019-08-26 23:30:00,0,8587.2,8423.61
2019-08-27 00:00:00,0,8441.66,8280.98
2019-08-27 00:30:00,0,8342.74,8123.38
2019-08-27 01:00:00,0,8168.76,7949.65
2019-08-27 01:30:00,0,8031.2,7768.43
2019-08-27 02:00:00,0,7902.33,7563.87
2019-08-27 02:30:00,0,7657.16,7275.08
2019-08-27 03:00:00,0,7323.95,7027.48
2019-08-27 03:30:00,0,7106.42,6848.61
2019-08-27 04:00:00,0,6896.72,6749.56
2019-08-27 12:30:00,0,7577.48,7979.08
2019-08-27 13:00:00,0,7511.17,7933.72
2019-08-27 13:30:00,0,7467.11,7886.79
2019-08-27 14:00:00,0,7394.58,7903.08
2019-08-27 14:30:00,0,7181.29,7921.71
2019-08-27 15:00:00,0,7277.16,8007.52
2019-08-27 15:30:00,0,7468.33,8133.99
2019-08-27 16:00:00,0,7536.43,8390.26
2019-08-27 16:30:00,0,7755.15,8670.27
2019-08-27 17:00:00,0,8002.02,9043.65
2019-08-27 17:30:00,0,8346.24,9545.8
2019-08-27 18:00:00,0,8754.55,10110.2
2019-08-27 18:30:00,0,9344.84,10516.48
2019-08-27 19:00:00,0,9685.16,10524.74
2019-08-27 19:30:00,0,9741.18,10354.97
2019-08-27 20:00:00,0,9594.51,10159.39
2019-08-27 20:30:00,0,9455.0,9956.76
2019-08-27 21:00:00,0,9329.47,9731.78
2019-08-27 21:30:00,0,9214.07,9427.1
2019-08-27 22:00:00,0,9072.05,9111.43
2019-08-27 22:30:00,0,8769.25,8895.96
2019-08-27 23:00:00,0,8722.94,8657.36
2019-08-27 23:30:00,0,8443.51,8458.13
2019-08-28 00:00:00,0,8306.68,8321.07
2019-08-28 00:30:00,0,8189.94,8157.1
2019-08-28 01:00:00,0,8069.02,7962.86
2019-08-28 01:30:00,0,7935.17,7758.1
2019-08-28 02:00:00,0,7733.65,7543.55
2019-08-28 02:30:00,0,7522.13,7255.69
2019-08-28 03:00:00,0,7316.97,6999.69
2019-08-28 03:30:00,0,7049.53,6820.8
2019-08-28 04:00:00,0,6905.96,6741.09
2019-08-28 12:30:00,0,8681.18,7371.18
2019-08-28 13:00:00,0,8717.14,7321.28
2019-08-28 13:30:00,0,8765.75,7305.99
2019-08-28 14:00:00,0,8840.05,7298.2
2019-08-28 14:30:00,0,8854.01,7322.44
2019-08-28 15:00:00,0,8928.63,7361.84
2019-08-28 15:30:00,0,9001.52,7493.46
2019-08-28 16:00:00,0,9010.09,7699.66
2019-08-28 16:30:00,0,9338.58,7978.34
2019-08-28 17:00:00,0,9658.81,8310.68
2019-08-28 17:30:00,0,10056.0,8791.38
2019-08-28 18:00:00,0,10477.97,9347.75
2019-08-28 18:30:00,0,11030.2,9714.31
2019-08-28 19:00:00,0,11185.92,9769.56
2019-08-28 19:30:00,0,11177.88,9624.64
2019-08-28 20:00:00,0,10921.17,9475.38
2019-08-28 20:30:00,0,10772.39,9373.69
2019-08-28 21:00:00,0,10577.03,9219.05
2019-08-28 21:30:00,0,10353.27,8948.98
2019-08-28 22:00:00,0,10009.21,8692.94
2019-08-28 22:30:00,0,9681.82,8597.43
2019-08-28 23:00:00,0,9727.73,8439.0
2019-08-28 23:30:00,0,9054.11,8306.79
2019-08-29 00:00:00,0,8825.3,8183.54
2019-08-29 00:30:00,0,8653.71,8034.37
2019-08-29 01:00:00,0,8428.36,7889.44
2019-08-29 01:30:00,0,8240.67,7692.03
2019-08-29 02:00:00,0,8044.88,7468.87
2019-08-29 02:30:00,0,7862.51,7185.08
2019-08-29 03:00:00,0,7530.37,6957.78
2019-08-29 03:30:00,0,7232.31,6797.34
2019-08-29 04:00:00,0,7091.49,6710.33
2019-08-29 12:30:00,0,9044.82,8095.75
2019-08-29 13:00:00,0,8935.18,8088.69
2019-08-29 13:30:00,0,8846.35,8122.11
2019-08-29 14:00:00,0,8895.57,8125.13
2019-08-29 14:30:00,0,8868.98,8185.46
2019-08-29 15:00:00,0,8874.77,8229.76
2019-08-29 15:30:00,0,8928.44,8330.52
2019-08-29 16:00:00,0,9025.94,8564.64
2019-08-29 16:30:00,0,9268.82,8879.42
2019-08-29 17:00:00,0,9531.31,9299.95
2019-08-29 17:30:00,0,9832.68,9829.95
2019-08-29 18:00:00,0,10163.85,10485.43
2019-08-29 18:30:00,0,10684.34,10908.2
2019-08-29 19:00:00,0,10844.13,10968.95
2019-08-29 19:30:00,0,10775.87,10780.91
2019-08-29 20:00:00,0,10470.55,10591.68
2019-08-29 20:30:00,0,10241.86,10400.63
2019-08-29 21:00:00,0,10051.3,10145.0
2019-08-29 21:30:00,0,9875.81,9800.66
2019-08-29 22:00:00,0,9604.65,9445.3
2019-08-29 22:30:00,0,9390.73,9161.89
2019-08-29 23:00:00,0,9314.38,8856.01
2019-08-29 23:30:00,0,9055.11,8645.48
2019-08-30 00:00:00,0,8873.72,8480.66
2019-08-30 00:30:00,0,8684.86,8268.38
2019-08-30 01:00:00,0,8481.56,8073.31
2019-08-30 01:30:00,0,8191.26,7856.77
2019-08-30 02:00:00,0,7975.61,7646.41
2019-08-30 02:30:00,0,7693.13,7344.78
2019-08-30 03:00:00,0,7350.02,7101.69
2019-08-30 03:30:00,0,7105.93,6919.85
2019-08-30 04:00:00,0,6872.32,6845.53
2019-08-30 12:30:00,0,7565.37,8273.68
2019-08-30 13:00:00,0,7466.98,8214.18
2019-08-30 13:30:00,0,7424.62,8170.29
2019-08-30 14:00:00,0,7309.55,8154.57
2019-08-30 14:30:00,0,7296.74,8148.2
2019-08-30 15:00:00,0,7354.9,8150.27
2019-08-30 15:30:00,0,7422.14,8243.44
2019-08-30 16:00:00,0,7519.17,8472.44
2019-08-30 16:30:00,0,7748.7,8722.53
2019-08-30 17:00:00,0,7957.96,9084.35
2019-08-30 17:30:00,0,8339.94,9494.61
2019-08-30 18:00:00,0,8712.56,9992.8
2019-08-30 18:30:00,0,9225.64,10325.33
2019-08-30 19:00:00,0,9533.19,10368.1
2019-08-30 19:30:00,0,9464.41,10201.75
2019-08-30 20:00:00,0,9303.5,10041.94
2019-08-30 20:30:00,0,9055.15,9875.57
2019-08-30 21:00:00,0,8939.64,9703.47
2019-08-30 21:30:00,0,8799.54,9471.44
2019-08-30 22:00:00,0,8660.25,9212.86
2019-08-30 22:30:00,0,8521.97,9075.96
2019-08-30 23:00:00,0,8516.99,8846.77
2019-08-30 23:30:00,0,8346.02,8672.22
2019-08-31 00:00:00,0,8185.87,8519.14
2019-08-31 00:30:00,0,8042.82,8341.69
2019-08-31 01:00:00,0,7797.65,8152.79
2019-08-31 01:30:00,0,7514.55,7930.2
2019-08-31 02:00:00,0,7350.06,7680.51
2019-08-31 02:30:00,0,7155.96,7360.39
2019-08-31 03:00:00,0,6900.89,7060.69
2019-08-31 03:30:00,0,6730.12,6853.68
2019-08-31 04:00:00,0,6620.06,6732.26
2019-08-31 12:30:00,0,6392.14,7115.25
2019-08-31 13:00:00,0,6218.39,7064.0
2019-08-31 13:30:00,0,6103.29,6982.68
2019-08-31 14:00:00,0,6068.05,6999.2
2019-08-31 14:30:00,0,6067.46,7002.38
2019-08-31 15:00:00,0,6126.49,7074.01
2019-08-31 15:30:00,0,6240.5,7195.61
2019-08-31 16:00:00,0,6481.54,7420.03
2019-08-31 16:30:00,0,6753.27,7713.81
2019-08-31 17:00:00,0,7106.97,8039.0
2019-08-31 17:30:00,0,7457.04,8378.2
2019-08-31 18:00:00,0,7772.93,8842.89
2019-08-31 18:30:00,0,8300.91,9203.01
2019-08-31 19:00:00,0,8698.24,9189.55
2019-08-31 19:30:00,0,8797.35,9050.44
2019-08-31 20:00:00,0,8695.58,8877.58
2019-08-31 20:30:00,0,8571.44,8753.28
2019-08-31 21:00:00,0,8500.08,8619.89
2019-08-31 21:30:00,0,8373.69,8450.65
2019-08-31 22:00:00,0,8238.0,8297.92
2019-08-31 22:30:00,0,8055.63,8175.25
2019-08-31 23:00:00,0,7928.13,8049.06
2019-08-31 23:30:00,0,7747.75,7937.81
2019-09-01 00:00:00,0,7605.11,7775.37
2019-09-01 00:30:00,0,7381.9,7558.72
2019-09-01 01:00:00,0,7263.84,7352.15
2019-09-01 01:30:00,0,7170.03,7167.28
2019-09-01 02:00:00,0,7007.79,6973.57
2019-09-01 02:30:00,0,6878.23,6732.52
2019-09-01 03:00:00,0,6706.44,6530.11
2019-09-01 03:30:00,0,6540.34,6401.51
2019-09-01 04:00:00,0,6426.13,6324.4
2019-09-01 12:30:00,0,7308.06,6196.27
2019-09-01 13:00:00,0,7227.17,6133.35
2019-09-01 13:30:00,0,7188.37,6127.46
2019-09-01 14:00:00,0,7167.15,6146.1
2019-09-01 14:30:00,0,7158.78,6247.96
2019-09-01 15:00:00,0,7145.57,6331.09
2019-09-01 15:30:00,0,7304.75,6522.11
2019-09-01 16:00:00,0,7408.09,6753.7
2019-09-01 16:30:00,0,7721.78,7038.58
2019-09-01 17:00:00,0,7995.27,7353.96
2019-09-01 17:30:00,0,8368.73,7715.67
2019-09-01 18:00:00,0,8804.71,8274.76
2019-09-01 18:30:00,0,9379.75,8701.07
2019-09-01 19:00:00,0,9758.16,8778.34
2019-09-01 19:30:00,0,9800.14,8648.66
2019-09-01 20:00:00,0,9591.45,8493.86
2019-09-01 20:30:00,0,9401.59,8375.67
2019-09-01 21:00:00,0,9281.63,8249.35
2019-09-01 21:30:00,0,9039.67,8088.75
2019-09-01 22:00:00,0,8822.84,7909.12
2019-09-01 22:30:00,0,8515.27,7747.55
2019-09-01 23:00:00,0,8415.89,7582.48
2019-09-01 23:30:00,0,8182.07,7441.03
2019-09-02 00:00:00,0,8069.19,7298.45
2019-09-02 00:30:00,0,7985.98,7108.66
2019-09-02 01:00:00,0,7867.88,6925.41
2019-09-02 01:30:00,0,7689.4,6772.64
2019-09-02 02:00:00,0,7423.56,6639.2
2019-09-02 02:30:00,0,6611.76,6464.6
2019-09-02 03:00:00,0,6388.28,6346.89
2019-09-02 03:30:00,0,6178.16,6285.42
2019-09-02 04:00:00,0,6068.85,6268.17
2019-09-02 12:30:00,0,7101.13,7183.53
2019-09-02 13:00:00,0,6989.91,7155.66
2019-09-02 13:30:00,0,7024.48,7126.26
2019-09-02 14:00:00,0,7017.55,7142.08
2019-09-02 14:30:00,0,7068.0,7191.41
2019-09-02 15:00:00,0,7155.17,7264.73
2019-09-02 15:30:00,0,7264.43,7381.69
2019-09-02 16:00:00,0,7337.69,7585.54
2019-09-02 16:30:00,0,7646.05,7832.26
2019-09-02 17:00:00,0,7800.43,8177.33
2019-09-02 17:30:00,0,8128.75,8630.49
2019-09-02 18:00:00,0,8452.32,9231.07
2019-09-02 18:30:00,0,8904.35,9584.99
2019-09-02 19:00:00,0,9272.41,9646.99
2019-09-02 19:30:00,0,9324.74,9495.42
2019-09-02 20:00:00,0,9167.6,9306.4
2019-09-02 20:30:00,0,8955.26,9180.97
2019-09-02 21:00:00,0,8826.75,9010.96
2019-09-02 21:30:00,0,8651.64,8798.65
2019-09-02 22:00:00,0,8526.55,8557.08
2019-09-02 22:30:00,0,8276.79,8427.6
2019-09-02 23:00:00,0,8283.16,8220.72
2019-09-02 23:30:00,0,8061.17,8080.82
2019-09-03 00:00:00,0,7994.25,7966.89
2019-09-03 00:30:00,0,7925.83,7808.36
2019-09-03 01:00:00,0,7775.56,7651.1
2019-09-03 01:30:00,0,7603.48,7473.73
2019-09-03 02:00:00,0,7452.44,7288.31
2019-09-03 02:30:00,0,7238.52,7023.82
2019-09-03 03:00:00,0,6962.88,6808.95
2019-09-03 03:30:00,0,6745.54,6653.08
2019-09-03 04:00:00,0,6575.59,6578.62
2019-09-03 12:30:00,0,6989.58,7100.53
2019-09-03 13:00:00,0,6945.19,7032.74
2019-09-03 13:30:00,0,6936.0,7021.73
2019-09-03 14:00:00,0,6939.67,7036.0
2019-09-03 14:30:00,0,7035.89,7105.82
2019-09-03 15:00:00,0,7197.05,7174.46
2019-09-03 15:30:00,0,7268.77,7301.59
2019-09-03 16:00:00,0,7344.12,7530.79
2019-09-03 16:30:00,0,7609.23,7766.38
2019-09-03 17:00:00,0,7874.76,8081.99
2019-09-03 17:30:00,0,8119.69,8486.88
2019-09-03 18:00:00,0,8376.33,9036.01
2019-09-03 18:30:00,0,8852.12,9398.13
2019-09-03 19:00:00,0,9098.87,9468.77
2019-09-03 19:30:00,0,9066.68,9284.1
2019-09-03 20:00:00,0,8835.26,9091.57
2019-09-03 20:30:00,0,8623.33,8899.23
2019-09-03 21:00:00,0,8496.03,8739.58
2019-09-03 21:30:00,0,8343.57,8574.94
2019-09-03 22:00:00,0,8174.54,8368.58
2019-09-03 22:30:00,0,7931.86,8278.05
2019-09-03 23:00:00,0,7960.23,8110.01
2019-09-03 23:30:00,0,7767.16,7983.67
2019-09-04 00:00:00,0,7693.23,7890.75
2019-09-04 00:30:00,0,7626.35,7761.38
2019-09-04 01:00:00,0,7523.78,7610.06
2019-09-04 01:30:00,0,7405.27,7417.79
2019-09-04 02:00:00,0,7226.67,7196.29
2019-09-04 02:30:00,0,7019.97,6924.01
2019-09-04 03:00:00,0,6759.67,6685.83
2019-09-04 03:30:00,0,6565.46,6526.71
2019-09-04 04:00:00,0,6430.79,6467.95
2019-09-04 12:30:00,0,7199.0,6970.96
2019-09-04 13:00:00,0,7133.46,6955.79
2019-09-04 13:30:00,0,7186.55,6998.46
2019-09-04 14:00:00,0,7127.15,7032.84
2019-09-04 14:30:00,0,7220.13,7117.38
2019-09-04 15:00:00,0,7273.1,7191.02
2019-09-04 15:30:00,0,7422.49,7306.35
2019-09-04 16:00:00,0,7464.98,7502.77
2019-09-04 16:30:00,0,7683.12,7706.47
2019-09-04 17:00:00,0,7921.13,7966.88
2019-09-04 17:30:00,0,8158.1,8225.13
2019-09-04 18:00:00,0,8390.47,8686.01
2019-09-04 18:30:00,0,8787.03,9069.17
2019-09-04 19:00:00,0,9085.98,9111.41
2019-09-04 19:30:00,0,9100.1,8943.32
2019-09-04 20:00:00,0,8864.53,8756.2
2019-09-04 20:30:00,0,8665.09,8603.49
2019-09-04 21:00:00,0,8514.55,8460.76
2019-09-04 21:30:00,0,8393.67,8275.15
2019-09-04 22:00:00,0,8244.57,8094.54
2019-09-04 22:30:00,0,8021.16,8032.78
2019-09-04 23:00:00,0,7982.89,7884.7
2019-09-04 23:30:00,0,7894.3,7781.57
2019-09-05 00:00:00,0,7791.4,7706.04
2019-09-05 00:30:00,0,7706.87,7588.26
2019-09-05 01:00:00,0,7545.03,7452.22
2019-09-05 01:30:00,0,7382.22,7279.65
2019-09-05 02:00:00,0,7179.74,7071.52
2019-09-05 02:30:00,0,7030.47,6819.37
2019-09-05 03:00:00,0,6678.06,6613.17
2019-09-05 03:30:00,0,6485.01,6460.96
2019-09-05 04:00:00,0,6339.44,6398.35
2019-09-05 12:30:00,0,7204.68,7149.0
2019-09-05 13:00:00,0,7207.8,7112.52
2019-09-05 13:30:00,0,7245.16,7095.89
2019-09-05 14:00:00,0,7350.42,7117.29
2019-09-05 14:30:00,0,7497.5,7165.47
2019-09-05 15:00:00,0,7623.1,7248.58
2019-09-05 15:30:00,0,7655.7,7356.92
2019-09-05 16:00:00,0,7774.9,7542.98
2019-09-05 16:30:00,0,7970.68,7754.04
2019-09-05 17:00:00,0,8095.04,8035.3
2019-09-05 17:30:00,0,8276.14,8399.49
2019-09-05 18:00:00,0,8510.72,8895.25
2019-09-05 18:30:00,0,8727.0,9264.6
2019-09-05 19:00:00,0,8789.45,9336.33
2019-09-05 19:30:00,0,8641.57,9162.62
2019-09-05 20:00:00,0,8423.75,8982.54
2019-09-05 20:30:00,0,8270.72,8818.17
2019-09-05 21:00:00,0,8212.78,8661.93
2019-09-05 21:30:00,0,8069.49,8426.61
2019-09-05 22:00:00,0,8014.72,8202.36
2019-09-05 22:30:00,0,7887.24,8153.5
2019-09-05 23:00:00,0,7951.17,7986.1
2019-09-05 23:30:00,0,7785.91,7873.3
2019-09-06 00:00:00,0,7786.95,7772.7
2019-09-06 00:30:00,0,7725.76,7632.68
2019-09-06 01:00:00,0,7577.71,7490.38
2019-09-06 01:30:00,0,7340.42,7312.68
2019-09-06 02:00:00,0,7203.28,7126.49
2019-09-06 02:30:00,0,6897.66,6861.62
2019-09-06 03:00:00,0,6696.88,6632.94
2019-09-06 03:30:00,0,6438.99,6469.75
2019-09-06 04:00:00,0,6238.82,6399.93
2019-09-06 12:30:00,0,6481.96,7132.57
2019-09-06 13:00:00,0,6326.66,7150.6
2019-09-06 13:30:00,0,6279.47,7152.1
2019-09-06 14:00:00,0,6264.57,7197.65
2019-09-06 14:30:00,0,6346.33,7254.96
2019-09-06 15:00:00,0,6353.73,7321.46
2019-09-06 15:30:00,0,6468.96,7438.17
2019-09-06 16:00:00,0,6649.55,7577.7
2019-09-06 16:30:00,0,6868.63,7730.74
2019-09-06 17:00:00,0,7223.14,7867.24
2019-09-06 17:30:00,0,7546.58,7961.9
2019-09-06 18:00:00,0,7866.87,8256.71
2019-09-06 18:30:00,0,8408.93,8630.01
2019-09-06 19:00:00,0,8836.65,8647.45
2019-09-06 19:30:00,0,8842.99,8529.34
2019-09-06 20:00:00,0,8735.83,8397.48
2019-09-06 20:30:00,0,8563.35,8393.51
2019-09-06 21:00:00,0,8489.59,8252.83
2019-09-06 21:30:00,0,8354.78,8138.35
2019-09-06 22:00:00,0,8232.25,7993.1
2019-09-06 22:30:00,0,8044.63,8041.11
2019-09-06 23:00:00,0,8030.71,7917.9
2019-09-06 23:30:00,0,7848.43,7851.64
2019-09-07 00:00:00,0,7657.28,7769.19
2019-09-07 00:30:00,0,7542.03,7654.75
2019-09-07 01:00:00,0,7354.73,7498.45
2019-09-07 01:30:00,0,7118.31,7324.27
2019-09-07 02:00:00,0,6940.52,7074.28
2019-09-07 02:30:00,0,6743.35,6805.15
2019-09-07 03:00:00,0,6521.55,6526.66
2019-09-07 03:30:00,0,6336.07,6340.48
2019-09-07 04:00:00,0,6220.11,6200.69
2019-09-07 12:30:00,0,6381.88,6540.52
2019-09-07 13:00:00,0,6320.0,6523.97
2019-09-07 13:30:00,0,6188.12,6519.4
2019-09-07 14:00:00,0,6228.41,6554.64
2019-09-07 14:30:00,0,6190.88,6646.17
2019-09-07 15:00:00,0,6299.08,6788.57
2019-09-07 15:30:00,0,6419.88,6954.0
2019-09-07 16:00:00,0,6644.23,7211.96
2019-09-07 16:30:00,0,6949.49,7516.45
2019-09-07 17:00:00,0,7241.76,7834.69
2019-09-07 17:30:00,0,7639.49,8063.99
2019-09-07 18:00:00,0,8009.13,8512.67
2019-09-07 18:30:00,0,8606.11,8932.95
2019-09-07 19:00:00,0,9135.65,8933.19
2019-09-07 19:30:00,0,9178.66,8841.09
2019-09-07 20:00:00,0,9012.44,8689.76
2019-09-07 20:30:00,0,8846.62,8580.8
2019-09-07 21:00:00,0,8721.05,8445.53
2019-09-07 21:30:00,0,8581.11,8318.89
2019-09-07 22:00:00,0,8450.14,8154.69
2019-09-07 22:30:00,0,8147.73,8011.43
2019-09-07 23:00:00,0,8014.74,7878.64
2019-09-07 23:30:00,0,7710.04,7771.88
2019-09-08 00:00:00,0,7630.03,7617.65
2019-09-08 00:30:00,0,7467.53,7424.22
2019-09-08 01:00:00,0,7265.42,7219.3
2019-09-08 01:30:00,0,7074.12,7035.3
2019-09-08 02:00:00,0,6870.59,6815.63
2019-09-08 02:30:00,0,6753.36,6605.29
2019-09-08 03:00:00,0,6486.11,6422.11
2019-09-08 03:30:00,0,6372.36,6316.5
2019-09-08 04:00:00,0,6284.19,6238.83
2019-09-08 12:30:00,0,7374.37,6561.84
2019-09-08 13:00:00,0,7350.75,6528.47
2019-09-08 13:30:00,0,7397.83,6469.49
2019-09-08 14:00:00,0,7441.93,6493.91
2019-09-08 14:30:00,0,7538.35,6590.01
2019-09-08 15:00:00,0,7717.28,6730.59
2019-09-08 15:30:00,0,7883.2,6964.09
2019-09-08 16:00:00,0,7947.11,7248.45
2019-09-08 16:30:00,0,8171.06,7591.68
2019-09-08 17:00:00,0,8559.49,7934.6
2019-09-08 17:30:00,0,8997.47,8216.84
2019-09-08 18:00:00,0,9559.01,8743.93
2019-09-08 18:30:00,0,10150.68,9218.14
2019-09-08 19:00:00,0,10633.88,9273.51
2019-09-08 19:30:00,0,10555.26,9147.52
2019-09-08 20:00:00,0,10277.72,8947.04
2019-09-08 20:30:00,0,10088.48,8855.66
2019-09-08 21:00:00,0,9824.92,8680.56
2019-09-08 21:30:00,0,9542.72,8463.18
2019-09-08 22:00:00,0,9229.83,8219.42
2019-09-08 22:30:00,0,8920.19,8009.01
2019-09-08 23:00:00,0,8822.77,7788.26
2019-09-08 23:30:00,0,8527.96,7631.14
2019-09-09 00:00:00,0,8438.71,7475.23
2019-09-09 00:30:00,0,8312.26,7304.46
2019-09-09 01:00:00,0,8143.47,7135.8
2019-09-09 01:30:00,0,7955.22,6958.73
2019-09-09 02:00:00,0,7739.07,6787.36
2019-09-09 02:30:00,0,7513.97,6553.46
2019-09-09 03:00:00,0,7299.22,6397.81
2019-09-09 03:30:00,0,7066.95,6300.01
2019-09-09 04:00:00,0,6858.35,6278.66
2019-09-09 12:30:00,0,7650.3,7654.57
2019-09-09 13:00:00,0,7595.22,7683.38
2019-09-09 13:30:00,0,7526.03,7687.27
2019-09-09 14:00:00,0,7456.84,7697.79
2019-09-09 14:30:00,0,7465.64,7733.39
2019-09-09 15:00:00,0,7498.63,7817.19
2019-09-09 15:30:00,0,7534.47,7933.61
2019-09-09 16:00:00,0,7629.21,8184.24
2019-09-09 16:30:00,0,7916.85,8534.65
2019-09-09 17:00:00,0,8153.64,8947.02
2019-09-09 17:30:00,0,8581.78,9426.03
2019-09-09 18:00:00,0,9035.89,10067.87
2019-09-09 18:30:00,0,9700.75,10494.33
2019-09-09 19:00:00,0,10310.16,10565.65
2019-09-09 19:30:00,0,10404.39,10369.86
2019-09-09 20:00:00,0,10241.94,10155.01
2019-09-09 20:30:00,0,10049.41,9980.86
2019-09-09 21:00:00,0,9905.63,9750.16
2019-09-09 21:30:00,0,9686.84,9444.58
2019-09-09 22:00:00,0,9389.45,9123.98
2019-09-09 22:30:00,0,9095.43,8884.32
2019-09-09 23:00:00,0,8919.97,8586.09
2019-09-09 23:30:00,0,8610.86,8395.15
2019-09-10 00:00:00,0,8463.85,8257.33
2019-09-10 00:30:00,0,8294.21,8104.26
2019-09-10 01:00:00,0,8155.76,7934.4
2019-09-10 01:30:00,0,8049.41,7731.05
2019-09-10 02:00:00,0,7869.37,7526.29
2019-09-10 02:30:00,0,7657.7,7224.36
2019-09-10 03:00:00,0,7414.52,6993.0
2019-09-10 03:30:00,0,7143.19,6823.08
2019-09-10 04:00:00,0,7016.23,6736.19
2019-09-10 12:30:00,0,7116.46,7704.34
2019-09-10 13:00:00,0,6991.34,7673.59
2019-09-10 13:30:00,0,6899.68,7630.39
2019-09-10 14:00:00,0,6908.61,7611.24
2019-09-10 14:30:00,0,6927.4,7629.58
2019-09-10 15:00:00,0,6968.58,7696.97
2019-09-10 15:30:00,0,7043.01,7826.01
2019-09-10 16:00:00,0,7105.51,8074.76
2019-09-10 16:30:00,0,7376.27,8420.36
2019-09-10 17:00:00,0,7644.66,8795.43
2019-09-10 17:30:00,0,8032.4,9243.8
2019-09-10 18:00:00,0,8425.9,9842.12
2019-09-10 18:30:00,0,8930.81,10280.16
2019-09-10 19:00:00,0,9426.24,10373.63
2019-09-10 19:30:00,0,9501.1,10232.64
2019-09-10 20:00:00,0,9410.27,10040.65
2019-09-10 20:30:00,0,9280.3,9865.53
2019-09-10 21:00:00,0,9154.13,9644.68
2019-09-10 21:30:00,0,8993.11,9350.42
2019-09-10 22:00:00,0,8793.16,9037.62
2019-09-10 22:30:00,0,8552.08,8837.42
2019-09-10 23:00:00,0,8510.55,8588.1
2019-09-10 23:30:00,0,8253.13,8413.5
2019-09-11 00:00:00,0,8114.41,8267.08
2019-09-11 00:30:00,0,8067.25,8096.07
2019-09-11 01:00:00,0,7912.37,7914.82
2019-09-11 01:30:00,0,7748.47,7700.84
2019-09-11 02:00:00,0,7553.1,7481.8
2019-09-11 02:30:00,0,7352.46,7180.99
2019-09-11 03:00:00,0,7017.5,6939.11
2019-09-11 03:30:00,0,6847.39,6768.82
2019-09-11 04:00:00,0,6676.61,6683.45
2019-09-11 12:30:00,0,7201.64,7210.6
2019-09-11 13:00:00,0,7104.28,7161.32
2019-09-11 13:30:00,0,7105.71,7129.23
2019-09-11 14:00:00,0,7189.02,7137.18
2019-09-11 14:30:00,0,7221.38,7174.65
2019-09-11 15:00:00,0,7346.38,7261.99
2019-09-11 15:30:00,0,7489.66,7391.69
2019-09-11 16:00:00,0,7579.48,7614.25
2019-09-11 16:30:00,0,7801.54,7866.6
2019-09-11 17:00:00,0,7947.32,8164.38
2019-09-11 17:30:00,0,8170.12,8622.64
2019-09-11 18:00:00,0,8464.21,9175.61
2019-09-11 18:30:00,0,8938.6,9537.08
2019-09-11 19:00:00,0,9287.18,9601.93
2019-09-11 19:30:00,0,9333.12,9414.26
2019-09-11 20:00:00,0,9132.55,9254.46
2019-09-11 20:30:00,0,9032.41,9112.15
2019-09-11 21:00:00,0,8940.8,8934.0
2019-09-11 21:30:00,0,8759.01,8723.84
2019-09-11 22:00:00,0,8514.4,8490.31
2019-09-11 22:30:00,0,8356.66,8382.58
2019-09-11 23:00:00,0,8284.08,8192.26
2019-09-11 23:30:00,0,8127.85,8072.62
2019-09-12 00:00:00,0,8030.43,7967.61
2019-09-12 00:30:00,0,7975.22,7824.22
2019-09-12 01:00:00,0,7817.82,7667.45
2019-09-12 01:30:00,0,7647.63,7466.34
2019-09-12 02:00:00,0,7454.96,7244.19
2019-09-12 02:30:00,0,7265.22,6932.2
2019-09-12 03:00:00,0,6988.87,6664.66
2019-09-12 03:30:00,0,6756.89,6487.84
2019-09-12 04:00:00,0,6660.65,6403.95
2019-09-12 12:30:00,0,7024.12,6881.97
2019-09-12 13:00:00,0,6971.32,6879.32
2019-09-12 13:30:00,0,6879.48,6924.83
2019-09-12 14:00:00,0,6822.38,6963.38
2019-09-12 14:30:00,0,6788.55,7045.12
2019-09-12 15:00:00,0,6772.24,7126.99
2019-09-12 15:30:00,0,6825.58,7246.46
2019-09-12 16:00:00,0,6974.99,7442.46
2019-09-12 16:30:00,0,7232.93,7655.03
2019-09-12 17:00:00,0,7470.79,7879.91
2019-09-12 17:30:00,0,7781.17,8113.11
2019-09-12 18:00:00,0,8036.41,8540.15
2019-09-12 18:30:00,0,8350.4,8971.36
2019-09-12 19:00:00,0,8752.1,9045.78
2019-09-12 19:30:00,0,8713.81,8864.06
2019-09-12 20:00:00,0,8556.9,8697.7
2019-09-12 20:30:00,0,8360.93,8530.6
2019-09-12 21:00:00,0,8305.12,8406.83
2019-09-12 21:30:00,0,8154.56,8215.4
2019-09-12 22:00:00,0,8067.28,8040.15
2019-09-12 22:30:00,0,7958.44,8018.08
2019-09-12 23:00:00,0,7978.77,7868.76
2019-09-12 23:30:00,0,7822.07,7782.11
2019-09-13 00:00:00,0,7791.94,7710.4
2019-09-13 00:30:00,0,7724.83,7589.63
2019-09-13 01:00:00,0,7541.14,7437.76
2019-09-13 01:30:00,0,7371.44,7259.65
2019-09-13 02:00:00,0,7169.22,7057.73
2019-09-13 02:30:00,0,6984.79,6805.21
2019-09-13 03:00:00,0,6711.37,6597.29
2019-09-13 03:30:00,0,6502.07,6448.7
2019-09-13 04:00:00,0,6403.09,6381.05
2019-09-13 12:30:00,0,6344.46,6946.54
2019-09-13 13:00:00,0,6314.12,6877.5
2019-09-13 13:30:00,0,6237.21,6787.72
2019-09-13 14:00:00,0,6186.62,6774.02
2019-09-13 14:30:00,0,6169.2,6782.88
2019-09-13 15:00:00,0,6169.62,6867.3
2019-09-13 15:30:00,0,6282.28,6977.6
2019-09-13 16:00:00,0,6403.53,7177.62
2019-09-13 16:30:00,0,6654.47,7407.97
2019-09-13 17:00:00,0,6882.04,7664.64
2019-09-13 17:30:00,0,7220.62,8033.49
2019-09-13 18:00:00,0,7482.78,8465.16
2019-09-13 18:30:00,0,7937.58,8802.23
2019-09-13 19:00:00,0,8314.05,8883.63
2019-09-13 19:30:00,0,8366.86,8702.14
2019-09-13 20:00:00,0,8234.01,8552.18
2019-09-13 20:30:00,0,8076.16,8434.32
2019-09-13 21:00:00,0,8035.84,8312.93
2019-09-13 21:30:00,0,7971.12,8208.35
2019-09-13 22:00:00,0,7879.33,8082.41
2019-09-13 22:30:00,0,7726.35,8054.25
2019-09-13 23:00:00,0,7731.79,7926.84
2019-09-13 23:30:00,0,7540.94,7822.77
2019-09-14 00:00:00,0,7515.62,7746.17
2019-09-14 00:30:00,0,7400.87,7625.89
2019-09-14 01:00:00,0,7215.32,7469.77
2019-09-14 01:30:00,0,7093.69,7280.74
2019-09-14 02:00:00,0,6894.65,7043.34
2019-09-14 02:30:00,0,6740.4,6777.76
2019-09-14 03:00:00,0,6491.42,6538.8
2019-09-14 03:30:00,0,6323.81,6370.12
2019-09-14 04:00:00,0,6158.0,6256.58
2019-09-14 12:30:00,0,6163.25,6202.69
2019-09-14 13:00:00,0,6076.11,6151.11
2019-09-14 13:30:00,0,6021.47,6117.64
2019-09-14 14:00:00,0,5990.73,6129.33
2019-09-14 14:30:00,0,6048.69,6155.95
2019-09-14 15:00:00,0,6109.32,6250.39
2019-09-14 15:30:00,0,6213.9,6469.47
2019-09-14 16:00:00,0,6404.51,6679.03
2019-09-14 16:30:00,0,6626.43,6879.23
2019-09-14 17:00:00,0,6856.32,7188.03
2019-09-14 17:30:00,0,7081.7,7496.6
2019-09-14 18:00:00,0,7351.01,7950.36
2019-09-14 18:30:00,0,7672.35,8295.34
2019-09-14 19:00:00,0,8096.11,8374.89
2019-09-14 19:30:00,0,8132.59,8206.07
2019-09-14 20:00:00,0,7962.91,8078.35
2019-09-14 20:30:00,0,7770.93,7981.14
2019-09-14 21:00:00,0,7637.43,7907.59
2019-09-14 21:30:00,0,7464.67,7820.58
2019-09-14 22:00:00,0,7309.28,7726.27
2019-09-14 22:30:00,0,7148.75,7698.91
2019-09-14 23:00:00,0,7089.47,7602.74
2019-09-14 23:30:00,0,6844.85,7523.05
2019-09-15 00:00:00,0,6879.7,7400.38
2019-09-15 00:30:00,0,6796.15,7231.66
2019-09-15 01:00:00,0,6664.61,7075.16
2019-09-15 01:30:00,0,6550.71,6910.26
2019-09-15 02:00:00,0,6421.06,6722.58
2019-09-15 02:30:00,0,6292.05,6474.0
2019-09-15 03:00:00,0,6015.81,6268.28
2019-09-15 03:30:00,0,5879.83,6163.62
2019-09-15 04:00:00,0,5761.8,6086.26
2019-09-15 12:30:00,0,7335.03,5843.85
2019-09-15 13:00:00,0,7370.33,5787.34
2019-09-15 13:30:00,0,7414.1,5850.95
2019-09-15 14:00:00,0,7436.86,5877.7
2019-09-15 14:30:00,0,7569.33,5994.22
2019-09-15 15:00:00,0,7645.06,6114.76
2019-09-15 15:30:00,0,7639.02,6306.96
2019-09-15 16:00:00,0,7718.38,6568.38
2019-09-15 16:30:00,0,7932.72,6917.15
2019-09-15 17:00:00,0,8143.2,7205.11
2019-09-15 17:30:00,0,8388.78,7426.97
2019-09-15 18:00:00,0,8632.51,7847.45
2019-09-15 18:30:00,0,9055.47,8274.38
2019-09-15 19:00:00,0,9267.99,8324.19
2019-09-15 19:30:00,0,9163.96,8198.24
2019-09-15 20:00:00,0,8810.43,7989.31
2019-09-15 20:30:00,0,8576.37,7908.41
2019-09-15 21:00:00,0,8314.74,7762.03
2019-09-15 21:30:00,0,8203.35,7568.45
2019-09-15 22:00:00,0,8002.94,7429.37
2019-09-15 22:30:00,0,7800.35,7371.14
2019-09-15 23:00:00,0,7821.73,7220.08
2019-09-15 23:30:00,0,7621.29,7108.5
2019-09-16 00:00:00,0,7590.19,6991.79
2019-09-16 00:30:00,0,7486.83,6828.77
2019-09-16 01:00:00,0,7388.19,6683.21
2019-09-16 01:30:00,0,7268.54,6537.13
2019-09-16 02:00:00,0,7128.84,6389.31
2019-09-16 02:30:00,0,6919.69,6170.06
2019-09-16 03:00:00,0,6642.58,6006.92
2019-09-16 03:30:00,0,6439.73,5915.89
2019-09-16 04:00:00,0,6298.75,5875.48
2019-09-16 12:30:00,0,8988.21,7339.72
2019-09-16 13:00:00,0,9034.27,7414.65
2019-09-16 13:30:00,0,9066.39,7450.82
2019-09-16 14:00:00,0,9073.99,7536.0
2019-09-16 14:30:00,0,9076.48,7577.31
2019-09-16 15:00:00,0,9054.48,7651.86
2019-09-16 15:30:00,0,9080.35,7720.87
2019-09-16 16:00:00,0,9143.2,7841.4
2019-09-16 16:30:00,0,9339.68,7988.6
2019-09-16 17:00:00,0,9602.44,8108.0
2019-09-16 17:30:00,0,9910.79,8354.67
2019-09-16 18:00:00,0,10174.08,8612.1
2019-09-16 18:30:00,0,10589.31,8921.06
2019-09-16 19:00:00,0,10887.57,8981.03
2019-09-16 19:30:00,0,10702.23,8842.89
2019-09-16 20:00:00,0,10439.0,8648.3
2019-09-16 20:30:00,0,10154.5,8446.01
2019-09-16 21:00:00,0,9834.69,8308.19
2019-09-16 21:30:00,0,9560.53,8126.02
2019-09-16 22:00:00,0,9190.97,7942.09
2019-09-16 22:30:00,0,8826.39,7926.9
2019-09-16 23:00:00,0,8662.95,7767.53
2019-09-16 23:30:00,0,8327.74,7672.2
2019-09-17 00:00:00,0,8144.96,7593.05
2019-09-17 00:30:00,0,8015.7,7488.41
2019-09-17 01:00:00,0,7848.6,7354.41
2019-09-17 01:30:00,0,7699.62,7201.11
2019-09-17 02:00:00,0,7525.4,7022.63
2019-09-17 02:30:00,0,6993.88,6763.39
2019-09-17 03:00:00,0,6750.31,6537.51
2019-09-17 03:30:00,0,6497.57,6403.15
2019-09-17 04:00:00,0,6240.05,6326.61
2019-09-17 12:30:00,0,8126.0,8091.81
2019-09-17 13:00:00,0,8163.65,8079.64
2019-09-17 13:30:00,0,8131.82,8132.86
2019-09-17 14:00:00,0,8115.55,8132.56
2019-09-17 14:30:00,0,8099.0,8193.42
2019-09-17 15:00:00,0,8096.49,8305.34
2019-09-17 15:30:00,0,8081.2,8413.94
2019-09-17 16:00:00,0,8155.09,8619.54
2019-09-17 16:30:00,0,8351.11,8905.73
2019-09-17 17:00:00,0,8574.44,9238.06
2019-09-17 17:30:00,0,8864.84,9623.39
2019-09-17 18:00:00,0,9157.25,9990.38
2019-09-17 18:30:00,0,9598.92,10346.66
2019-09-17 19:00:00,0,9883.59,10432.93
2019-09-17 19:30:00,0,9888.51,10205.82
2019-09-17 20:00:00,0,9672.98,9962.99
2019-09-17 20:30:00,0,9466.63,9753.35
2019-09-17 21:00:00,0,9253.74,9467.21
2019-09-17 21:30:00,0,8994.21,9153.18
2019-09-17 22:00:00,0,8731.49,8845.47
2019-09-17 22:30:00,0,8465.6,8643.84
2019-09-17 23:00:00,0,8405.62,8386.89
2019-09-17 23:30:00,0,8128.81,8217.4
2019-09-18 00:00:00,0,7954.81,8085.47
2019-09-18 00:30:00,0,7862.81,7924.8
2019-09-18 01:00:00,0,7655.04,7741.35
2019-09-18 01:30:00,0,7472.32,7532.23
2019-09-18 02:00:00,0,7269.8,7306.36
2019-09-18 02:30:00,0,7057.92,7007.66
2019-09-18 03:00:00,0,6749.55,6751.93
2019-09-18 03:30:00,0,6498.14,6574.86
2019-09-18 04:00:00,0,6366.26,6481.88
2019-09-18 12:30:00,0,7512.49,7954.13
2019-09-18 13:00:00,0,7463.17,7954.84
2019-09-18 13:30:00,0,7397.89,7934.61
2019-09-18 14:00:00,0,7374.95,7962.26
2019-09-18 14:30:00,0,7378.21,7972.5
2019-09-18 15:00:00,0,7409.27,8066.71
2019-09-18 15:30:00,0,7484.46,8157.93
2019-09-18 16:00:00,0,7534.11,8362.16
2019-09-18 16:30:00,0,7751.73,8586.42
2019-09-18 17:00:00,0,7969.52,8832.67
2019-09-18 17:30:00,0,8157.5,9114.64
2019-09-18 18:00:00,0,8415.19,9419.57
2019-09-18 18:30:00,0,8783.89,9714.24
2019-09-18 19:00:00,0,9175.3,9751.92
2019-09-18 19:30:00,0,9213.42,9534.34
2019-09-18 20:00:00,0,9039.24,9287.56
2019-09-18 20:30:00,0,8783.15,9080.64
2019-09-18 21:00:00,0,8650.25,8868.45
2019-09-18 21:30:00,0,8510.72,8628.29
2019-09-18 22:00:00,0,8290.66,8382.97
2019-09-18 22:30:00,0,8129.25,8260.34
2019-09-18 23:00:00,0,8069.95,8073.75
2019-09-18 23:30:00,0,7902.11,7943.49
2019-09-19 00:00:00,0,7783.48,7827.53
2019-09-19 00:30:00,0,7728.78,7684.75
2019-09-19 01:00:00,0,7563.02,7511.01
2019-09-19 01:30:00,0,7361.43,7324.25
2019-09-19 02:00:00,0,7139.54,7116.76
2019-09-19 02:30:00,0,6911.76,6827.61
2019-09-19 03:00:00,0,6652.46,6592.95
2019-09-19 03:30:00,0,6429.27,6426.83
2019-09-19 04:00:00,0,6278.83,6324.7
2019-09-19 12:30:00,0,7215.89,7320.18
2019-09-19 13:00:00,0,7244.68,7327.02
2019-09-19 13:30:00,0,7201.48,7303.73
2019-09-19 14:00:00,0,7136.77,7351.95
2019-09-19 14:30:00,0,7142.51,7358.77
2019-09-19 15:00:00,0,7183.39,7435.02
2019-09-19 15:30:00,0,7273.62,7506.25
2019-09-19 16:00:00,0,7383.68,7655.01
2019-09-19 16:30:00,0,7552.34,7819.8
2019-09-19 17:00:00,0,7726.09,8018.16
2019-09-19 17:30:00,0,7973.74,8262.31
2019-09-19 18:00:00,0,8154.47,8620.54
2019-09-19 18:30:00,0,8402.95,8972.98
2019-09-19 19:00:00,0,8620.86,9072.12
2019-09-19 19:30:00,0,8535.55,8895.8
2019-09-19 20:00:00,0,8381.02,8710.72
2019-09-19 20:30:00,0,8186.26,8517.25
2019-09-19 21:00:00,0,8024.42,8373.98
2019-09-19 21:30:00,0,7903.9,8128.42
2019-09-19 22:00:00,0,7794.9,7933.9
2019-09-19 22:30:00,0,7604.9,7836.45
2019-09-19 23:00:00,0,7698.39,7727.26
2019-09-19 23:30:00,0,7502.54,7661.47
2019-09-20 00:00:00,0,7453.21,7576.99
2019-09-20 00:30:00,0,7450.62,7452.76
2019-09-20 01:00:00,0,7250.12,7299.64
2019-09-20 01:30:00,0,7053.56,7115.79
2019-09-20 02:00:00,0,6879.93,6896.1
2019-09-20 02:30:00,0,6667.31,6615.23
2019-09-20 03:00:00,0,6373.12,6392.97
2019-09-20 03:30:00,0,6219.45,6248.42
2019-09-20 04:00:00,0,6023.05,6192.45
2019-09-20 12:30:00,0,6641.58,7191.07
2019-09-20 13:00:00,0,6573.95,7195.18
2019-09-20 13:30:00,0,6509.21,7172.53
2019-09-20 14:00:00,0,6539.07,7220.57
2019-09-20 14:30:00,0,6603.66,7260.17
2019-09-20 15:00:00,0,6711.7,7340.22
2019-09-20 15:30:00,0,6888.38,7433.62
2019-09-20 16:00:00,0,6961.62,7593.38
2019-09-20 16:30:00,0,7038.62,7747.3
2019-09-20 17:00:00,0,7226.51,7888.88
2019-09-20 17:30:00,0,7430.1,7994.72
2019-09-20 18:00:00,0,7544.07,8226.57
2019-09-20 18:30:00,0,7878.49,8517.06
2019-09-20 19:00:00,0,8118.7,8561.38
2019-09-20 19:30:00,0,8074.03,8422.11
2019-09-20 20:00:00,0,7809.58,8217.57
2019-09-20 20:30:00,0,7686.7,8064.94
2019-09-20 21:00:00,0,7536.31,7932.29
2019-09-20 21:30:00,0,7420.93,7759.39
2019-09-20 22:00:00,0,7341.54,7635.05
2019-09-20 22:30:00,0,7246.81,7594.08
2019-09-20 23:00:00,0,7277.53,7516.04
2019-09-20 23:30:00,0,7148.55,7464.94
2019-09-21 00:00:00,0,7089.33,7386.49
2019-09-21 00:30:00,0,6963.79,7266.49
2019-09-21 01:00:00,0,6760.78,7120.17
2019-09-21 01:30:00,0,6608.52,6944.33
2019-09-21 02:00:00,0,6384.16,6739.55
2019-09-21 02:30:00,0,6218.47,6457.76
2019-09-21 03:00:00,0,6015.96,6215.64
2019-09-21 03:30:00,0,5859.28,6049.59
2019-09-21 04:00:00,0,5737.13,5948.66
2019-09-21 12:30:00,0,6144.57,6711.48
2019-09-21 13:00:00,0,6105.11,6719.69
2019-09-21 13:30:00,0,6031.62,6716.36
2019-09-21 14:00:00,0,6017.24,6740.5
2019-09-21 14:30:00,0,6071.06,6816.45
2019-09-21 15:00:00,0,6133.76,6901.31
2019-09-21 15:30:00,0,6237.3,6996.16
2019-09-21 16:00:00,0,6370.08,7104.59
2019-09-21 16:30:00,0,6546.88,7245.96
2019-09-21 17:00:00,0,6865.21,7361.2
2019-09-21 17:30:00,0,7065.28,7389.38
2019-09-21 18:00:00,0,7376.02,7614.0
2019-09-21 18:30:00,0,7775.39,7945.24
2019-09-21 19:00:00,0,8196.81,8015.92
2019-09-21 19:30:00,0,8278.69,7938.02
2019-09-21 20:00:00,0,8095.14,7771.14
2019-09-21 20:30:00,0,7879.69,7658.84
2019-09-21 21:00:00,0,7765.83,7552.67
2019-09-21 21:30:00,0,7616.36,7421.65
2019-09-21 22:00:00,0,7442.53,7327.92
2019-09-21 22:30:00,0,7270.4,7269.59
2019-09-21 23:00:00,0,7251.47,7170.63
2019-09-21 23:30:00,0,7080.86,7119.95
2019-09-22 00:00:00,0,7063.33,7028.16
2019-09-22 00:30:00,0,6886.8,6932.97
2019-09-22 01:00:00,0,6720.56,6799.62
2019-09-22 01:30:00,0,6587.36,6618.47
2019-09-22 02:00:00,0,6441.13,6453.28
2019-09-22 02:30:00,0,6288.23,6201.92
2019-09-22 03:00:00,0,6077.85,6001.91
2019-09-22 03:30:00,0,5909.55,5885.91
2019-09-22 04:00:00,0,5884.26,5811.49
2019-09-22 12:30:00,0,6959.74,6021.92
2019-09-22 13:00:00,0,6963.09,5957.58
2019-09-22 13:30:00,0,6971.18,5940.44
2019-09-22 14:00:00,0,7006.16,5964.79
2019-09-22 14:30:00,0,6971.53,6012.23
2019-09-22 15:00:00,0,7039.81,6104.2
2019-09-22 15:30:00,0,7092.26,6245.85
2019-09-22 16:00:00,0,7149.29,6453.66
2019-09-22 16:30:00,0,7342.74,6703.18
2019-09-22 17:00:00,0,7578.82,6983.19
2019-09-22 17:30:00,0,7864.78,7227.49
2019-09-22 18:00:00,0,8184.96,7622.18
2019-09-22 18:30:00,0,8655.91,8042.57
2019-09-22 19:00:00,0,9072.29,8187.93
2019-09-22 19:30:00,0,9196.73,8090.08
2019-09-22 20:00:00,0,8978.6,7908.72
2019-09-22 20:30:00,0,8779.66,7803.06
2019-09-22 21:00:00,0,8575.85,7679.18
2019-09-22 21:30:00,0,8483.87,7515.45
2019-09-22 22:00:00,0,8257.26,7360.38
2019-09-22 22:30:00,0,8018.17,7236.82
2019-09-22 23:00:00,0,8049.77,7129.96
2019-09-22 23:30:00,0,7824.16,7029.74
2019-09-23 00:00:00,0,7786.06,6923.5
2019-09-23 00:30:00,0,7664.89,6776.51
2019-09-23 01:00:00,0,7537.36,6625.45
2019-09-23 01:30:00,0,7374.05,6456.32
2019-09-23 02:00:00,0,7196.09,6354.53
2019-09-23 02:30:00,0,6947.54,6161.1
2019-09-23 03:00:00,0,6700.1,6039.38
2019-09-23 03:30:00,0,6542.15,5972.67
2019-09-23 04:00:00,0,6374.84,5954.48
2019-09-23 12:30:00,0,6710.08,6788.6
2019-09-23 13:00:00,0,6611.68,6816.57
2019-09-23 13:30:00,0,6595.23,6817.85
2019-09-23 14:00:00,0,6630.68,6873.36
2019-09-23 14:30:00,0,6623.95,6931.14
2019-09-23 15:00:00,0,6680.85,7045.09
2019-09-23 15:30:00,0,6805.26,7178.64
2019-09-23 16:00:00,0,6913.74,7386.1
2019-09-23 16:30:00,0,7186.31,7657.74
2019-09-23 17:00:00,0,7380.98,7952.29
2019-09-23 17:30:00,0,7701.69,8278.7
2019-09-23 18:00:00,0,8052.78,8681.44
2019-09-23 18:30:00,0,8542.49,9033.01
2019-09-23 19:00:00,0,8884.93,9149.23
2019-09-23 19:30:00,0,9076.38,9055.23
2019-09-23 20:00:00,0,8848.64,8891.84
2019-09-23 20:30:00,0,8678.19,8744.58
2019-09-23 21:00:00,0,8548.86,8593.88
2019-09-23 21:30:00,0,8440.19,8405.08
2019-09-23 22:00:00,0,8307.09,8204.19
2019-09-23 22:30:00,0,8070.62,8133.77
2019-09-23 23:00:00,0,8039.28,7956.15
2019-09-23 23:30:00,0,7863.87,7848.58
2019-09-24 00:00:00,0,7743.64,7752.02
2019-09-24 00:30:00,0,7620.2,7620.42
2019-09-24 01:00:00,0,7529.62,7445.28
2019-09-24 01:30:00,0,7351.45,7259.7
2019-09-24 02:00:00,0,7190.39,7062.02
2019-09-24 02:30:00,0,6915.15,6787.76
2019-09-24 03:00:00,0,6719.85,6565.23
2019-09-24 03:30:00,0,6484.14,6419.18
2019-09-24 04:00:00,0,6353.94,6344.07
2019-09-24 12:30:00,0,6843.63,6709.1
2019-09-24 13:00:00,0,6844.85,6702.06
2019-09-24 13:30:00,0,6830.31,6698.69
2019-09-24 14:00:00,0,6847.42,6749.06
2019-09-24 14:30:00,0,6896.86,6796.58
2019-09-24 15:00:00,0,6966.59,6919.83
2019-09-24 15:30:00,0,7067.93,7090.73
2019-09-24 16:00:00,0,7172.47,7331.51
2019-09-24 16:30:00,0,7440.92,7651.45
2019-09-24 17:00:00,0,7682.86,7994.75
2019-09-24 17:30:00,0,7931.04,8442.67
2019-09-24 18:00:00,0,8122.78,8874.86
2019-09-24 18:30:00,0,8545.65,9200.32
2019-09-24 19:00:00,0,8945.0,9306.42
2019-09-24 19:30:00,0,8996.85,9147.34
2019-09-24 20:00:00,0,8803.51,8980.61
2019-09-24 20:30:00,0,8679.0,8854.31
2019-09-24 21:00:00,0,8518.25,8694.39
2019-09-24 21:30:00,0,8354.0,8494.23
2019-09-24 22:00:00,0,8137.67,8282.89
2019-09-24 22:30:00,0,7905.88,8154.7
2019-09-24 23:00:00,0,7949.22,8013.18
2019-09-24 23:30:00,0,7746.03,7913.21
2019-09-25 00:00:00,0,7675.94,7814.62
2019-09-25 00:30:00,0,7595.84,7679.06
2019-09-25 01:00:00,0,7484.42,7524.71
2019-09-25 01:30:00,0,7295.94,7323.93
2019-09-25 02:00:00,0,7178.38,7103.07
2019-09-25 02:30:00,0,6963.15,6823.65
2019-09-25 03:00:00,0,6671.46,6603.45
2019-09-25 03:30:00,0,6486.17,6462.65
2019-09-25 04:00:00,0,6343.18,6399.76
2019-09-25 12:30:00,0,7053.91,7074.06
2019-09-25 13:00:00,0,7060.31,7111.23
2019-09-25 13:30:00,0,7039.25,7114.02
2019-09-25 14:00:00,0,6982.37,7147.4
2019-09-25 14:30:00,0,7035.39,7178.1
2019-09-25 15:00:00,0,7094.28,7285.92
2019-09-25 15:30:00,0,7172.75,7410.87
2019-09-25 16:00:00,0,7218.34,7602.68
2019-09-25 16:30:00,0,7417.55,7863.66
2019-09-25 17:00:00,0,7650.6,8135.28
2019-09-25 17:30:00,0,7930.09,8483.89
2019-09-25 18:00:00,0,8195.21,8882.78
2019-09-25 18:30:00,0,8572.85,9177.92
2019-09-25 19:00:00,0,8920.85,9278.09
2019-09-25 19:30:00,0,9023.3,9083.79
2019-09-25 20:00:00,0,8819.14,8871.63
2019-09-25 20:30:00,0,8612.56,8681.32
2019-09-25 21:00:00,0,8513.01,8508.31
2019-09-25 21:30:00,0,8383.53,8309.14
2019-09-25 22:00:00,0,8231.79,8116.8
2019-09-25 22:30:00,0,8003.79,8039.24
2019-09-25 23:00:00,0,7997.58,7920.93
2019-09-25 23:30:00,0,7777.04,7809.33
2019-09-26 00:00:00,0,7652.44,7705.65
2019-09-26 00:30:00,0,7600.91,7560.42
2019-09-26 01:00:00,0,7442.61,7404.28
2019-09-26 01:30:00,0,7246.86,7202.59
2019-09-26 02:00:00,0,7069.9,6998.32
2019-09-26 02:30:00,0,6864.9,6722.35
2019-09-26 03:00:00,0,6532.74,6502.1
2019-09-26 03:30:00,0,6322.4,6376.43
2019-09-26 04:00:00,0,6248.76,6320.99
2019-09-26 12:30:00,0,6682.71,7240.02
2019-09-26 13:00:00,0,6694.99,7242.76
2019-09-26 13:30:00,0,6800.34,7223.87
2019-09-26 14:00:00,0,6784.23,7249.46
2019-09-26 14:30:00,0,6791.08,7243.28
2019-09-26 15:00:00,0,6888.44,7322.18
2019-09-26 15:30:00,0,7030.38,7415.97
2019-09-26 16:00:00,0,7083.44,7589.79
2019-09-26 16:30:00,0,7268.42,7805.65
2019-09-26 17:00:00,0,7481.44,8031.08
2019-09-26 17:30:00,0,7751.1,8330.87
2019-09-26 18:00:00,0,7919.71,8650.54
2019-09-26 18:30:00,0,8223.1,8966.77
2019-09-26 19:00:00,0,8467.18,9095.2
2019-09-26 19:30:00,0,8471.28,8912.62
2019-09-26 20:00:00,0,8244.75,8716.64
2019-09-26 20:30:00,0,8065.47,8523.36
2019-09-26 21:00:00,0,7871.17,8360.78
2019-09-26 21:30:00,0,7771.41,8132.88
2019-09-26 22:00:00,0,7627.83,7959.69
2019-09-26 22:30:00,0,7497.49,7907.91
2019-09-26 23:00:00,0,7613.21,7772.06
2019-09-26 23:30:00,0,7520.99,7677.7
2019-09-27 00:00:00,0,7440.21,7587.02
2019-09-27 00:30:00,0,7346.86,7436.16
2019-09-27 01:00:00,0,7219.7,7258.85
2019-09-27 01:30:00,0,7035.79,7048.32
2019-09-27 02:00:00,0,6892.65,6857.91
2019-09-27 02:30:00,0,6615.5,6593.59
2019-09-27 03:00:00,0,6326.31,6366.52
2019-09-27 03:30:00,0,6146.94,6223.44
2019-09-27 04:00:00,0,6119.61,6166.47
2019-09-27 12:30:00,0,6144.13,6792.4
2019-09-27 13:00:00,0,6201.06,6816.02
2019-09-27 13:30:00,0,6169.38,6806.24
2019-09-27 14:00:00,0,6152.23,6861.17
2019-09-27 14:30:00,0,6099.52,6933.03
2019-09-27 15:00:00,0,6164.63,7038.37
2019-09-27 15:30:00,0,6208.46,7172.24
2019-09-27 16:00:00,0,6333.79,7353.47
2019-09-27 16:30:00,0,6572.77,7535.41
2019-09-27 17:00:00,0,6837.45,7674.95
2019-09-27 17:30:00,0,7098.84,7759.93
2019-09-27 18:00:00,0,7268.84,7972.23
2019-09-27 18:30:00,0,7741.45,8258.68
2019-09-27 19:00:00,0,8113.99,8359.61
2019-09-27 19:30:00,0,8208.14,8231.72
2019-09-27 20:00:00,0,8092.33,8042.98
2019-09-27 20:30:00,0,7932.32,7907.21
2019-09-27 21:00:00,0,7787.29,7786.21
2019-09-27 21:30:00,0,7661.32,7649.72
2019-09-27 22:00:00,0,7578.24,7542.53
2019-09-27 22:30:00,0,7506.51,7517.77
2019-09-27 23:00:00,0,7467.73,7476.31
2019-09-27 23:30:00,0,7325.46,7434.66
2019-09-28 00:00:00,0,7328.46,7357.08
2019-09-28 00:30:00,0,7221.52,7257.18
2019-09-28 01:00:00,0,7003.52,7122.26
2019-09-28 01:30:00,0,6859.61,6942.42
2019-09-28 02:00:00,0,6676.27,6735.91
2019-09-28 02:30:00,0,6519.47,6456.51
2019-09-28 03:00:00,0,6266.11,6241.66
2019-09-28 03:30:00,0,6125.44,6072.82
2019-09-28 04:00:00,0,6021.85,5983.27
2019-09-28 12:30:00,0,5941.21,6167.7
2019-09-28 13:00:00,0,5833.71,6123.27
2019-09-28 13:30:00,0,5795.17,6071.42
2019-09-28 14:00:00,0,5815.82,6089.76
2019-09-28 14:30:00,0,5811.6,6117.29
2019-09-28 15:00:00,0,5864.42,6225.78
2019-09-28 15:30:00,0,6035.02,6395.26
2019-09-28 16:00:00,0,6260.86,6609.8
2019-09-28 16:30:00,0,6485.53,6910.2
2019-09-28 17:00:00,0,6787.88,7203.8
2019-09-28 17:30:00,0,7106.36,7454.47
2019-09-28 18:00:00,0,7372.03,7793.31
2019-09-28 18:30:00,0,7717.57,8097.33
2019-09-28 19:00:00,0,8148.0,8203.83
2019-09-28 19:30:00,0,8280.08,8115.12
2019-09-28 20:00:00,0,8093.12,7954.58
2019-09-28 20:30:00,0,7888.82,7866.6
2019-09-28 21:00:00,0,7820.81,7757.67
2019-09-28 21:30:00,0,7678.71,7645.12
2019-09-28 22:00:00,0,7556.4,7534.94
2019-09-28 22:30:00,0,7355.26,7454.86
2019-09-28 23:00:00,0,7316.71,7340.25
2019-09-28 23:30:00,0,7131.51,7280.62
2019-09-29 00:00:00,0,7107.92,7168.0
2019-09-29 00:30:00,0,6990.48,7005.07
2019-09-29 01:00:00,0,6826.06,6824.99
2019-09-29 01:30:00,0,6746.02,6650.52
2019-09-29 02:00:00,0,6575.77,6472.37
2019-09-29 02:30:00,0,6428.95,6253.84
2019-09-29 03:00:00,0,6228.04,6074.19
2019-09-29 03:30:00,0,6110.45,5987.19
2019-09-29 04:00:00,0,6050.56,5932.26
2019-09-29 12:30:00,0,7463.67,5739.08
2019-09-29 13:00:00,0,7487.91,5690.8
2019-09-29 13:30:00,0,7498.98,5674.8
2019-09-29 14:00:00,0,7454.87,5700.09
2019-09-29 14:30:00,0,7518.98,5796.31
2019-09-29 15:00:00,0,7630.18,5900.86
2019-09-29 15:30:00,0,7643.71,6089.15
2019-09-29 16:00:00,0,7750.4,6317.35
2019-09-29 16:30:00,0,7791.29,6608.52
2019-09-29 17:00:00,0,7952.25,6935.45
2019-09-29 17:30:00,0,8218.38,7277.23
2019-09-29 18:00:00,0,8548.61,7683.54
2019-09-29 18:30:00,0,8918.39,8079.48
2019-09-29 19:00:00,0,9134.25,8218.54
2019-09-29 19:30:00,0,9177.25,8098.72
2019-09-29 20:00:00,0,8896.83,7910.47
2019-09-29 20:30:00,0,8679.83,7751.08
2019-09-29 21:00:00,0,8544.83,7620.24
2019-09-29 21:30:00,0,8334.67,7444.96
2019-09-29 22:00:00,0,8158.56,7292.9
2019-09-29 22:30:00,0,7996.46,7196.49
2019-09-29 23:00:00,0,7982.8,7079.12
2019-09-29 23:30:00,0,7726.33,6994.19
2019-09-30 00:00:00,0,7661.8,6913.89
2019-09-30 00:30:00,0,7590.0,6804.87
2019-09-30 01:00:00,0,7468.53,6706.59
2019-09-30 01:30:00,0,7308.0,6562.87
2019-09-30 02:00:00,0,7129.11,6428.63
2019-09-30 02:30:00,0,6913.5,6224.15
2019-09-30 03:00:00,0,6626.11,6068.38
2019-09-30 03:30:00,0,6465.77,5999.62
2019-09-30 04:00:00,0,6319.39,5967.43
2019-09-30 12:30:00,0,7247.5,7452.2
2019-09-30 13:00:00,0,7094.88,7481.54
2019-09-30 13:30:00,0,7023.0,7457.67
2019-09-30 14:00:00,0,6957.77,7484.07
2019-09-30 14:30:00,0,6997.28,7484.9
2019-09-30 15:00:00,0,7009.55,7544.63
2019-09-30 15:30:00,0,7148.78,7636.78
2019-09-30 16:00:00,0,7303.44,7834.53
2019-09-30 16:30:00,0,7461.86,8079.11
2019-09-30 17:00:00,0,7677.14,8339.81
2019-09-30 17:30:00,0,7898.84,8556.54
2019-09-30 18:00:00,0,8205.74,8887.74
2019-09-30 18:30:00,0,8507.57,9184.67
2019-09-30 19:00:00,0,8941.59,9266.94
2019-09-30 19:30:00,0,9045.13,9120.01
2019-09-30 20:00:00,0,8874.08,8899.74
2019-09-30 20:30:00,0,8635.0,8712.39
2019-09-30 21:00:00,0,8464.57,8525.31
2019-09-30 21:30:00,0,8339.46,8321.5
2019-09-30 22:00:00,0,8159.43,8122.61
2019-09-30 22:30:00,0,7998.2,8080.49
2019-09-30 23:00:00,0,7977.64,7912.5
2019-09-30 23:30:00,0,7838.19,7781.96
2019-10-01 00:00:00,0,7675.02,7690.45
2019-10-01 00:30:00,0,7630.57,7559.03
2019-10-01 01:00:00,0,7497.67,7396.04
2019-10-01 01:30:00,0,7313.73,7200.88
2019-10-01 02:00:00,0,7096.54,6993.82
2019-10-01 02:30:00,0,6904.99,6715.4
2019-10-01 03:00:00,0,6641.19,6491.66
2019-10-01 03:30:00,0,6448.28,6349.16
2019-10-01 04:00:00,0,6315.65,6272.1
2019-10-01 12:30:00,0,6663.46,7097.27
2019-10-01 13:00:00,0,6613.92,7105.96
2019-10-01 13:30:00,0,6703.69,7054.89
2019-10-01 14:00:00,0,6774.81,7087.86
2019-10-01 14:30:00,0,6902.73,7093.91
2019-10-01 15:00:00,0,6961.29,7181.45
2019-10-01 15:30:00,0,7120.48,7292.44
2019-10-01 16:00:00,0,7271.28,7458.86
2019-10-01 16:30:00,0,7452.67,7666.17
2019-10-01 17:00:00,0,7626.76,7914.87
2019-10-01 17:30:00,0,7895.95,8245.56
2019-10-01 18:00:00,0,8110.0,8561.08
2019-10-01 18:30:00,0,8377.57,8874.18
2019-10-01 19:00:00,0,8639.78,8996.7
2019-10-01 19:30:00,0,8697.39,8787.11
2019-10-01 20:00:00,0,8502.74,8592.11
2019-10-01 20:30:00,0,8286.6,8404.68
2019-10-01 21:00:00,0,8151.59,8230.49
2019-10-01 21:30:00,0,8026.36,8027.85
2019-10-01 22:00:00,0,7829.0,7855.85
2019-10-01 22:30:00,0,7678.75,7839.89
2019-10-01 23:00:00,0,7690.31,7712.05
2019-10-01 23:30:00,0,7556.83,7617.73
2019-10-02 00:00:00,0,7487.53,7545.98
2019-10-02 00:30:00,0,7443.73,7418.0
2019-10-02 01:00:00,0,7267.61,7254.37
2019-10-02 01:30:00,0,7120.74,7057.86
2019-10-02 02:00:00,0,6973.18,6842.86
2019-10-02 02:30:00,0,6743.86,6584.2
2019-10-02 03:00:00,0,6469.0,6372.21
2019-10-02 03:30:00,0,6272.0,6260.14
2019-10-02 04:00:00,0,6187.29,6196.16
2019-10-02 12:30:00,0,7031.26,6841.19
2019-10-02 13:00:00,0,7021.15,6878.03
2019-10-02 13:30:00,0,7081.51,6902.24
2019-10-02 14:00:00,0,7144.96,6976.13
2019-10-02 14:30:00,0,7275.51,7045.37
2019-10-02 15:00:00,0,7344.32,7158.03
2019-10-02 15:30:00,0,7511.26,7292.6
2019-10-02 16:00:00,0,7696.01,7459.69
2019-10-02 16:30:00,0,7923.61,7644.16
2019-10-02 17:00:00,0,8119.13,7816.15
2019-10-02 17:30:00,0,8304.36,7888.45
2019-10-02 18:00:00,0,8456.34,8144.75
2019-10-02 18:30:00,0,8666.39,8508.41
2019-10-02 19:00:00,0,8806.28,8620.56
2019-10-02 19:30:00,0,8895.75,8490.01
2019-10-02 20:00:00,0,8684.58,8283.97
2019-10-02 20:30:00,0,8451.22,8141.2
2019-10-02 21:00:00,0,8235.71,7967.71
2019-10-02 21:30:00,0,8007.81,7782.18
2019-10-02 22:00:00,0,7823.92,7638.61
2019-10-02 22:30:00,0,7647.53,7655.63
2019-10-02 23:00:00,0,7714.04,7545.37
2019-10-02 23:30:00,0,7522.11,7476.24
2019-10-03 00:00:00,0,7449.3,7414.17
2019-10-03 00:30:00,0,7374.65,7283.46
2019-10-03 01:00:00,0,7134.87,7115.87
2019-10-03 01:30:00,0,7005.09,6938.49
2019-10-03 02:00:00,0,6818.94,6733.82
2019-10-03 02:30:00,0,6593.52,6462.51
2019-10-03 03:00:00,0,6301.97,6252.52
2019-10-03 03:30:00,0,6106.83,6134.55
2019-10-03 04:00:00,0,5990.67,6088.09
2019-10-03 12:30:00,0,7393.81,7220.3
2019-10-03 13:00:00,0,7445.2,7295.75
2019-10-03 13:30:00,0,7479.02,7456.81
2019-10-03 14:00:00,0,7581.5,7546.34
2019-10-03 14:30:00,0,7673.74,7670.88
2019-10-03 15:00:00,0,7735.22,7768.48
2019-10-03 15:30:00,0,7780.17,7880.52
2019-10-03 16:00:00,0,7828.16,7979.05
2019-10-03 16:30:00,0,7869.96,8088.68
2019-10-03 17:00:00,0,8028.72,8242.13
2019-10-03 17:30:00,0,8180.64,8349.18
2019-10-03 18:00:00,0,8223.12,8498.78
2019-10-03 18:30:00,0,8415.97,8692.16
2019-10-03 19:00:00,0,8515.09,8768.14
2019-10-03 19:30:00,0,8422.91,8602.28
2019-10-03 20:00:00,0,8213.12,8390.0
2019-10-03 20:30:00,0,8021.39,8245.63
2019-10-03 21:00:00,0,7868.4,8078.04
2019-10-03 21:30:00,0,7724.23,7914.53
2019-10-03 22:00:00,0,7615.6,7746.59
2019-10-03 22:30:00,0,7450.93,7720.89
2019-10-03 23:00:00,0,7566.27,7586.59
2019-10-03 23:30:00,0,7442.07,7484.1
2019-10-04 00:00:00,1,7418.91,7390.5
2019-10-04 00:30:00,1,7398.11,7230.32
2019-10-04 01:00:00,1,7224.66,7045.2
2019-10-04 01:30:00,1,7074.54,6846.75
2019-10-04 02:00:00,1,6874.41,6631.76
2019-10-04 02:30:00,1,6648.76,6370.23
2019-10-04 03:00:00,1,6365.65,6158.29
2019-10-04 03:30:00,1,6210.88,6025.76
2019-10-04 04:00:00,1,6031.29,5976.63
2019-10-04 12:30:00,1,6909.3,7578.31
2019-10-04 13:00:00,1,6929.49,7668.25
2019-10-04 13:30:00,1,6918.2,7696.48
2019-10-04 14:00:00,1,6838.27,7771.45
2019-10-04 14:30:00,1,6852.45,7747.93
2019-10-04 15:00:00,1,6862.53,7793.86
2019-10-04 15:30:00,1,6820.36,7778.17
2019-10-04 16:00:00,1,6907.12,7826.22
2019-10-04 16:30:00,1,6980.15,7962.63
2019-10-04 17:00:00,1,7100.04,8000.27
2019-10-04 17:30:00,1,7274.4,8045.93
2019-10-04 18:00:00,1,7405.33,8124.96
2019-10-04 18:30:00,1,7705.17,8425.41
2019-10-04 19:00:00,1,7898.63,8453.81
2019-10-04 19:30:00,1,7964.32,8372.78
2019-10-04 20:00:00,1,7734.37,8174.87
2019-10-04 20:30:00,1,7567.83,8027.58
2019-10-04 21:00:00,1,7448.56,7856.03
2019-10-04 21:30:00,1,7382.65,7694.99
2019-10-04 22:00:00,1,7249.02,7556.62
2019-10-04 22:30:00,1,7169.29,7540.7
2019-10-04 23:00:00,1,7185.8,7463.39
2019-10-04 23:30:00,1,7129.06,7434.21
2019-10-05 00:00:00,0,7066.09,7387.54
2019-10-05 00:30:00,0,6973.6,7263.13
2019-10-05 01:00:00,0,6809.42,7104.48
2019-10-05 01:30:00,0,6622.65,6884.65
2019-10-05 02:00:00,0,6445.12,6647.26
2019-10-05 02:30:00,0,6266.59,6367.36
2019-10-05 03:00:00,0,6071.28,6132.86
2019-10-05 03:30:00,0,5921.05,5978.2
2019-10-05 04:00:00,0,5838.43,5882.97
2019-10-05 12:30:00,0,6224.28,6735.54
2019-10-05 13:00:00,0,6079.88,6680.6
2019-10-05 13:30:00,0,6075.51,6639.18
2019-10-05 14:00:00,0,6349.07,6632.05
2019-10-05 14:30:00,0,6268.71,6628.2
2019-10-05 15:00:00,0,6106.56,6673.77
2019-10-05 15:30:00,0,6271.31,6736.67
2019-10-05 16:00:00,0,6468.24,6875.19
2019-10-05 16:30:00,0,6598.24,7037.15
2019-10-05 17:00:00,0,6866.39,7238.78
2019-10-05 17:30:00,0,7032.1,7466.33
2019-10-05 18:00:00,0,7258.47,7736.69
2019-10-05 18:30:00,0,7439.59,8057.07
2019-10-05 19:00:00,0,7636.42,8106.02
2019-10-05 19:30:00,0,7599.07,7953.2
2019-10-05 20:00:00,0,7467.55,7780.65
2019-10-05 20:30:00,0,7457.9,7641.2
2019-10-05 21:00:00,0,7239.07,7547.9
2019-10-05 21:30:00,0,7165.08,7398.26
2019-10-05 22:00:00,0,7134.7,7286.52
2019-10-05 22:30:00,0,7058.29,7266.13
2019-10-05 23:00:00,0,7061.14,7160.79
2019-10-05 23:30:00,0,6914.73,7079.24
2019-10-06 00:00:00,0,6780.96,6940.14
2019-10-06 00:30:00,0,6707.4,6734.91
2019-10-06 01:00:00,0,6534.26,6546.68
2019-10-06 01:30:00,0,6386.55,6284.38
2019-10-06 02:00:00,0,6136.52,6073.37
2019-10-06 02:30:00,0,6015.3,5922.31
2019-10-06 03:00:00,0,5902.33,5837.94
2019-10-06 03:30:00,0,5858.61,5804.02
2019-10-06 04:00:00,0,5804.85,5819.54
2019-10-06 12:30:00,0,6261.37,6098.78
2019-10-06 13:00:00,0,6256.96,6061.58
2019-10-06 13:30:00,0,6237.99,6090.56
2019-10-06 14:00:00,0,6353.1,6166.81
2019-10-06 14:30:00,0,6472.69,6262.97
2019-10-06 15:00:00,0,6579.5,6462.67
2019-10-06 15:30:00,0,6707.04,6699.84
2019-10-06 16:00:00,0,6843.4,6915.29
2019-10-06 16:30:00,0,7015.41,7172.74
2019-10-06 17:00:00,0,7219.95,7414.11
2019-10-06 17:30:00,0,7493.84,7690.98
2019-10-06 18:00:00,0,7669.19,7839.13
2019-10-06 18:30:00,0,7871.06,8047.31
2019-10-06 19:00:00,0,7917.97,8107.94
2019-10-06 19:30:00,0,7915.27,8012.68
2019-10-06 20:00:00,0,7744.88,7860.7
2019-10-06 20:30:00,0,7578.61,7695.11
2019-10-06 21:00:00,0,7461.26,7495.38
2019-10-06 21:30:00,0,7324.13,7324.22
2019-10-06 22:00:00,0,7300.31,7181.95
2019-10-06 22:30:00,0,7219.44,7068.32
2019-10-06 23:00:00,0,7256.84,6939.96
2019-10-06 23:30:00,0,7139.55,6784.85
2019-10-07 00:00:00,0,7026.69,6649.58
2019-10-07 00:30:00,0,6976.93,6474.21
2019-10-07 01:00:00,0,6811.11,6331.94
2019-10-07 01:30:00,0,6651.79,6126.13
2019-10-07 02:00:00,0,6408.45,5960.98
2019-10-07 02:30:00,0,6166.64,5819.68
2019-10-07 03:00:00,0,6023.94,5735.74
2019-10-07 03:30:00,0,5950.01,5699.19
2019-10-07 04:00:00,0,5950.81,5692.29
2019-10-07 12:30:00,0,7271.27,6392.87
2019-10-07 13:00:00,0,7294.8,6404.97
2019-10-07 13:30:00,0,7287.75,6451.85
2019-10-07 14:00:00,0,7305.69,6528.79
2019-10-07 14:30:00,0,7387.43,6606.42
2019-10-07 15:00:00,0,7492.5,6703.53
2019-10-07 15:30:00,0,7466.85,6895.69
2019-10-07 16:00:00,0,7628.99,7094.67
2019-10-07 16:30:00,0,7877.76,7445.78
2019-10-07 17:00:00,0,8041.81,7686.12
2019-10-07 17:30:00,0,8272.6,7797.09
2019-10-07 18:00:00,0,8329.46,7918.83
2019-10-07 18:30:00,0,8474.34,8148.2
2019-10-07 19:00:00,0,8555.61,8194.38
2019-10-07 19:30:00,0,8554.18,8059.22
2019-10-07 20:00:00,0,8406.56,7878.11
2019-10-07 20:30:00,0,8263.97,7781.58
2019-10-07 21:00:00,0,8092.48,7585.18
2019-10-07 21:30:00,0,7805.18,7443.95
2019-10-07 22:00:00,0,7738.84,7295.29
2019-10-07 22:30:00,0,7561.08,7220.36
2019-10-07 23:00:00,0,7590.21,7171.39
2019-10-07 23:30:00,0,7533.41,7074.14
2019-10-08 00:00:00,0,7392.07,6972.1
2019-10-08 00:30:00,0,7267.56,6836.12
2019-10-08 01:00:00,0,7137.4,6675.82
2019-10-08 01:30:00,0,6934.32,6446.31
2019-10-08 02:00:00,0,6681.34,6236.2
2019-10-08 02:30:00,0,6486.82,6059.16
2019-10-08 03:00:00,0,6286.66,5954.36
2019-10-08 03:30:00,0,6183.73,5929.97
2019-10-08 04:00:00,0,6159.22,5977.71
2019-10-08 12:30:00,0,6821.37,7152.92
2019-10-08 13:00:00,0,6766.16,7222.15
2019-10-08 13:30:00,0,6733.29,7207.82
2019-10-08 14:00:00,0,6726.48,7254.86
2019-10-08 14:30:00,0,6703.7,7278.55
2019-10-08 15:00:00,0,6777.96,7400.24
2019-10-08 15:30:00,0,6854.54,7520.0
2019-10-08 16:00:00,0,7027.8,7700.94
2019-10-08 16:30:00,0,7175.55,7808.68
2019-10-08 17:00:00,0,7440.43,8035.84
2019-10-08 17:30:00,0,7802.39,8271.53
2019-10-08 18:00:00,0,8052.78,8495.73
2019-10-08 18:30:00,0,8257.07,8604.32
2019-10-08 19:00:00,0,8449.84,8656.25
2019-10-08 19:30:00,0,8499.57,8550.16
2019-10-08 20:00:00,0,8431.02,8420.12
2019-10-08 20:30:00,0,8327.09,8264.25
2019-10-08 21:00:00,0,8154.7,8056.73
2019-10-08 21:30:00,0,7954.29,7950.18
2019-10-08 22:00:00,0,7906.44,7808.73
2019-10-08 22:30:00,0,7731.85,7771.36
2019-10-08 23:00:00,0,7726.84,7641.87
2019-10-08 23:30:00,0,7595.43,7477.28
2019-10-09 00:00:00,0,7449.2,7340.37
2019-10-09 00:30:00,0,7297.62,7171.29
2019-10-09 01:00:00,0,7181.12,6990.58
2019-10-09 01:30:00,0,7003.51,6755.37
2019-10-09 02:00:00,0,6723.53,6517.1
2019-10-09 02:30:00,0,6508.66,6345.1
2019-10-09 03:00:00,0,6322.54,6236.47
2019-10-09 03:30:00,0,6256.06,6202.64
2019-10-09 04:00:00,0,6255.91,6250.82
2019-10-09 12:30:00,0,6878.75,7004.57
2019-10-09 13:00:00,0,6832.4,7056.5
2019-10-09 13:30:00,0,6779.99,7047.55
2019-10-09 14:00:00,0,6828.43,7057.03
2019-10-09 14:30:00,0,6878.62,7129.79
2019-10-09 15:00:00,0,6923.34,7276.28
2019-10-09 15:30:00,0,7005.59,7488.49
2019-10-09 16:00:00,0,7233.88,7679.46
2019-10-09 16:30:00,0,7450.24,7968.96
2019-10-09 17:00:00,0,7679.69,8274.46
2019-10-09 17:30:00,0,8008.53,8568.13
2019-10-09 18:00:00,0,8172.48,8762.44
2019-10-09 18:30:00,0,8279.48,8870.04
2019-10-09 19:00:00,0,8414.78,8890.21
2019-10-09 19:30:00,0,8391.96,8778.96
2019-10-09 20:00:00,0,8302.03,8643.07
2019-10-09 20:30:00,0,8174.2,8489.05
2019-10-09 21:00:00,0,8046.23,8279.89
2019-10-09 21:30:00,0,7799.36,8165.22
2019-10-09 22:00:00,0,7683.59,7984.14
2019-10-09 22:30:00,0,7577.27,7905.51
2019-10-09 23:00:00,0,7637.26,7769.36
2019-10-09 23:30:00,0,7504.17,7586.41
2019-10-10 00:00:00,0,7364.03,7463.86
2019-10-10 00:30:00,0,7299.58,7300.29
2019-10-10 01:00:00,0,7091.04,7102.06
2019-10-10 01:30:00,0,6965.57,6832.33
2019-10-10 02:00:00,0,6698.46,6590.68
2019-10-10 02:30:00,0,6443.26,6425.27
2019-10-10 03:00:00,0,6340.47,6321.57
2019-10-10 03:30:00,0,6252.93,6290.81
2019-10-10 04:00:00,0,6228.3,6347.01
2019-10-10 12:30:00,0,7491.45,7185.85
2019-10-10 13:00:00,0,7371.23,7250.63
2019-10-10 13:30:00,0,7281.22,7254.43
2019-10-10 14:00:00,0,7271.82,7274.69
2019-10-10 14:30:00,0,7230.37,7323.41
2019-10-10 15:00:00,0,7262.83,7460.86
2019-10-10 15:30:00,0,7425.47,7628.49
2019-10-10 16:00:00,0,7526.47,7815.56
2019-10-10 16:30:00,0,7726.3,8067.89
2019-10-10 17:00:00,0,7945.53,8334.01
2019-10-10 17:30:00,0,8160.61,8602.87
2019-10-10 18:00:00,0,8232.38,8808.33
2019-10-10 18:30:00,0,8329.72,8884.83
2019-10-10 19:00:00,0,8437.47,8899.62
2019-10-10 19:30:00,0,8448.88,8783.38
2019-10-10 20:00:00,0,8397.97,8628.96
2019-10-10 20:30:00,0,8327.44,8444.32
2019-10-10 21:00:00,0,8202.17,8228.58
2019-10-10 21:30:00,0,8044.49,8123.82
2019-10-10 22:00:00,0,7953.24,7955.78
2019-10-10 22:30:00,0,7802.12,7896.37
2019-10-10 23:00:00,0,7806.19,7783.68
2019-10-10 23:30:00,0,7702.21,7598.35
2019-10-11 00:00:00,0,7536.55,7467.65
2019-10-11 00:30:00,0,7390.62,7309.16
2019-10-11 01:00:00,0,7218.04,7115.59
2019-10-11 01:30:00,0,6956.65,6853.65
2019-10-11 02:00:00,0,6696.39,6613.35
2019-10-11 02:30:00,0,6450.17,6453.68
2019-10-11 03:00:00,0,6248.7,6353.14
2019-10-11 03:30:00,0,6107.26,6322.94
2019-10-11 12:30:00,0,7144.29,7470.04
2019-10-11 13:00:00,0,7099.82,7472.47
2019-10-11 13:30:00,0,7081.22,7443.6
2019-10-11 14:00:00,0,7061.19,7443.75
2019-10-11 14:30:00,0,7117.13,7467.44
2019-10-11 15:00:00,0,7170.4,7544.83
2019-10-11 15:30:00,0,7231.23,7706.67
2019-10-11 16:00:00,0,7419.83,7867.73
2019-10-11 16:30:00,0,7568.67,8076.97
2019-10-11 17:00:00,0,7660.04,8310.04
2019-10-11 17:30:00,0,7921.67,8436.71
2019-10-11 18:00:00,0,8053.61,8585.12
2019-10-11 18:30:00,0,8207.95,8705.2
2019-10-11 19:00:00,0,8343.71,8766.39
2019-10-11 19:30:00,0,8296.7,8656.09
2019-10-11 20:00:00,0,8162.79,8531.24
2019-10-11 20:30:00,0,8034.05,8365.94
2019-10-11 21:00:00,0,7939.4,8184.83
2019-10-11 21:30:00,0,7803.72,8116.68
2019-10-11 22:00:00,0,7667.25,7996.47
2019-10-11 22:30:00,0,7547.29,7966.28
2019-10-11 23:00:00,0,7521.69,7863.91
2019-10-11 23:30:00,0,7330.9,7697.78
2019-10-12 00:00:00,0,7147.32,7562.75
2019-10-12 00:30:00,0,6996.39,7398.09
2019-10-12 01:00:00,0,6856.31,7181.54
2019-10-12 01:30:00,0,6696.91,6910.13
2019-10-12 02:00:00,0,6466.9,6643.61
2019-10-12 02:30:00,0,6175.65,6448.86
2019-10-12 03:00:00,0,6062.11,6307.4
2019-10-12 03:30:00,0,6043.08,6237.67
2019-10-12 04:00:00,0,5955.67,6244.83
2019-10-12 12:30:00,0,6284.98,7169.48
2019-10-12 13:00:00,0,6198.21,7135.26
2019-10-12 13:30:00,0,6242.74,7095.48
2019-10-12 14:00:00,0,6232.17,7146.32
2019-10-12 14:30:00,0,6145.84,7181.47
2019-10-12 15:00:00,0,6161.92,7301.98
2019-10-12 15:30:00,0,6265.95,7425.02
2019-10-12 16:00:00,0,6486.58,7621.13
2019-10-12 16:30:00,0,6732.87,7786.39
2019-10-12 17:00:00,0,6897.22,7985.02
2019-10-12 17:30:00,0,7249.54,8070.98
2019-10-12 18:00:00,0,7480.44,8169.28
2019-10-12 18:30:00,0,7806.19,8280.94
2019-10-12 19:00:00,0,8056.09,8319.14
2019-10-12 19:30:00,0,8151.55,8206.08
2019-10-12 20:00:00,0,8063.56,8066.86
2019-10-12 20:30:00,0,7952.4,7905.22
2019-10-12 21:00:00,0,7763.46,7760.96
2019-10-12 21:30:00,0,7597.47,7660.17
2019-10-12 22:00:00,0,7445.39,7579.34
2019-10-12 22:30:00,0,7276.38,7556.95
2019-10-12 23:00:00,0,7246.01,7465.4
2019-10-12 23:30:00,0,7125.5,7292.69
2019-10-13 00:00:00,0,6943.26,7128.56
2019-10-13 00:30:00,0,6838.89,6942.63
2019-10-13 01:00:00,0,6709.96,6757.33
2019-10-13 01:30:00,0,6634.45,6494.01
2019-10-13 02:00:00,0,6364.56,6266.76
2019-10-13 02:30:00,0,6212.92,6128.54
2019-10-13 03:00:00,0,6128.59,6045.19
2019-10-13 03:30:00,0,6038.31,6027.07
2019-10-13 04:00:00,0,6102.29,6068.88
2019-10-13 12:30:00,0,6961.35,6225.86
2019-10-13 13:00:00,0,6936.57,6233.31
2019-10-13 13:30:00,0,6969.76,6221.09
2019-10-13 14:00:00,0,7053.39,6259.63
2019-10-13 14:30:00,0,7162.55,6336.23
2019-10-13 15:00:00,0,7132.15,6509.49
2019-10-13 15:30:00,0,7220.83,6733.09
2019-10-13 16:00:00,0,7369.34,6986.82
2019-10-13 16:30:00,0,7505.06,7235.98
2019-10-13 17:00:00,0,7746.69,7501.18
2019-10-13 17:30:00,0,7992.32,7743.24
2019-10-13 18:00:00,0,8198.54,7951.85
2019-10-13 18:30:00,0,8387.27,8073.53
2019-10-13 19:00:00,0,8457.36,8120.9
2019-10-13 19:30:00,0,8488.89,8003.58
2019-10-13 20:00:00,0,8323.65,7887.35
2019-10-13 20:30:00,0,8126.27,7759.9
2019-10-13 21:00:00,0,7890.89,7604.11
2019-10-13 21:30:00,0,7644.49,7515.85
2019-10-13 22:00:00,0,7530.79,7388.77
2019-10-13 22:30:00,0,7425.63,7305.3
2019-10-13 23:00:00,0,7437.96,7152.37
2019-10-13 23:30:00,0,7346.35,6968.0
2019-10-14 00:00:00,0,7187.43,6839.51
2019-10-14 00:30:00,0,7121.17,6704.02
2019-10-14 01:00:00,0,6981.98,6549.61
2019-10-14 01:30:00,0,6833.84,6329.61
2019-10-14 02:00:00,0,6604.92,6147.06
2019-10-14 02:30:00,0,6345.21,6055.94
2019-10-14 03:00:00,0,6226.76,6018.49
2019-10-14 03:30:00,0,6065.21,6045.43
2019-10-14 04:00:00,0,6102.11,6149.21
2019-10-14 12:30:00,0,6983.84,7074.96
2019-10-14 13:00:00,0,7062.25,7097.59
2019-10-14 13:30:00,0,7024.33,7128.94
2019-10-14 14:00:00,0,7025.13,7196.98
2019-10-14 14:30:00,0,7124.58,7263.53
2019-10-14 15:00:00,0,7199.86,7420.91
2019-10-14 15:30:00,0,7337.27,7599.29
2019-10-14 16:00:00,0,7549.58,7817.36
2019-10-14 16:30:00,0,7671.25,8010.71
2019-10-14 17:00:00,0,7858.53,8217.35
2019-10-14 17:30:00,0,8105.37,8304.93
2019-10-14 18:00:00,0,8141.66,8420.34
2019-10-14 18:30:00,0,8383.5,8477.79
2019-10-14 19:00:00,0,8431.93,8473.26
2019-10-14 19:30:00,0,8469.65,8349.1
2019-10-14 20:00:00,0,8233.12,8169.84
2019-10-14 20:30:00,0,8115.85,7955.81
2019-10-14 21:00:00,0,7915.95,7746.15
2019-10-14 21:30:00,0,7648.89,7623.86
2019-10-14 22:00:00,0,7572.78,7507.29
2019-10-14 22:30:00,0,7453.61,7469.24
2019-10-14 23:00:00,0,7467.97,7390.32
2019-10-14 23:30:00,0,7352.01,7253.43
2019-10-15 00:00:00,0,7222.37,7152.17
2019-10-15 00:30:00,0,7100.4,7009.06
2019-10-15 01:00:00,0,7004.7,6834.09
2019-10-15 01:30:00,0,6811.03,6589.85
2019-10-15 02:00:00,0,6547.81,6353.32
2019-10-15 02:30:00,0,6304.15,6181.38
2019-10-15 03:00:00,0,6193.04,6091.62
2019-10-15 03:30:00,0,6114.78,6084.98
2019-10-15 04:00:00,0,6132.0,6156.93
2019-10-15 12:30:00,0,7269.56,7226.32
2019-10-15 13:00:00,0,7287.06,7318.81
2019-10-15 13:30:00,0,7542.34,7363.25
2019-10-15 14:00:00,0,7574.41,7436.73
2019-10-15 14:30:00,0,7623.86,7533.33
2019-10-15 15:00:00,0,7711.64,7701.1
2019-10-15 15:30:00,0,7900.31,7896.02
2019-10-15 16:00:00,0,8003.78,8065.38
2019-10-15 16:30:00,0,8085.31,8229.25
2019-10-15 17:00:00,0,8154.74,8360.01
2019-10-15 17:30:00,0,8347.41,8358.49
2019-10-15 18:00:00,0,8392.55,8414.01
2019-10-15 18:30:00,0,8439.6,8481.64
2019-10-15 19:00:00,0,8498.22,8478.85
2019-10-15 19:30:00,0,8384.55,8360.58
2019-10-15 20:00:00,0,8263.54,8193.33
2019-10-15 20:30:00,0,8122.2,8026.07
2019-10-15 21:00:00,0,7903.0,7806.16
2019-10-15 21:30:00,0,7621.77,7686.57
2019-10-15 22:00:00,0,7507.31,7556.21
2019-10-15 22:30:00,0,7428.49,7496.15
2019-10-15 23:00:00,0,7447.6,7400.89
2019-10-15 23:30:00,0,7346.41,7240.8
2019-10-16 00:00:00,0,7220.12,7126.97
2019-10-16 00:30:00,0,7119.86,6976.54
2019-10-16 01:00:00,0,6961.03,6787.61
2019-10-16 01:30:00,0,6755.06,6519.17
2019-10-16 02:00:00,0,6492.86,6279.76
2019-10-16 02:30:00,0,6292.37,6112.88
2019-10-16 03:00:00,0,6138.83,6026.47
2019-10-16 03:30:00,0,6069.45,6019.44
2019-10-16 04:00:00,0,6077.26,6099.4
2019-10-16 12:30:00,0,7141.57,7366.61
2019-10-16 13:00:00,0,7146.09,7487.85
2019-10-16 13:30:00,0,7103.99,7544.5
2019-10-16 14:00:00,0,7028.85,7610.49
2019-10-16 14:30:00,0,7064.92,7690.2
2019-10-16 15:00:00,0,7062.43,7811.23
2019-10-16 15:30:00,0,7150.64,7978.6
2019-10-16 16:00:00,0,7349.28,8120.61
2019-10-16 16:30:00,0,7525.86,8232.59
2019-10-16 17:00:00,0,7748.63,8332.06
2019-10-16 17:30:00,0,7938.97,8309.53
2019-10-16 18:00:00,0,8084.11,8372.63
2019-10-16 18:30:00,0,8145.95,8436.99
2019-10-16 19:00:00,0,8196.43,8472.46
2019-10-16 19:30:00,0,8263.08,8340.03
2019-10-16 20:00:00,0,8163.46,8154.89
2019-10-16 20:30:00,0,8020.5,7949.94
2019-10-16 21:00:00,0,7881.51,7730.2
2019-10-16 21:30:00,0,7617.83,7592.56
2019-10-16 22:00:00,0,7520.91,7455.19
2019-10-16 22:30:00,0,7450.66,7423.5
2019-10-16 23:00:00,0,7437.59,7353.89
2019-10-16 23:30:00,0,7296.5,7210.98
2019-10-17 00:00:00,0,7190.54,7104.34
2019-10-17 00:30:00,0,7073.87,6978.83
2019-10-17 01:00:00,0,6959.65,6802.8
2019-10-17 01:30:00,0,6803.17,6549.99
2019-10-17 02:00:00,0,6521.9,6299.64
2019-10-17 02:30:00,0,6332.94,6126.81
2019-10-17 03:00:00,0,6181.49,6027.82
2019-10-17 03:30:00,0,6074.31,6010.08
2019-10-17 04:00:00,0,6114.32,6075.89
2019-10-17 12:30:00,0,6470.54,6951.38
2019-10-17 13:00:00,0,6445.45,6993.25
2019-10-17 13:30:00,0,6389.94,6962.84
2019-10-17 14:00:00,0,6397.82,6978.74
2019-10-17 14:30:00,0,6440.65,6989.23
2019-10-17 15:00:00,0,6519.41,7132.57
2019-10-17 15:30:00,0,6633.24,7294.74
2019-10-17 16:00:00,0,6903.7,7460.02
2019-10-17 16:30:00,0,7130.98,7673.61
2019-10-17 17:00:00,0,7352.94,7868.14
2019-10-17 17:30:00,0,7572.56,7937.16
2019-10-17 18:00:00,0,7638.28,8006.32
2019-10-17 18:30:00,0,7798.72,8082.4
2019-10-17 19:00:00,0,7870.48,8166.93
2019-10-17 19:30:00,0,7948.88,8095.05
2019-10-17 20:00:00,0,7942.36,7951.34
2019-10-17 20:30:00,0,7744.51,7766.39
2019-10-17 21:00:00,0,7625.35,7557.33
2019-10-17 21:30:00,0,7464.89,7458.94
2019-10-17 22:00:00,0,7461.2,7335.28
2019-10-17 22:30:00,0,7380.04,7347.04
2019-10-17 23:00:00,0,7338.63,7281.15
2019-10-17 23:30:00,0,7232.85,7155.78
2019-10-18 00:00:00,0,7088.66,7038.25
2019-10-18 00:30:00,0,7007.53,6897.39
2019-10-18 01:00:00,0,6860.34,6729.04
2019-10-18 01:30:00,0,6644.8,6459.53
2019-10-18 02:00:00,0,6425.45,6223.56
2019-10-18 02:30:00,0,6151.8,6078.8
2019-10-18 03:00:00,0,5959.47,6003.45
2019-10-18 03:30:00,0,5860.24,6002.52
2019-10-18 04:00:00,0,5873.71,6093.1
2019-10-18 12:30:00,0,6090.54,6357.79
2019-10-18 13:00:00,0,6133.98,6382.46
2019-10-18 13:30:00,0,6134.42,6409.34
2019-10-18 14:00:00,0,6196.42,6453.33
2019-10-18 14:30:00,0,6247.93,6546.97
2019-10-18 15:00:00,0,6377.15,6712.09
2019-10-18 15:30:00,0,6521.32,6899.95
2019-10-18 16:00:00,0,6751.32,7136.89
2019-10-18 16:30:00,0,6985.55,7335.89
2019-10-18 17:00:00,0,7060.71,7532.26
2019-10-18 17:30:00,0,7152.36,7605.06
2019-10-18 18:00:00,0,7293.67,7689.94
2019-10-18 18:30:00,0,7375.95,7727.66
2019-10-18 19:00:00,0,7500.12,7777.59
2019-10-18 19:30:00,0,7628.16,7703.37
2019-10-18 20:00:00,0,7547.82,7562.47
2019-10-18 20:30:00,0,7493.11,7391.52
2019-10-18 21:00:00,0,7376.02,7230.19
2019-10-18 21:30:00,0,7251.81,7157.02
2019-10-18 22:00:00,0,7123.61,7088.71
2019-10-18 22:30:00,0,7068.33,7118.95
2019-10-18 23:00:00,0,7022.43,7087.72
2019-10-18 23:30:00,0,6912.25,6982.71
2019-10-19 00:00:00,0,6815.82,6888.27
2019-10-19 00:30:00,0,6704.69,6755.93
2019-10-19 01:00:00,0,6572.07,6591.04
2019-10-19 01:30:00,0,6400.95,6336.81
2019-10-19 02:00:00,0,6211.18,6085.67
2019-10-19 02:30:00,0,6030.33,5926.55
2019-10-19 03:00:00,0,5964.77,5829.59
2019-10-19 03:30:00,0,5896.98,5797.93
2019-10-19 04:00:00,0,5839.8,5832.96
2019-10-19 12:30:00,0,5787.49,5809.33
2019-10-19 13:00:00,0,5752.43,5923.5
2019-10-19 13:30:00,0,5735.88,5932.94
2019-10-19 14:00:00,0,5739.95,6006.42
2019-10-19 14:30:00,0,5748.55,6105.41
2019-10-19 15:00:00,0,5853.46,6290.93
2019-10-19 15:30:00,0,6132.23,6475.61
2019-10-19 16:00:00,0,6330.66,6668.74
2019-10-19 16:30:00,0,6563.74,6784.15
2019-10-19 17:00:00,0,6792.4,6935.56
2019-10-19 17:30:00,0,7194.76,6993.46
2019-10-19 18:00:00,0,7411.63,7037.67
2019-10-19 18:30:00,0,7631.89,7113.54
2019-10-19 19:00:00,0,7689.57,7188.19
2019-10-19 19:30:00,0,7794.19,7164.29
2019-10-19 20:00:00,0,7718.95,7053.63
2019-10-19 20:30:00,0,7603.64,6957.92
2019-10-19 21:00:00,0,7428.95,6831.12
2019-10-19 21:30:00,0,7225.13,6778.89
2019-10-19 22:00:00,0,7130.33,6731.19
2019-10-19 22:30:00,0,7040.66,6732.27
2019-10-19 23:00:00,0,7001.44,6694.43
2019-10-19 23:30:00,0,6887.65,6595.12
2019-10-20 00:00:00,0,6829.65,6478.72
2019-10-20 00:30:00,0,6745.85,6362.28
2019-10-20 01:00:00,0,6663.66,6211.67
2019-10-20 01:30:00,0,6505.18,5980.86
2019-10-20 02:00:00,0,6338.32,5802.14
2019-10-20 02:30:00,0,6149.79,5702.3
2019-10-20 03:00:00,0,6048.8,5665.68
2019-10-20 03:30:00,0,5983.69,5690.94
2019-10-20 04:00:00,0,6017.85,5749.85
2019-10-20 12:30:00,0,6882.54,5419.13
2019-10-20 13:00:00,0,6852.5,5423.86
2019-10-20 13:30:00,0,6875.78,5442.67
2019-10-20 14:00:00,0,6875.24,5502.32
2019-10-20 14:30:00,0,6978.39,5583.8
2019-10-20 15:00:00,0,7077.3,5768.61
2019-10-20 15:30:00,0,7233.01,6021.27
2019-10-20 16:00:00,0,7430.97,6298.97
2019-10-20 16:30:00,0,7673.67,6591.7
2019-10-20 17:00:00,0,7905.26,6936.65
2019-10-20 17:30:00,0,8095.6,7191.25
2019-10-20 18:00:00,0,8158.6,7415.35
2019-10-20 18:30:00,0,8278.58,7563.75
2019-10-20 19:00:00,0,8274.91,7656.0
2019-10-20 19:30:00,0,8319.76,7593.92
2019-10-20 20:00:00,0,8212.15,7470.11
2019-10-20 20:30:00,0,8078.03,7310.37
2019-10-20 21:00:00,0,7914.15,7148.6
2019-10-20 21:30:00,0,7712.05,7059.75
2019-10-20 22:00:00,0,7585.83,6943.99
2019-10-20 22:30:00,0,7445.05,6885.78
2019-10-20 23:00:00,0,7446.42,6785.83
2019-10-20 23:30:00,0,7312.53,6634.35
2019-10-21 00:00:00,0,7266.26,6539.94
2019-10-21 00:30:00,0,7149.56,6435.19
2019-10-21 01:00:00,0,7059.46,6322.82
2019-10-21 01:30:00,0,6811.36,6114.02
2019-10-21 02:00:00,0,6571.35,5942.89
2019-10-21 02:30:00,0,6345.69,5864.76
2019-10-21 03:00:00,0,6187.15,5843.59
2019-10-21 03:30:00,0,6112.09,5884.55
2019-10-21 04:00:00,0,6084.82,5992.96
2019-10-21 12:30:00,0,6911.91,6753.05
2019-10-21 13:00:00,0,6924.05,6804.03
2019-10-21 13:30:00,0,6985.95,6834.86
2019-10-21 14:00:00,0,7051.77,6902.26
2019-10-21 14:30:00,0,7072.53,6971.8
2019-10-21 15:00:00,0,7214.04,7107.89
2019-10-21 15:30:00,0,7414.72,7276.97
2019-10-21 16:00:00,0,7608.11,7489.92
2019-10-21 16:30:00,0,7814.4,7672.78
2019-10-21 17:00:00,0,8030.08,7916.76
2019-10-21 17:30:00,0,8216.99,8047.35
2019-10-21 18:00:00,0,8209.07,8161.75
2019-10-21 18:30:00,0,8298.95,8188.06
2019-10-21 19:00:00,0,8270.99,8207.74
2019-10-21 19:30:00,0,8288.73,8126.1
2019-10-21 20:00:00,0,8190.58,7958.85
2019-10-21 20:30:00,0,8107.48,7758.18
2019-10-21 21:00:00,0,7890.88,7553.44
2019-10-21 21:30:00,0,7654.53,7442.32
2019-10-21 22:00:00,0,7545.21,7332.91
2019-10-21 22:30:00,0,7379.37,7321.16
2019-10-21 23:00:00,0,7437.05,7262.72
2019-10-21 23:30:00,0,7306.76,7141.26
2019-10-22 00:00:00,0,7259.16,7033.23
2019-10-22 00:30:00,0,7127.75,6896.73
2019-10-22 01:00:00,0,7034.93,6742.83
2019-10-22 01:30:00,0,6849.75,6483.55
2019-10-22 02:00:00,0,6599.66,6264.79
2019-10-22 02:30:00,0,6380.67,6126.14
2019-10-22 03:00:00,0,6229.02,6049.93
2019-10-22 03:30:00,0,6114.36,6060.94
2019-10-22 04:00:00,0,6153.0,6144.73
2019-10-22 12:30:00,0,6996.25,6982.82
2019-10-22 13:00:00,0,7086.08,7054.1
2019-10-22 13:30:00,0,7178.0,7114.33
2019-10-22 14:00:00,0,7250.39,7197.17
2019-10-22 14:30:00,0,7418.1,7303.53
2019-10-22 15:00:00,0,7542.89,7475.71
2019-10-22 15:30:00,0,7719.58,7683.34
2019-10-22 16:00:00,0,7911.96,7860.57
2019-10-22 16:30:00,0,8175.69,8057.68
2019-10-22 17:00:00,0,8369.15,8240.14
2019-10-22 17:30:00,0,8539.19,8269.77
2019-10-22 18:00:00,0,8564.47,8338.93
2019-10-22 18:30:00,0,8579.75,8345.42
2019-10-22 19:00:00,0,8537.33,8345.11
2019-10-22 19:30:00,0,8567.16,8240.9
2019-10-22 20:00:00,0,8416.36,8056.38
2019-10-22 20:30:00,0,8188.09,7881.91
2019-10-22 21:00:00,0,7966.11,7666.11
2019-10-22 21:30:00,0,7716.18,7557.45
2019-10-22 22:00:00,0,7620.63,7422.58
2019-10-22 22:30:00,0,7447.91,7371.7
2019-10-22 23:00:00,0,7401.41,7274.34
2019-10-22 23:30:00,0,7295.23,7140.21
2019-10-23 00:00:00,0,7188.57,7044.41
2019-10-23 00:30:00,0,7104.14,6927.5
2019-10-23 01:00:00,0,6933.3,6769.81
2019-10-23 01:30:00,0,6741.15,6522.36
2019-10-23 02:00:00,0,6480.3,6267.32
2019-10-23 02:30:00,0,6266.72,6090.55
2019-10-23 03:00:00,0,6170.15,5996.53
2019-10-23 03:30:00,0,6083.82,5987.84
2019-10-23 04:00:00,0,6125.62,6065.5
2019-10-23 12:30:00,0,7586.2,7119.9
2019-10-23 13:00:00,0,7700.86,7164.41
2019-10-23 13:30:00,0,7813.53,7360.79
2019-10-23 14:00:00,0,7982.55,7505.04
2019-10-23 14:30:00,0,8149.8,7672.77
2019-10-23 15:00:00,0,8250.96,7894.79
2019-10-23 15:30:00,0,8392.38,8102.39
2019-10-23 16:00:00,0,8595.2,8294.12
2019-10-23 16:30:00,0,8620.65,8440.29
2019-10-23 17:00:00,0,8658.57,8575.4
2019-10-23 17:30:00,0,8801.32,8719.27
2019-10-23 18:00:00,0,8797.24,8724.61
2019-10-23 18:30:00,0,8867.53,8640.18
2019-10-23 19:00:00,0,8842.71,8657.01
2019-10-23 19:30:00,0,8851.07,8455.89
2019-10-23 20:00:00,0,8698.76,8214.59
2019-10-23 20:30:00,0,8438.24,8014.84
2019-10-23 21:00:00,0,8191.83,7788.55
2019-10-23 21:30:00,0,7833.65,7676.62
2019-10-23 22:00:00,0,7775.69,7520.42
2019-10-23 22:30:00,0,7619.51,7456.46
2019-10-23 23:00:00,0,7536.11,7341.66
2019-10-23 23:30:00,0,7400.04,7197.47
2019-10-24 00:00:00,0,7290.17,7080.11
2019-10-24 00:30:00,0,7167.75,6936.76
2019-10-24 01:00:00,0,7014.4,6770.43
2019-10-24 01:30:00,0,6789.73,6515.54
2019-10-24 02:00:00,0,6515.4,6282.75
2019-10-24 02:30:00,0,6285.34,6131.25
2019-10-24 03:00:00,0,6166.68,6058.64
2019-10-24 03:30:00,0,6132.08,6051.87
2019-10-24 04:00:00,0,6119.26,6134.64
2019-10-24 12:30:00,0,8329.86,7815.55
2019-10-24 13:00:00,0,8477.02,7960.27
2019-10-24 13:30:00,0,8606.28,8122.3
2019-10-24 14:00:00,0,8788.12,8284.43
2019-10-24 14:30:00,0,8997.73,8447.0
2019-10-24 15:00:00,0,9124.67,8656.98
2019-10-24 15:30:00,0,9331.38,8869.39
2019-10-24 16:00:00,0,9373.45,9031.2
2019-10-24 16:30:00,0,9497.16,9158.4
2019-10-24 17:00:00,0,9514.79,9278.54
2019-10-24 17:30:00,0,9343.44,9333.41
2019-10-24 18:00:00,0,9184.71,9298.09
2019-10-24 18:30:00,0,9088.73,9187.05
2019-10-24 19:00:00,0,8996.47,9118.4
2019-10-24 19:30:00,0,8977.48,8873.41
2019-10-24 20:00:00,0,8799.37,8651.37
2019-10-24 20:30:00,0,8646.88,8396.81
2019-10-24 21:00:00,0,8430.98,8137.58
2019-10-24 21:30:00,0,8202.44,7984.89
2019-10-24 22:00:00,0,8075.99,7789.37
2019-10-24 22:30:00,0,7866.98,7633.81
2019-10-24 23:00:00,0,7869.35,7489.76
2019-10-24 23:30:00,0,7750.17,7354.59
2019-10-25 00:00:00,1,7475.86,7228.82
2019-10-25 00:30:00,1,7303.25,7073.98
2019-10-25 01:00:00,1,7068.66,6902.83
2019-10-25 01:30:00,1,6801.21,6646.11
2019-10-25 02:00:00,1,6541.07,6403.99
2019-10-25 02:30:00,1,6280.26,6238.41
2019-10-25 03:00:00,1,6128.43,6152.8
2019-10-25 03:30:00,1,6027.77,6141.19
2019-10-25 04:00:00,1,5988.11,6215.67
2019-10-25 12:30:00,1,7006.37,8901.9
2019-10-25 13:00:00,1,7051.71,9125.01
2019-10-25 13:30:00,1,6990.42,9238.83
2019-10-25 14:00:00,1,6992.28,9324.92
2019-10-25 14:30:00,1,7041.77,9465.25
2019-10-25 15:00:00,1,7164.25,9650.46
2019-10-25 15:30:00,1,7243.6,9794.55
2019-10-25 16:00:00,1,7392.97,9872.01
2019-10-25 16:30:00,1,7592.24,9895.24
2019-10-25 17:00:00,1,7631.95,9881.83
2019-10-25 17:30:00,1,7783.86,9735.17
2019-10-25 18:00:00,1,7875.88,9562.94
2019-10-25 18:30:00,1,7866.04,9401.62
2019-10-25 19:00:00,1,7776.57,9301.16
2019-10-25 19:30:00,1,7813.3,9051.08
2019-10-25 20:00:00,1,7678.8,8807.41
2019-10-25 20:30:00,1,7557.31,8529.5
2019-10-25 21:00:00,1,7450.78,8248.84
2019-10-25 21:30:00,1,7287.79,8047.56
2019-10-25 22:00:00,1,7189.37,7877.68
2019-10-25 22:30:00,1,7064.8,7824.48
2019-10-25 23:00:00,1,7006.28,7655.96
2019-10-25 23:30:00,1,6841.52,7445.92
2019-10-26 00:00:00,1,6674.53,7283.38
2019-10-26 00:30:00,1,6550.41,7069.23
2019-10-26 01:00:00,1,6385.25,6820.43
2019-10-26 01:30:00,1,6286.62,6529.57
2019-10-26 02:00:00,1,6047.79,6264.07
2019-10-26 02:30:00,1,5963.56,6121.95
2019-10-26 03:00:00,1,5814.61,6021.93
2019-10-26 03:30:00,1,5757.43,5996.71
2019-10-26 04:00:00,1,5758.26,5996.17
2019-10-26 12:30:00,1,5804.32,6730.66
2019-10-26 13:00:00,1,5776.99,6786.72
2019-10-26 13:30:00,1,5729.21,6819.4
2019-10-26 14:00:00,1,5768.98,6854.56
2019-10-26 14:30:00,1,5873.7,6922.63
2019-10-26 15:00:00,1,5970.39,7020.99
2019-10-26 15:30:00,1,6163.81,7204.39
2019-10-26 16:00:00,1,6381.87,7354.09
2019-10-26 16:30:00,1,6610.6,7438.59
2019-10-26 17:00:00,1,6858.56,7521.06
2019-10-26 17:30:00,1,7127.93,7510.12
2019-10-26 18:00:00,1,7331.74,7501.07
2019-10-26 18:30:00,1,7468.68,7495.42
2019-10-26 19:00:00,1,7567.89,7537.07
2019-10-26 19:30:00,1,7694.57,7493.21
2019-10-26 20:00:00,1,7672.86,7380.04
2019-10-26 20:30:00,1,7555.33,7279.52
2019-10-26 21:00:00,1,7370.13,7144.12
2019-10-26 21:30:00,1,7225.08,7024.95
2019-10-26 22:00:00,1,7115.02,6940.34
2019-10-26 22:30:00,1,7002.95,6887.16
2019-10-26 23:00:00,1,6999.84,6793.41
2019-10-26 23:30:00,1,6822.38,6676.59
2019-10-27 00:00:00,0,6684.04,6556.52
2019-10-27 00:30:00,0,6625.72,6408.82
2019-10-27 01:00:00,0,6506.44,6261.76
2019-10-27 01:30:00,0,6428.19,6055.94
2019-10-27 02:00:00,0,6210.69,5855.8
2019-10-27 02:30:00,0,6021.45,5743.43
2019-10-27 03:00:00,0,5981.45,5684.12
2019-10-27 03:30:00,0,5946.6,5699.92
2019-10-27 04:00:00,0,6010.6,5746.39
2019-10-27 12:30:00,0,6993.17,5496.06
2019-10-27 13:00:00,0,6960.15,5503.01
2019-10-27 13:30:00,0,7042.64,5520.24
2019-10-27 14:00:00,0,7065.05,5577.56
2019-10-27 14:30:00,0,7103.02,5678.46
2019-10-27 15:00:00,0,7134.85,5868.15
2019-10-27 15:30:00,0,7328.16,6067.58
2019-10-27 16:00:00,0,7482.52,6316.11
2019-10-27 16:30:00,0,7704.55,6568.65
2019-10-27 17:00:00,0,7883.46,6880.53
2019-10-27 17:30:00,0,8072.79,7118.04
2019-10-27 18:00:00,0,8165.18,7300.12
2019-10-27 18:30:00,0,8236.16,7414.15
2019-10-27 19:00:00,0,8160.73,7492.74
2019-10-27 19:30:00,0,8243.99,7456.45
2019-10-27 20:00:00,0,8122.7,7346.08
2019-10-27 20:30:00,0,7973.12,7211.73
2019-10-27 21:00:00,0,7785.81,7063.04
2019-10-27 21:30:00,0,7548.86,6976.54
2019-10-27 22:00:00,0,7469.95,6882.93
2019-10-27 22:30:00,0,7306.47,6811.41
2019-10-27 23:00:00,0,7357.19,6716.5
2019-10-27 23:30:00,0,7245.06,6567.01
2019-10-28 00:00:00,0,7127.46,6443.91
2019-10-28 00:30:00,0,7065.28,6330.18
2019-10-28 01:00:00,0,6897.21,6198.77
2019-10-28 01:30:00,0,6724.31,5980.29
2019-10-28 02:00:00,0,6521.73,5799.24
2019-10-28 02:30:00,0,6288.66,5716.82
2019-10-28 03:00:00,0,6136.07,5715.54
2019-10-28 03:30:00,0,6064.91,5769.73
2019-10-28 04:00:00,0,6070.55,5897.41
2019-10-28 12:30:00,0,7047.35,6857.42
2019-10-28 13:00:00,0,7034.26,6857.12
2019-10-28 13:30:00,0,7052.73,6864.41
2019-10-28 14:00:00,0,7147.64,6916.87
2019-10-28 14:30:00,0,7297.76,6978.57
2019-10-28 15:00:00,0,7387.07,7107.77
2019-10-28 15:30:00,0,7596.47,7267.47
2019-10-28 16:00:00,0,7776.88,7502.04
2019-10-28 16:30:00,0,8025.15,7706.22
2019-10-28 17:00:00,0,8181.55,7896.74
2019-10-28 17:30:00,0,8388.05,8040.65
2019-10-28 18:00:00,0,8340.0,8144.11
2019-10-28 18:30:00,0,8414.43,8163.87
2019-10-28 19:00:00,0,8356.81,8173.39
2019-10-28 19:30:00,0,8443.09,8105.53
2019-10-28 20:00:00,0,8326.59,7954.75
2019-10-28 20:30:00,0,8144.92,7739.18
2019-10-28 21:00:00,0,7943.06,7527.82
2019-10-28 21:30:00,0,7751.31,7391.93
2019-10-28 22:00:00,0,7628.9,7302.84
2019-10-28 22:30:00,0,7459.68,7256.4
2019-10-28 23:00:00,0,7379.5,7183.15
2019-10-28 23:30:00,0,7300.35,7081.51
2019-10-29 00:00:00,0,7217.21,6986.41
2019-10-29 00:30:00,0,7089.11,6868.18
2019-10-29 01:00:00,0,6944.88,6713.41
2019-10-29 01:30:00,0,6791.59,6464.71
2019-10-29 02:00:00,0,6483.51,6225.86
2019-10-29 02:30:00,0,6312.16,6066.35
2019-10-29 03:00:00,0,6115.9,5992.27
2019-10-29 03:30:00,0,6048.77,5992.67
2019-10-29 04:00:00,0,6077.51,6080.74
2019-10-29 12:30:00,0,7606.29,6963.95
2019-10-29 13:00:00,0,7690.12,7027.44
2019-10-29 13:30:00,0,7843.19,7089.87
2019-10-29 14:00:00,0,7996.56,7199.68
2019-10-29 14:30:00,0,8070.53,7329.07
2019-10-29 15:00:00,0,8199.3,7535.78
2019-10-29 15:30:00,0,8396.8,7713.23
2019-10-29 16:00:00,0,8503.14,7914.62
2019-10-29 16:30:00,0,8630.56,8093.5
2019-10-29 17:00:00,0,8718.45,8269.28
2019-10-29 17:30:00,0,8858.65,8384.25
2019-10-29 18:00:00,0,8748.11,8400.69
2019-10-29 18:30:00,0,8730.05,8335.13
2019-10-29 19:00:00,0,8645.62,8375.28
2019-10-29 19:30:00,0,8613.77,8309.45
2019-10-29 20:00:00,0,8393.82,8127.19
2019-10-29 20:30:00,0,8256.67,7936.65
2019-10-29 21:00:00,0,8044.68,7699.25
2019-10-29 21:30:00,0,7819.78,7586.59
2019-10-29 22:00:00,0,7702.99,7461.39
2019-10-29 22:30:00,0,7544.55,7413.93
2019-10-29 23:00:00,0,7531.16,7293.32
2019-10-29 23:30:00,0,7402.59,7137.42
2019-10-30 00:00:00,0,7289.01,7027.13
2019-10-30 00:30:00,0,7164.13,6892.55
2019-10-30 01:00:00,0,6980.57,6731.76
2019-10-30 01:30:00,0,6805.84,6475.97
2019-10-30 02:00:00,0,6525.69,6234.75
2019-10-30 02:30:00,0,6314.76,6095.85
2019-10-30 03:00:00,0,6192.07,6018.0
2019-10-30 03:30:00,0,6090.91,6020.3
2019-10-30 04:00:00,0,6090.9,6106.49
2019-10-30 12:30:00,0,7983.92,7989.78
2019-10-30 13:00:00,0,8115.33,8114.67
2019-10-30 13:30:00,0,8219.57,8226.76
2019-10-30 14:00:00,0,8337.99,8337.75
2019-10-30 14:30:00,0,8468.55,8411.39
2019-10-30 15:00:00,0,8614.7,8563.73
2019-10-30 15:30:00,0,8900.88,8756.75
2019-10-30 16:00:00,0,9013.95,8854.04
2019-10-30 16:30:00,0,9144.39,8921.26
2019-10-30 17:00:00,0,9187.32,9031.2
2019-10-30 17:30:00,0,9272.97,9004.94
2019-10-30 18:00:00,0,9104.34,8899.76
2019-10-30 18:30:00,0,9091.32,8759.14
2019-10-30 19:00:00,0,8938.95,8727.21
2019-10-30 19:30:00,0,8908.12,8588.54
2019-10-30 20:00:00,0,8726.93,8368.48
2019-10-30 20:30:00,0,8540.27,8144.61
2019-10-30 21:00:00,0,8352.27,7876.91
2019-10-30 21:30:00,0,8177.29,7772.37
2019-10-30 22:00:00,0,7985.98,7590.49
2019-10-30 22:30:00,0,7813.42,7511.38
2019-10-30 23:00:00,0,7630.07,7374.4
2019-10-30 23:30:00,0,7486.07,7244.68
2019-10-31 00:00:00,0,7314.93,7128.69
2019-10-31 00:30:00,0,7216.86,6995.12
2019-10-31 01:00:00,0,7045.58,6819.83
2019-10-31 01:30:00,0,6864.59,6560.28
2019-10-31 02:00:00,0,6633.41,6323.39
2019-10-31 02:30:00,0,6414.44,6144.65
2019-10-31 03:00:00,0,6284.19,6059.93
2019-10-31 03:30:00,0,6156.37,6054.63
2019-10-31 04:00:00,0,6241.26,6140.71
2019-10-31 12:30:00,0,7773.22,8122.48
2019-10-31 13:00:00,0,7844.08,8286.75
2019-10-31 13:30:00,0,7933.91,8434.77
2019-10-31 14:00:00,0,8065.82,8545.59
2019-10-31 14:30:00,0,8185.53,8681.48
2019-10-31 15:00:00,0,8332.03,8870.72
2019-10-31 15:30:00,0,8601.56,9055.91
2019-10-31 16:00:00,0,8778.83,9192.51
2019-10-31 16:30:00,0,8946.82,9260.99
2019-10-31 17:00:00,0,9017.01,9345.44
2019-10-31 17:30:00,0,9039.92,9378.74
2019-10-31 18:00:00,0,8879.72,9299.46
2019-10-31 18:30:00,0,8763.13,9150.81
2019-10-31 19:00:00,0,8646.02,9111.91
2019-10-31 19:30:00,0,8585.44,8895.77
2019-10-31 20:00:00,0,8474.91,8672.16
2019-10-31 20:30:00,0,8291.29,8446.32
2019-10-31 21:00:00,0,8131.44,8140.79
2019-10-31 21:30:00,0,7910.32,7973.28
2019-10-31 22:00:00,0,7857.37,7781.62
2019-10-31 22:30:00,0,7713.75,7673.14
2019-10-31 23:00:00,0,7678.51,7529.7
2019-10-31 23:30:00,0,7540.56,7382.62
2019-11-01 00:00:00,0,7405.28,7246.55
2019-11-01 00:30:00,0,7277.07,7074.48
2019-11-01 01:00:00,0,7104.6,6878.11
2019-11-01 01:30:00,0,6859.09,6590.89
2019-11-01 02:00:00,0,6536.04,6345.37
2019-11-01 02:30:00,0,6341.81,6194.78
2019-11-01 03:00:00,0,6204.0,6128.8
2019-11-01 03:30:00,0,6120.28,6126.14
2019-11-01 04:00:00,0,6074.42,6218.12
2019-11-01 12:30:00,0,7219.28,8165.22
2019-11-01 13:00:00,0,7298.55,8334.28
2019-11-01 13:30:00,0,7380.76,8476.62
2019-11-01 14:00:00,0,7449.24,8601.74
2019-11-01 14:30:00,0,7560.67,8734.56
2019-11-01 15:00:00,0,7711.94,8861.91
2019-11-01 15:30:00,0,7863.73,8995.56
2019-11-01 16:00:00,0,8005.71,9124.58
2019-11-01 16:30:00,0,8208.87,9176.24
2019-11-01 17:00:00,0,8217.8,9205.27
2019-11-01 17:30:00,0,8302.58,9219.74
2019-11-01 18:00:00,0,8218.99,9075.77
2019-11-01 18:30:00,0,8209.9,8902.4
2019-11-01 19:00:00,0,8132.96,8843.02
2019-11-01 19:30:00,0,8226.21,8625.82
2019-11-01 20:00:00,0,8086.85,8406.47
2019-11-01 20:30:00,0,7939.0,8173.47
2019-11-01 21:00:00,0,7788.49,7933.11
2019-11-01 21:30:00,0,7619.53,7840.65
2019-11-01 22:00:00,0,7507.01,7689.89
2019-11-01 22:30:00,0,7355.1,7585.36
2019-11-01 23:00:00,0,7322.1,7475.97
2019-11-01 23:30:00,0,7142.46,7355.43
2019-11-02 00:00:00,0,7033.77,7188.32
2019-11-02 00:30:00,0,6906.28,7049.08
2019-11-02 01:00:00,0,6779.41,6877.12
2019-11-02 01:30:00,0,6588.56,6615.88
2019-11-02 02:00:00,0,6327.79,6358.25
2019-11-02 02:30:00,0,6160.27,6197.79
2019-11-02 03:00:00,0,6045.91,6107.54
2019-11-02 03:30:00,0,6045.22,6082.04
2019-11-02 04:00:00,0,5984.93,6114.17
2019-11-02 12:30:00,0,7355.38,7914.5
2019-11-02 13:00:00,0,7534.9,8080.56
2019-11-02 13:30:00,0,7622.61,8159.84
2019-11-02 14:00:00,0,7601.02,8261.94
2019-11-02 14:30:00,0,7652.24,8305.7
2019-11-02 15:00:00,0,7972.96,8437.27
2019-11-02 15:30:00,0,8125.98,8537.85
2019-11-02 16:00:00,0,8111.65,8583.3
2019-11-02 16:30:00,0,8055.71,8600.31
2019-11-02 17:00:00,0,8102.92,8636.73
2019-11-02 17:30:00,0,8157.07,8683.97
2019-11-02 18:00:00,0,8212.73,8638.51
2019-11-02 18:30:00,0,8256.86,8546.22
2019-11-02 19:00:00,0,8312.16,8525.64
2019-11-02 19:30:00,0,8360.95,8461.87
2019-11-02 20:00:00,0,8195.16,8302.76
2019-11-02 20:30:00,0,8060.75,8103.55
2019-11-02 21:00:00,0,7912.74,7931.94
2019-11-02 21:30:00,0,7676.82,7810.38
2019-11-02 22:00:00,0,7505.38,7677.33
2019-11-02 22:30:00,0,7333.09,7554.98
2019-11-02 23:00:00,0,7240.06,7386.41
2019-11-02 23:30:00,0,7041.83,7172.77
2019-11-03 00:00:00,1,6885.67,7003.97
2019-11-03 00:30:00,1,6846.11,6834.3
2019-11-03 01:00:00,1,6684.55,6673.41
2019-11-03 01:30:00,1,6524.8,6450.07
2019-11-03 02:00:00,1,6275.46,6234.36
2019-11-03 02:30:00,1,6092.48,6102.93
2019-11-03 03:00:00,1,6056.7,6039.43
2019-11-03 03:30:00,1,5982.12,6024.98
2019-11-03 04:00:00,1,6036.41,6037.28
2019-11-03 12:30:00,1,7401.52,7715.44
2019-11-03 13:00:00,1,7384.25,7821.47
2019-11-03 13:30:00,1,7370.78,7887.7
2019-11-03 14:00:00,1,7451.14,7879.49
2019-11-03 14:30:00,1,7501.11,7978.21
2019-11-03 15:00:00,1,7592.65,8074.85
2019-11-03 15:30:00,1,7795.62,8185.14
2019-11-03 16:00:00,1,7973.32,8250.07
2019-11-03 16:30:00,1,8111.51,8268.93
2019-11-03 17:00:00,1,8284.25,8362.65
2019-11-03 17:30:00,1,8475.74,8418.43
2019-11-03 18:00:00,1,8410.4,8412.83
2019-11-03 18:30:00,1,8402.77,8365.16
2019-11-03 19:00:00,1,8312.33,8363.69
2019-11-03 19:30:00,1,8419.55,8304.6
2019-11-03 20:00:00,1,8374.79,8185.1
2019-11-03 20:30:00,1,8200.59,8003.69
2019-11-03 21:00:00,1,7969.87,7752.42
2019-11-03 21:30:00,1,7690.25,7572.51
2019-11-03 22:00:00,1,7597.85,7396.49
2019-11-03 22:30:00,1,7462.98,7255.74
2019-11-03 23:00:00,1,7476.98,7089.72
2019-11-03 23:30:00,1,7331.49,6900.65
2019-11-04 00:00:00,0,7309.81,6748.81
2019-11-04 00:30:00,0,7185.95,6582.03
2019-11-04 01:00:00,0,7016.34,6408.35
2019-11-04 01:30:00,0,6849.47,6166.73
2019-11-04 02:00:00,0,6585.71,5989.71
2019-11-04 02:30:00,0,6392.42,5902.46
2019-11-04 03:00:00,0,6215.99,5881.39
2019-11-04 03:30:00,0,6150.31,5920.25
2019-11-04 04:00:00,0,6173.73,6022.02
2019-11-04 12:30:00,0,7031.7,7269.59
2019-11-04 13:00:00,0,6963.96,7300.14
2019-11-04 13:30:00,0,6890.97,7317.59
2019-11-04 14:00:00,0,6890.19,7348.6
2019-11-04 14:30:00,0,6864.85,7402.97
2019-11-04 15:00:00,0,6754.16,7556.13
2019-11-04 15:30:00,0,6978.9,7719.34
2019-11-04 16:00:00,0,7133.98,7907.13
2019-11-04 16:30:00,0,7368.52,8111.65
2019-11-04 17:00:00,0,7536.47,8269.05
2019-11-04 17:30:00,0,7809.89,8301.25
2019-11-04 18:00:00,0,7925.0,8341.63
2019-11-04 18:30:00,0,8077.43,8329.78
2019-11-04 19:00:00,0,8108.9,8349.18
2019-11-04 19:30:00,0,8276.54,8292.05
2019-11-04 20:00:00,0,8249.58,8125.03
2019-11-04 20:30:00,0,8093.44,7921.54
2019-11-04 21:00:00,0,7920.79,7721.24
2019-11-04 21:30:00,0,7673.91,7608.23
2019-11-04 22:00:00,0,7630.35,7499.37
2019-11-04 22:30:00,0,7581.98,7412.56
2019-11-04 23:00:00,0,7543.2,7327.3
2019-11-04 23:30:00,0,7420.42,7182.58
2019-11-05 00:00:00,0,7328.0,7067.95
2019-11-05 00:30:00,0,7222.82,6924.28
2019-11-05 01:00:00,0,6980.2,6759.47
2019-11-05 01:30:00,0,6789.69,6508.46
2019-11-05 02:00:00,0,6514.59,6272.58
2019-11-05 02:30:00,0,6283.0,6124.42
2019-11-05 03:00:00,0,6117.65,6056.4
2019-11-05 03:30:00,0,6042.84,6065.78
2019-11-05 04:00:00,0,6023.46,6157.51
2019-11-05 12:30:00,0,6553.02,6726.15
2019-11-05 13:00:00,0,6561.28,6715.36
2019-11-05 13:30:00,0,6652.06,6675.47
2019-11-05 14:00:00,0,6760.08,6705.1
2019-11-05 14:30:00,0,6817.0,6757.09
2019-11-05 15:00:00,0,6926.12,6910.42
2019-11-05 15:30:00,0,7133.71,7119.09
2019-11-05 16:00:00,0,7403.91,7374.79
2019-11-05 16:30:00,0,7631.94,7650.31
2019-11-05 17:00:00,0,7870.68,7978.05
2019-11-05 17:30:00,0,8130.59,8271.38
2019-11-05 18:00:00,0,8240.22,8405.48
2019-11-05 18:30:00,0,8311.68,8461.36
2019-11-05 19:00:00,0,8237.21,8529.53
2019-11-05 19:30:00,0,8254.07,8496.61
2019-11-05 20:00:00,0,8235.73,8377.65
2019-11-05 20:30:00,0,7991.29,8199.46
2019-11-05 21:00:00,0,7810.86,7976.93
2019-11-05 21:30:00,0,7547.17,7900.45
2019-11-05 22:00:00,0,7439.97,7765.97
2019-11-05 22:30:00,0,7237.16,7711.08
2019-11-05 23:00:00,0,7219.67,7583.82
2019-11-05 23:30:00,0,7111.12,7412.04
2019-11-06 00:00:00,0,6975.02,7281.09
2019-11-06 00:30:00,0,6855.46,7110.46
2019-11-06 01:00:00,0,6756.1,6934.95
2019-11-06 01:30:00,0,6580.56,6644.99
2019-11-06 02:00:00,0,6358.58,6397.43
2019-11-06 02:30:00,0,6148.6,6232.98
2019-11-06 03:00:00,0,6014.77,6147.28
2019-11-06 03:30:00,0,5983.6,6119.91
2019-11-06 04:00:00,0,5961.08,6176.35
2019-11-06 12:30:00,0,7392.26,6663.94
2019-11-06 13:00:00,0,7432.61,6714.23
2019-11-06 13:30:00,0,7488.7,6806.28
2019-11-06 14:00:00,0,7625.08,6872.96
2019-11-06 14:30:00,0,7706.08,6971.57
2019-11-06 15:00:00,0,7847.22,7160.81
2019-11-06 15:30:00,0,8075.73,7333.61
2019-11-06 16:00:00,0,8274.92,7578.8
2019-11-06 16:30:00,0,8468.83,7769.91
2019-11-06 17:00:00,0,8631.77,7972.1
2019-11-06 17:30:00,0,8817.13,8006.92
2019-11-06 18:00:00,0,8808.83,8015.19
2019-11-06 18:30:00,0,8871.9,7994.72
2019-11-06 19:00:00,0,8733.41,8026.82
2019-11-06 19:30:00,0,8779.92,7998.02
2019-11-06 20:00:00,0,8708.4,7868.64
2019-11-06 20:30:00,0,8444.87,7695.12
2019-11-06 21:00:00,0,8210.56,7471.5
2019-11-06 21:30:00,0,7911.43,7372.55
2019-11-06 22:00:00,0,7799.52,7266.92
2019-11-06 22:30:00,0,7598.2,7228.08
2019-11-06 23:00:00,0,7540.93,7129.43
2019-11-06 23:30:00,0,7397.89,6981.88
2019-11-07 00:00:00,0,7217.49,6879.42
2019-11-07 00:30:00,0,7193.11,6752.01
2019-11-07 01:00:00,0,7006.07,6570.48
2019-11-07 01:30:00,0,6789.38,6303.9
2019-11-07 02:00:00,0,6530.97,6054.43
2019-11-07 02:30:00,0,6321.72,5902.4
2019-11-07 03:00:00,0,6189.56,5839.01
2019-11-07 03:30:00,0,6099.75,5843.25
2019-11-07 04:00:00,0,6100.68,5928.44
2019-11-07 12:30:00,0,7586.58,7118.61
2019-11-07 13:00:00,0,7602.83,7224.88
2019-11-07 13:30:00,0,7736.47,7295.42
2019-11-07 14:00:00,0,7863.16,7373.23
2019-11-07 14:30:00,0,7885.5,7445.18
2019-11-07 15:00:00,0,7800.49,7627.02
2019-11-07 15:30:00,0,8210.66,7790.49
2019-11-07 16:00:00,0,8349.22,7975.65
2019-11-07 16:30:00,0,8514.66,8140.2
2019-11-07 17:00:00,0,8620.03,8293.06
2019-11-07 17:30:00,0,8659.74,8342.57
2019-11-07 18:00:00,0,8522.2,8334.31
2019-11-07 18:30:00,0,8403.02,8247.09
2019-11-07 19:00:00,0,8331.58,8247.59
2019-11-07 19:30:00,0,8297.55,8226.29
2019-11-07 20:00:00,0,8258.07,8091.48
2019-11-07 20:30:00,0,8084.02,7913.28
2019-11-07 21:00:00,0,7852.19,7677.62
2019-11-07 21:30:00,0,7590.03,7552.63
2019-11-07 22:00:00,0,7594.97,7404.99
2019-11-07 22:30:00,0,7499.04,7346.98
2019-11-07 23:00:00,0,7457.85,7210.98
2019-11-07 23:30:00,0,7339.86,7041.61
2019-11-08 00:00:00,0,7166.14,6937.56
2019-11-08 00:30:00,0,7015.71,6803.81
2019-11-08 01:00:00,0,6875.09,6621.03
2019-11-08 01:30:00,0,6634.62,6362.45
2019-11-08 02:00:00,0,6334.62,6124.64
2019-11-08 02:30:00,0,6134.69,5975.4
2019-11-08 03:00:00,0,6007.87,5900.48
2019-11-08 03:30:00,0,5875.07,5898.55
2019-11-08 04:00:00,0,5905.34,5985.51
2019-11-08 12:30:00,0,5870.63,7188.33
2019-11-08 13:00:00,0,5815.92,7248.38
2019-11-08 13:30:00,0,5699.79,7274.26
2019-11-08 14:00:00,0,5695.18,7313.58
2019-11-08 14:30:00,0,5740.58,7380.83
2019-11-08 15:00:00,0,5816.54,7529.4
2019-11-08 15:30:00,0,6028.54,7678.34
2019-11-08 16:00:00,0,6233.66,7836.73
2019-11-08 16:30:00,0,6471.56,7989.63
2019-11-08 17:00:00,0,6642.93,8066.48
2019-11-08 17:30:00,0,6931.17,8043.91
2019-11-08 18:00:00,0,7117.32,7903.31
2019-11-08 18:30:00,0,7243.38,7933.97
2019-11-08 19:00:00,0,7356.91,7913.14
2019-11-08 19:30:00,0,7507.31,7900.04
2019-11-08 20:00:00,0,7445.84,7786.05
2019-11-08 20:30:00,0,7366.97,7666.07
2019-11-08 21:00:00,0,7224.03,7470.91
2019-11-08 21:30:00,0,7109.7,7415.19
2019-11-08 22:00:00,0,7063.49,7326.05
2019-11-08 22:30:00,0,6962.66,7336.11
2019-11-08 23:00:00,0,6948.93,7229.79
2019-11-08 23:30:00,0,6820.4,7110.6
2019-11-09 00:00:00,0,6740.94,7005.83
2019-11-09 00:30:00,0,6592.61,6859.62
2019-11-09 01:00:00,0,6466.97,6676.74
2019-11-09 01:30:00,0,6312.34,6434.19
2019-11-09 02:00:00,0,6066.79,6192.05
2019-11-09 02:30:00,0,5902.92,6063.15
2019-11-09 03:00:00,0,5794.96,5978.06
2019-11-09 03:30:00,0,5723.95,5953.63
2019-11-09 04:00:00,0,5711.79,5990.1
2019-11-09 12:30:00,0,5880.5,5769.22
2019-11-09 13:00:00,0,5851.22,5778.51
2019-11-09 13:30:00,0,5827.52,5771.16
2019-11-09 14:00:00,0,5828.63,5773.64
2019-11-09 14:30:00,0,5961.64,5800.59
2019-11-09 15:00:00,0,6032.23,5939.79
2019-11-09 15:30:00,0,6202.66,6155.52
2019-11-09 16:00:00,0,6358.24,6408.24
2019-11-09 16:30:00,0,6574.6,6652.9
2019-11-09 17:00:00,0,6838.04,6958.33
2019-11-09 17:30:00,0,7075.87,7177.17
2019-11-09 18:00:00,0,7363.81,7333.96
2019-11-09 18:30:00,0,7502.49,7408.98
2019-11-09 19:00:00,0,7588.31,7496.06
2019-11-09 19:30:00,0,7653.46,7450.95
2019-11-09 20:00:00,0,7695.01,7382.23
2019-11-09 20:30:00,0,7651.53,7254.97
2019-11-09 21:00:00,0,7533.14,7133.36
2019-11-09 21:30:00,0,7360.05,7070.11
2019-11-09 22:00:00,0,7209.47,6993.3
2019-11-09 22:30:00,0,7097.26,6969.83
2019-11-09 23:00:00,0,7062.74,6841.6
2019-11-09 23:30:00,0,6919.56,6671.88
2019-11-10 00:00:00,0,6757.68,6543.06
2019-11-10 00:30:00,0,6706.87,6409.82
2019-11-10 01:00:00,0,6572.81,6266.43
2019-11-10 01:30:00,0,6449.84,6042.82
2019-11-10 02:00:00,0,6236.29,5852.55
2019-11-10 02:30:00,0,6065.97,5732.25
2019-11-10 03:00:00,0,5997.49,5682.85
2019-11-10 03:30:00,0,5956.39,5642.63
2019-11-10 04:00:00,0,5969.93,5677.11
2019-11-10 12:30:00,0,6950.39,5739.42
2019-11-10 13:00:00,0,7038.92,5804.52
2019-11-10 13:30:00,0,7075.37,5837.54
2019-11-10 14:00:00,0,7211.11,5914.59
2019-11-10 14:30:00,0,7311.44,6012.72
2019-11-10 15:00:00,0,7440.9,6198.5
2019-11-10 15:30:00,0,7670.93,6380.37
2019-11-10 16:00:00,0,7897.23,6612.79
2019-11-10 16:30:00,0,8139.23,6837.05
2019-11-10 17:00:00,0,8371.1,7129.48
2019-11-10 17:30:00,0,8551.06,7337.45
2019-11-10 18:00:00,0,8559.88,7465.61
2019-11-10 18:30:00,0,8653.88,7498.62
2019-11-10 19:00:00,0,8483.15,7572.12
2019-11-10 19:30:00,0,8484.94,7621.69
2019-11-10 20:00:00,0,8441.9,7524.9
2019-11-10 20:30:00,0,8268.13,7378.28
2019-11-10 21:00:00,0,8037.96,7239.43
2019-11-10 21:30:00,0,7732.11,7150.41
2019-11-10 22:00:00,0,7656.72,7053.8
2019-11-10 22:30:00,0,7485.8,6977.86
2019-11-10 23:00:00,0,7460.52,6857.69
2019-11-10 23:30:00,0,7307.79,6702.93
2019-11-11 00:00:00,0,7154.95,6593.56
2019-11-11 00:30:00,0,7113.79,6463.58
2019-11-11 01:00:00,0,6902.87,6338.42
2019-11-11 01:30:00,0,6745.56,6117.78
2019-11-11 02:00:00,0,6435.53,5961.61
2019-11-11 02:30:00,0,6237.49,5880.54
2019-11-11 03:00:00,0,6075.54,5860.69
2019-11-11 03:30:00,0,6052.86,5906.44
2019-11-11 04:00:00,0,6063.56,6004.78
2019-11-11 12:30:00,0,7994.03,7021.5
2019-11-11 13:00:00,0,8165.55,7116.58
2019-11-11 13:30:00,0,8308.91,7203.93
2019-11-11 14:00:00,0,8501.44,7310.4
2019-11-11 14:30:00,0,8735.58,7474.58
2019-11-11 15:00:00,0,9001.26,7672.08
2019-11-11 15:30:00,0,9355.2,7857.66
2019-11-11 16:00:00,0,9592.36,8048.86
2019-11-11 16:30:00,0,9860.49,8213.85
2019-11-11 17:00:00,0,10036.97,8410.98
2019-11-11 17:30:00,0,10183.0,8543.65
2019-11-11 18:00:00,0,10063.94,8575.8
2019-11-11 18:30:00,0,9900.75,8449.13
2019-11-11 19:00:00,0,9663.88,8480.43
2019-11-11 19:30:00,0,9422.64,8411.73
2019-11-11 20:00:00,0,9140.12,8254.39
2019-11-11 20:30:00,0,8876.28,8058.36
2019-11-11 21:00:00,0,8437.48,7821.54
2019-11-11 21:30:00,0,8003.52,7704.61
2019-11-11 22:00:00,0,7755.88,7570.21
2019-11-11 22:30:00,0,7551.94,7488.34
2019-11-11 23:00:00,0,7444.66,7355.62
2019-11-11 23:30:00,0,7237.41,7177.5
2019-11-12 00:00:00,1,7130.78,7059.68
2019-11-12 00:30:00,1,7070.19,6922.25
2019-11-12 01:00:00,1,6856.87,6741.55
2019-11-12 01:30:00,1,6692.83,6484.14
2019-11-12 02:00:00,1,6421.54,6252.78
2019-11-12 02:30:00,1,6218.87,6093.72
2019-11-12 03:00:00,1,6073.48,6007.28
2019-11-12 03:30:00,1,6014.37,5997.83
2019-11-12 04:00:00,1,6040.67,6062.93
2019-11-12 12:30:00,1,6637.99,8353.63
2019-11-12 13:00:00,1,6656.82,8578.47
2019-11-12 13:30:00,1,6653.14,8689.16
2019-11-12 14:00:00,1,6696.4,8878.98
2019-11-12 14:30:00,1,6810.58,9048.16
2019-11-12 15:00:00,1,6851.77,9311.33
2019-11-12 15:30:00,1,7079.27,9585.1
2019-11-12 16:00:00,1,7275.14,9832.81
2019-11-12 16:30:00,1,7482.39,9968.81
2019-11-12 17:00:00,1,7701.83,9988.16
2019-11-12 17:30:00,1,7969.66,9757.17
2019-11-12 18:00:00,1,8007.58,9606.98
2019-11-12 18:30:00,1,8094.69,9415.75
2019-11-12 19:00:00,1,8047.69,9289.64
2019-11-12 19:30:00,1,8108.9,8938.14
2019-11-12 20:00:00,1,8149.4,8721.71
2019-11-12 20:30:00,1,8009.28,8371.68
2019-11-12 21:00:00,1,7818.99,8075.26
2019-11-12 21:30:00,1,7603.93,7965.36
2019-11-12 22:00:00,1,7492.47,7753.37
2019-11-12 22:30:00,1,7413.66,7618.08
2019-11-12 23:00:00,1,7378.4,7436.46
2019-11-12 23:30:00,1,7257.85,7295.27
2019-11-13 00:00:00,0,7174.14,7158.9
2019-11-13 00:30:00,0,7051.48,6993.33
2019-11-13 01:00:00,0,6928.2,6799.77
2019-11-13 01:30:00,0,6732.97,6545.13
2019-11-13 02:00:00,0,6429.68,6313.09
2019-11-13 02:30:00,0,6168.65,6164.46
2019-11-13 03:00:00,0,6128.29,6094.88
2019-11-13 03:30:00,0,6072.53,6103.4
2019-11-13 04:00:00,0,6098.07,6198.35
2019-11-13 12:30:00,0,6914.05,6629.5
2019-11-13 13:00:00,0,6963.79,6653.91
2019-11-13 13:30:00,0,6941.61,6648.92
2019-11-13 14:00:00,0,7037.87,6694.65
2019-11-13 14:30:00,0,7167.88,6755.72
2019-11-13 15:00:00,0,7199.09,6934.8
2019-11-13 15:30:00,0,7491.48,7114.32
2019-11-13 16:00:00,0,7575.74,7353.06
2019-11-13 16:30:00,0,7847.92,7534.56
2019-11-13 17:00:00,0,8055.1,7770.79
2019-11-13 17:30:00,0,8290.22,7949.25
2019-11-13 18:00:00,0,8287.09,8053.55
2019-11-13 18:30:00,0,8331.02,8059.22
2019-11-13 19:00:00,0,8244.91,8097.13
2019-11-13 19:30:00,0,8378.45,8093.93
2019-11-13 20:00:00,0,8397.91,7993.2
2019-11-13 20:30:00,0,8219.22,7791.85
2019-11-13 21:00:00,0,8062.92,7595.22
2019-11-13 21:30:00,0,7815.71,7489.13
2019-11-13 22:00:00,0,7690.36,7375.23
2019-11-13 22:30:00,0,7554.95,7311.1
2019-11-13 23:00:00,0,7476.97,7212.22
2019-11-13 23:30:00,0,7363.11,7086.9
2019-11-14 00:00:00,0,7221.03,6989.88
2019-11-14 00:30:00,0,7098.5,6863.71
2019-11-14 01:00:00,0,6929.17,6700.49
2019-11-14 01:30:00,0,6684.71,6450.72
2019-11-14 02:00:00,0,6458.96,6238.98
2019-11-14 02:30:00,0,6250.12,6121.2
2019-11-14 03:00:00,0,6116.04,6066.26
2019-11-14 03:30:00,0,6029.96,6084.95
2019-11-14 04:00:00,0,6073.04,6166.57
2019-11-14 12:30:00,0,7332.68,6973.08
2019-11-14 13:00:00,0,7431.54,7041.83
2019-11-14 13:30:00,0,7571.49,7099.56
2019-11-14 14:00:00,0,7665.29,7181.81
2019-11-14 14:30:00,0,7797.97,7290.86
2019-11-14 15:00:00,0,7987.89,7489.84
2019-11-14 15:30:00,0,8226.82,7699.68
2019-11-14 16:00:00,0,8426.34,7925.25
2019-11-14 16:30:00,0,8661.07,8113.34
2019-11-14 17:00:00,0,8853.54,8332.62
2019-11-14 17:30:00,0,9016.46,8452.79
2019-11-14 18:00:00,0,8854.25,8507.56
2019-11-14 18:30:00,0,8806.53,8402.94
2019-11-14 19:00:00,0,8648.17,8437.14
2019-11-14 19:30:00,0,8598.56,8452.99
2019-11-14 20:00:00,0,8581.46,8311.69
2019-11-14 20:30:00,0,8460.56,8098.24
2019-11-14 21:00:00,0,8241.88,7864.8
2019-11-14 21:30:00,0,7974.49,7741.05
2019-11-14 22:00:00,0,7902.15,7620.66
2019-11-14 22:30:00,0,7673.26,7550.61
2019-11-14 23:00:00,0,7624.62,7411.74
2019-11-14 23:30:00,0,7424.8,7235.56
2019-11-15 00:00:00,1,7330.83,7104.04
2019-11-15 00:30:00,1,7114.3,6943.42
2019-11-15 01:00:00,1,6915.84,6758.89
2019-11-15 01:30:00,1,6685.5,6504.72
2019-11-15 02:00:00,1,6388.76,6284.59
2019-11-15 02:30:00,1,6211.29,6135.13
2019-11-15 03:00:00,1,6087.89,6062.56
2019-11-15 03:30:00,1,5998.81,6066.79
2019-11-15 04:00:00,1,5980.46,6147.1
2019-11-15 12:30:00,1,6424.42,7546.92
2019-11-15 13:00:00,1,6443.21,7682.95
2019-11-15 13:30:00,1,6416.1,7837.81
2019-11-15 14:00:00,1,6356.86,7952.18
2019-11-15 14:30:00,1,6344.14,8104.51
2019-11-15 15:00:00,1,6439.21,8341.17
2019-11-15 15:30:00,1,6651.93,8537.5
2019-11-15 16:00:00,1,6770.19,8704.74
2019-11-15 16:30:00,1,7038.1,8809.41
2019-11-15 17:00:00,1,7196.57,8900.59
2019-11-15 17:30:00,1,7359.18,8886.27
2019-11-15 18:00:00,1,7417.25,8781.95
2019-11-15 18:30:00,1,7544.07,8623.69
2019-11-15 19:00:00,1,7618.58,8582.42
2019-11-15 19:30:00,1,7694.43,8419.05
2019-11-15 20:00:00,1,7689.11,8289.63
2019-11-15 20:30:00,1,7571.37,8051.87
2019-11-15 21:00:00,1,7469.85,7843.67
2019-11-15 21:30:00,1,7356.52,7779.68
2019-11-15 22:00:00,1,7297.3,7663.91
2019-11-15 22:30:00,1,7183.78,7576.89
2019-11-15 23:00:00,1,7202.76,7449.3
2019-11-15 23:30:00,1,7105.86,7310.37
2019-11-16 00:00:00,0,6886.03,7160.79
2019-11-16 00:30:00,0,6815.5,6976.47
2019-11-16 01:00:00,0,6623.16,6758.28
2019-11-16 01:30:00,0,6467.53,6476.79
2019-11-16 02:00:00,0,6238.26,6245.2
2019-11-16 02:30:00,0,6110.13,6093.21
2019-11-16 03:00:00,0,5975.44,6011.14
2019-11-16 03:30:00,0,5895.43,6001.05
2019-11-16 04:00:00,0,5881.72,6032.08
2019-11-16 12:30:00,0,6362.61,6226.98
2019-11-16 13:00:00,0,6293.54,6208.1
2019-11-16 13:30:00,0,6333.88,6219.6
2019-11-16 14:00:00,0,6363.82,6273.27
2019-11-16 14:30:00,0,6501.86,6333.63
2019-11-16 15:00:00,0,6545.82,6496.92
2019-11-16 15:30:00,0,6726.53,6625.87
2019-11-16 16:00:00,0,6863.29,6826.2
2019-11-16 16:30:00,0,7019.76,7007.22
2019-11-16 17:00:00,0,7161.47,7239.18
2019-11-16 17:30:00,0,7347.92,7384.03
2019-11-16 18:00:00,0,7498.73,7462.8
2019-11-16 18:30:00,0,7542.31,7496.45
2019-11-16 19:00:00,0,7567.73,7520.41
2019-11-16 19:30:00,0,7629.81,7590.76
2019-11-16 20:00:00,0,7672.29,7520.15
2019-11-16 20:30:00,0,7555.56,7392.57
2019-11-16 21:00:00,0,7412.38,7265.09
2019-11-16 21:30:00,0,7283.86,7180.16
2019-11-16 22:00:00,0,7198.44,7117.49
2019-11-16 22:30:00,0,7145.6,7080.65
2019-11-16 23:00:00,0,7096.62,6966.59
2019-11-16 23:30:00,0,6957.78,6815.01
2019-11-17 00:00:00,0,6855.38,6669.9
2019-11-17 00:30:00,0,6731.41,6515.73
2019-11-17 01:00:00,0,6620.69,6364.38
2019-11-17 01:30:00,0,6471.97,6131.66
2019-11-17 02:00:00,0,6248.98,5965.5
2019-11-17 02:30:00,0,6085.66,5847.35
2019-11-17 03:00:00,0,6038.11,5801.91
2019-11-17 03:30:00,0,6074.95,5795.93
2019-11-17 04:00:00,0,6101.0,5831.83
2019-11-17 12:30:00,0,7057.69,6021.03
2019-11-17 13:00:00,0,7080.58,6071.02
2019-11-17 13:30:00,0,7168.22,6128.28
2019-11-17 14:00:00,0,7283.26,6171.89
2019-11-17 14:30:00,0,7453.97,6256.52
2019-11-17 15:00:00,0,7552.09,6423.93
2019-11-17 15:30:00,0,7793.69,6617.92
2019-11-17 16:00:00,0,8009.11,6843.0
2019-11-17 16:30:00,0,8295.6,7037.4
2019-11-17 17:00:00,0,8424.4,7311.62
2019-11-17 17:30:00,0,8661.1,7447.45
2019-11-17 18:00:00,0,8620.69,7544.22
2019-11-17 18:30:00,0,8692.17,7547.51
2019-11-17 19:00:00,0,8519.62,7573.2
2019-11-17 19:30:00,0,8504.42,7627.16
2019-11-17 20:00:00,0,8458.67,7567.01
2019-11-17 20:30:00,0,8304.81,7438.96
2019-11-17 21:00:00,0,8112.75,7270.82
2019-11-17 21:30:00,0,7864.49,7170.79
2019-11-17 22:00:00,0,7743.93,7056.97
2019-11-17 22:30:00,0,7584.06,6999.63
2019-11-17 23:00:00,0,7558.55,6875.13
2019-11-17 23:30:00,0,7434.17,6723.18
2019-11-18 00:00:00,0,7261.29,6604.55
2019-11-18 00:30:00,0,7239.11,6472.33
2019-11-18 01:00:00,0,7016.41,6321.78
2019-11-18 01:30:00,0,6845.31,6113.42
2019-11-18 02:00:00,0,6594.5,5964.39
2019-11-18 02:30:00,0,6369.78,5876.87
2019-11-18 03:00:00,0,6256.3,5863.06
2019-11-18 03:30:00,0,6161.05,5913.68
2019-11-18 04:00:00,0,6166.5,6017.25
2019-11-18 12:30:00,0,8207.19,7054.86
2019-11-18 13:00:00,0,8361.73,7129.1
2019-11-18 13:30:00,0,8568.43,7268.75
2019-11-18 14:00:00,0,8779.95,7390.45
2019-11-18 14:30:00,0,8921.38,7575.28
2019-11-18 15:00:00,0,9129.83,7795.04
2019-11-18 15:30:00,0,9408.68,8010.53
2019-11-18 16:00:00,0,9682.55,8204.75
2019-11-18 16:30:00,0,9844.49,8360.35
2019-11-18 17:00:00,0,10008.76,8536.87
2019-11-18 17:30:00,0,10106.45,8620.94
2019-11-18 18:00:00,0,9966.35,8581.01
2019-11-18 18:30:00,0,9917.93,8419.68
2019-11-18 19:00:00,0,9455.37,8376.44
2019-11-18 19:30:00,0,9243.73,8350.11
2019-11-18 20:00:00,0,9031.47,8225.23
2019-11-18 20:30:00,0,8849.56,8055.17
2019-11-18 21:00:00,0,8537.2,7824.5
2019-11-18 21:30:00,0,8169.59,7717.34
2019-11-18 22:00:00,0,8031.34,7574.99
2019-11-18 22:30:00,0,7829.54,7501.5
2019-11-18 23:00:00,0,7746.91,7380.47
2019-11-18 23:30:00,0,7625.62,7225.03
2019-11-19 00:00:00,1,7411.75,7098.53
2019-11-19 00:30:00,1,7280.69,6959.18
2019-11-19 01:00:00,1,7095.68,6795.25
2019-11-19 01:30:00,1,6930.93,6568.64
2019-11-19 02:00:00,1,6671.94,6372.95
2019-11-19 02:30:00,1,6459.94,6238.94
2019-11-19 03:00:00,1,6314.99,6169.49
2019-11-19 03:30:00,1,6271.37,6172.81
2019-11-19 04:00:00,1,6260.98,6245.86
2019-11-19 12:30:00,1,7608.81,8442.72
2019-11-19 13:00:00,1,7599.78,8626.21
2019-11-19 13:30:00,1,7651.64,8840.23
2019-11-19 14:00:00,1,7755.98,9008.31
2019-11-19 14:30:00,1,7885.76,9189.07
2019-11-19 15:00:00,1,7992.4,9425.34
2019-11-19 15:30:00,1,8249.7,9658.34
2019-11-19 16:00:00,1,8506.18,9822.11
2019-11-19 16:30:00,1,8706.67,9890.0
2019-11-19 17:00:00,1,8874.68,9962.17
2019-11-19 17:30:00,1,9068.55,9793.48
2019-11-19 18:00:00,1,9002.67,9653.5
2019-11-19 18:30:00,1,9023.58,9329.14
2019-11-19 19:00:00,1,8799.8,9221.81
2019-11-19 19:30:00,1,8735.31,9012.23
2019-11-19 20:00:00,1,8706.97,8803.11
2019-11-19 20:30:00,1,8551.79,8607.31
2019-11-19 21:00:00,1,8298.34,8311.98
2019-11-19 21:30:00,1,8022.5,8162.35
2019-11-19 22:00:00,1,7905.65,7928.56
2019-11-19 22:30:00,1,7774.05,7781.84
2019-11-19 23:00:00,1,7699.93,7599.6
2019-11-19 23:30:00,1,7599.25,7438.54
2019-11-20 00:00:00,0,7420.01,7288.7
2019-11-20 00:30:00,0,7283.7,7111.29
2019-11-20 01:00:00,0,7127.99,6912.29
2019-11-20 01:30:00,0,6963.05,6646.56
2019-11-20 02:00:00,0,6680.6,6421.04
2019-11-20 02:30:00,0,6489.47,6260.89
2019-11-20 03:00:00,0,6355.03,6175.49
2019-11-20 03:30:00,0,6342.35,6176.43
2019-11-20 04:00:00,0,6334.99,6249.43
2019-11-20 12:30:00,0,8638.12,7250.64
2019-11-20 13:00:00,0,8831.05,7320.94
2019-11-20 13:30:00,0,9014.5,7379.68
2019-11-20 14:00:00,0,9218.82,7476.34
2019-11-20 14:30:00,0,9432.76,7516.71
2019-11-20 15:00:00,0,9590.05,7714.27
2019-11-20 15:30:00,0,9966.77,7896.25
2019-11-20 16:00:00,0,10202.31,8191.37
2019-11-20 16:30:00,0,10467.16,8425.56
2019-11-20 17:00:00,0,10560.55,8651.57
2019-11-20 17:30:00,0,10655.79,8761.01
2019-11-20 18:00:00,0,10440.09,8842.81
2019-11-20 18:30:00,0,10319.2,8679.57
2019-11-20 19:00:00,0,10131.11,8575.15
2019-11-20 19:30:00,0,9992.36,8516.19
2019-11-20 20:00:00,0,9781.17,8354.57
2019-11-20 20:30:00,0,9545.38,8127.24
2019-11-20 21:00:00,0,9178.9,7903.27
2019-11-20 21:30:00,0,8771.99,7784.53
2019-11-20 22:00:00,0,8564.74,7638.65
2019-11-20 22:30:00,0,8242.79,7556.87
2019-11-20 23:00:00,0,8083.52,7416.55
2019-11-20 23:30:00,0,7892.12,7273.0
2019-11-21 00:00:00,0,7707.7,7165.6
2019-11-21 00:30:00,0,7513.01,7037.47
2019-11-21 01:00:00,0,7319.56,6864.28
2019-11-21 01:30:00,0,7119.68,6607.12
2019-11-21 02:00:00,0,6861.54,6405.48
2019-11-21 02:30:00,0,6692.61,6268.83
2019-11-21 03:00:00,0,6522.47,6195.93
2019-11-21 03:30:00,0,6492.77,6199.26
2019-11-21 04:00:00,0,6496.87,6271.16
2019-11-21 12:30:00,0,8494.36,8770.81
2019-11-21 13:00:00,0,8561.6,8965.42
2019-11-21 13:30:00,0,8653.46,9230.13
2019-11-21 14:00:00,0,8778.42,9450.8
2019-11-21 14:30:00,0,8856.68,9672.43
2019-11-21 15:00:00,0,8776.03,9879.18
2019-11-21 15:30:00,0,8891.92,10124.14
2019-11-21 16:00:00,0,9026.01,10294.45
2019-11-21 16:30:00,0,9067.73,10431.65
2019-11-21 17:00:00,0,9104.23,10484.17
2019-11-21 17:30:00,0,9058.96,10410.67
2019-11-21 18:00:00,0,8859.93,10292.76
2019-11-21 18:30:00,0,8807.22,10169.06
2019-11-21 19:00:00,0,8642.25,10053.0
2019-11-21 19:30:00,0,8611.73,9942.08
2019-11-21 20:00:00,0,8474.59,9766.59
2019-11-21 20:30:00,0,8369.49,9414.4
2019-11-21 21:00:00,0,8279.35,9049.93
2019-11-21 21:30:00,0,8073.48,8741.85
2019-11-21 22:00:00,0,7986.58,8474.86
2019-11-21 22:30:00,0,7782.37,8306.39
2019-11-21 23:00:00,0,7809.46,8078.25
2019-11-21 23:30:00,0,7618.8,7815.82
2019-11-22 00:00:00,0,7525.37,7620.22
2019-11-22 00:30:00,0,7422.02,7392.4
2019-11-22 01:00:00,0,7259.92,7165.32
2019-11-22 01:30:00,0,7021.52,6859.24
2019-11-22 02:00:00,0,6758.54,6647.24
2019-11-22 02:30:00,0,6543.61,6508.24
2019-11-22 03:00:00,0,6400.42,6435.16
2019-11-22 03:30:00,0,6294.65,6437.58
2019-11-22 04:00:00,0,6268.87,6510.51
2019-11-22 12:30:00,0,7038.38,8492.84
2019-11-22 13:00:00,0,6976.61,8589.19
2019-11-22 13:30:00,0,6972.08,8711.37
2019-11-22 14:00:00,0,7054.94,8769.34
2019-11-22 14:30:00,0,7142.66,8850.34
2019-11-22 15:00:00,0,7289.63,8935.93
2019-11-22 15:30:00,0,7431.27,8994.54
2019-11-22 16:00:00,0,7574.7,9072.48
2019-11-22 16:30:00,0,7691.68,9074.98
2019-11-22 17:00:00,0,7801.45,9076.7
2019-11-22 17:30:00,0,7942.2,9015.19
2019-11-22 18:00:00,0,8003.71,8948.04
2019-11-22 18:30:00,0,7976.06,8773.82
2019-11-22 19:00:00,0,7922.04,8727.7
2019-11-22 19:30:00,0,7879.8,8713.8
2019-11-22 20:00:00,0,7854.88,8590.37
2019-11-22 20:30:00,0,7697.73,8397.7
2019-11-22 21:00:00,0,7657.44,8198.63
2019-11-22 21:30:00,0,7519.44,8098.74
2019-11-22 22:00:00,0,7401.7,7944.6
2019-11-22 22:30:00,0,7329.96,7850.39
2019-11-22 23:00:00,0,7274.27,7715.68
2019-11-22 23:30:00,0,7061.43,7559.28
2019-11-23 00:00:00,0,6917.39,7404.01
2019-11-23 00:30:00,0,6883.13,7228.18
2019-11-23 01:00:00,0,6698.74,7013.02
2019-11-23 01:30:00,0,6512.3,6740.47
2019-11-23 02:00:00,0,6345.6,6519.5
2019-11-23 02:30:00,0,6166.02,6363.88
2019-11-23 03:00:00,0,6053.15,6274.35
2019-11-23 03:30:00,0,5966.41,6236.99
2019-11-23 04:00:00,0,5964.61,6247.84
2019-11-23 12:30:00,0,6753.87,6779.53
2019-11-23 13:00:00,0,6774.26,6799.08
2019-11-23 13:30:00,0,6682.73,6866.61
2019-11-23 14:00:00,0,6709.43,6990.17
2019-11-23 14:30:00,0,6853.24,7105.54
2019-11-23 15:00:00,0,6992.34,7241.41
2019-11-23 15:30:00,0,7082.29,7360.63
2019-11-23 16:00:00,0,7226.8,7497.17
2019-11-23 16:30:00,0,7378.65,7641.68
2019-11-23 17:00:00,0,7591.01,7781.67
2019-11-23 17:30:00,0,7813.81,7944.09
2019-11-23 18:00:00,0,8019.98,7949.35
2019-11-23 18:30:00,0,8126.75,7820.49
2019-11-23 19:00:00,0,8066.99,7806.32
2019-11-23 19:30:00,0,8084.13,7956.16
2019-11-23 20:00:00,0,8093.31,7903.27
2019-11-23 20:30:00,0,8000.91,7818.88
2019-11-23 21:00:00,0,7839.33,7668.7
2019-11-23 21:30:00,0,7652.93,7547.0
2019-11-23 22:00:00,0,7562.93,7440.21
2019-11-23 22:30:00,0,7393.33,7362.22
2019-11-23 23:00:00,0,7337.72,7203.55
2019-11-23 23:30:00,0,7196.28,7032.1
2019-11-24 00:00:00,0,7061.84,6876.5
2019-11-24 00:30:00,0,6943.84,6685.68
2019-11-24 01:00:00,0,6849.14,6521.01
2019-11-24 01:30:00,0,6655.26,6295.18
2019-11-24 02:00:00,0,6449.47,6122.91
2019-11-24 02:30:00,0,6273.14,6018.82
2019-11-24 03:00:00,0,6233.55,5948.33
2019-11-24 03:30:00,0,6188.02,5918.92
2019-11-24 04:00:00,0,6159.54,5918.98
2019-11-24 12:30:00,0,8139.71,6408.33
2019-11-24 13:00:00,0,8387.08,6435.39
2019-11-24 13:30:00,0,8612.31,6487.29
2019-11-24 14:00:00,0,8837.5,6571.64
2019-11-24 14:30:00,0,9112.62,6665.02
2019-11-24 15:00:00,0,9198.97,6809.09
2019-11-24 15:30:00,0,9343.94,6945.02
2019-11-24 16:00:00,0,9436.87,7114.57
2019-11-24 16:30:00,0,9379.29,7291.96
2019-11-24 17:00:00,0,9345.08,7516.82
2019-11-24 17:30:00,0,9428.38,7621.76
2019-11-24 18:00:00,0,9268.91,7705.34
2019-11-24 18:30:00,0,9186.6,7764.37
2019-11-24 19:00:00,0,9008.01,7774.85
2019-11-24 19:30:00,0,8977.33,7834.3
2019-11-24 20:00:00,0,8872.18,7818.03
2019-11-24 20:30:00,0,8738.49,7670.41
2019-11-24 21:00:00,0,8517.46,7494.48
2019-11-24 21:30:00,0,8211.0,7336.44
2019-11-24 22:00:00,0,8113.38,7220.94
2019-11-24 22:30:00,0,7931.51,7137.06
2019-11-24 23:00:00,0,7838.28,6989.64
2019-11-24 23:30:00,0,7636.7,6856.36
2019-11-25 00:00:00,1,7503.81,6732.98
2019-11-25 00:30:00,1,7359.97,6584.24
2019-11-25 01:00:00,1,7190.39,6431.52
2019-11-25 01:30:00,1,6973.45,6200.44
2019-11-25 02:00:00,1,6656.71,6049.64
2019-11-25 02:30:00,1,6440.9,5956.67
2019-11-25 03:00:00,1,6287.38,5942.39
2019-11-25 03:30:00,1,6218.87,5988.05
2019-11-25 04:00:00,1,6232.83,6084.06
2019-11-25 12:30:00,1,9275.09,8734.7
2019-11-25 13:00:00,1,8818.39,8958.95
2019-11-25 13:30:00,1,8647.0,9120.88
2019-11-25 14:00:00,1,8733.41,9271.64
2019-11-25 14:30:00,1,8767.0,9371.76
2019-11-25 15:00:00,1,8929.37,9556.86
2019-11-25 15:30:00,1,9144.96,9707.55
2019-11-25 16:00:00,1,9191.62,9812.92
2019-11-25 16:30:00,1,9243.68,9915.82
2019-11-25 17:00:00,1,9261.15,9962.71
2019-11-25 17:30:00,1,9340.89,9910.25
2019-11-25 18:00:00,1,9140.34,9846.02
2019-11-25 18:30:00,1,9034.15,9739.25
2019-11-25 19:00:00,1,8793.13,9593.99
2019-11-25 19:30:00,1,8657.22,9468.38
2019-11-25 20:00:00,1,8563.55,9293.18
2019-11-25 20:30:00,1,8391.47,8977.79
2019-11-25 21:00:00,1,8160.97,8655.23
2019-11-25 21:30:00,1,7866.72,8394.42
2019-11-25 22:00:00,1,7772.43,8168.25
2019-11-25 22:30:00,1,7602.26,7983.4
2019-11-25 23:00:00,1,7503.41,7763.76
2019-11-25 23:30:00,1,7337.6,7539.6
2019-11-26 00:00:00,1,7173.86,7408.05
2019-11-26 00:30:00,1,6996.48,7267.75
2019-11-26 01:00:00,1,6890.07,7084.32
2019-11-26 01:30:00,1,6734.9,6834.92
2019-11-26 02:00:00,1,6489.95,6620.59
2019-11-26 02:30:00,1,6239.05,6476.22
2019-11-26 03:00:00,1,6164.33,6377.47
2019-11-26 03:30:00,1,6152.95,6356.77
2019-11-26 04:00:00,1,6174.78,6411.7
2019-11-26 12:30:00,1,6857.77,9151.11
2019-11-26 13:00:00,1,6875.55,9276.04
2019-11-26 13:30:00,1,6920.05,9289.13
2019-11-26 14:00:00,1,6995.1,9366.47
2019-11-26 14:30:00,1,7114.74,9461.97
2019-11-26 15:00:00,1,7193.62,9609.34
2019-11-26 15:30:00,1,7415.25,9727.2
2019-11-26 16:00:00,1,7566.61,9838.46
2019-11-26 16:30:00,1,7811.46,9790.94
2019-11-26 17:00:00,1,8037.56,9740.02
2019-11-26 17:30:00,1,8207.09,9520.21
2019-11-26 18:00:00,1,8290.03,9359.38
2019-11-26 18:30:00,1,8346.22,9061.64
2019-11-26 19:00:00,1,8261.17,8913.36
2019-11-26 19:30:00,1,8223.25,8846.74
2019-11-26 20:00:00,1,8289.77,8690.2
2019-11-26 20:30:00,1,8189.12,8527.73
2019-11-26 21:00:00,1,8038.8,8249.17
2019-11-26 21:30:00,1,7779.9,8130.01
2019-11-26 22:00:00,1,7694.32,7928.76
2019-11-26 22:30:00,1,7534.75,7773.76
2019-11-26 23:00:00,1,7457.32,7598.13
2019-11-26 23:30:00,1,7349.8,7450.01
2019-11-27 00:00:00,0,7270.83,7312.73
2019-11-27 00:30:00,0,7157.57,7154.37
2019-11-27 01:00:00,0,6963.54,6973.46
2019-11-27 01:30:00,0,6763.06,6718.04
2019-11-27 02:00:00,0,6494.33,6496.25
2019-11-27 02:30:00,0,6276.32,6364.86
2019-11-27 03:00:00,0,6137.48,6292.47
2019-11-27 03:30:00,0,6069.37,6299.45
2019-11-27 04:00:00,0,6086.66,6370.77
2019-11-27 12:30:00,0,7543.53,6663.13
2019-11-27 13:00:00,0,7648.09,6687.01
2019-11-27 13:30:00,0,7787.3,6728.13
2019-11-27 14:00:00,0,7889.65,6816.59
2019-11-27 14:30:00,0,8036.27,6917.14
2019-11-27 15:00:00,0,8142.3,7136.02
2019-11-27 15:30:00,0,8386.01,7333.77
2019-11-27 16:00:00,0,8514.4,7605.57
2019-11-27 16:30:00,0,8762.62,7832.17
2019-11-27 17:00:00,0,8921.06,8066.0
2019-11-27 17:30:00,0,9023.13,8135.27
2019-11-27 18:00:00,0,9024.31,8228.22
2019-11-27 18:30:00,0,8956.04,8208.69
2019-11-27 19:00:00,0,8839.28,8202.96
2019-11-27 19:30:00,0,8743.33,8257.12
2019-11-27 20:00:00,0,8700.95,8190.28
2019-11-27 20:30:00,0,8541.6,8046.22
2019-11-27 21:00:00,0,8320.55,7839.17
2019-11-27 21:30:00,0,8046.54,7734.96
2019-11-27 22:00:00,0,7990.49,7604.78
2019-11-27 22:30:00,0,7806.48,7511.55
2019-11-27 23:00:00,0,7730.26,7390.73
2019-11-27 23:30:00,0,7599.13,7250.33
2019-11-28 00:00:00,0,7472.64,7123.97
2019-11-28 00:30:00,0,7343.49,6965.82
2019-11-28 01:00:00,0,7122.15,6786.92
2019-11-28 01:30:00,0,6963.52,6535.44
2019-11-28 02:00:00,0,6703.41,6326.17
2019-11-28 02:30:00,0,6518.33,6192.59
2019-11-28 03:00:00,0,6401.02,6126.91
2019-11-28 03:30:00,0,6351.5,6138.19
2019-11-28 04:00:00,0,6394.39,6215.96
2019-11-28 12:30:00,0,7999.25,7582.27
2019-11-28 13:00:00,0,8064.25,7712.41
2019-11-28 13:30:00,0,8280.13,7901.04
2019-11-28 14:00:00,0,8340.57,8001.27
2019-11-28 14:30:00,0,8684.04,8126.1
2019-11-28 15:00:00,0,8850.85,8317.91
2019-11-28 15:30:00,0,9141.47,8506.92
2019-11-28 16:00:00,0,9386.63,8670.88
2019-11-28 16:30:00,0,9624.1,8771.94
2019-11-28 17:00:00,0,9715.98,8920.85
2019-11-28 17:30:00,0,9765.25,8941.18
2019-11-28 18:00:00,0,9582.02,8883.02
2019-11-28 18:30:00,0,9404.28,8691.95
2019-11-28 19:00:00,0,9223.14,8603.72
2019-11-28 19:30:00,0,9103.48,8612.83
2019-11-28 20:00:00,0,9057.16,8513.73
2019-11-28 20:30:00,0,9016.22,8352.71
2019-11-28 21:00:00,0,8824.62,8106.26
2019-11-28 21:30:00,0,8577.0,7979.98
2019-11-28 22:00:00,0,8422.27,7809.54
2019-11-28 22:30:00,0,8214.9,7703.66
2019-11-28 23:00:00,0,8153.94,7563.02
2019-11-28 23:30:00,0,7937.36,7403.99
2019-11-29 00:00:00,0,7706.47,7251.33
2019-11-29 00:30:00,0,7488.34,7080.52
2019-11-29 01:00:00,0,7234.18,6889.1
2019-11-29 01:30:00,0,6974.25,6616.05
2019-11-29 02:00:00,0,6676.26,6408.83
2019-11-29 02:30:00,0,6451.3,6276.62
2019-11-29 03:00:00,0,6303.11,6227.22
2019-11-29 03:30:00,0,6192.67,6238.16
2019-11-29 04:00:00,0,6120.76,6314.79
2019-11-29 12:30:00,0,7247.31,8305.08
2019-11-29 13:00:00,0,7185.88,8417.53
2019-11-29 13:30:00,0,7237.67,8614.84
2019-11-29 14:00:00,0,7216.38,8723.35
2019-11-29 14:30:00,0,7067.45,8869.22
2019-11-29 15:00:00,0,6849.48,9019.35
2019-11-29 15:30:00,0,6886.03,9191.73
2019-11-29 16:00:00,0,7029.48,9321.56
2019-11-29 16:30:00,0,7264.62,9440.0
2019-11-29 17:00:00,0,7253.84,9503.73
2019-11-29 17:30:00,0,7443.09,9509.97
2019-11-29 18:00:00,0,7503.65,9422.8
2019-11-29 18:30:00,0,7527.32,9282.23
2019-11-29 19:00:00,0,7516.51,9203.81
2019-11-29 19:30:00,0,7545.92,9107.36
2019-11-29 20:00:00,0,7646.24,8959.49
2019-11-29 20:30:00,0,7643.7,8639.49
2019-11-29 21:00:00,0,7582.79,8412.42
2019-11-29 21:30:00,0,7453.22,8228.06
2019-11-29 22:00:00,0,7360.0,8042.54
2019-11-29 22:30:00,0,7265.45,8016.55
2019-11-29 23:00:00,0,7189.7,7843.98
2019-11-29 23:30:00,0,7024.22,7624.72
2019-11-30 00:00:00,0,6895.73,7464.01
2019-11-30 00:30:00,0,6789.36,7254.4
2019-11-30 01:00:00,0,6591.84,7018.29
2019-11-30 01:30:00,0,6436.28,6732.15
2019-11-30 02:00:00,0,6190.87,6491.82
2019-11-30 02:30:00,0,6008.96,6329.04
2019-11-30 03:00:00,0,5911.0,6246.86
2019-11-30 03:30:00,0,5845.74,6220.75
2019-11-30 04:00:00,0,5844.29,6233.85
2019-11-30 12:30:00,0,6329.49,7149.61
2019-11-30 13:00:00,0,6237.55,7152.85
2019-11-30 13:30:00,0,6190.2,7186.76
2019-11-30 14:00:00,0,6219.63,7261.4
2019-11-30 14:30:00,0,6343.58,7353.44
2019-11-30 15:00:00,0,6471.19,7482.39
2019-11-30 15:30:00,0,6638.52,7550.05
2019-11-30 16:00:00,0,6831.79,7668.07
2019-11-30 16:30:00,0,7112.07,7708.28
2019-11-30 17:00:00,0,7357.02,7800.01
2019-11-30 17:30:00,0,7558.12,7858.76
2019-11-30 18:00:00,0,7733.53,7892.01
2019-11-30 18:30:00,0,7814.35,7886.4
2019-11-30 19:00:00,0,7833.32,7904.36
2019-11-30 19:30:00,0,7831.46,7957.01
2019-11-30 20:00:00,0,7897.46,7879.53
2019-11-30 20:30:00,0,7791.5,7759.77
2019-11-30 21:00:00,0,7641.43,7619.3
2019-11-30 21:30:00,0,7472.17,7526.5
2019-11-30 22:00:00,0,7274.98,7434.97
2019-11-30 22:30:00,0,7106.62,7384.6
2019-11-30 23:00:00,0,7073.62,7226.63
2019-11-30 23:30:00,0,6869.39,7052.19
2019-12-01 00:00:00,0,6678.68,6918.19
2019-12-01 00:30:00,0,6595.86,6766.93
2019-12-01 01:00:00,0,6438.81,6593.01
2019-12-01 01:30:00,0,6311.66,6363.88
2019-12-01 02:00:00,0,6055.55,6180.96
2019-12-01 02:30:00,0,5895.71,6026.27
2019-12-01 03:00:00,0,5883.6,5950.33
2019-12-01 03:30:00,0,5847.81,5922.92
2019-12-01 04:00:00,0,5849.42,5953.8
2019-12-01 12:30:00,0,7268.13,6030.92
2019-12-01 13:00:00,0,7103.01,6060.5
2019-12-01 13:30:00,0,7103.44,6114.36
2019-12-01 14:00:00,0,7148.96,6216.76
2019-12-01 14:30:00,0,7100.06,6305.11
2019-12-01 15:00:00,0,7089.35,6520.29
2019-12-01 15:30:00,0,7239.07,6729.12
2019-12-01 16:00:00,0,7353.45,6976.37
2019-12-01 16:30:00,0,7536.4,7198.03
2019-12-01 17:00:00,0,7718.49,7462.47
2019-12-01 17:30:00,0,7961.69,7566.18
2019-12-01 18:00:00,0,7999.13,7657.52
2019-12-01 18:30:00,0,8050.13,7673.32
2019-12-01 19:00:00,0,8049.66,7671.05
2019-12-01 19:30:00,0,8070.64,7726.82
2019-12-01 20:00:00,0,8101.64,7708.4
2019-12-01 20:30:00,0,8032.3,7603.57
2019-12-01 21:00:00,0,7794.85,7422.2
2019-12-01 21:30:00,0,7554.12,7284.28
2019-12-01 22:00:00,0,7497.72,7140.91
2019-12-01 22:30:00,0,7366.72,7025.52
2019-12-01 23:00:00,0,7319.3,6839.3
2019-12-01 23:30:00,0,7147.0,6662.58
2019-12-02 00:00:00,0,7041.64,6529.74
2019-12-02 00:30:00,0,6946.8,6364.78
2019-12-02 01:00:00,0,6825.93,6182.33
2019-12-02 01:30:00,0,6658.59,5959.65
2019-12-02 02:00:00,0,6381.83,5798.92
2019-12-02 02:30:00,0,6183.24,5714.18
2019-12-02 03:00:00,0,6045.53,5700.87
2019-12-02 03:30:00,0,5952.59,5759.05
2019-12-02 04:00:00,0,5976.71,5874.29
2019-12-02 12:30:00,0,6851.45,6946.8
2019-12-02 13:00:00,0,6917.59,6955.33
2019-12-02 13:30:00,0,7014.73,6967.36
2019-12-02 14:00:00,0,7105.48,7010.76
2019-12-02 14:30:00,0,7250.2,7078.66
2019-12-02 15:00:00,0,7403.21,7240.55
2019-12-02 15:30:00,0,7546.64,7397.72
2019-12-02 16:00:00,0,7806.48,7611.01
2019-12-02 16:30:00,0,8028.28,7807.64
2019-12-02 17:00:00,0,8161.15,8062.39
2019-12-02 17:30:00,0,8402.62,8223.22
2019-12-02 18:00:00,0,8393.9,8317.64
2019-12-02 18:30:00,0,8471.69,8294.16
2019-12-02 19:00:00,0,8370.75,8273.65
2019-12-02 19:30:00,0,8334.81,8318.71
2019-12-02 20:00:00,0,8320.46,8261.45
2019-12-02 20:30:00,0,8241.98,8113.5
2019-12-02 21:00:00,0,8117.4,7908.41
2019-12-02 21:30:00,0,7866.48,7811.53
2019-12-02 22:00:00,0,7742.26,7664.08
2019-12-02 22:30:00,0,7589.84,7590.98
2019-12-02 23:00:00,0,7510.71,7445.32
2019-12-02 23:30:00,0,7377.92,7272.01
2019-12-03 00:00:00,0,7216.5,7141.84
2019-12-03 00:30:00,0,7108.39,6978.16
2019-12-03 01:00:00,0,6902.4,6784.22
2019-12-03 01:30:00,0,6712.05,6501.59
2019-12-03 02:00:00,0,6418.99,6274.7
2019-12-03 02:30:00,0,6217.57,6144.94
2019-12-03 03:00:00,0,6106.34,6072.87
2019-12-03 03:30:00,0,6048.25,6075.11
2019-12-03 04:00:00,0,6054.43,6148.22
2019-12-03 12:30:00,0,7342.01,6643.02
2019-12-03 13:00:00,0,7434.75,6708.65
2019-12-03 13:30:00,0,7580.14,6786.25
2019-12-03 14:00:00,0,7717.34,6898.6
2019-12-03 14:30:00,0,7838.0,6996.7
2019-12-03 15:00:00,0,7936.36,7259.87
2019-12-03 15:30:00,0,8161.85,7502.37
2019-12-03 16:00:00,0,8382.89,7772.28
2019-12-03 16:30:00,0,8606.24,7984.88
2019-12-03 17:00:00,0,8728.67,8220.65
2019-12-03 17:30:00,0,8921.47,8270.27
2019-12-03 18:00:00,0,8812.78,8338.24
2019-12-03 18:30:00,0,8775.63,8221.51
2019-12-03 19:00:00,0,8635.75,8179.13
2019-12-03 19:30:00,0,8576.6,8211.03
2019-12-03 20:00:00,0,8520.74,8143.08
2019-12-03 20:30:00,0,8428.06,7999.5
2019-12-03 21:00:00,0,8222.26,7767.87
2019-12-03 21:30:00,0,7949.72,7652.05
2019-12-03 22:00:00,0,7826.08,7501.23
2019-12-03 22:30:00,0,7607.87,7400.2
2019-12-03 23:00:00,0,7526.2,7256.46
2019-12-03 23:30:00,0,7388.88,7090.87
2019-12-04 00:00:00,0,7194.34,6986.08
2019-12-04 00:30:00,0,7083.21,6856.95
2019-12-04 01:00:00,0,6937.14,6677.08
2019-12-04 01:30:00,0,6751.5,6446.25
2019-12-04 02:00:00,0,6469.11,6218.19
2019-12-04 02:30:00,0,6285.21,6068.17
2019-12-04 03:00:00,0,6187.99,5995.84
2019-12-04 03:30:00,0,6132.23,6008.79
2019-12-04 04:00:00,0,6152.49,6094.2
2019-12-04 12:30:00,0,7873.43,7029.0
2019-12-04 13:00:00,0,8002.69,7114.07
2019-12-04 13:30:00,0,8188.59,7206.96
2019-12-04 14:00:00,0,8508.12,7347.35
2019-12-04 14:30:00,0,8702.12,7489.82
2019-12-04 15:00:00,0,8927.78,7728.24
2019-12-04 15:30:00,0,9195.35,7935.87
2019-12-04 16:00:00,0,9360.01,8169.51
2019-12-04 16:30:00,0,9569.61,8318.97
2019-12-04 17:00:00,0,9680.97,8537.11
2019-12-04 17:30:00,0,9842.08,8622.62
2019-12-04 18:00:00,0,9816.05,8607.69
2019-12-04 18:30:00,0,9761.94,8455.06
2019-12-04 19:00:00,0,9553.48,8368.1
2019-12-04 19:30:00,0,9486.42,8369.66
2019-12-04 20:00:00,0,9383.35,8294.06
2019-12-04 20:30:00,0,9188.05,8151.78
2019-12-04 21:00:00,0,8894.41,7919.1
2019-12-04 21:30:00,0,8547.2,7813.35
2019-12-04 22:00:00,0,8397.4,7674.49
2019-12-04 22:30:00,0,8156.58,7591.96
2019-12-04 23:00:00,0,7940.93,7431.61
2019-12-04 23:30:00,0,7703.88,7244.9
2019-12-05 00:00:00,1,7499.53,7115.99
2019-12-05 00:30:00,1,7308.87,6962.68
2019-12-05 01:00:00,1,7072.45,6773.05
2019-12-05 01:30:00,1,6850.36,6540.15
2019-12-05 02:00:00,1,6588.2,6321.66
2019-12-05 02:30:00,1,6366.92,6187.02
2019-12-05 03:00:00,1,6202.4,6105.5
2019-12-05 03:30:00,1,6175.24,6105.15
2019-12-05 04:00:00,1,6261.69,6173.47
2019-12-05 12:30:00,1,8266.68,7847.05
2019-12-05 13:00:00,1,8354.11,8055.15
2019-12-05 13:30:00,1,8427.55,8268.42
2019-12-05 14:00:00,1,8505.05,8516.07
2019-12-05 14:30:00,1,8670.79,8720.36
2019-12-05 15:00:00,1,8816.7,9031.5
2019-12-05 15:30:00,1,8970.42,9291.22
2019-12-05 16:00:00,1,9206.15,9517.94
2019-12-05 16:30:00,1,9341.08,9670.48
2019-12-05 17:00:00,1,9437.56,9806.7
2019-12-05 17:30:00,1,9454.78,9814.96
2019-12-05 18:00:00,1,9230.05,9769.92
2019-12-05 18:30:00,1,9149.02,9631.59
2019-12-05 19:00:00,1,8943.47,9476.44
2019-12-05 19:30:00,1,8786.46,9432.07
2019-12-05 20:00:00,1,8698.78,9279.38
2019-12-05 20:30:00,1,8550.28,8908.57
2019-12-05 21:00:00,1,8308.33,8604.96
2019-12-05 21:30:00,1,8125.55,8325.45
2019-12-05 22:00:00,1,7963.55,8066.14
2019-12-05 22:30:00,1,7808.83,7839.09
2019-12-05 23:00:00,1,7744.02,7639.39
2019-12-05 23:30:00,1,7613.4,7467.64
2019-12-06 00:00:00,0,7432.03,7304.49
2019-12-06 00:30:00,0,7310.38,7127.27
2019-12-06 01:00:00,0,7020.11,6938.0
2019-12-06 01:30:00,0,6772.94,6677.88
2019-12-06 02:00:00,0,6531.22,6453.25
2019-12-06 02:30:00,0,6297.14,6327.94
2019-12-06 03:00:00,0,6168.27,6260.15
2019-12-06 03:30:00,0,6090.04,6263.83
2019-12-06 04:00:00,0,6054.59,6333.77
2019-12-06 12:30:00,0,7133.23,8148.76
2019-12-06 13:00:00,0,7261.53,8303.68
2019-12-06 13:30:00,0,7345.42,8474.14
2019-12-06 14:00:00,0,7424.77,8639.29
2019-12-06 14:30:00,0,7439.1,8782.97
2019-12-06 15:00:00,0,7540.93,8969.95
2019-12-06 15:30:00,0,7585.72,9138.21
2019-12-06 16:00:00,0,7723.2,9295.56
2019-12-06 16:30:00,0,7784.99,9350.7
2019-12-06 17:00:00,0,7877.33,9399.14
2019-12-06 17:30:00,0,7980.27,9347.54
2019-12-06 18:00:00,0,8053.21,9234.82
2019-12-06 18:30:00,0,8056.4,9021.27
2019-12-06 19:00:00,0,7991.76,8879.94
2019-12-06 19:30:00,0,7950.12,8771.12
2019-12-06 20:00:00,0,7987.51,8680.21
2019-12-06 20:30:00,0,7943.98,8414.81
2019-12-06 21:00:00,0,7815.98,8202.74
2019-12-06 21:30:00,0,7630.28,8114.03
2019-12-06 22:00:00,0,7566.98,7970.15
2019-12-06 22:30:00,0,7440.7,7855.0
2019-12-06 23:00:00,0,7365.85,7667.31
2019-12-06 23:30:00,0,7209.81,7506.73
2019-12-07 00:00:00,0,7003.43,7359.47
2019-12-07 00:30:00,0,6886.33,7170.46
2019-12-07 01:00:00,0,6727.31,6945.31
2019-12-07 01:30:00,0,6509.3,6667.95
2019-12-07 02:00:00,0,6329.36,6439.88
2019-12-07 02:30:00,0,6072.38,6298.32
2019-12-07 03:00:00,0,6012.05,6220.57
2019-12-07 03:30:00,0,5938.77,6190.16
2019-12-07 04:00:00,0,5922.86,6212.35
2019-12-07 12:30:00,0,6609.48,6855.18
2019-12-07 13:00:00,0,6665.55,6888.88
2019-12-07 13:30:00,0,6727.31,6977.53
2019-12-07 14:00:00,0,6806.39,7114.38
2019-12-07 14:30:00,0,6904.81,7233.73
2019-12-07 15:00:00,0,6995.49,7456.83
2019-12-07 15:30:00,0,7273.48,7590.68
2019-12-07 16:00:00,0,7414.08,7778.04
2019-12-07 16:30:00,0,7651.42,7880.1
2019-12-07 17:00:00,0,7853.74,8019.03
2019-12-07 17:30:00,0,8024.64,8133.89
2019-12-07 18:00:00,0,8109.49,8102.28
2019-12-07 18:30:00,0,8176.57,7944.32
2019-12-07 19:00:00,0,8143.88,7855.12
2019-12-07 19:30:00,0,8099.79,8015.78
2019-12-07 20:00:00,0,8088.57,7973.5
2019-12-07 20:30:00,0,8012.19,7910.12
2019-12-07 21:00:00,0,7877.27,7745.26
2019-12-07 21:30:00,0,7626.86,7614.73
2019-12-07 22:00:00,0,7464.21,7493.01
2019-12-07 22:30:00,0,7322.25,7397.41
2019-12-07 23:00:00,0,7268.16,7219.28
2019-12-07 23:30:00,0,7090.48,7059.0
2019-12-08 00:00:00,0,6917.8,6906.98
2019-12-08 00:30:00,0,6859.08,6730.85
2019-12-08 01:00:00,0,6695.46,6552.47
2019-12-08 01:30:00,0,6580.16,6314.39
2019-12-08 02:00:00,0,6368.22,6125.58
2019-12-08 02:30:00,0,6220.57,6019.6
2019-12-08 03:00:00,0,6147.05,5964.53
2019-12-08 03:30:00,0,6089.78,5965.14
2019-12-08 04:00:00,0,6130.99,5993.89
2019-12-08 12:30:00,0,8456.37,6583.47
2019-12-08 13:00:00,0,8536.01,6630.17
2019-12-08 13:30:00,0,8790.59,6689.19
2019-12-08 14:00:00,0,8924.87,6792.35
2019-12-08 14:30:00,0,9072.13,6927.57
2019-12-08 15:00:00,0,9248.37,7121.74
2019-12-08 15:30:00,0,9508.94,7286.04
2019-12-08 16:00:00,0,9711.04,7443.25
2019-12-08 16:30:00,0,9870.11,7641.66
2019-12-08 17:00:00,0,9888.61,7833.18
2019-12-08 17:30:00,0,9992.34,7883.44
2019-12-08 18:00:00,0,9886.35,7927.59
2019-12-08 18:30:00,0,9857.69,7894.77
2019-12-08 19:00:00,0,9722.87,7831.86
2019-12-08 19:30:00,0,9526.97,7954.09
2019-12-08 20:00:00,0,9436.41,7934.64
2019-12-08 20:30:00,0,9242.13,7813.93
2019-12-08 21:00:00,0,8986.93,7637.44
2019-12-08 21:30:00,0,8656.99,7487.41
2019-12-08 22:00:00,0,8536.67,7329.33
2019-12-08 22:30:00,0,8263.96,7178.8
2019-12-08 23:00:00,0,8084.8,6981.21
2019-12-08 23:30:00,0,7889.2,6834.59
2019-12-09 00:00:00,0,7706.22,6730.5
2019-12-09 00:30:00,0,7508.07,6590.68
2019-12-09 01:00:00,0,7347.43,6436.68
2019-12-09 01:30:00,0,7089.26,6199.46
2019-12-09 02:00:00,0,6785.49,6029.9
2019-12-09 02:30:00,0,6583.02,5947.79
2019-12-09 03:00:00,0,6439.19,5942.16
2019-12-09 03:30:00,0,6435.28,5996.99
2019-12-09 04:00:00,0,6403.72,6100.02
2019-12-09 12:30:00,0,9984.63,8519.46
2019-12-09 13:00:00,0,10323.16,8656.6
2019-12-09 13:30:00,0,10511.9,8833.47
2019-12-09 14:00:00,0,10534.04,8990.35
2019-12-09 14:30:00,0,10272.3,9146.08
2019-12-09 15:00:00,0,10427.71,9379.99
2019-12-09 15:30:00,0,10658.67,9607.25
2019-12-09 16:00:00,0,10768.37,9766.44
2019-12-09 16:30:00,0,10760.41,9894.98
2019-12-09 17:00:00,0,10633.74,9981.62
2019-12-09 17:30:00,0,10455.4,9931.47
2019-12-09 18:00:00,0,10157.08,9869.24
2019-12-09 18:30:00,0,9971.61,9666.76
2019-12-09 19:00:00,0,9644.26,9510.55
2019-12-09 19:30:00,0,9428.59,9455.09
2019-12-09 20:00:00,0,9209.67,9292.47
2019-12-09 20:30:00,0,8968.14,8966.86
2019-12-09 21:00:00,0,8662.59,8663.84
2019-12-09 21:30:00,0,8343.71,8441.62
2019-12-09 22:00:00,0,8114.33,8226.68
2019-12-09 22:30:00,0,7890.32,8069.57
2019-12-09 23:00:00,0,7737.39,7877.37
2019-12-09 23:30:00,0,7565.72,7660.99
2019-12-10 00:00:00,1,7358.56,7524.15
2019-12-10 00:30:00,1,7206.73,7393.57
2019-12-10 01:00:00,1,7054.27,7227.32
2019-12-10 01:30:00,1,6865.16,6973.74
2019-12-10 02:00:00,1,6624.13,6755.47
2019-12-10 02:30:00,1,6399.76,6622.57
2019-12-10 03:00:00,1,6252.83,6550.53
2019-12-10 03:30:00,1,6218.15,6540.43
2019-12-10 04:00:00,1,6222.38,6596.91
2019-12-10 12:30:00,1,7849.1,10552.12
2019-12-10 13:00:00,1,7822.37,10833.26
2019-12-10 13:30:00,1,7908.88,11033.46
2019-12-10 14:00:00,1,7954.7,11189.63
2019-12-10 14:30:00,1,8170.55,11265.98
2019-12-10 15:00:00,1,8262.02,11350.91
2019-12-10 15:30:00,1,8459.34,11352.7
2019-12-10 16:00:00,1,8556.45,11120.16
2019-12-10 16:30:00,1,8753.14,10728.02
2019-12-10 17:00:00,1,8749.45,10570.01
2019-12-10 17:30:00,1,8812.69,10281.09
2019-12-10 18:00:00,1,8758.36,10060.39
2019-12-10 18:30:00,1,8813.46,9838.17
2019-12-10 19:00:00,1,8667.07,9613.19
2019-12-10 19:30:00,1,8531.79,9454.84
2019-12-10 20:00:00,1,8531.56,9293.84
2019-12-10 20:30:00,1,8406.04,9094.06
2019-12-10 21:00:00,1,8195.89,8767.76
2019-12-10 21:30:00,1,7913.49,8566.59
2019-12-10 22:00:00,1,7869.62,8278.96
2019-12-10 22:30:00,1,7691.5,8039.91
2019-12-10 23:00:00,1,7586.54,7814.35
2019-12-10 23:30:00,1,7427.75,7595.26
2019-12-11 00:00:00,0,7264.54,7429.56
2019-12-11 00:30:00,0,7177.83,7232.82
2019-12-11 01:00:00,0,6973.03,7042.81
2019-12-11 01:30:00,0,6756.29,6787.2
2019-12-11 02:00:00,0,6539.77,6577.5
2019-12-11 02:30:00,0,6299.65,6446.0
2019-12-11 03:00:00,0,6197.46,6376.25
2019-12-11 03:30:00,0,6170.92,6374.83
2019-12-11 04:00:00,0,6184.66,6438.65
2019-12-11 12:30:00,0,7701.41,7584.35
2019-12-11 13:00:00,0,7816.97,7641.29
2019-12-11 13:30:00,0,7891.47,7694.58
2019-12-11 14:00:00,0,7941.21,7781.78
2019-12-11 14:30:00,0,7964.57,7847.26
2019-12-11 15:00:00,0,8006.21,8017.78
2019-12-11 15:30:00,0,8117.98,8170.49
2019-12-11 16:00:00,0,8199.89,8363.8
2019-12-11 16:30:00,0,8370.23,8522.27
2019-12-11 17:00:00,0,8477.05,8619.19
2019-12-11 17:30:00,0,8570.21,8576.88
2019-12-11 18:00:00,0,8612.08,8570.87
2019-12-11 18:30:00,0,8498.03,8455.03
2019-12-11 19:00:00,0,8470.23,8373.75
2019-12-11 19:30:00,0,8382.76,8382.66
2019-12-11 20:00:00,0,8372.91,8322.07
2019-12-11 20:30:00,0,8275.23,8174.1
2019-12-11 21:00:00,0,8088.99,7947.42
2019-12-11 21:30:00,0,7852.18,7829.38
2019-12-11 22:00:00,0,7784.89,7676.04
2019-12-11 22:30:00,0,7602.27,7578.32
2019-12-11 23:00:00,0,7492.04,7440.78
2019-12-11 23:30:00,0,7362.94,7296.94
2019-12-12 00:00:00,0,7152.37,7180.71
2019-12-12 00:30:00,0,7064.74,7026.67
2019-12-12 01:00:00,0,6884.91,6846.37
2019-12-12 01:30:00,0,6703.59,6585.89
2019-12-12 02:00:00,0,6435.52,6369.73
2019-12-12 02:30:00,0,6233.59,6233.63
2019-12-12 03:00:00,0,6109.13,6172.95
2019-12-12 03:30:00,0,6045.62,6185.49
2019-12-12 04:00:00,0,6085.37,6271.67
2019-12-12 12:30:00,0,7739.95,7452.97
2019-12-12 13:00:00,0,7740.61,7447.2
2019-12-12 13:30:00,0,7739.6,7472.76
2019-12-12 14:00:00,0,7778.16,7564.69
2019-12-12 14:30:00,0,7771.25,7610.98
2019-12-12 15:00:00,0,7811.23,7751.7
2019-12-12 15:30:00,0,7934.05,7862.36
2019-12-12 16:00:00,0,8084.35,8043.33
2019-12-12 16:30:00,0,8189.75,8202.86
2019-12-12 17:00:00,0,8219.17,8317.73
2019-12-12 17:30:00,0,8184.19,8364.61
2019-12-12 18:00:00,0,8132.94,8397.65
2019-12-12 18:30:00,0,8114.83,8284.66
2019-12-12 19:00:00,0,8066.18,8206.57
2019-12-12 19:30:00,0,8061.13,8251.62
2019-12-12 20:00:00,0,8091.09,8230.88
2019-12-12 20:30:00,0,8075.16,8074.92
2019-12-12 21:00:00,0,7903.98,7870.39
2019-12-12 21:30:00,0,7751.25,7740.39
2019-12-12 22:00:00,0,7737.65,7612.75
2019-12-12 22:30:00,0,7675.23,7526.94
2019-12-12 23:00:00,0,7610.94,7410.9
2019-12-12 23:30:00,0,7474.66,7270.79
2019-12-13 00:00:00,0,7319.49,7155.96
2019-12-13 00:30:00,0,7172.3,7011.4
2019-12-13 01:00:00,0,7014.82,6829.96
2019-12-13 01:30:00,0,6769.85,6588.46
2019-12-13 02:00:00,0,6560.74,6381.2
2019-12-13 02:30:00,0,6337.63,6243.49
2019-12-13 03:00:00,0,6198.61,6178.41
2019-12-13 03:30:00,0,6128.46,6182.6
2019-12-13 04:00:00,0,6122.84,6271.54
2019-12-13 12:30:00,0,7049.32,7634.93
2019-12-13 13:00:00,0,7080.08,7634.15
2019-12-13 13:30:00,0,7215.02,7629.51
2019-12-13 14:00:00,0,7386.72,7640.55
2019-12-13 14:30:00,0,7532.79,7669.35
2019-12-13 15:00:00,0,7693.6,7756.16
2019-12-13 15:30:00,0,7878.85,7882.01
2019-12-13 16:00:00,0,8045.29,8023.21
2019-12-13 16:30:00,0,8216.93,8132.39
2019-12-13 17:00:00,0,8223.17,8217.17
2019-12-13 17:30:00,0,8293.07,8178.33
2019-12-13 18:00:00,0,8251.39,8161.87
2019-12-13 18:30:00,0,8332.41,8036.18
2019-12-13 19:00:00,0,8202.85,7949.63
2019-12-13 19:30:00,0,8178.05,7979.07
2019-12-13 20:00:00,0,8210.75,7976.02
2019-12-13 20:30:00,0,8195.2,7851.42
2019-12-13 21:00:00,0,8019.36,7693.65
2019-12-13 21:30:00,0,7870.67,7605.09
2019-12-13 22:00:00,0,7758.2,7537.81
2019-12-13 22:30:00,0,7612.51,7490.81
2019-12-13 23:00:00,0,7491.75,7408.17
2019-12-13 23:30:00,0,7296.83,7282.31
2019-12-14 00:00:00,0,7067.14,7172.22
2019-12-14 00:30:00,0,7011.71,7028.38
2019-12-14 01:00:00,0,6838.38,6834.83
2019-12-14 01:30:00,0,6677.08,6582.62
2019-12-14 02:00:00,0,6429.49,6362.4
2019-12-14 02:30:00,0,6269.44,6205.9
2019-12-14 03:00:00,0,6181.02,6121.88
2019-12-14 03:30:00,0,6140.18,6089.96
2019-12-14 04:00:00,0,6108.56,6104.26
2019-12-14 12:30:00,0,7355.35,7017.44
2019-12-14 13:00:00,0,7516.03,7079.62
2019-12-14 13:30:00,0,7645.58,7205.21
2019-12-14 14:00:00,0,7770.98,7314.54
2019-12-14 14:30:00,0,8006.74,7432.21
2019-12-14 15:00:00,0,8189.54,7609.47
2019-12-14 15:30:00,0,8275.75,7727.25
2019-12-14 16:00:00,0,8392.21,7850.53
2019-12-14 16:30:00,0,8484.59,7917.26
2019-12-14 17:00:00,0,8613.39,8039.51
2019-12-14 17:30:00,0,8812.15,8124.63
2019-12-14 18:00:00,0,8855.0,8092.47
2019-12-14 18:30:00,0,8896.97,7928.34
2019-12-14 19:00:00,0,8780.55,7835.9
2019-12-14 19:30:00,0,8725.0,7900.48
2019-12-14 20:00:00,0,8731.91,7905.48
2019-12-14 20:30:00,0,8675.92,7854.0
2019-12-14 21:00:00,0,8522.57,7699.74
2019-12-14 21:30:00,0,8319.53,7626.99
2019-12-14 22:00:00,0,8016.48,7525.28
2019-12-14 22:30:00,0,7761.69,7400.57
2019-12-14 23:00:00,0,7663.9,7240.73
2019-12-14 23:30:00,0,7378.62,7083.7
2019-12-15 00:00:00,0,7191.37,6927.24
2019-12-15 00:30:00,0,7066.5,6755.83
2019-12-15 01:00:00,0,6880.06,6588.08
2019-12-15 01:30:00,0,6756.08,6380.97
2019-12-15 02:00:00,0,6511.52,6205.81
2019-12-15 02:30:00,0,6369.46,6117.14
2019-12-15 03:00:00,0,6265.03,6062.24
2019-12-15 03:30:00,0,6248.38,6067.21
2019-12-15 04:00:00,0,6275.41,6088.95
2019-12-15 12:30:00,0,7992.0,7357.77
2019-12-15 13:00:00,0,7983.25,7505.99
2019-12-15 13:30:00,0,8059.88,7650.61
2019-12-15 14:00:00,0,8099.65,7738.57
2019-12-15 14:30:00,0,8123.45,7912.79
2019-12-15 15:00:00,0,8111.68,8124.35
2019-12-15 15:30:00,0,8192.97,8362.17
2019-12-15 16:00:00,0,8288.65,8532.85
2019-12-15 16:30:00,0,8374.93,8608.47
2019-12-15 17:00:00,0,8541.59,8753.74
2019-12-15 17:30:00,0,8675.44,8864.33
2019-12-15 18:00:00,0,8626.92,8861.22
2019-12-15 18:30:00,0,8558.0,8767.84
2019-12-15 19:00:00,0,8459.27,8675.48
2019-12-15 19:30:00,0,8408.31,8684.9
2019-12-15 20:00:00,0,8361.66,8660.44
2019-12-15 20:30:00,0,8299.05,8494.68
2019-12-15 21:00:00,0,8130.62,8264.32
2019-12-15 21:30:00,0,7866.82,8037.08
2019-12-15 22:00:00,0,7803.72,7824.41
2019-12-15 22:30:00,0,7627.8,7621.73
2019-12-15 23:00:00,0,7566.33,7391.37
2019-12-15 23:30:00,0,7444.56,7184.29
2019-12-16 00:00:00,0,7276.85,7013.82
2019-12-16 00:30:00,0,7139.72,6824.37
2019-12-16 01:00:00,0,7017.54,6633.61
2019-12-16 01:30:00,0,6806.02,6369.4
2019-12-16 02:00:00,0,6537.47,6208.26
2019-12-16 02:30:00,0,6347.44,6111.71
2019-12-16 03:00:00,0,6207.89,6106.7
2019-12-16 03:30:00,0,6151.67,6162.85
2019-12-16 04:00:00,0,6193.13,6261.21
2019-12-16 12:30:00,0,7723.02,7913.59
2019-12-16 13:00:00,0,7844.31,7958.02
2019-12-16 13:30:00,0,7843.77,7996.16
2019-12-16 14:00:00,0,7955.63,8078.24
2019-12-16 14:30:00,0,8013.92,8158.17
2019-12-16 15:00:00,0,8202.02,8262.46
2019-12-16 15:30:00,0,8382.15,8402.9
2019-12-16 16:00:00,0,8571.69,8561.36
2019-12-16 16:30:00,0,8766.77,8719.5
2019-12-16 17:00:00,0,8892.14,8811.66
2019-12-16 17:30:00,0,9058.9,8731.34
2019-12-16 18:00:00,0,8978.41,8690.55
2019-12-16 18:30:00,0,8965.78,8562.87
2019-12-16 19:00:00,0,8867.15,8421.18
2019-12-16 19:30:00,0,8690.47,8372.25
2019-12-16 20:00:00,0,8648.5,8359.62
2019-12-16 20:30:00,0,8614.03,8213.41
2019-12-16 21:00:00,0,8406.83,8015.59
2019-12-16 21:30:00,0,8174.58,7868.99
2019-12-16 22:00:00,0,8023.84,7720.03
2019-12-16 22:30:00,0,7815.92,7573.52
2019-12-16 23:00:00,0,7765.81,7420.3
2019-12-16 23:30:00,0,7605.52,7275.75
2019-12-17 00:00:00,0,7423.5,7160.79
2019-12-17 00:30:00,0,7306.26,7017.06
2019-12-17 01:00:00,0,7086.54,6825.04
2019-12-17 01:30:00,0,6855.15,6576.94
2019-12-17 02:00:00,0,6566.45,6380.21
2019-12-17 02:30:00,0,6421.42,6249.99
2019-12-17 03:00:00,0,6234.97,6191.3
2019-12-17 03:30:00,0,6199.54,6204.85
2019-12-17 04:00:00,0,6217.48,6283.57
2019-12-17 12:30:00,0,8045.15,7417.01
2019-12-17 13:00:00,0,8128.05,7490.91
2019-12-17 13:30:00,0,8295.96,7543.34
2019-12-17 14:00:00,0,8511.7,7650.67
2019-12-17 14:30:00,0,8670.69,7802.19
2019-12-17 15:00:00,0,8899.75,8005.35
2019-12-17 15:30:00,0,9198.03,8203.46
2019-12-17 16:00:00,0,9438.31,8425.65
2019-12-17 16:30:00,0,9661.56,8644.74
2019-12-17 17:00:00,0,9689.67,8826.19
2019-12-17 17:30:00,0,9868.04,8806.78
2019-12-17 18:00:00,0,9815.51,8811.67
2019-12-17 18:30:00,0,9749.5,8693.08
2019-12-17 19:00:00,0,9542.91,8550.98
2019-12-17 19:30:00,0,9365.46,8485.36
2019-12-17 20:00:00,0,9283.02,8435.97
2019-12-17 20:30:00,0,9170.87,8279.38
2019-12-17 21:00:00,0,8909.76,8048.79
2019-12-17 21:30:00,0,8664.98,7909.94
2019-12-17 22:00:00,0,8500.02,7766.83
2019-12-17 22:30:00,0,8253.36,7669.17
2019-12-17 23:00:00,0,8081.0,7508.51
2019-12-17 23:30:00,0,7858.63,7352.98
2019-12-18 00:00:00,0,7649.74,7226.04
2019-12-18 00:30:00,0,7487.5,7072.04
2019-12-18 01:00:00,0,7312.01,6884.26
2019-12-18 01:30:00,0,7123.07,6636.2
2019-12-18 02:00:00,0,6805.38,6424.21
2019-12-18 02:30:00,0,6613.47,6283.58
2019-12-18 03:00:00,0,6442.32,6208.38
2019-12-18 03:30:00,0,6412.62,6217.75
2019-12-18 04:00:00,0,6421.37,6295.08
2019-12-18 12:30:00,0,10343.93,8386.5
2019-12-18 13:00:00,0,10789.97,8543.79
2019-12-18 13:30:00,0,11027.48,8771.1
2019-12-18 14:00:00,0,11189.33,8968.19
2019-12-18 14:30:00,0,11358.48,9191.05
2019-12-18 15:00:00,0,11454.8,9438.79
2019-12-18 15:30:00,0,11453.35,9650.35
2019-12-18 16:00:00,0,11233.5,9830.7
2019-12-18 16:30:00,0,10979.83,9955.03
2019-12-18 17:00:00,0,10940.88,10030.5
2019-12-18 17:30:00,0,10782.84,9982.59
2019-12-18 18:00:00,0,10426.83,9871.67
2019-12-18 18:30:00,0,10218.01,9720.24
2019-12-18 19:00:00,0,9894.81,9506.32
2019-12-18 19:30:00,0,9602.53,9400.67
2019-12-18 20:00:00,0,9443.52,9262.25
2019-12-18 20:30:00,0,9287.66,8960.0
2019-12-18 21:00:00,0,9016.83,8667.15
2019-12-18 21:30:00,0,8716.17,8438.89
2019-12-18 22:00:00,0,8476.98,8193.92
2019-12-18 22:30:00,0,8226.32,8014.16
2019-12-18 23:00:00,0,8073.29,7797.51
2019-12-18 23:30:00,0,7862.19,7599.92
2019-12-19 00:00:00,1,7597.58,7445.62
2019-12-19 00:30:00,1,7442.75,7313.78
2019-12-19 01:00:00,1,7209.69,7139.96
2019-12-19 01:30:00,1,7016.89,6908.65
2019-12-19 02:00:00,1,6719.46,6713.65
2019-12-19 02:30:00,1,6558.48,6577.62
2019-12-19 03:00:00,1,6440.0,6509.53
2019-12-19 03:30:00,1,6381.03,6502.21
2019-12-19 04:00:00,1,6384.15,6551.04
2019-12-19 12:30:00,1,8439.5,10720.62
2019-12-19 13:00:00,1,8534.69,10954.24
2019-12-19 13:30:00,1,8704.3,11288.48
2019-12-19 14:00:00,1,8909.7,11586.3
2019-12-19 14:30:00,1,9015.63,11903.4
2019-12-19 15:00:00,1,9207.99,12105.02
2019-12-19 15:30:00,1,9372.75,12046.71
2019-12-19 16:00:00,1,9585.6,11575.74
2019-12-19 16:30:00,1,9753.98,11283.49
2019-12-19 17:00:00,1,9813.26,11079.9
2019-12-19 17:30:00,1,9807.3,10685.94
2019-12-19 18:00:00,1,9670.38,10382.7
2019-12-19 18:30:00,1,9563.28,10127.07
2019-12-19 19:00:00,1,9395.45,9820.22
2019-12-19 19:30:00,1,9280.31,9621.33
2019-12-19 20:00:00,1,9117.67,9482.7
2019-12-19 20:30:00,1,9004.32,9198.11
2019-12-19 21:00:00,1,8771.2,8894.86
2019-12-19 21:30:00,1,8495.2,8710.17
2019-12-19 22:00:00,1,8412.35,8442.84
2019-12-19 22:30:00,1,8208.81,8200.18
2019-12-19 23:00:00,1,8160.95,7949.69
2019-12-19 23:30:00,1,7956.76,7737.76
2019-12-20 00:00:00,0,7699.07,7558.42
2019-12-20 00:30:00,0,7559.39,7365.09
2019-12-20 01:00:00,0,7329.46,7152.29
2019-12-20 01:30:00,0,7123.24,6898.79
2019-12-20 02:00:00,0,6817.73,6700.72
2019-12-20 02:30:00,0,6595.83,6574.21
2019-12-20 03:00:00,0,6464.48,6515.06
2019-12-20 03:30:00,0,6369.84,6507.58
2019-12-20 04:00:00,0,6328.27,6570.98
2019-12-20 12:30:00,0,9073.79,8364.37
2019-12-20 13:00:00,0,9398.76,8465.54
2019-12-20 13:30:00,0,9737.34,8594.26
2019-12-20 14:00:00,0,10104.13,8765.41
2019-12-20 14:30:00,0,10381.27,8899.97
2019-12-20 15:00:00,0,10673.33,9072.67
2019-12-20 15:30:00,0,10886.05,9211.34
2019-12-20 16:00:00,0,11066.65,9383.2
2019-12-20 16:30:00,0,11246.72,9508.87
2019-12-20 17:00:00,0,11269.83,9547.82
2019-12-20 17:30:00,0,10960.98,9452.53
2019-12-20 18:00:00,0,10510.0,9359.73
2019-12-20 18:30:00,0,10186.27,9171.54
2019-12-20 19:00:00,0,9795.77,8972.67
2019-12-20 19:30:00,0,9469.09,8886.38
2019-12-20 20:00:00,0,9151.97,8835.15
2019-12-20 20:30:00,0,8909.09,8598.33
2019-12-20 21:00:00,0,8630.81,8400.71
2019-12-20 21:30:00,0,8336.08,8301.02
2019-12-20 22:00:00,0,8081.15,8122.93
2019-12-20 22:30:00,0,7852.11,7970.42
2019-12-20 23:00:00,0,7685.73,7803.75
2019-12-20 23:30:00,0,7407.87,7626.74
2019-12-21 00:00:00,1,7151.07,7488.18
2019-12-21 00:30:00,1,7006.74,7332.03
2019-12-21 01:00:00,1,6821.48,7132.01
2019-12-21 01:30:00,1,6603.45,6879.61
2019-12-21 02:00:00,1,6331.38,6651.25
2019-12-21 02:30:00,1,6160.73,6509.09
2019-12-21 03:00:00,1,6054.13,6399.72
2019-12-21 03:30:00,1,5980.56,6391.68
2019-12-21 04:00:00,1,5903.87,6415.07
2019-12-21 12:30:00,1,6700.13,10057.22
2019-12-21 13:00:00,1,6661.82,10286.83
2019-12-21 13:30:00,1,6701.98,10477.95
2019-12-21 14:00:00,1,6722.63,10728.3
2019-12-21 14:30:00,1,6743.3,10942.14
2019-12-21 15:00:00,1,6816.02,11183.07
2019-12-21 15:30:00,1,6988.68,11307.18
2019-12-21 16:00:00,1,7090.52,11443.35
2019-12-21 16:30:00,1,7211.95,11297.75
2019-12-21 17:00:00,1,7366.81,11278.41
2019-12-21 17:30:00,1,7464.91,10801.46
2019-12-21 18:00:00,1,7488.54,10463.21
2019-12-21 18:30:00,1,7531.65,9823.94
2019-12-21 19:00:00,1,7589.12,9441.06
2019-12-21 19:30:00,1,7593.89,9119.26
2019-12-21 20:00:00,1,7642.72,8955.28
2019-12-21 20:30:00,1,7631.93,8849.55
2019-12-21 21:00:00,1,7572.57,8579.8
2019-12-21 21:30:00,1,7410.47,8495.81
2019-12-21 22:00:00,1,7279.38,8258.27
2019-12-21 22:30:00,1,7141.16,7972.98
2019-12-21 23:00:00,1,7087.81,7683.27
2019-12-21 23:30:00,1,6914.28,7493.07
2019-12-22 00:00:00,0,6756.91,7267.26
2019-12-22 00:30:00,0,6617.3,7020.29
2019-12-22 01:00:00,0,6465.44,6768.32
2019-12-22 01:30:00,0,6299.86,6526.55
2019-12-22 02:00:00,0,6105.67,6345.5
2019-12-22 02:30:00,0,5930.51,6229.7
2019-12-22 03:00:00,0,5826.59,6163.4
2019-12-22 03:30:00,0,5798.36,6135.81
2019-12-22 04:00:00,0,5846.0,6142.64
2019-12-22 12:30:00,0,7470.19,6437.24
2019-12-22 13:00:00,0,7431.04,6427.96
2019-12-22 13:30:00,0,7393.17,6487.67
2019-12-22 14:00:00,0,7406.11,6533.65
2019-12-22 14:30:00,0,7448.98,6606.97
2019-12-22 15:00:00,0,7541.68,6737.89
2019-12-22 15:30:00,0,7676.91,6906.12
2019-12-22 16:00:00,0,7888.55,7085.32
2019-12-22 16:30:00,0,8058.79,7218.19
2019-12-22 17:00:00,0,8272.85,7402.3
2019-12-22 17:30:00,0,8431.37,7466.34
2019-12-22 18:00:00,0,8458.72,7546.75
2019-12-22 18:30:00,0,8460.16,7536.11
2019-12-22 19:00:00,0,8297.85,7481.3
2019-12-22 19:30:00,0,8242.44,7479.0
2019-12-22 20:00:00,0,8230.32,7508.67
2019-12-22 20:30:00,0,8220.34,7425.05
2019-12-22 21:00:00,0,8069.62,7305.4
2019-12-22 21:30:00,0,7886.59,7212.62
2019-12-22 22:00:00,0,7863.3,7119.45
2019-12-22 22:30:00,0,7737.7,7041.74
2019-12-22 23:00:00,0,7668.2,6883.22
2019-12-22 23:30:00,0,7549.09,6746.15
2019-12-23 00:00:00,0,7375.51,6631.55
2019-12-23 00:30:00,0,7210.36,6516.53
2019-12-23 01:00:00,0,6975.24,6394.37
2019-12-23 01:30:00,0,6748.37,6190.06
2019-12-23 02:00:00,0,6472.05,6047.3
2019-12-23 02:30:00,0,6290.44,5978.82
2019-12-23 03:00:00,0,6139.43,5967.0
2019-12-23 03:30:00,0,6054.1,6002.51
2019-12-23 04:00:00,0,6051.19,6090.62
2019-12-23 12:30:00,0,7897.66,7874.12
2019-12-23 13:00:00,0,7900.16,7930.32
2019-12-23 13:30:00,0,7993.4,7968.98
2019-12-23 14:00:00,0,8056.79,8064.46
2019-12-23 14:30:00,0,8166.83,8147.14
2019-12-23 15:00:00,0,8232.39,8308.35
2019-12-23 15:30:00,0,8340.53,8467.68
2019-12-23 16:00:00,0,8419.9,8652.03
2019-12-23 16:30:00,0,8582.74,8820.06
2019-12-23 17:00:00,0,8670.76,8950.62
2019-12-23 17:30:00,0,8610.48,8920.5
2019-12-23 18:00:00,0,8376.9,8901.81
2019-12-23 18:30:00,0,8294.67,8709.61
2019-12-23 19:00:00,0,8136.3,8547.77
2019-12-23 19:30:00,0,8000.46,8441.38
2019-12-23 20:00:00,0,7947.04,8390.48
2019-12-23 20:30:00,0,7900.99,8263.3
2019-12-23 21:00:00,0,7815.57,8053.58
2019-12-23 21:30:00,0,7637.2,7946.25
2019-12-23 22:00:00,0,7636.18,7803.71
2019-12-23 22:30:00,0,7535.65,7702.06
2019-12-23 23:00:00,0,7461.15,7580.8
2019-12-23 23:30:00,0,7287.46,7460.27
2019-12-24 00:00:00,0,7069.19,7324.95
2019-12-24 00:30:00,0,6922.79,7184.74
2019-12-24 01:00:00,0,6690.26,6998.09
2019-12-24 01:30:00,0,6467.08,6725.54
2019-12-24 02:00:00,0,6194.05,6499.86
2019-12-24 02:30:00,0,5985.75,6348.77
2019-12-24 03:00:00,0,5812.53,6259.04
2019-12-24 03:30:00,0,5722.22,6211.08
2019-12-24 04:00:00,0,5673.71,6244.19
2019-12-24 12:30:00,0,6448.95,8006.8
2019-12-24 13:00:00,0,6347.24,8035.64
2019-12-24 13:30:00,0,6324.3,8121.76
2019-12-24 14:00:00,0,6366.26,8285.61
2019-12-24 14:30:00,0,6390.05,8344.1
2019-12-24 15:00:00,0,6504.89,8399.92
2019-12-24 15:30:00,0,6654.11,8498.03
2019-12-24 16:00:00,0,6862.77,8546.63
2019-12-24 16:30:00,0,7016.21,8586.42
2019-12-24 17:00:00,0,7180.75,8571.79
2019-12-24 17:30:00,0,7333.37,8373.68
2019-12-24 18:00:00,0,7337.03,8258.22
2019-12-24 18:30:00,0,7409.88,8104.92
2019-12-24 19:00:00,0,7345.26,7978.92
2019-12-24 19:30:00,0,7373.6,7947.1
2019-12-24 20:00:00,0,7393.25,7897.78
2019-12-24 20:30:00,0,7430.68,7819.81
2019-12-24 21:00:00,0,7361.53,7680.34
2019-12-24 21:30:00,0,7249.15,7653.61
2019-12-24 22:00:00,0,7204.28,7542.27
2019-12-24 22:30:00,0,7133.75,7489.37
2019-12-24 23:00:00,0,7088.55,7340.59
2019-12-24 23:30:00,0,6951.46,7146.96
2019-12-25 00:00:00,0,6802.94,6974.94
2019-12-25 00:30:00,0,6683.65,6796.39
2019-12-25 01:00:00,0,6511.99,6604.65
2019-12-25 01:30:00,0,6306.11,6368.59
2019-12-25 02:00:00,0,6027.79,6166.76
2019-12-25 02:30:00,0,5828.16,6021.64
2019-12-25 03:00:00,0,5698.43,5933.83
2019-12-25 03:30:00,0,5650.34,5884.35
2019-12-25 04:00:00,0,5642.31,5868.07
2019-12-25 12:30:00,0,6906.14,6462.9
2019-12-25 13:00:00,0,7010.07,6401.95
2019-12-25 13:30:00,0,7084.22,6388.16
2019-12-25 14:00:00,0,7252.08,6459.35
2019-12-25 14:30:00,0,7384.31,6521.71
2019-12-25 15:00:00,0,7570.79,6619.83
2019-12-25 15:30:00,0,7726.74,6713.55
2019-12-25 16:00:00,0,7917.85,6813.33
2019-12-25 16:30:00,0,8172.66,7017.39
2019-12-25 17:00:00,0,8340.83,7192.58
2019-12-25 17:30:00,0,8435.22,7214.69
2019-12-25 18:00:00,0,8477.59,7238.76
2019-12-25 18:30:00,0,8509.18,7202.32
2019-12-25 19:00:00,0,8361.92,7199.07
2019-12-25 19:30:00,0,8238.8,7258.71
2019-12-25 20:00:00,0,8205.83,7376.57
2019-12-25 20:30:00,0,8184.04,7407.97
2019-12-25 21:00:00,0,7986.41,7341.34
2019-12-25 21:30:00,0,7764.93,7321.47
2019-12-25 22:00:00,0,7648.54,7243.99
2019-12-25 22:30:00,0,7484.22,7147.03
2019-12-25 23:00:00,0,7399.71,7003.52
2019-12-25 23:30:00,0,7190.15,6863.7
2019-12-26 00:00:00,0,7005.77,6731.95
2019-12-26 00:30:00,0,6885.62,6557.73
2019-12-26 01:00:00,0,6661.34,6369.08
2019-12-26 01:30:00,0,6464.89,6136.45
2019-12-26 02:00:00,0,6197.43,5952.05
2019-12-26 02:30:00,0,6017.57,5829.91
2019-12-26 03:00:00,0,5947.39,5759.81
2019-12-26 03:30:00,0,5891.04,5737.22
2019-12-26 04:00:00,0,5868.28,5748.98
2019-12-26 12:30:00,0,7649.68,6816.01
2019-12-26 13:00:00,0,7777.9,6889.58
2019-12-26 13:30:00,0,7943.0,6999.03
2019-12-26 14:00:00,0,8114.43,7111.04
2019-12-26 14:30:00,0,8280.6,7270.51
2019-12-26 15:00:00,0,8496.78,7454.68
2019-12-26 15:30:00,0,8662.3,7553.51
2019-12-26 16:00:00,0,8853.46,7720.34
2019-12-26 16:30:00,0,9122.1,7845.01
2019-12-26 17:00:00,0,9244.28,8072.23
2019-12-26 17:30:00,0,9324.59,8145.01
2019-12-26 18:00:00,0,9217.17,8151.69
2019-12-26 18:30:00,0,9100.85,8041.6
2019-12-26 19:00:00,0,8905.73,7925.56
2019-12-26 19:30:00,0,8760.71,7903.97
2019-12-26 20:00:00,0,8608.51,7957.68
2019-12-26 20:30:00,0,8570.94,7918.38
2019-12-26 21:00:00,0,8423.8,7776.07
2019-12-26 21:30:00,0,8169.68,7717.55
2019-12-26 22:00:00,0,8080.48,7599.14
2019-12-26 22:30:00,0,7857.92,7422.88
2019-12-26 23:00:00,0,7778.68,7248.96
2019-12-26 23:30:00,0,7557.77,7112.54
2019-12-27 00:00:00,0,7381.67,6985.89
2019-12-27 00:30:00,0,7246.63,6838.14
2019-12-27 01:00:00,0,7007.19,6644.08
2019-12-27 01:30:00,0,6795.37,6377.93
2019-12-27 02:00:00,0,6546.79,6156.89
2019-12-27 02:30:00,0,6306.9,6000.12
2019-12-27 03:00:00,0,6189.53,5930.67
2019-12-27 03:30:00,0,6098.03,5916.64
2019-12-27 04:00:00,0,6053.46,5944.99
2019-12-27 12:30:00,0,7717.63,7590.41
2019-12-27 13:00:00,0,7952.51,7722.64
2019-12-27 13:30:00,0,8137.14,7890.82
2019-12-27 14:00:00,0,8365.64,8109.44
2019-12-27 14:30:00,0,8655.1,8230.43
2019-12-27 15:00:00,0,8910.47,8413.92
2019-12-27 15:30:00,0,9188.83,8522.24
2019-12-27 16:00:00,0,9401.81,8692.07
2019-12-27 16:30:00,0,9615.34,8789.84
2019-12-27 17:00:00,0,9728.55,8883.17
2019-12-27 17:30:00,0,9806.43,8943.78
2019-12-27 18:00:00,0,9799.39,8873.75
2019-12-27 18:30:00,0,9697.03,8650.25
2019-12-27 19:00:00,0,9517.79,8477.04
2019-12-27 19:30:00,0,9346.2,8334.61
2019-12-27 20:00:00,0,9188.01,8297.12
2019-12-27 20:30:00,0,9036.38,8074.98
2019-12-27 21:00:00,0,8781.22,7906.6
2019-12-27 21:30:00,0,8508.44,7864.3
2019-12-27 22:00:00,0,8245.03,7744.06
2019-12-27 22:30:00,0,8006.33,7672.5
2019-12-27 23:00:00,0,7841.72,7515.32
2019-12-27 23:30:00,0,7546.8,7346.84
2019-12-28 00:00:00,0,7308.48,7190.63
2019-12-28 00:30:00,0,7159.36,7024.74
2019-12-28 01:00:00,0,6947.24,6815.95
2019-12-28 01:30:00,0,6767.68,6554.32
2019-12-28 02:00:00,0,6513.21,6331.35
2019-12-28 02:30:00,0,6318.09,6184.72
2019-12-28 03:00:00,0,6201.09,6105.52
2019-12-28 03:30:00,0,6148.21,6094.2
2019-12-28 04:00:00,0,6119.47,6106.22
2019-12-28 12:30:00,0,7873.85,8378.65
2019-12-28 13:00:00,0,8148.13,8553.99
2019-12-28 13:30:00,0,8348.73,8726.06
2019-12-28 14:00:00,0,8515.1,8923.11
2019-12-28 14:30:00,0,8698.57,9195.5
2019-12-28 15:00:00,0,8890.62,9407.79
2019-12-28 15:30:00,0,9099.3,9606.37
2019-12-28 16:00:00,0,9263.48,9813.07
2019-12-28 16:30:00,0,9484.81,9941.79
2019-12-28 17:00:00,0,9574.89,9975.97
2019-12-28 17:30:00,0,9709.51,9877.35
2019-12-28 18:00:00,0,9773.2,9783.78
2019-12-28 18:30:00,0,9754.92,9693.44
2019-12-28 19:00:00,0,9645.58,9485.1
2019-12-28 19:30:00,0,9448.99,9329.86
2019-12-28 20:00:00,0,9372.73,9184.7
2019-12-28 20:30:00,0,9226.48,8965.28
2019-12-28 21:00:00,0,8962.14,8729.5
2019-12-28 21:30:00,0,8667.96,8518.74
2019-12-28 22:00:00,0,8380.24,8280.0
2019-12-28 22:30:00,0,8074.65,8074.98
2019-12-28 23:00:00,0,7927.55,7810.29
2019-12-28 23:30:00,0,7618.63,7526.96
2019-12-29 00:00:00,0,7319.29,7323.16
2019-12-29 00:30:00,0,7145.09,7150.44
2019-12-29 01:00:00,0,6901.29,6948.65
2019-12-29 01:30:00,0,6739.63,6714.81
2019-12-29 02:00:00,0,6478.78,6550.96
2019-12-29 02:30:00,0,6315.74,6431.94
2019-12-29 03:00:00,0,6203.01,6375.59
2019-12-29 03:30:00,0,6167.42,6350.66
2019-12-29 04:00:00,0,6127.94,6344.03
2019-12-29 12:30:00,0,8769.09,9364.42
2019-12-29 13:00:00,0,9016.19,9554.98
2019-12-29 13:30:00,0,9244.43,9725.2
2019-12-29 14:00:00,0,9525.55,9929.02
2019-12-29 14:30:00,0,9802.83,10099.87
2019-12-29 15:00:00,0,10049.62,10277.24
2019-12-29 15:30:00,0,10237.3,10391.7
2019-12-29 16:00:00,0,10515.44,10575.58
2019-12-29 16:30:00,0,10724.26,10585.77
2019-12-29 17:00:00,0,10814.12,10709.21
2019-12-29 17:30:00,0,10848.99,10691.47
2019-12-29 18:00:00,0,10644.68,10604.72
2019-12-29 18:30:00,0,10565.8,10468.52
2019-12-29 19:00:00,0,10320.94,10230.88
2019-12-29 19:30:00,0,10011.17,10023.14
2019-12-29 20:00:00,0,9837.23,9889.47
2019-12-29 20:30:00,0,9703.67,9616.25
2019-12-29 21:00:00,0,9404.33,9311.87
2019-12-29 21:30:00,0,9069.83,8956.67
2019-12-29 22:00:00,0,8829.08,8620.08
2019-12-29 22:30:00,0,8505.29,8326.42
2019-12-29 23:00:00,0,8306.72,8019.35
2019-12-29 23:30:00,0,7961.29,7697.66
2019-12-30 00:00:00,1,7700.67,7423.31
2019-12-30 00:30:00,1,7494.16,7110.2
2019-12-30 01:00:00,1,7229.04,6823.97
2019-12-30 01:30:00,1,6961.08,6512.28
2019-12-30 02:00:00,1,6660.57,6352.54
2019-12-30 02:30:00,1,6449.59,6261.14
2019-12-30 03:00:00,1,6278.43,6261.98
2019-12-30 03:30:00,1,6216.72,6298.17
2019-12-30 04:00:00,1,6206.5,6331.78
2019-12-30 12:30:00,1,9961.45,10126.57
2019-12-30 13:00:00,1,10201.56,10330.4
2019-12-30 13:30:00,1,10446.54,10508.65
2019-12-30 14:00:00,1,10610.17,10653.71
2019-12-30 14:30:00,1,10883.9,10833.05
2019-12-30 15:00:00,1,11017.82,11007.25
2019-12-30 15:30:00,1,11266.76,11188.93
2019-12-30 16:00:00,1,11371.6,11350.51
2019-12-30 16:30:00,1,11533.73,11405.72
2019-12-30 17:00:00,1,11638.99,11444.49
2019-12-30 17:30:00,1,11441.29,11274.84
2019-12-30 18:00:00,1,10873.65,11185.71
2019-12-30 18:30:00,1,10109.4,11037.38
2019-12-30 19:00:00,1,9560.47,10787.92
2019-12-30 19:30:00,1,9126.22,10562.8
2019-12-30 20:00:00,1,8804.05,10413.21
2019-12-30 20:30:00,1,8552.62,10094.97
2019-12-30 21:00:00,1,8287.62,9725.55
2019-12-30 21:30:00,1,8041.91,9413.21
2019-12-30 22:00:00,1,7968.04,9088.0
2019-12-30 22:30:00,1,7791.11,8791.83
2019-12-30 23:00:00,1,7757.66,8454.11
2019-12-30 23:30:00,1,7662.03,8149.12
2019-12-31 00:00:00,1,7455.11,7910.79
2019-12-31 00:30:00,1,7318.64,7729.46
2019-12-31 01:00:00,1,7134.15,7558.31
2019-12-31 01:30:00,1,6886.14,7299.32
2019-12-31 02:00:00,1,6682.01,7086.02
2019-12-31 02:30:00,1,6452.46,6918.03
2019-12-31 03:00:00,1,6286.89,6798.88
2019-12-31 03:30:00,1,6163.74,6718.35
2019-12-31 04:00:00,1,6097.16,6699.56
2019-12-31 12:30:00,1,6815.0,10787.86
2019-12-31 13:00:00,1,6954.52,10916.18
2019-12-31 13:30:00,1,7087.53,11118.73
2019-12-31 14:00:00,1,7187.66,11250.01
2019-12-31 14:30:00,1,7365.48,11379.21
2019-12-31 15:00:00,1,7528.5,11508.6
2019-12-31 15:30:00,1,7716.27,11658.04
2019-12-31 16:00:00,1,7897.09,11760.36
2019-12-31 16:30:00,1,8154.28,11778.1
2019-12-31 17:00:00,1,8337.13,11688.99
2019-12-31 17:30:00,1,8492.82,11494.33
2019-12-31 18:00:00,1,8470.11,11085.16
2019-12-31 18:30:00,1,8438.46,10499.54
2019-12-31 19:00:00,1,8307.12,10011.86
2019-12-31 19:30:00,1,8218.6,9481.3
2019-12-31 20:00:00,1,8184.05,9196.38
2019-12-31 20:30:00,1,8120.49,8713.49
2019-12-31 21:00:00,1,7983.82,8472.37
2019-12-31 21:30:00,1,7801.16,8484.87
2019-12-31 22:00:00,1,7721.82,8325.72
2019-12-31 22:30:00,1,7616.27,8143.19
2019-12-31 23:00:00,1,7540.84,7961.41
2019-12-31 23:30:00,1,7390.02,7745.34
2020-01-01 00:00:00,0,7171.48,7596.62
2020-01-01 00:30:00,0,7038.56,7400.47
2020-01-01 01:00:00,0,6846.48,7146.68
2020-01-01 01:30:00,0,6609.17,6871.72
2020-01-01 02:00:00,0,6366.87,6621.99
2020-01-01 02:30:00,0,6195.79,6481.83
2020-01-01 03:00:00,0,6097.17,6363.48
2020-01-01 03:30:00,0,6037.57,6334.59
2020-01-01 04:00:00,0,6044.42,6330.99
2020-01-01 12:30:00,0,7680.36,7046.87
2020-01-01 13:00:00,0,7723.33,7082.23
2020-01-01 13:30:00,0,7778.99,7218.46
2020-01-01 14:00:00,0,7854.25,7374.15
2020-01-01 14:30:00,0,7991.33,7496.75
2020-01-01 15:00:00,0,8116.61,7724.6
2020-01-01 15:30:00,0,8336.8,7878.09
2020-01-01 16:00:00,0,8585.11,8020.35
2020-01-01 16:30:00,0,8823.92,8054.38
2020-01-01 17:00:00,0,8954.77,8115.22
2020-01-01 17:30:00,0,9101.15,8088.98
2020-01-01 18:00:00,0,9061.22,8048.78
2020-01-01 18:30:00,0,9026.27,7959.69
2020-01-01 19:00:00,0,8878.47,7878.83
2020-01-01 19:30:00,0,8782.49,7804.93
2020-01-01 20:00:00,0,8646.91,7768.52
2020-01-01 20:30:00,0,8607.86,7748.05
2020-01-01 21:00:00,0,8362.67,7636.41
2020-01-01 21:30:00,0,8123.57,7586.6
2020-01-01 22:00:00,0,8012.09,7464.38
2020-01-01 22:30:00,0,7802.82,7342.8
2020-01-01 23:00:00,0,7798.2,7185.38
2020-01-01 23:30:00,0,7620.37,7000.54
2020-01-02 00:00:00,0,7442.42,6856.92
2020-01-02 00:30:00,0,7279.42,6692.26
2020-01-02 01:00:00,0,7090.53,6492.67
2020-01-02 01:30:00,0,6867.55,6243.24
2020-01-02 02:00:00,0,6607.01,6048.9
2020-01-02 02:30:00,0,6379.64,5944.59
2020-01-02 03:00:00,0,6263.72,5902.6
2020-01-02 03:30:00,0,6238.67,5911.01
2020-01-02 04:00:00,0,6228.45,5958.11
2020-01-02 12:30:00,0,8779.78,7402.37
2020-01-02 13:00:00,0,9001.77,7485.21
2020-01-02 13:30:00,0,9209.42,7601.31
2020-01-02 14:00:00,0,9450.23,7748.39
2020-01-02 14:30:00,0,9718.05,7934.21
2020-01-02 15:00:00,0,9989.26,8157.09
2020-01-02 15:30:00,0,10190.21,8333.35
2020-01-02 16:00:00,0,10432.6,8451.99
2020-01-02 16:30:00,0,10668.5,8585.72
2020-01-02 17:00:00,0,10789.24,8763.68
2020-01-02 17:30:00,0,10858.09,8698.67
2020-01-02 18:00:00,0,10713.52,8677.85
2020-01-02 18:30:00,0,10647.08,8426.47
2020-01-02 19:00:00,0,10388.36,8281.35
2020-01-02 19:30:00,0,10160.62,8126.23
2020-01-02 20:00:00,0,9950.09,8118.15
2020-01-02 20:30:00,0,9776.93,8037.98
2020-01-02 21:00:00,0,9516.29,7892.25
2020-01-02 21:30:00,0,9211.98,7850.24
2020-01-02 22:00:00,0,8981.35,7700.25
2020-01-02 22:30:00,0,8719.7,7623.23
2020-01-02 23:00:00,0,8570.59,7482.01
2020-01-02 23:30:00,0,8246.02,7331.12
2020-01-03 00:00:00,1,7964.58,7190.07
2020-01-03 00:30:00,1,7746.15,7059.5
2020-01-03 01:00:00,1,7535.36,6894.37
2020-01-03 01:30:00,1,7307.37,6674.06
2020-01-03 02:00:00,1,7000.25,6477.01
2020-01-03 02:30:00,1,6779.59,6354.12
2020-01-03 03:00:00,1,6624.14,6277.88
2020-01-03 03:30:00,1,6536.29,6278.28
2020-01-03 04:00:00,1,6495.37,6317.84
2020-01-03 12:30:00,1,10757.67,8644.48
2020-01-03 13:00:00,1,11036.31,8783.43
2020-01-03 13:30:00,1,11259.31,8988.95
2020-01-03 14:00:00,1,11344.93,9178.58
2020-01-03 14:30:00,1,11448.2,9402.15
2020-01-03 15:00:00,1,11547.89,9649.58
2020-01-03 15:30:00,1,11801.52,9811.3
2020-01-03 16:00:00,1,11968.77,10026.94
2020-01-03 16:30:00,1,12177.46,10148.03
2020-01-03 17:00:00,1,12334.04,10219.81
2020-01-03 17:30:00,1,12148.06,10201.97
2020-01-03 18:00:00,1,12153.65,10058.61
2020-01-03 18:30:00,1,11977.22,9818.08
2020-01-03 19:00:00,1,11616.79,9576.02
2020-01-03 19:30:00,1,11460.19,9427.77
2020-01-03 20:00:00,1,11389.8,9374.3
2020-01-03 20:30:00,1,11668.34,9182.61
2020-01-03 21:00:00,1,11660.64,8922.22
2020-01-03 21:30:00,1,11169.02,8738.6
2020-01-03 22:00:00,1,10396.27,8514.01
2020-01-03 22:30:00,1,9743.76,8384.25
2020-01-03 23:00:00,1,9384.84,8151.81
2020-01-03 23:30:00,1,8832.74,7891.43
2020-01-04 00:00:00,1,8317.95,7706.41
2020-01-04 00:30:00,1,7957.69,7535.35
2020-01-04 01:00:00,1,7642.47,7315.75
2020-01-04 01:30:00,1,7369.01,7014.73
2020-01-04 02:00:00,1,7003.58,6778.24
2020-01-04 02:30:00,1,6721.35,6620.96
2020-01-04 03:00:00,1,6637.79,6529.07
2020-01-04 03:30:00,1,6479.6,6505.72
2020-01-04 04:00:00,1,6366.62,6494.27
2020-01-04 12:30:00,1,7384.94,10552.84
2020-01-04 13:00:00,1,7496.37,10838.73
2020-01-04 13:30:00,1,7616.92,11016.0
2020-01-04 14:00:00,1,7694.23,11196.2
2020-01-04 14:30:00,1,7870.05,11421.04
2020-01-04 15:00:00,1,7982.81,11584.17
2020-01-04 15:30:00,1,8108.31,11847.67
2020-01-04 16:00:00,1,8139.64,12038.57
2020-01-04 16:30:00,1,8195.54,12054.46
2020-01-04 17:00:00,1,8181.16,12039.85
2020-01-04 17:30:00,1,8220.91,11858.92
2020-01-04 18:00:00,1,8170.66,11817.08
2020-01-04 18:30:00,1,8141.73,11782.08
2020-01-04 19:00:00,1,8065.51,11500.11
2020-01-04 19:30:00,1,7940.75,11224.7
2020-01-04 20:00:00,1,7862.51,10988.02
2020-01-04 20:30:00,1,7830.62,10749.87
2020-01-04 21:00:00,1,7669.02,10485.52
2020-01-04 21:30:00,1,7477.21,10009.78
2020-01-04 22:00:00,1,7312.58,9646.9
2020-01-04 22:30:00,1,7127.11,9097.59
2020-01-04 23:00:00,1,7049.61,8659.21
2020-01-04 23:30:00,1,6865.27,8144.46
2020-01-05 00:00:00,0,6698.88,7882.9
2020-01-05 00:30:00,0,6568.87,7650.25
2020-01-05 01:00:00,0,6415.54,7383.89
2020-01-05 01:30:00,0,6259.52,7101.52
2020-01-05 02:00:00,0,6097.09,6902.54
2020-01-05 02:30:00,0,5924.12,6690.64
2020-01-05 03:00:00,0,5873.73,6543.51
2020-01-05 03:30:00,0,5914.18,6410.59
2020-01-05 04:00:00,0,5901.21,6349.9
2020-01-05 12:30:00,0,8228.3,6878.86
2020-01-05 13:00:00,0,8237.96,6977.66
2020-01-05 13:30:00,0,8255.72,7085.29
2020-01-05 14:00:00,0,8152.67,7153.43
2020-01-05 14:30:00,0,8211.3,7319.24
2020-01-05 15:00:00,0,8322.02,7401.09
2020-01-05 15:30:00,0,8386.17,7506.5
2020-01-05 16:00:00,0,8446.68,7644.73
2020-01-05 16:30:00,0,8606.92,7792.56
2020-01-05 17:00:00,0,8664.98,7913.75
2020-01-05 17:30:00,0,8795.51,7915.12
2020-01-05 18:00:00,0,8684.5,7913.89
2020-01-05 18:30:00,0,8665.94,7899.82
2020-01-05 19:00:00,0,8539.69,7840.98
2020-01-05 19:30:00,0,8380.67,7775.44
2020-01-05 20:00:00,0,8264.16,7817.08
2020-01-05 20:30:00,0,8168.24,7752.11
2020-01-05 21:00:00,0,8058.54,7622.31
2020-01-05 21:30:00,0,7893.24,7523.76
2020-01-05 22:00:00,0,7778.43,7387.25
2020-01-05 22:30:00,0,7619.8,7260.29
2020-01-05 23:00:00,0,7580.76,7074.28
2020-01-05 23:30:00,0,7456.01,6875.82
2020-01-06 00:00:00,0,7314.69,6741.64
2020-01-06 00:30:00,0,7205.62,6586.4
2020-01-06 01:00:00,0,6997.07,6420.97
2020-01-06 01:30:00,0,6779.55,6195.61
2020-01-06 02:00:00,0,6519.05,6042.75
2020-01-06 02:30:00,0,6335.43,5985.8
2020-01-06 03:00:00,0,6224.41,5977.39
2020-01-06 03:30:00,0,6216.91,6016.44
2020-01-06 04:00:00,0,6236.45,6094.44
2020-01-06 12:30:00,0,8469.66,7984.69
2020-01-06 13:00:00,0,8660.91,8013.04
2020-01-06 13:30:00,0,8777.79,8044.56
2020-01-06 14:00:00,0,9024.43,8076.44
2020-01-06 14:30:00,0,9214.08,8102.16
2020-01-06 15:00:00,0,9276.32,8148.64
2020-01-06 15:30:00,0,9439.35,8241.65
2020-01-06 16:00:00,0,9672.69,8347.11
2020-01-06 16:30:00,0,10041.62,8460.56
2020-01-06 17:00:00,0,10261.25,8550.74
2020-01-06 17:30:00,0,10506.18,8419.68
2020-01-06 18:00:00,0,10386.73,8402.02
2020-01-06 18:30:00,0,10266.32,8322.47
2020-01-06 19:00:00,0,10018.25,8229.25
2020-01-06 19:30:00,0,9782.81,8216.63
2020-01-06 20:00:00,0,9618.49,8242.19
2020-01-06 20:30:00,0,9484.12,8141.43
2020-01-06 21:00:00,0,9205.37,7980.5
2020-01-06 21:30:00,0,8888.67,7901.28
2020-01-06 22:00:00,0,8689.51,7795.7
2020-01-06 22:30:00,0,8432.07,7733.72
2020-01-06 23:00:00,0,8125.38,7622.4
2020-01-06 23:30:00,0,7804.68,7474.04
2020-01-07 00:00:00,0,7464.72,7347.55
2020-01-07 00:30:00,0,7425.1,7205.26
2020-01-07 01:00:00,0,7252.23,7033.72
2020-01-07 01:30:00,0,7060.66,6813.29
2020-01-07 02:00:00,0,6829.36,6606.43
2020-01-07 02:30:00,0,6604.09,6484.17
2020-01-07 03:00:00,0,6552.39,6418.25
2020-01-07 03:30:00,0,6476.91,6423.85
2020-01-07 04:00:00,0,6457.38,6484.17
2020-01-07 12:30:00,0,8790.26,9288.01
2020-01-07 13:00:00,0,8882.84,9457.93
2020-01-07 13:30:00,0,8969.83,9678.01
2020-01-07 14:00:00,0,9146.14,9842.69
2020-01-07 14:30:00,0,9263.2,10046.8
2020-01-07 15:00:00,0,9285.23,10223.65
2020-01-07 15:30:00,0,9417.24,10348.16
2020-01-07 16:00:00,0,9536.21,10445.52
2020-01-07 16:30:00,0,9658.11,10508.54
2020-01-07 17:00:00,0,9695.87,10545.45
2020-01-07 17:30:00,0,9715.67,10521.49
2020-01-07 18:00:00,0,9559.51,10397.73
2020-01-07 18:30:00,0,9420.28,10260.99
2020-01-07 19:00:00,0,9233.5,10089.58
2020-01-07 19:30:00,0,9088.08,9981.1
2020-01-07 20:00:00,0,9024.05,9859.21
2020-01-07 20:30:00,0,8945.79,9651.09
2020-01-07 21:00:00,0,8718.97,9333.18
2020-01-07 21:30:00,0,8466.14,9074.83
2020-01-07 22:00:00,0,8334.09,8791.4
2020-01-07 22:30:00,0,8063.09,8563.12
2020-01-07 23:00:00,0,7922.44,8313.0
2020-01-07 23:30:00,0,7719.8,8036.97
2020-01-08 00:00:00,0,7542.85,7819.56
2020-01-08 00:30:00,0,7407.36,7582.78
2020-01-08 01:00:00,0,7144.97,7329.37
2020-01-08 01:30:00,0,6980.0,7030.78
2020-01-08 02:00:00,0,6692.62,6803.01
2020-01-08 02:30:00,0,6473.4,6662.0
2020-01-08 03:00:00,0,6398.58,6589.06
2020-01-08 03:30:00,0,6351.65,6585.65
2020-01-08 04:00:00,0,6361.11,6644.57
2020-01-08 12:30:00,0,8372.84,9341.93
2020-01-08 13:00:00,0,8414.24,9436.39
2020-01-08 13:30:00,0,8441.88,9490.33
2020-01-08 14:00:00,0,8507.88,9525.29
2020-01-08 14:30:00,0,8565.58,9546.67
2020-01-08 15:00:00,0,8638.12,9545.31
2020-01-08 15:30:00,0,8766.81,9548.47
2020-01-08 16:00:00,0,8939.05,9570.25
2020-01-08 16:30:00,0,9010.64,9562.9
2020-01-08 17:00:00,0,9062.99,9575.44
2020-01-08 17:30:00,0,9179.49,9292.01
2020-01-08 18:00:00,0,9159.8,9189.87
2020-01-08 18:30:00,0,9151.4,9030.64
2020-01-08 19:00:00,0,9012.0,8849.62
2020-01-08 19:30:00,0,8904.92,8782.95
2020-01-08 20:00:00,0,8891.63,8726.36
2020-01-08 20:30:00,0,8844.45,8612.67
2020-01-08 21:00:00,0,8632.73,8397.09
2020-01-08 21:30:00,0,8376.41,8290.59
2020-01-08 22:00:00,0,8278.49,8102.64
2020-01-08 22:30:00,0,8057.96,7940.25
2020-01-08 23:00:00,0,7992.83,7776.7
2020-01-08 23:30:00,0,7792.11,7580.86
2020-01-09 00:00:00,0,7584.49,7417.89
2020-01-09 00:30:00,0,7426.29,7246.22
2020-01-09 01:00:00,0,7203.9,7049.07
2020-01-09 01:30:00,0,6994.91,6794.04
2020-01-09 02:00:00,0,6749.26,6580.66
2020-01-09 02:30:00,0,6549.32,6441.26
2020-01-09 03:00:00,0,6464.77,6384.64
2020-01-09 03:30:00,0,6403.06,6374.22
2020-01-09 04:00:00,0,6440.99,6436.59
2020-01-09 12:30:00,0,9454.39,8231.37
2020-01-09 13:00:00,0,9755.17,8272.08
2020-01-09 13:30:00,0,10056.13,8323.93
2020-01-09 14:00:00,0,10324.82,8384.29
2020-01-09 14:30:00,0,10610.27,8448.63
2020-01-09 15:00:00,0,10889.15,8546.71
2020-01-09 15:30:00,0,11183.2,8656.51
2020-01-09 16:00:00,0,11483.62,8750.61
2020-01-09 16:30:00,0,11778.49,8872.07
2020-01-09 17:00:00,0,11907.82,8961.53
2020-01-09 17:30:00,0,11920.34,8938.75
2020-01-09 18:00:00,0,11750.32,8903.25
2020-01-09 18:30:00,0,11693.1,8730.31
2020-01-09 19:00:00,0,11440.5,8616.91
2020-01-09 19:30:00,0,11205.86,8568.12
2020-01-09 20:00:00,0,10974.76,8568.76
2020-01-09 20:30:00,0,10855.2,8447.44
2020-01-09 21:00:00,0,10627.8,8259.61
2020-01-09 21:30:00,0,10207.99,8155.44
2020-01-09 22:00:00,0,9917.39,8023.08
2020-01-09 22:30:00,0,9538.04,7865.81
2020-01-09 23:00:00,0,9229.41,7733.11
2020-01-09 23:30:00,0,8820.51,7576.83
2020-01-10 00:00:00,1,8475.72,7444.95
2020-01-10 00:30:00,1,8302.9,7311.2
2020-01-10 01:00:00,1,8039.65,7160.28
2020-01-10 01:30:00,1,7766.3,6936.44
2020-01-10 02:00:00,1,7346.53,6729.65
2020-01-10 02:30:00,1,7047.3,6589.89
2020-01-10 03:00:00,1,6844.95,6517.65
2020-01-10 03:30:00,1,6720.85,6517.88
2020-01-10 04:00:00,1,6612.54,6569.47
2020-01-10 12:30:00,1,7276.37,10098.36
2020-01-10 13:00:00,1,7214.16,10298.26
2020-01-10 13:30:00,1,7162.36,10588.66
2020-01-10 14:00:00,1,7134.73,10825.67
2020-01-10 14:30:00,1,7081.2,11134.16
2020-01-10 15:00:00,1,7143.32,11321.74
2020-01-10 15:30:00,1,7277.97,11533.31
2020-01-10 16:00:00,1,7357.07,11721.56
2020-01-10 16:30:00,1,7454.24,11917.18
2020-01-10 17:00:00,1,7525.6,11938.65
2020-01-10 17:30:00,1,7655.27,11798.09
2020-01-10 18:00:00,1,7716.93,11665.32
2020-01-10 18:30:00,1,7651.0,11494.07
2020-01-10 19:00:00,1,7604.94,11216.02
2020-01-10 19:30:00,1,7538.56,11069.66
2020-01-10 20:00:00,1,7519.57,10927.83
2020-01-10 20:30:00,1,7506.83,10741.56
2020-01-10 21:00:00,1,7402.89,10375.82
2020-01-10 21:30:00,1,7288.6,10092.41
2020-01-10 22:00:00,1,7203.9,9760.22
2020-01-10 22:30:00,1,7155.87,9447.18
2020-01-10 23:00:00,1,7133.09,9130.59
2020-01-10 23:30:00,1,6930.8,8747.71
2020-01-11 00:00:00,0,6751.96,8439.83
2020-01-11 00:30:00,0,6667.21,8078.58
2020-01-11 01:00:00,0,6502.51,7731.55
2020-01-11 01:30:00,0,6384.81,7267.15
2020-01-11 02:00:00,0,6153.28,6982.69
2020-01-11 02:30:00,0,5972.28,6667.96
2020-01-11 03:00:00,0,5865.03,6546.76
2020-01-11 03:30:00,0,5829.35,6412.45
2020-01-11 04:00:00,0,5795.29,6390.18
2020-01-11 12:30:00,0,6980.18,7056.1
2020-01-11 13:00:00,0,6903.06,7008.86
2020-01-11 13:30:00,0,6892.33,7014.97
2020-01-11 14:00:00,0,6903.39,7057.51
2020-01-11 14:30:00,0,6900.68,7053.15
2020-01-11 15:00:00,0,6935.51,7100.16
2020-01-11 15:30:00,0,7051.66,7143.51
2020-01-11 16:00:00,0,7099.57,7337.21
2020-01-11 16:30:00,0,7234.55,7448.46
2020-01-11 17:00:00,0,7351.78,7618.85
2020-01-11 17:30:00,0,7594.73,7684.17
2020-01-11 18:00:00,0,7663.79,7706.79
2020-01-11 18:30:00,0,7690.59,7739.22
2020-01-11 19:00:00,0,7631.13,7673.2
2020-01-11 19:30:00,0,7560.23,7672.6
2020-01-11 20:00:00,0,7557.88,7724.45
2020-01-11 20:30:00,0,7548.72,7652.35
2020-01-11 21:00:00,0,7412.95,7558.53
2020-01-11 21:30:00,0,7270.47,7433.45
2020-01-11 22:00:00,0,7184.09,7364.87
2020-01-11 22:30:00,0,7104.92,7305.42
2020-01-11 23:00:00,0,7072.61,7141.39
2020-01-11 23:30:00,0,6882.48,6957.81
2020-01-12 00:00:00,0,6699.78,6789.41
2020-01-12 00:30:00,0,6584.43,6597.1
2020-01-12 01:00:00,0,6445.68,6408.29
2020-01-12 01:30:00,0,6290.93,6163.83
2020-01-12 02:00:00,0,6097.37,5999.63
2020-01-12 02:30:00,0,5958.74,5908.46
2020-01-12 03:00:00,0,5897.97,5871.83
2020-01-12 03:30:00,0,5850.03,5864.62
2020-01-12 04:00:00,0,5881.62,5875.64
2020-01-12 12:30:00,0,7634.18,6427.13
2020-01-12 13:00:00,0,7654.81,6395.48
2020-01-12 13:30:00,0,7727.16,6399.25
2020-01-12 14:00:00,0,7726.99,6452.31
2020-01-12 14:30:00,0,7751.06,6538.58
2020-01-12 15:00:00,0,7764.2,6629.97
2020-01-12 15:30:00,0,7874.39,6708.41
2020-01-12 16:00:00,0,8082.17,6902.53
2020-01-12 16:30:00,0,8281.25,7070.61
2020-01-12 17:00:00,0,8402.95,7291.98
2020-01-12 17:30:00,0,8639.55,7450.79
2020-01-12 18:00:00,0,8639.34,7553.74
2020-01-12 18:30:00,0,8671.97,7575.63
2020-01-12 19:00:00,0,8530.92,7517.89
2020-01-12 19:30:00,0,8409.84,7472.45
2020-01-12 20:00:00,0,8314.89,7518.09
2020-01-12 20:30:00,0,8302.02,7432.17
2020-01-12 21:00:00,0,8170.21,7306.75
2020-01-12 21:30:00,0,7889.8,7195.24
2020-01-12 22:00:00,0,7788.97,7110.27
2020-01-12 22:30:00,0,7645.73,7024.05
2020-01-12 23:00:00,0,7559.73,6876.01
2020-01-12 23:30:00,0,7420.54,6719.86
2020-01-13 00:00:00,0,7250.92,6585.82
2020-01-13 00:30:00,0,7101.48,6439.21
2020-01-13 01:00:00,0,6915.17,6293.93
2020-01-13 01:30:00,0,6755.68,6071.61
2020-01-13 02:00:00,0,6474.37,5929.0
2020-01-13 02:30:00,0,6300.05,5867.73
2020-01-13 03:00:00,0,6174.23,5870.82
2020-01-13 03:30:00,0,6125.35,5916.48
2020-01-13 04:00:00,0,6141.3,6005.82
2020-01-13 12:30:00,0,8267.39,7709.9
2020-01-13 13:00:00,0,8391.67,7741.97
2020-01-13 13:30:00,0,8448.71,7766.78
2020-01-13 14:00:00,0,8557.64,7863.71
2020-01-13 14:30:00,0,8710.81,7928.85
2020-01-13 15:00:00,0,8837.67,8031.92
2020-01-13 15:30:00,0,8966.63,8180.98
2020-01-13 16:00:00,0,9171.78,8336.57
2020-01-13 16:30:00,0,9280.21,8512.17
2020-01-13 17:00:00,0,9355.18,8649.23
2020-01-13 17:30:00,0,9412.35,8565.69
2020-01-13 18:00:00,0,9241.44,8551.48
2020-01-13 18:30:00,0,9210.73,8456.23
2020-01-13 19:00:00,0,9014.29,8337.08
2020-01-13 19:30:00,0,8881.24,8326.06
2020-01-13 20:00:00,0,8789.41,8309.84
2020-01-13 20:30:00,0,8736.72,8190.86
2020-01-13 21:00:00,0,8483.98,8006.77
2020-01-13 21:30:00,0,8206.64,7891.41
2020-01-13 22:00:00,0,8119.95,7766.96
2020-01-13 22:30:00,0,7864.27,7643.74
2020-01-13 23:00:00,0,7757.51,7522.8
2020-01-13 23:30:00,0,7575.45,7372.23
2020-01-14 00:00:00,0,7367.3,7221.99
2020-01-14 00:30:00,0,7309.11,7052.47
2020-01-14 01:00:00,0,7079.3,6873.91
2020-01-14 01:30:00,0,6879.96,6602.59
2020-01-14 02:00:00,0,6589.07,6404.19
2020-01-14 02:30:00,0,6419.52,6278.21
2020-01-14 03:00:00,0,6296.82,6221.97
2020-01-14 03:30:00,0,6251.32,6227.23
2020-01-14 04:00:00,0,6265.58,6280.11
2020-01-14 12:30:00,0,8450.73,8215.68
2020-01-14 13:00:00,0,8503.84,8300.04
2020-01-14 13:30:00,0,8718.07,8420.07
2020-01-14 14:00:00,0,8872.05,8549.84
2020-01-14 14:30:00,0,8981.11,8686.4
2020-01-14 15:00:00,0,9166.93,8850.0
2020-01-14 15:30:00,0,9282.76,9013.35
2020-01-14 16:00:00,0,9318.58,9149.18
2020-01-14 16:30:00,0,9413.87,9237.05
2020-01-14 17:00:00,0,9480.54,9329.17
2020-01-14 17:30:00,0,9524.55,9382.31
2020-01-14 18:00:00,0,9499.2,9332.16
2020-01-14 18:30:00,0,9495.2,9154.06
2020-01-14 19:00:00,0,9363.2,8985.19
2020-01-14 19:30:00,0,9294.64,8810.39
2020-01-14 20:00:00,0,9206.92,8746.41
2020-01-14 20:30:00,0,9183.22,8589.5
2020-01-14 21:00:00,0,9068.22,8353.37
2020-01-14 21:30:00,0,8787.98,8218.22
2020-01-14 22:00:00,0,8617.84,8023.89
2020-01-14 22:30:00,0,8346.49,7861.87
2020-01-14 23:00:00,0,8230.41,7703.71
2020-01-14 23:30:00,0,8025.55,7529.63
2020-01-15 00:00:00,0,7802.1,7382.19
2020-01-15 00:30:00,0,7634.97,7222.82
2020-01-15 01:00:00,0,7372.58,7050.3
2020-01-15 01:30:00,0,7157.12,6781.24
2020-01-15 02:00:00,0,6851.65,6573.65
2020-01-15 02:30:00,0,6663.21,6430.96
2020-01-15 03:00:00,0,6536.11,6367.98
2020-01-15 03:30:00,0,6537.27,6370.86
2020-01-15 04:00:00,0,6493.73,6420.3
2020-01-15 12:30:00,0,8794.12,8690.55
2020-01-15 13:00:00,0,8776.17,8862.06
2020-01-15 13:30:00,0,8534.71,9046.17
2020-01-15 14:00:00,0,8509.47,9243.06
2020-01-15 14:30:00,0,8834.35,9425.21
2020-01-15 15:00:00,0,8886.76,9603.38
2020-01-15 15:30:00,0,8984.76,9757.67
2020-01-15 16:00:00,0,9001.77,9904.25
2020-01-15 16:30:00,0,9107.41,9999.8
2020-01-15 17:00:00,0,9181.42,10086.36
2020-01-15 17:30:00,0,9316.72,10192.35
2020-01-15 18:00:00,0,9313.87,10095.3
2020-01-15 18:30:00,0,9129.71,9926.81
2020-01-15 19:00:00,0,8934.04,9727.61
2020-01-15 19:30:00,0,8814.51,9640.64
2020-01-15 20:00:00,0,8829.86,9550.78
2020-01-15 20:30:00,0,8634.41,9321.58
2020-01-15 21:00:00,0,8365.41,9037.88
2020-01-15 21:30:00,0,8137.8,8817.41
2020-01-15 22:00:00,0,8045.81,8554.27
2020-01-15 22:30:00,0,7839.48,8360.08
2020-01-15 23:00:00,0,7741.76,8117.58
2020-01-15 23:30:00,0,7573.28,7852.43
2020-01-16 00:00:00,0,7397.79,7667.13
2020-01-16 00:30:00,0,7285.39,7464.43
2020-01-16 01:00:00,0,7034.53,7247.31
2020-01-16 01:30:00,0,6785.12,6971.56
2020-01-16 02:00:00,0,6547.02,6756.54
2020-01-16 02:30:00,0,6413.68,6606.02
2020-01-16 03:00:00,0,6302.52,6538.37
2020-01-16 03:30:00,0,6217.99,6527.74
2020-01-16 04:00:00,0,6275.68,6593.61
2020-01-16 12:30:00,0,8190.14,9466.97
2020-01-16 13:00:00,0,8216.87,9466.36
2020-01-16 13:30:00,0,8110.66,9552.78
2020-01-16 14:00:00,0,8054.23,9611.72
2020-01-16 14:30:00,0,8066.7,9717.91
2020-01-16 15:00:00,0,8060.35,9795.22
2020-01-16 15:30:00,0,7995.48,9755.44
2020-01-16 16:00:00,0,8119.35,9794.21
2020-01-16 16:30:00,0,8252.09,9863.41
2020-01-16 17:00:00,0,8242.23,9925.68
2020-01-16 17:30:00,0,8264.99,9995.74
2020-01-16 18:00:00,0,8200.08,9871.63
2020-01-16 18:30:00,0,8208.17,9754.08
2020-01-16 19:00:00,0,8095.05,9582.45
2020-01-16 19:30:00,0,8061.28,9412.89
2020-01-16 20:00:00,0,7999.68,9413.17
2020-01-16 20:30:00,0,7970.75,9162.73
2020-01-16 21:00:00,0,7846.43,8897.64
2020-01-16 21:30:00,0,7633.97,8671.0
2020-01-16 22:00:00,0,7594.1,8432.09
2020-01-16 22:30:00,0,7488.16,8274.36
2020-01-16 23:00:00,0,7477.35,8094.23
2020-01-16 23:30:00,0,7398.77,7852.31
2020-01-17 00:00:00,0,7227.33,7662.02
2020-01-17 00:30:00,0,7124.22,7458.77
2020-01-17 01:00:00,0,6941.62,7240.12
2020-01-17 01:30:00,0,6754.5,6970.24
2020-01-17 02:00:00,0,6425.83,6750.63
2020-01-17 02:30:00,0,6186.42,6598.71
2020-01-17 03:00:00,0,6106.96,6542.46
2020-01-17 03:30:00,0,6079.72,6526.25
2020-01-17 04:00:00,0,6053.64,6594.69
2020-01-17 12:30:00,0,7264.48,8429.25
2020-01-17 13:00:00,0,7290.57,8381.93
2020-01-17 13:30:00,0,7231.55,8383.34
2020-01-17 14:00:00,0,7172.95,8368.45
2020-01-17 14:30:00,0,7169.22,8372.16
2020-01-17 15:00:00,0,7140.71,8438.53
2020-01-17 15:30:00,0,7225.87,8503.96
2020-01-17 16:00:00,0,7362.49,8619.66
2020-01-17 16:30:00,0,7418.35,8683.63
2020-01-17 17:00:00,0,7402.11,8747.72
2020-01-17 17:30:00,0,7576.58,8598.36
2020-01-17 18:00:00,0,7703.05,8520.2
2020-01-17 18:30:00,0,7730.24,8348.84
2020-01-17 19:00:00,0,7690.31,8220.99
2020-01-17 19:30:00,0,7701.86,8196.37
2020-01-17 20:00:00,0,7744.74,8155.84
2020-01-17 20:30:00,0,7735.89,8032.84
2020-01-17 21:00:00,0,7598.26,7893.28
2020-01-17 21:30:00,0,7523.51,7839.35
2020-01-17 22:00:00,0,7422.82,7765.55
2020-01-17 22:30:00,0,7351.56,7680.97
2020-01-17 23:00:00,0,7262.8,7598.98
2020-01-17 23:30:00,0,7130.53,7449.38
2020-01-18 00:00:00,0,6885.22,7306.9
2020-01-18 00:30:00,0,6860.14,7111.65
2020-01-18 01:00:00,0,6695.74,6894.31
2020-01-18 01:30:00,0,6525.19,6634.28
2020-01-18 02:00:00,0,6270.98,6412.44
2020-01-18 02:30:00,0,6074.19,6274.03
2020-01-18 03:00:00,0,5998.35,6189.08
2020-01-18 03:30:00,0,5975.2,6157.4
2020-01-18 04:00:00,0,5946.94,6164.09
2020-01-18 12:30:00,0,7054.08,7378.71
2020-01-18 13:00:00,0,7162.07,7356.73
2020-01-18 13:30:00,0,7141.08,7350.58
2020-01-18 14:00:00,0,7171.63,7369.0
2020-01-18 14:30:00,0,7265.26,7403.79
2020-01-18 15:00:00,0,7339.99,7440.32
2020-01-18 15:30:00,0,7401.3,7512.74
2020-01-18 16:00:00,0,7441.48,7629.42
2020-01-18 16:30:00,0,7508.67,7742.09
2020-01-18 17:00:00,0,7667.85,7851.29
2020-01-18 17:30:00,0,7863.88,7819.97
2020-01-18 18:00:00,0,7946.96,7823.85
2020-01-18 18:30:00,0,7991.23,7795.54
2020-01-18 19:00:00,0,8003.65,7725.18
2020-01-18 19:30:00,0,7948.36,7672.29
2020-01-18 20:00:00,0,8025.98,7712.46
2020-01-18 20:30:00,0,8025.49,7624.85
2020-01-18 21:00:00,0,7899.16,7528.6
2020-01-18 21:30:00,0,7757.51,7475.84
2020-01-18 22:00:00,0,7578.12,7433.68
2020-01-18 22:30:00,0,7484.95,7336.48
2020-01-18 23:00:00,0,7369.66,7188.83
2020-01-18 23:30:00,0,7112.97,6992.43
2020-01-19 00:00:00,0,6932.09,6846.51
2020-01-19 00:30:00,0,6872.34,6695.78
2020-01-19 01:00:00,0,6645.57,6537.03
2020-01-19 01:30:00,0,6460.18,6338.07
2020-01-19 02:00:00,0,6243.24,6177.73
2020-01-19 02:30:00,0,6137.99,6083.63
2020-01-19 03:00:00,0,6063.74,6056.11
2020-01-19 03:30:00,0,6070.3,6039.45
2020-01-19 04:00:00,0,6120.97,6042.15
2020-01-19 12:30:00,0,8905.03,7147.82
2020-01-19 13:00:00,0,8990.19,7195.75
2020-01-19 13:30:00,0,9157.49,7242.37
2020-01-19 14:00:00,0,9612.95,7356.74
2020-01-19 14:30:00,0,9470.03,7454.58
2020-01-19 15:00:00,0,9353.18,7553.85
2020-01-19 15:30:00,0,9451.06,7652.47
2020-01-19 16:00:00,0,9543.72,7802.3
2020-01-19 16:30:00,0,9787.26,7987.02
2020-01-19 17:00:00,0,9770.11,8186.67
2020-01-19 17:30:00,0,9764.13,8264.97
2020-01-19 18:00:00,0,9524.86,8295.81
2020-01-19 18:30:00,0,9507.19,8251.43
2020-01-19 19:00:00,0,9275.39,8182.74
2020-01-19 19:30:00,0,9102.22,8206.45
2020-01-19 20:00:00,0,8907.4,8206.45
2020-01-19 20:30:00,0,8858.09,8018.73
2020-01-19 21:00:00,0,8682.79,7851.57
2020-01-19 21:30:00,0,8366.83,7703.35
2020-01-19 22:00:00,0,8241.99,7579.09
2020-01-19 22:30:00,0,7980.68,7479.28
2020-01-19 23:00:00,0,7859.3,7272.62
2020-01-19 23:30:00,0,7685.52,7075.67
2020-01-20 00:00:00,0,7501.64,6966.59
2020-01-20 00:30:00,0,7342.78,6836.13
2020-01-20 01:00:00,0,7128.86,6667.83
2020-01-20 01:30:00,0,6915.36,6451.03
2020-01-20 02:00:00,0,6614.56,6288.11
2020-01-20 02:30:00,0,6348.35,6197.68
2020-01-20 03:00:00,0,6217.79,6175.73
2020-01-20 03:30:00,0,6190.65,6200.36
2020-01-20 04:00:00,0,6243.67,6283.62
2020-01-20 12:30:00,0,8209.52,9147.9
2020-01-20 13:00:00,0,8366.84,9271.4
2020-01-20 13:30:00,0,8549.23,9396.25
2020-01-20 14:00:00,0,8672.74,9561.19
2020-01-20 14:30:00,0,8823.19,9639.61
2020-01-20 15:00:00,0,8980.79,9814.39
2020-01-20 15:30:00,0,9093.77,9969.59
2020-01-20 16:00:00,0,9261.29,10086.52
2020-01-20 16:30:00,0,9583.98,10205.13
2020-01-20 17:00:00,0,9648.24,10259.06
2020-01-20 17:30:00,0,9925.09,10272.33
2020-01-20 18:00:00,0,9845.79,10197.11
2020-01-20 18:30:00,0,9907.29,10005.76
2020-01-20 19:00:00,0,9684.78,9805.67
2020-01-20 19:30:00,0,9489.27,9593.13
2020-01-20 20:00:00,0,9347.67,9455.65
2020-01-20 20:30:00,0,9313.46,9189.12
2020-01-20 21:00:00,0,9113.44,8906.24
2020-01-20 21:30:00,0,8847.0,8645.37
2020-01-20 22:00:00,0,8659.7,8412.79
2020-01-20 22:30:00,0,8342.44,8229.37
2020-01-20 23:00:00,0,8196.12,8010.15
2020-01-20 23:30:00,0,7929.96,7752.74
2020-01-21 00:00:00,1,7733.6,7575.02
2020-01-21 00:30:00,1,7498.35,7397.32
2020-01-21 01:00:00,1,7254.12,7184.67
2020-01-21 01:30:00,1,7095.15,6927.09
2020-01-21 02:00:00,1,6801.71,6729.49
2020-01-21 02:30:00,1,6603.42,6588.99
2020-01-21 03:00:00,1,6481.06,6511.81
2020-01-21 03:30:00,1,6424.9,6507.29
2020-01-21 04:00:00,1,6434.88,6556.56
2020-01-21 12:30:00,1,9196.29,8789.01
2020-01-21 13:00:00,1,9488.34,8889.2
2020-01-21 13:30:00,1,9764.32,9029.27
2020-01-21 14:00:00,1,9960.84,9188.72
2020-01-21 14:30:00,1,10180.51,9327.44
2020-01-21 15:00:00,1,10375.38,9500.28
2020-01-21 15:30:00,1,10707.89,9678.29
2020-01-21 16:00:00,1,10918.92,9819.72
2020-01-21 16:30:00,1,11266.51,9887.26
2020-01-21 17:00:00,1,11515.49,9971.25
2020-01-21 17:30:00,1,11679.1,10014.91
2020-01-21 18:00:00,1,11528.38,9947.01
2020-01-21 18:30:00,1,11495.35,9691.1
2020-01-21 19:00:00,1,11251.27,9522.2
2020-01-21 19:30:00,1,10961.66,9294.85
2020-01-21 20:00:00,1,10702.79,9175.11
2020-01-21 20:30:00,1,10585.51,8953.39
2020-01-21 21:00:00,1,10242.6,8670.14
2020-01-21 21:30:00,1,9811.46,8540.02
2020-01-21 22:00:00,1,9468.69,8324.94
2020-01-21 22:30:00,1,9039.38,8117.29
2020-01-21 23:00:00,1,8745.45,7921.78
2020-01-21 23:30:00,1,8379.78,7715.49
2020-01-22 00:00:00,1,8080.54,7563.22
2020-01-22 00:30:00,1,7874.24,7402.38
2020-01-22 01:00:00,1,7649.19,7210.44
2020-01-22 01:30:00,1,7383.78,6958.91
2020-01-22 02:00:00,1,7032.61,6758.24
2020-01-22 02:30:00,1,6798.68,6600.49
2020-01-22 03:00:00,1,6642.47,6513.71
2020-01-22 03:30:00,1,6600.81,6505.88
2020-01-22 04:00:00,1,6582.13,6563.85
2020-01-22 12:30:00,1,11712.42,9165.44
2020-01-22 13:00:00,1,11918.68,9350.93
2020-01-22 13:30:00,1,11950.46,9568.6
2020-01-22 14:00:00,1,12261.87,9781.53
2020-01-22 14:30:00,1,12511.73,10015.3
2020-01-22 15:00:00,1,12674.07,10280.66
2020-01-22 15:30:00,1,12920.23,10509.77
2020-01-22 16:00:00,1,12861.33,10729.42
2020-01-22 16:30:00,1,13093.58,10876.62
2020-01-22 17:00:00,1,13215.23,11006.67
2020-01-22 17:30:00,1,13330.14,11016.48
2020-01-22 18:00:00,1,13166.18,10947.31
2020-01-22 18:30:00,1,12780.53,10722.84
2020-01-22 19:00:00,1,12601.19,10486.57
2020-01-22 19:30:00,1,12531.11,10264.88
2020-01-22 20:00:00,1,12328.18,10113.0
2020-01-22 20:30:00,1,12340.1,9804.95
2020-01-22 21:00:00,1,12092.42,9448.33
2020-01-22 21:30:00,1,11680.73,9169.26
2020-01-22 22:00:00,1,11195.89,8846.59
2020-01-22 22:30:00,1,10615.17,8591.62
2020-01-22 23:00:00,1,10252.59,8312.89
2020-01-22 23:30:00,1,9810.02,8026.01
2020-01-23 00:00:00,1,9417.32,7842.93
2020-01-23 00:30:00,1,9150.49,7672.45
2020-01-23 01:00:00,1,8799.92,7462.96
2020-01-23 01:30:00,1,8503.32,7210.72
2020-01-23 02:00:00,1,8210.37,7002.51
2020-01-23 02:30:00,1,8020.1,6866.96
2020-01-23 03:00:00,1,7824.24,6751.23
2020-01-23 03:30:00,1,7664.37,6763.92
2020-01-23 04:00:00,1,7565.86,6812.57
2020-01-23 12:30:00,1,9048.64,11238.88
2020-01-23 13:00:00,1,9057.99,11502.31
2020-01-23 13:30:00,1,9064.7,11758.13
2020-01-23 14:00:00,1,9077.54,12038.58
2020-01-23 14:30:00,1,9170.1,12265.82
2020-01-23 15:00:00,1,9099.45,12365.06
2020-01-23 15:30:00,1,9161.06,12500.36
2020-01-23 16:00:00,1,9443.1,12774.17
2020-01-23 16:30:00,1,9730.72,12889.31
2020-01-23 17:00:00,1,9901.02,12877.56
2020-01-23 17:30:00,1,10052.6,12567.14
2020-01-23 18:00:00,1,9896.36,12353.41
2020-01-23 18:30:00,1,9841.21,12188.3
2020-01-23 19:00:00,1,9722.92,11923.66
2020-01-23 19:30:00,1,9578.78,11833.9
2020-01-23 20:00:00,1,9568.02,11633.57
2020-01-23 20:30:00,1,9384.13,11384.45
2020-01-23 21:00:00,1,9222.65,10932.36
2020-01-23 21:30:00,1,8989.76,10566.75
2020-01-23 22:00:00,1,8893.64,10070.48
2020-01-23 22:30:00,1,8658.46,9615.82
2020-01-23 23:00:00,1,8507.36,9206.54
2020-01-23 23:30:00,1,8316.6,8829.34
2020-01-24 00:00:00,1,8086.44,8558.71
2020-01-24 00:30:00,1,7867.19,8274.26
2020-01-24 01:00:00,1,7665.76,7993.93
2020-01-24 01:30:00,1,7420.72,7660.76
2020-01-24 02:00:00,1,7079.81,7446.64
2020-01-24 02:30:00,1,6900.41,7337.52
2020-01-24 03:00:00,1,6723.64,7247.29
2020-01-24 03:30:00,1,6631.74,7200.68
2020-01-24 04:00:00,1,6599.88,7252.45
2020-01-24 12:30:00,1,8455.7,9308.14
2020-01-24 13:00:00,1,8605.52,9366.35
2020-01-24 13:30:00,1,8723.96,9463.69
2020-01-24 14:00:00,1,8771.9,9520.76
2020-01-24 14:30:00,1,8917.57,9656.8
2020-01-24 15:00:00,1,9029.39,9866.7
2020-01-24 15:30:00,1,9144.26,10006.38
2020-01-24 16:00:00,1,9319.21,10173.41
2020-01-24 16:30:00,1,9451.77,10283.11
2020-01-24 17:00:00,1,9619.07,10300.98
2020-01-24 17:30:00,1,9750.46,10318.54
2020-01-24 18:00:00,1,9846.76,10227.34
2020-01-24 18:30:00,1,9861.13,9986.55
2020-01-24 19:00:00,1,9781.68,9802.29
2020-01-24 19:30:00,1,9654.84,9664.37
2020-01-24 20:00:00,1,9576.82,9548.96
2020-01-24 20:30:00,1,9504.24,9308.24
2020-01-24 21:00:00,1,9317.93,9056.42
2020-01-24 21:30:00,1,9127.75,8908.13
2020-01-24 22:00:00,1,8968.67,8705.6
2020-01-24 22:30:00,1,8773.06,8575.84
2020-01-24 23:00:00,1,8631.8,8366.09
2020-01-24 23:30:00,1,8308.44,8092.27
2020-01-25 00:00:00,0,8004.66,7900.96
2020-01-25 00:30:00,0,7808.27,7672.46
2020-01-25 01:00:00,0,7576.16,7401.97
2020-01-25 01:30:00,0,7360.25,7127.71
2020-01-25 02:00:00,0,7059.69,6915.5
2020-01-25 02:30:00,0,6865.69,6788.92
2020-01-25 03:00:00,0,6784.22,6701.73
2020-01-25 03:30:00,0,6698.02,6679.52
2020-01-25 04:00:00,0,6652.02,6669.26
2020-01-25 12:30:00,0,9536.49,8055.73
2020-01-25 13:00:00,0,9669.85,8120.82
2020-01-25 13:30:00,0,9870.27,8285.05
2020-01-25 14:00:00,0,10128.51,8391.2
2020-01-25 14:30:00,0,10337.5,8547.7
2020-01-25 15:00:00,0,10452.44,8695.47
2020-01-25 15:30:00,0,10524.63,8867.27
2020-01-25 16:00:00,0,10330.64,9004.25
2020-01-25 16:30:00,0,10351.33,9139.79
2020-01-25 17:00:00,0,10637.7,9271.05
2020-01-25 17:30:00,0,10809.57,9324.36
2020-01-25 18:00:00,0,10823.77,9281.59
2020-01-25 18:30:00,0,10840.67,9182.22
2020-01-25 19:00:00,0,10616.15,9065.61
2020-01-25 19:30:00,0,10407.6,9061.28
2020-01-25 20:00:00,0,10323.28,9040.28
2020-01-25 20:30:00,0,10147.9,8972.46
2020-01-25 21:00:00,0,9957.38,8790.85
2020-01-25 21:30:00,0,9691.09,8622.09
2020-01-25 22:00:00,0,9422.66,8432.56
2020-01-25 22:30:00,0,9092.11,8250.17
2020-01-25 23:00:00,0,8773.61,8006.82
2020-01-25 23:30:00,0,8407.56,7731.07
2020-01-26 00:00:00,1,8054.86,7559.04
2020-01-26 00:30:00,1,7802.55,7412.64
2020-01-26 01:00:00,1,7562.65,7253.0
2020-01-26 01:30:00,1,7314.49,7031.55
2020-01-26 02:00:00,1,7035.45,6826.06
2020-01-26 02:30:00,1,6862.89,6698.65
2020-01-26 03:00:00,1,6753.03,6624.99
2020-01-26 03:30:00,1,6654.65,6613.58
2020-01-26 04:00:00,1,6647.04,6637.86
2020-01-26 12:30:00,1,8791.17,9141.86
2020-01-26 13:00:00,1,8897.82,9285.49
2020-01-26 13:30:00,1,8947.65,9425.84
2020-01-26 14:00:00,1,9181.27,9630.99
2020-01-26 14:30:00,1,9447.61,9806.16
2020-01-26 15:00:00,1,9683.71,10012.62
2020-01-26 15:30:00,1,9940.52,10215.07
2020-01-26 16:00:00,1,10198.22,10508.39
2020-01-26 16:30:00,1,10468.35,10743.26
2020-01-26 17:00:00,1,10779.19,10885.56
2020-01-26 17:30:00,1,10981.89,10795.98
2020-01-26 18:00:00,1,11041.57,10719.47
2020-01-26 18:30:00,1,11056.05,10534.21
2020-01-26 19:00:00,1,10859.12,10354.29
2020-01-26 19:30:00,1,10549.96,10267.07
2020-01-26 20:00:00,1,10291.58,10160.66
2020-01-26 20:30:00,1,10135.39,9935.89
2020-01-26 21:00:00,1,9868.75,9646.46
2020-01-26 21:30:00,1,9522.18,9349.03
2020-01-26 22:00:00,1,9241.31,9032.35
2020-01-26 22:30:00,1,8965.1,8707.45
2020-01-26 23:00:00,1,8680.67,8441.14
2020-01-26 23:30:00,1,8352.42,8133.73
2020-01-27 00:00:00,0,8088.88,7894.84
2020-01-27 00:30:00,0,7922.1,7651.13
2020-01-27 01:00:00,0,7659.76,7423.57
2020-01-27 01:30:00,0,7454.37,7125.22
2020-01-27 02:00:00,0,7174.79,6922.68
2020-01-27 02:30:00,0,6965.77,6763.54
2020-01-27 03:00:00,0,6828.75,6689.91
2020-01-27 03:30:00,0,6827.31,6653.94
2020-01-27 04:00:00,0,6806.24,6661.84
2020-01-27 12:30:00,0,10699.19,8352.26
2020-01-27 13:00:00,0,10975.14,8459.29
2020-01-27 13:30:00,0,11217.38,8610.82
2020-01-27 14:00:00,0,11364.98,8818.41
2020-01-27 14:30:00,0,11668.05,9012.39
2020-01-27 15:00:00,0,11837.59,9217.02
2020-01-27 15:30:00,0,12019.52,9441.73
2020-01-27 16:00:00,0,12128.3,9715.53
2020-01-27 16:30:00,0,12202.88,9903.47
2020-01-27 17:00:00,0,12349.85,10005.84
2020-01-27 17:30:00,0,12237.97,10019.91
2020-01-27 18:00:00,0,12153.95,10062.15
2020-01-27 18:30:00,0,12223.24,9932.75
2020-01-27 19:00:00,0,12249.67,9829.61
2020-01-27 19:30:00,0,11067.1,9824.56
2020-01-27 20:00:00,0,10776.54,9727.86
2020-01-27 20:30:00,0,10489.01,9524.74
2020-01-27 21:00:00,0,10196.2,9275.91
2020-01-27 21:30:00,0,9819.08,9046.38
2020-01-27 22:00:00,0,9514.0,8796.08
2020-01-27 22:30:00,0,9079.73,8542.77
2020-01-27 23:00:00,0,8875.56,8300.72
2020-01-27 23:30:00,0,8570.46,8037.16
2020-01-28 00:00:00,1,8342.08,7834.31
2020-01-28 00:30:00,1,8114.29,7641.71
2020-01-28 01:00:00,1,7887.88,7444.58
2020-01-28 01:30:00,1,7675.46,7180.92
2020-01-28 02:00:00,1,7336.8,6998.76
2020-01-28 02:30:00,1,7192.59,6893.51
2020-01-28 03:00:00,1,7021.67,6829.02
2020-01-28 03:30:00,1,6939.09,6846.07
2020-01-28 04:00:00,1,6929.11,6922.36
2020-01-28 12:30:00,1,9477.21,10433.43
2020-01-28 13:00:00,1,9579.67,10596.93
2020-01-28 13:30:00,1,9756.1,10786.14
2020-01-28 14:00:00,1,9869.12,10970.84
2020-01-28 14:30:00,1,9962.97,11128.59
2020-01-28 15:00:00,1,10151.08,11363.14
2020-01-28 15:30:00,1,10346.34,11611.2
2020-01-28 16:00:00,1,10521.6,11812.64
2020-01-28 16:30:00,1,10688.72,11863.56
2020-01-28 17:00:00,1,10710.19,11908.17
2020-01-28 17:30:00,1,10778.14,11721.6
2020-01-28 18:00:00,1,10531.5,11468.82
2020-01-28 18:30:00,1,10439.31,11230.13
2020-01-28 19:00:00,1,10217.73,10979.81
2020-01-28 19:30:00,1,9962.71,10764.35
2020-01-28 20:00:00,1,9817.03,10575.06
2020-01-28 20:30:00,1,9698.97,10263.1
2020-01-28 21:00:00,1,9449.87,9870.33
2020-01-28 21:30:00,1,9059.23,9599.31
2020-01-28 22:00:00,1,8842.63,9218.77
2020-01-28 22:30:00,1,8520.88,8926.84
2020-01-28 23:00:00,1,8330.3,8604.85
2020-01-28 23:30:00,1,8065.58,8280.54
2020-01-29 00:00:00,0,7790.13,8063.37
2020-01-29 00:30:00,0,7655.24,7839.06
2020-01-29 01:00:00,0,7441.87,7610.69
2020-01-29 01:30:00,0,7224.59,7344.29
2020-01-29 02:00:00,0,6915.88,7136.29
2020-01-29 02:30:00,0,6694.8,6999.35
2020-01-29 03:00:00,0,6560.66,6917.5
2020-01-29 03:30:00,0,6515.47,6906.85
2020-01-29 04:00:00,0,6546.17,6953.4
2020-01-29 12:30:00,0,9472.85,9169.63
2020-01-29 13:00:00,0,9629.33,9295.71
2020-01-29 13:30:00,0,9878.26,9410.91
2020-01-29 14:00:00,0,10147.56,9546.21
2020-01-29 14:30:00,0,10441.38,9674.44
2020-01-29 15:00:00,0,10699.0,9880.65
2020-01-29 15:30:00,0,11060.35,10002.38
2020-01-29 16:00:00,0,11432.65,10181.68
2020-01-29 16:30:00,0,11763.47,10267.0
2020-01-29 17:00:00,0,11859.26,10360.14
2020-01-29 17:30:00,0,11979.43,10416.84
2020-01-29 18:00:00,0,11879.07,10290.25
2020-01-29 18:30:00,0,11810.89,10036.93
2020-01-29 19:00:00,0,11638.21,9846.67
2020-01-29 19:30:00,0,11210.69,9682.99
2020-01-29 20:00:00,0,10908.49,9532.4
2020-01-29 20:30:00,0,10811.46,9239.02
2020-01-29 21:00:00,0,10459.87,8951.84
2020-01-29 21:30:00,0,10048.65,8773.09
2020-01-29 22:00:00,0,9708.28,8505.15
2020-01-29 22:30:00,0,9254.9,8320.55
2020-01-29 23:00:00,0,9014.65,8089.12
2020-01-29 23:30:00,0,8695.56,7841.71
2020-01-30 00:00:00,0,8371.47,7650.64
2020-01-30 00:30:00,0,8229.38,7466.34
2020-01-30 01:00:00,0,7894.46,7269.56
2020-01-30 01:30:00,0,7659.81,7025.24
2020-01-30 02:00:00,0,7348.69,6830.85
2020-01-30 02:30:00,0,7166.21,6689.97
2020-01-30 03:00:00,0,7093.64,6616.75
2020-01-30 03:30:00,0,6947.14,6618.69
2020-01-30 04:00:00,0,6956.21,6662.57
2020-01-30 12:30:00,0,11311.9,9403.89
2020-01-30 13:00:00,0,11577.56,9548.82
2020-01-30 13:30:00,0,11826.45,9754.91
2020-01-30 14:00:00,0,12083.1,9953.6
2020-01-30 14:30:00,0,12290.83,10167.42
2020-01-30 15:00:00,0,12509.37,10430.15
2020-01-30 15:30:00,0,12784.73,10620.29
2020-01-30 16:00:00,0,13143.76,10851.56
2020-01-30 16:30:00,0,12967.48,10994.47
2020-01-30 17:00:00,0,13062.96,11092.47
2020-01-30 17:30:00,0,13053.11,11142.87
2020-01-30 18:00:00,0,12717.59,11040.86
2020-01-30 18:30:00,0,13049.39,10891.4
2020-01-30 19:00:00,0,12793.0,10694.85
2020-01-30 19:30:00,0,12466.83,10633.93
2020-01-30 20:00:00,0,12226.41,10472.09
2020-01-30 20:30:00,0,12009.85,10190.31
2020-01-30 21:00:00,0,11657.69,9852.61
2020-01-30 21:30:00,0,11181.49,9535.29
2020-01-30 22:00:00,0,10833.11,9164.37
2020-01-30 22:30:00,0,10391.56,8883.94
2020-01-30 23:00:00,0,10087.11,8569.53
2020-01-30 23:30:00,0,9650.78,8295.23
2020-01-31 00:00:00,1,9282.39,8087.92
2020-01-31 00:30:00,1,8971.44,7887.43
2020-01-31 01:00:00,1,8565.63,7667.66
2020-01-31 01:30:00,1,8275.4,7398.41
2020-01-31 02:00:00,1,7854.8,7179.49
2020-01-31 02:30:00,1,7645.57,7038.99
2020-01-31 03:00:00,1,7521.21,6959.32
2020-01-31 03:30:00,1,7389.93,6944.38
2020-01-31 04:00:00,1,7404.46,7006.8
2020-01-31 12:30:00,1,12047.17,10817.94
2020-01-31 13:00:00,1,12220.43,11080.87
2020-01-31 13:30:00,1,12358.64,11309.22
2020-01-31 14:00:00,1,12507.8,11591.65
2020-01-31 14:30:00,1,12612.76,11884.53
2020-01-31 15:00:00,1,12769.86,12215.46
2020-01-31 15:30:00,1,12954.7,12437.3
2020-01-31 16:00:00,1,13164.26,12764.54
2020-01-31 16:30:00,1,13363.0,12964.43
2020-01-31 17:00:00,1,13464.42,12954.72
2020-01-31 17:30:00,1,13621.75,12544.82
2020-01-31 18:00:00,1,13634.63,12206.67
2020-01-31 18:30:00,1,13588.73,11842.03
2020-01-31 19:00:00,1,13441.78,11500.96
2020-01-31 19:30:00,1,13182.2,11350.28
2020-01-31 20:00:00,1,13057.93,11066.28
2020-01-31 20:30:00,1,12978.96,10740.12
2020-01-31 21:00:00,1,12743.92,10376.92
2020-01-31 21:30:00,1,12425.11,10074.22
2020-01-31 22:00:00,1,12010.47,9712.66
2020-01-31 22:30:00,1,11516.78,9425.89
2020-01-31 23:00:00,1,11058.84,9058.1
2020-01-31 23:30:00,1,10476.52,8792.44
2020-02-01 00:00:00,1,10010.62,8537.13
2020-02-01 00:30:00,1,9625.97,8287.82
2020-02-01 01:00:00,1,9316.83,8059.35
2020-02-01 01:30:00,1,9011.31,7738.47
2020-02-01 02:00:00,1,8673.05,7516.53
2020-02-01 02:30:00,1,8387.66,7353.17
2020-02-01 03:00:00,1,8244.76,7238.57
2020-02-01 03:30:00,1,8079.16,7123.36
2020-02-01 04:00:00,1,7977.6,7070.82
2020-02-01 12:30:00,1,10478.02,11721.18
2020-02-01 13:00:00,1,10654.43,11898.11
2020-02-01 13:30:00,1,10808.28,12035.91
2020-02-01 14:00:00,1,10882.58,12229.82
2020-02-01 14:30:00,1,10853.24,12388.88
2020-02-01 15:00:00,1,10909.45,12616.55
2020-02-01 15:30:00,1,10938.26,12703.51
2020-02-01 16:00:00,1,10814.25,12888.73
2020-02-01 16:30:00,1,10750.19,12991.86
2020-02-01 17:00:00,1,10601.67,13115.96
2020-02-01 17:30:00,1,10631.24,13070.04
2020-02-01 18:00:00,1,10371.08,12964.9
2020-02-01 18:30:00,1,10150.61,12630.05
2020-02-01 19:00:00,1,9938.27,12392.61
2020-02-01 19:30:00,1,9690.27,12155.87
2020-02-01 20:00:00,1,9620.86,11942.8
2020-02-01 20:30:00,1,9467.15,11885.46
2020-02-01 21:00:00,1,9221.69,11425.33
2020-02-01 21:30:00,1,8970.88,10997.42
2020-02-01 22:00:00,1,8719.15,10454.79
2020-02-01 22:30:00,1,8469.84,10133.05
2020-02-01 23:00:00,1,8307.68,9626.1
2020-02-01 23:30:00,1,7994.77,9229.69
2020-02-02 00:00:00,0,7723.75,8942.17
2020-02-02 00:30:00,0,7499.45,8706.01
2020-02-02 01:00:00,0,7314.57,8439.7
2020-02-02 01:30:00,0,7080.47,8154.94
2020-02-02 02:00:00,0,6900.81,7924.81
2020-02-02 02:30:00,0,6723.09,7778.61
2020-02-02 03:00:00,0,6692.11,7652.27
2020-02-02 03:30:00,0,6664.24,7464.81
2020-02-02 04:00:00,0,6703.96,7362.87
2020-02-02 12:30:00,0,9002.16,11550.25
2020-02-02 13:00:00,0,9233.32,11769.57
2020-02-02 13:30:00,0,9488.2,11972.63
2020-02-02 14:00:00,0,9686.38,12206.62
2020-02-02 14:30:00,0,9830.39,12361.5
2020-02-02 15:00:00,0,9947.24,12510.0
2020-02-02 15:30:00,0,10205.6,12485.34
2020-02-02 16:00:00,0,10505.21,12390.33
2020-02-02 16:30:00,0,10684.18,12275.52
2020-02-02 17:00:00,0,10741.33,12170.67
2020-02-02 17:30:00,0,10684.93,12083.87
2020-02-02 18:00:00,0,10469.36,12019.01
2020-02-02 18:30:00,0,10300.3,11720.45
2020-02-02 19:00:00,0,9853.64,11531.7
2020-02-02 19:30:00,0,9399.64,11357.71
2020-02-02 20:00:00,0,9193.95,11181.36
2020-02-02 20:30:00,0,8942.47,10819.29
2020-02-02 21:00:00,0,8624.66,10418.31
2020-02-02 21:30:00,0,8272.39,10003.51
2020-02-02 22:00:00,0,8033.07,9571.06
2020-02-02 22:30:00,0,7863.15,9208.16
2020-02-02 23:00:00,0,7693.51,8766.32
2020-02-02 23:30:00,0,7477.7,8351.89
2020-02-03 00:00:00,1,7314.38,8059.18
2020-02-03 00:30:00,1,7126.4,7739.6
2020-02-03 01:00:00,1,6993.88,7428.99
2020-02-03 01:30:00,1,6746.38,7093.94
2020-02-03 02:00:00,1,6506.82,6890.71
2020-02-03 02:30:00,1,6268.91,6833.98
2020-02-03 03:00:00,1,6216.28,6791.35
2020-02-03 03:30:00,1,6182.27,6862.69
2020-02-03 04:00:00,1,6216.82,6951.57
2020-02-03 12:30:00,1,7577.48,9667.34
2020-02-03 13:00:00,1,7618.84,9750.08
2020-02-03 13:30:00,1,7700.72,9894.72
2020-02-03 14:00:00,1,7694.21,9990.37
2020-02-03 14:30:00,1,7707.08,10087.85
2020-02-03 15:00:00,1,7734.19,10308.1
2020-02-03 15:30:00,1,7774.48,10428.25
2020-02-03 16:00:00,1,7887.13,10572.9
2020-02-03 16:30:00,1,7987.52,10593.2
2020-02-03 17:00:00,1,8075.61,10635.4
2020-02-03 17:30:00,1,8165.92,10484.79
2020-02-03 18:00:00,1,8075.96,10359.72
2020-02-03 18:30:00,1,8166.43,10067.33
2020-02-03 19:00:00,1,8164.89,9856.79
2020-02-03 19:30:00,1,8003.92,9690.36
2020-02-03 20:00:00,1,8036.63,9509.39
2020-02-03 20:30:00,1,7937.09,9225.99
2020-02-03 21:00:00,1,7789.66,8870.2
2020-02-03 21:30:00,1,7552.35,8657.69
2020-02-03 22:00:00,1,7491.03,8359.77
2020-02-03 22:30:00,1,7307.53,8137.47
2020-02-03 23:00:00,1,7308.79,7898.46
2020-02-03 23:30:00,1,7163.12,7684.46
2020-02-04 00:00:00,0,7069.82,7529.64
2020-02-04 00:30:00,0,6909.22,7352.87
2020-02-04 01:00:00,0,6796.76,7150.14
2020-02-04 01:30:00,0,6616.78,6888.02
2020-02-04 02:00:00,0,6374.15,6687.56
2020-02-04 02:30:00,0,6181.34,6552.18
2020-02-04 03:00:00,0,6091.45,6484.14
2020-02-04 03:30:00,0,6044.42,6479.05
2020-02-04 04:00:00,0,6029.82,6538.87
2020-02-04 12:30:00,0,7888.7,7609.74
2020-02-04 13:00:00,0,7931.63,7625.06
2020-02-04 13:30:00,0,7980.82,7641.02
2020-02-04 14:00:00,0,8091.96,7700.65
2020-02-04 14:30:00,0,8152.13,7769.61
2020-02-04 15:00:00,0,8193.97,7941.86
2020-02-04 15:30:00,0,8314.62,8127.33
2020-02-04 16:00:00,0,8454.22,8342.86
2020-02-04 16:30:00,0,8661.74,8482.34
2020-02-04 17:00:00,0,8666.8,8636.2
2020-02-04 17:30:00,0,8698.81,8701.95
2020-02-04 18:00:00,0,8624.9,8715.64
2020-02-04 18:30:00,0,8647.26,8680.15
2020-02-04 19:00:00,0,8496.84,8597.28
2020-02-04 19:30:00,0,8419.48,8603.35
2020-02-04 20:00:00,0,8439.32,8529.34
2020-02-04 20:30:00,0,8390.05,8337.08
2020-02-04 21:00:00,0,8216.39,8119.15
2020-02-04 21:30:00,0,7964.73,7942.67
2020-02-04 22:00:00,0,7851.33,7775.57
2020-02-04 22:30:00,0,7705.18,7627.54
2020-02-04 23:00:00,0,7628.4,7471.2
2020-02-04 23:30:00,0,7430.09,7314.06
2020-02-05 00:00:00,0,7250.64,7202.47
2020-02-05 00:30:00,0,7171.46,7066.9
2020-02-05 01:00:00,0,6968.64,6888.35
2020-02-05 01:30:00,0,6757.06,6629.57
2020-02-05 02:00:00,0,6515.7,6422.6
2020-02-05 02:30:00,0,6381.15,6287.4
2020-02-05 03:00:00,0,6272.6,6236.2
2020-02-05 03:30:00,0,6186.78,6245.46
2020-02-05 04:00:00,0,6170.28,6322.83
2020-02-05 12:30:00,0,8437.1,8003.52
2020-02-05 13:00:00,0,8385.13,8050.07
2020-02-05 13:30:00,0,8279.44,8094.31
2020-02-05 14:00:00,0,8285.06,8148.24
2020-02-05 14:30:00,0,8308.81,8235.15
2020-02-05 15:00:00,0,8292.37,8392.24
2020-02-05 15:30:00,0,8418.15,8550.52
2020-02-05 16:00:00,0,8416.33,8710.28
2020-02-05 16:30:00,0,8410.93,8848.0
2020-02-05 17:00:00,0,8454.47,8929.17
2020-02-05 17:30:00,0,8576.55,8866.25
2020-02-05 18:00:00,0,8592.13,8815.64
2020-02-05 18:30:00,0,8567.3,8690.0
2020-02-05 19:00:00,0,8555.78,8577.15
2020-02-05 19:30:00,0,8469.37,8581.84
2020-02-05 20:00:00,0,8448.1,8517.99
2020-02-05 20:30:00,0,8364.48,8358.45
2020-02-05 21:00:00,0,8100.42,8129.33
2020-02-05 21:30:00,0,7890.19,8017.56
2020-02-05 22:00:00,0,7793.42,7851.65
2020-02-05 22:30:00,0,7575.15,7710.8
2020-02-05 23:00:00,0,7580.04,7550.9
2020-02-05 23:30:00,0,7377.93,7382.83
2020-02-06 00:00:00,0,7254.63,7268.11
2020-02-06 00:30:00,0,7111.21,7120.07
2020-02-06 01:00:00,0,6920.39,6936.48
2020-02-06 01:30:00,0,6791.58,6671.55
2020-02-06 02:00:00,0,6529.84,6459.21
2020-02-06 02:30:00,0,6363.76,6318.78
2020-02-06 03:00:00,0,6212.27,6281.41
2020-02-06 03:30:00,0,6176.15,6298.27
2020-02-06 04:00:00,0,6195.61,6381.91
2020-02-06 12:30:00,0,8365.48,8460.15
2020-02-06 13:00:00,0,8201.16,8480.97
2020-02-06 13:30:00,0,8171.92,8495.25
2020-02-06 14:00:00,0,8133.98,8485.99
2020-02-06 14:30:00,0,8066.75,8503.63
2020-02-06 15:00:00,0,8015.68,8603.42
2020-02-06 15:30:00,0,8061.82,8703.23
2020-02-06 16:00:00,0,8123.46,8810.83
2020-02-06 16:30:00,0,8125.78,8893.13
2020-02-06 17:00:00,0,8169.03,8961.0
2020-02-06 17:30:00,0,8174.04,8842.32
2020-02-06 18:00:00,0,8053.36,8796.46
2020-02-06 18:30:00,0,8126.18,8722.18
2020-02-06 19:00:00,0,8048.55,8641.74
2020-02-06 19:30:00,0,8052.49,8684.97
2020-02-06 20:00:00,0,8044.21,8628.33
2020-02-06 20:30:00,0,7917.84,8469.15
2020-02-06 21:00:00,0,7777.46,8261.89
2020-02-06 21:30:00,0,7529.23,8162.2
2020-02-06 22:00:00,0,7525.78,7998.44
2020-02-06 22:30:00,0,7439.58,7842.02
2020-02-06 23:00:00,0,7372.19,7676.29
2020-02-06 23:30:00,0,7233.28,7493.94
2020-02-07 00:00:00,0,7155.77,7375.79
2020-02-07 00:30:00,0,7006.83,7222.03
2020-02-07 01:00:00,0,6780.19,7033.64
2020-02-07 01:30:00,0,6601.48,6775.68
2020-02-07 02:00:00,0,6330.6,6567.13
2020-02-07 02:30:00,0,6149.81,6425.82
2020-02-07 03:00:00,0,6011.63,6378.18
2020-02-07 03:30:00,0,5949.24,6385.52
2020-02-07 04:00:00,0,5962.0,6450.93
2020-02-07 12:30:00,0,7481.81,8333.09
2020-02-07 13:00:00,0,7406.2,8307.08
2020-02-07 13:30:00,0,7321.97,8282.4
2020-02-07 14:00:00,0,7351.85,8229.72
2020-02-07 14:30:00,0,7317.84,8205.39
2020-02-07 15:00:00,0,7344.17,8275.06
2020-02-07 15:30:00,0,7419.6,8347.67
2020-02-07 16:00:00,0,7475.93,8441.28
2020-02-07 16:30:00,0,7586.51,8488.49
2020-02-07 17:00:00,0,7609.18,8494.39
2020-02-07 17:30:00,0,7784.85,8327.38
2020-02-07 18:00:00,0,7859.49,8221.75
2020-02-07 18:30:00,0,7873.51,8150.66
2020-02-07 19:00:00,0,7767.43,8098.19
2020-02-07 19:30:00,0,7715.72,8118.73
2020-02-07 20:00:00,0,7723.23,8102.46
2020-02-07 20:30:00,0,7583.92,7955.09
2020-02-07 21:00:00,0,7487.57,7813.06
2020-02-07 21:30:00,0,7329.49,7742.77
2020-02-07 22:00:00,0,7278.54,7664.05
2020-02-07 22:30:00,0,7181.14,7556.52
2020-02-07 23:00:00,0,7151.55,7460.09
2020-02-07 23:30:00,0,7004.49,7302.2
2020-02-08 00:00:00,0,6776.56,7177.3
2020-02-08 00:30:00,0,6761.98,6995.87
2020-02-08 01:00:00,0,6553.0,6787.27
2020-02-08 01:30:00,0,6407.82,6519.81
2020-02-08 02:00:00,0,6186.68,6298.83
2020-02-08 02:30:00,0,5979.03,6141.06
2020-02-08 03:00:00,0,5891.35,6062.17
2020-02-08 03:30:00,0,5856.94,6034.29
2020-02-08 04:00:00,0,5822.36,6035.99
2020-02-08 12:30:00,0,7595.89,7213.68
2020-02-08 13:00:00,0,7612.31,7205.96
2020-02-08 13:30:00,0,7557.87,7226.81
2020-02-08 14:00:00,0,7502.66,7219.06
2020-02-08 14:30:00,0,7473.26,7241.68
2020-02-08 15:00:00,0,7461.34,7325.1
2020-02-08 15:30:00,0,7535.02,7466.64
2020-02-08 16:00:00,0,7569.68,7600.7
2020-02-08 16:30:00,0,7636.66,7686.27
2020-02-08 17:00:00,0,7670.87,7776.08
2020-02-08 17:30:00,0,7840.36,7797.14
2020-02-08 18:00:00,0,7889.71,7784.26
2020-02-08 18:30:00,0,7920.61,7799.01
2020-02-08 19:00:00,0,7873.1,7748.27
2020-02-08 19:30:00,0,7802.08,7701.31
2020-02-08 20:00:00,0,7798.34,7713.29
2020-02-08 20:30:00,0,7696.66,7595.42
2020-02-08 21:00:00,0,7551.61,7468.52
2020-02-08 21:30:00,0,7325.51,7393.5
2020-02-08 22:00:00,0,7172.54,7322.35
2020-02-08 22:30:00,0,7021.26,7214.65
2020-02-08 23:00:00,0,6926.92,7078.07
2020-02-08 23:30:00,0,6792.51,6873.2
2020-02-09 00:00:00,0,6617.24,6764.84
2020-02-09 00:30:00,0,6488.42,6638.31
2020-02-09 01:00:00,0,6399.46,6481.61
2020-02-09 01:30:00,0,6275.05,6267.69
2020-02-09 02:00:00,0,6066.78,6113.49
2020-02-09 02:30:00,0,5926.9,6008.98
2020-02-09 03:00:00,0,5851.84,5952.69
2020-02-09 03:30:00,0,5859.93,5934.5
2020-02-09 04:00:00,0,5851.66,5925.59
2020-02-09 12:30:00,0,8314.13,7149.74
2020-02-09 13:00:00,0,8335.52,7195.28
2020-02-09 13:30:00,0,8305.99,7231.32
2020-02-09 14:00:00,0,8265.15,7302.93
2020-02-09 14:30:00,0,8368.59,7423.59
2020-02-09 15:00:00,0,8467.03,7531.7
2020-02-09 15:30:00,0,8748.9,7633.81
2020-02-09 16:00:00,0,8963.47,7781.57
2020-02-09 16:30:00,0,9182.72,7913.45
2020-02-09 17:00:00,0,9309.77,8057.96
2020-02-09 17:30:00,0,9346.36,8055.88
2020-02-09 18:00:00,0,9203.63,8067.36
2020-02-09 18:30:00,0,9182.47,8061.45
2020-02-09 19:00:00,0,8980.3,8021.73
2020-02-09 19:30:00,0,8837.59,8015.94
2020-02-09 20:00:00,0,8844.93,7985.02
2020-02-09 20:30:00,0,8672.33,7820.89
2020-02-09 21:00:00,0,8443.07,7627.6
2020-02-09 21:30:00,0,8159.76,7462.61
2020-02-09 22:00:00,0,8015.97,7323.53
2020-02-09 22:30:00,0,7806.86,7243.57
2020-02-09 23:00:00,0,7724.48,7054.84
2020-02-09 23:30:00,0,7529.97,6886.3
2020-02-10 00:00:00,0,7364.9,6818.94
2020-02-10 00:30:00,0,7233.72,6746.86
2020-02-10 01:00:00,0,7076.7,6628.36
2020-02-10 01:30:00,0,6850.47,6459.09
2020-02-10 02:00:00,0,6655.13,6317.37
2020-02-10 02:30:00,0,6445.51,6231.87
2020-02-10 03:00:00,0,6334.19,6210.98
2020-02-10 03:30:00,0,6231.73,6251.0
2020-02-10 04:00:00,0,6285.7,6329.15
2020-02-10 12:30:00,0,8605.99,9106.42
2020-02-10 13:00:00,0,8763.18,9211.74
2020-02-10 13:30:00,0,8962.13,9300.92
2020-02-10 14:00:00,0,9105.49,9401.43
2020-02-10 14:30:00,0,9263.72,9483.47
2020-02-10 15:00:00,0,9335.31,9631.08
2020-02-10 15:30:00,0,9570.03,9809.67
2020-02-10 16:00:00,0,9711.44,9931.55
2020-02-10 16:30:00,0,9791.26,10049.41
2020-02-10 17:00:00,0,9966.14,10103.85
2020-02-10 17:30:00,0,10020.15,10136.67
2020-02-10 18:00:00,0,9905.86,10086.23
2020-02-10 18:30:00,0,9859.75,9911.35
2020-02-10 19:00:00,0,9611.99,9716.26
2020-02-10 19:30:00,0,9463.48,9645.97
2020-02-10 20:00:00,0,9420.65,9543.52
2020-02-10 20:30:00,0,9213.22,9364.06
2020-02-10 21:00:00,0,9004.88,9041.57
2020-02-10 21:30:00,0,8690.95,8824.63
2020-02-10 22:00:00,0,8493.71,8561.95
2020-02-10 22:30:00,0,8218.26,8402.55
2020-02-10 23:00:00,0,8093.51,8168.92
2020-02-10 23:30:00,0,7909.89,7925.62
2020-02-11 00:00:00,1,7693.42,7767.31
2020-02-11 00:30:00,1,7536.47,7594.85
2020-02-11 01:00:00,1,7364.4,7385.96
2020-02-11 01:30:00,1,7151.98,7140.59
2020-02-11 02:00:00,1,6859.71,6944.65
2020-02-11 02:30:00,1,6600.5,6803.53
2020-02-11 03:00:00,1,6467.66,6729.03
2020-02-11 03:30:00,1,6423.19,6736.38
2020-02-11 04:00:00,1,6426.42,6796.98
2020-02-11 12:30:00,1,8853.7,9660.53
2020-02-11 13:00:00,1,8871.87,9782.4
2020-02-11 13:30:00,1,8886.83,9841.83
2020-02-11 14:00:00,1,8916.69,9903.33
2020-02-11 14:30:00,1,8919.06,9970.68
2020-02-11 15:00:00,1,8970.57,10055.42
2020-02-11 15:30:00,1,9128.86,10171.28
2020-02-11 16:00:00,1,9266.83,10221.24
2020-02-11 16:30:00,1,9287.37,10278.4
2020-02-11 17:00:00,1,9371.34,10308.41
2020-02-11 17:30:00,1,9397.17,10320.62
2020-02-11 18:00:00,1,9245.02,10251.62
2020-02-11 18:30:00,1,9246.48,10098.19
2020-02-11 19:00:00,1,9173.12,9919.31
2020-02-11 19:30:00,1,9038.06,9881.68
2020-02-11 20:00:00,1,8970.1,9781.78
2020-02-11 20:30:00,1,8822.13,9567.2
2020-02-11 21:00:00,1,8647.02,9287.49
2020-02-11 21:30:00,1,8366.24,9063.56
2020-02-11 22:00:00,1,8180.62,8769.28
2020-02-11 22:30:00,1,8005.06,8568.24
2020-02-11 23:00:00,1,7897.61,8321.15
2020-02-11 23:30:00,1,7746.77,8076.3
2020-02-12 00:00:00,0,7538.2,7905.58
2020-02-12 00:30:00,0,7459.22,7717.64
2020-02-12 01:00:00,0,7214.29,7492.27
2020-02-12 01:30:00,0,7037.28,7229.27
2020-02-12 02:00:00,0,6718.19,6990.02
2020-02-12 02:30:00,0,6571.39,6845.37
2020-02-12 03:00:00,0,6481.46,6761.69
2020-02-12 03:30:00,0,6465.85,6754.28
2020-02-12 04:00:00,0,6477.35,6821.66
2020-02-12 12:30:00,0,9168.83,9251.94
2020-02-12 13:00:00,0,9145.26,9305.03
2020-02-12 13:30:00,0,9248.94,9339.73
2020-02-12 14:00:00,0,9229.71,9369.34
2020-02-12 14:30:00,0,9184.02,9411.39
2020-02-12 15:00:00,0,9191.47,9533.49
2020-02-12 15:30:00,0,9236.3,9639.94
2020-02-12 16:00:00,0,9268.2,9698.72
2020-02-12 16:30:00,0,9377.12,9758.12
2020-02-12 17:00:00,0,9462.41,9819.43
2020-02-12 17:30:00,0,9502.26,9870.51
2020-02-12 18:00:00,0,9429.02,9800.8
2020-02-12 18:30:00,0,9424.44,9683.31
2020-02-12 19:00:00,0,9318.14,9544.45
2020-02-12 19:30:00,0,9221.61,9460.17
2020-02-12 20:00:00,0,9207.01,9304.29
2020-02-12 20:30:00,0,9040.77,9115.46
2020-02-12 21:00:00,0,8754.35,8843.81
2020-02-12 21:30:00,0,8484.5,8684.72
2020-02-12 22:00:00,0,8334.24,8434.48
2020-02-12 22:30:00,0,8113.67,8312.93
2020-02-12 23:00:00,0,8015.09,8074.58
2020-02-12 23:30:00,0,7818.19,7873.66
2020-02-13 00:00:00,0,7617.79,7697.01
2020-02-13 00:30:00,0,7498.42,7508.73
2020-02-13 01:00:00,0,7232.97,7297.87
2020-02-13 01:30:00,0,7095.3,7040.13
2020-02-13 02:00:00,0,6832.5,6835.4
2020-02-13 02:30:00,0,6637.66,6707.13
2020-02-13 03:00:00,0,6551.78,6633.53
2020-02-13 03:30:00,0,6426.45,6630.32
2020-02-13 04:00:00,0,6493.64,6707.52
2020-02-13 12:30:00,0,8186.91,8688.66
2020-02-13 13:00:00,0,8216.96,8718.51
2020-02-13 13:30:00,0,8253.05,8735.14
2020-02-13 14:00:00,0,8252.89,8733.24
2020-02-13 14:30:00,0,8292.67,8763.76
2020-02-13 15:00:00,0,8408.38,8885.96
2020-02-13 15:30:00,0,8595.15,8981.53
2020-02-13 16:00:00,0,8783.6,9065.61
2020-02-13 16:30:00,0,8969.05,9162.68
2020-02-13 17:00:00,0,9101.68,9235.16
2020-02-13 17:30:00,0,9197.97,9287.94
2020-02-13 18:00:00,0,9182.16,9310.76
2020-02-13 18:30:00,0,9153.52,9182.54
2020-02-13 19:00:00,0,9007.6,9090.43
2020-02-13 19:30:00,0,8832.99,9039.2
2020-02-13 20:00:00,0,8754.57,8911.5
2020-02-13 20:30:00,0,8658.34,8689.52
2020-02-13 21:00:00,0,8497.11,8424.91
2020-02-13 21:30:00,0,8268.94,8278.84
2020-02-13 22:00:00,0,8183.11,8043.15
2020-02-13 22:30:00,0,8041.72,7923.28
2020-02-13 23:00:00,0,7907.2,7726.02
2020-02-13 23:30:00,0,7778.83,7606.39
2020-02-14 00:00:00,0,7529.3,7539.95
2020-02-14 00:30:00,0,7368.44,7427.32
2020-02-14 01:00:00,0,7166.02,7241.88
2020-02-14 01:30:00,0,6930.04,7003.19
2020-02-14 02:00:00,0,6611.63,6813.05
2020-02-14 02:30:00,0,6465.2,6665.27
2020-02-14 03:00:00,0,6275.1,6591.58
2020-02-14 03:30:00,0,6203.39,6579.13
2020-02-14 04:00:00,0,6191.8,6645.12
2020-02-14 12:30:00,0,7593.58,8390.17
2020-02-14 13:00:00,0,7734.8,8400.84
2020-02-14 13:30:00,0,7877.83,8411.04
2020-02-14 14:00:00,0,7944.18,8443.23
2020-02-14 14:30:00,0,7943.67,8498.0
2020-02-14 15:00:00,0,7888.83,8682.3
2020-02-14 15:30:00,0,7994.2,8839.42
2020-02-14 16:00:00,0,8238.55,8990.94
2020-02-14 16:30:00,0,8400.98,9142.15
2020-02-14 17:00:00,0,8418.83,9227.7
2020-02-14 17:30:00,0,8678.34,9165.57
2020-02-14 18:00:00,0,8802.9,9099.52
2020-02-14 18:30:00,0,8881.07,8928.63
2020-02-14 19:00:00,0,8719.67,8817.44
2020-02-14 19:30:00,0,8560.6,8785.38
2020-02-14 20:00:00,0,8485.39,8699.73
2020-02-14 20:30:00,0,8302.14,8511.79
2020-02-14 21:00:00,0,8196.69,8315.33
2020-02-14 21:30:00,0,7984.73,8212.56
2020-02-14 22:00:00,0,7875.42,8052.58
2020-02-14 22:30:00,0,7735.67,7903.69
2020-02-14 23:00:00,0,7600.62,7747.48
2020-02-14 23:30:00,0,7403.05,7593.99
2020-02-15 00:00:00,0,7185.38,7444.82
2020-02-15 00:30:00,0,7114.35,7263.72
2020-02-15 01:00:00,0,6944.2,7055.05
2020-02-15 01:30:00,0,6731.31,6815.61
2020-02-15 02:00:00,0,6465.62,6604.68
2020-02-15 02:30:00,0,6293.37,6466.87
2020-02-15 03:00:00,0,6179.15,6373.23
2020-02-15 03:30:00,0,6132.59,6342.15
2020-02-15 04:00:00,0,6083.48,6341.05
2020-02-15 12:30:00,0,7416.78,7869.78
2020-02-15 13:00:00,0,7507.6,7948.11
2020-02-15 13:30:00,0,7620.91,8004.41
2020-02-15 14:00:00,0,7704.52,8084.44
2020-02-15 14:30:00,0,7740.04,8212.09
2020-02-15 15:00:00,0,7812.45,8369.82
2020-02-15 15:30:00,0,7848.23,8543.13
2020-02-15 16:00:00,0,8020.49,8676.1
2020-02-15 16:30:00,0,8177.13,8687.15
2020-02-15 17:00:00,0,8296.3,8762.79
2020-02-15 17:30:00,0,8531.42,8792.03
2020-02-15 18:00:00,0,8594.98,8765.78
2020-02-15 18:30:00,0,8574.09,8677.31
2020-02-15 19:00:00,0,8543.62,8544.71
2020-02-15 19:30:00,0,8464.01,8443.0
2020-02-15 20:00:00,0,8460.68,8342.29
2020-02-15 20:30:00,0,8354.58,8160.0
2020-02-15 21:00:00,0,8172.42,7999.45
2020-02-15 21:30:00,0,7985.57,7878.19
2020-02-15 22:00:00,0,7753.61,7736.7
2020-02-15 22:30:00,0,7591.36,7708.76
2020-02-15 23:00:00,0,7474.34,7501.38
2020-02-15 23:30:00,0,7321.87,7245.83
2020-02-16 00:00:00,0,7110.16,7094.09
2020-02-16 00:30:00,0,6965.41,6926.62
2020-02-16 01:00:00,0,6861.16,6732.69
2020-02-16 01:30:00,0,6670.84,6496.81
2020-02-16 02:00:00,0,6453.79,6299.57
2020-02-16 02:30:00,0,6326.6,6196.56
2020-02-16 03:00:00,0,6281.32,6147.82
2020-02-16 03:30:00,0,6226.75,6136.37
2020-02-16 04:00:00,0,6252.86,6148.03
2020-02-16 12:30:00,0,8865.4,7276.42
2020-02-16 13:00:00,0,8741.55,7322.3
2020-02-16 13:30:00,0,8661.46,7372.88
2020-02-16 14:00:00,0,8729.22,7462.87
2020-02-16 14:30:00,0,8770.64,7567.63
2020-02-16 15:00:00,0,8751.1,7756.24
2020-02-16 15:30:00,0,8838.16,7876.98
2020-02-16 16:00:00,0,8888.95,8039.82
2020-02-16 16:30:00,0,9043.33,8168.12
2020-02-16 17:00:00,0,9159.1,8328.05
2020-02-16 17:30:00,0,9255.9,8352.22
2020-02-16 18:00:00,0,9249.46,8378.74
2020-02-16 18:30:00,0,9194.92,8309.34
2020-02-16 19:00:00,0,9039.43,8256.82
2020-02-16 19:30:00,0,8944.22,8311.74
2020-02-16 20:00:00,0,8908.37,8174.89
2020-02-16 20:30:00,0,8768.07,7987.27
2020-02-16 21:00:00,0,8551.57,7782.5
2020-02-16 21:30:00,0,8306.56,7599.06
2020-02-16 22:00:00,0,8124.43,7452.4
2020-02-16 22:30:00,0,7991.78,7298.8
2020-02-16 23:00:00,0,7908.89,7111.98
2020-02-16 23:30:00,0,7763.01,6916.84
2020-02-17 00:00:00,0,7554.63,6819.54
2020-02-17 00:30:00,0,7448.27,6744.73
2020-02-17 01:00:00,0,7275.64,6642.48
2020-02-17 01:30:00,0,7045.96,6480.72
2020-02-17 02:00:00,0,6779.85,6336.54
2020-02-17 02:30:00,0,6563.19,6250.07
2020-02-17 03:00:00,0,6487.11,6218.28
2020-02-17 03:30:00,0,6442.45,6231.36
2020-02-17 04:00:00,0,6454.83,6312.74
2020-02-17 12:30:00,0,8995.53,8632.4
2020-02-17 13:00:00,0,9233.21,8675.74
2020-02-17 13:30:00,0,9476.35,8723.88
2020-02-17 14:00:00,0,9737.43,8730.83
2020-02-17 14:30:00,0,10014.77,8752.48
2020-02-17 15:00:00,0,10295.97,8899.96
2020-02-17 15:30:00,0,10685.85,9071.92
2020-02-17 16:00:00,0,10923.27,9231.29
2020-02-17 16:30:00,0,11062.75,9367.94
2020-02-17 17:00:00,0,11079.33,9447.92
2020-02-17 17:30:00,0,11076.18,9362.1
2020-02-17 18:00:00,0,10990.14,9283.42
2020-02-17 18:30:00,0,10864.6,9110.67
2020-02-17 19:00:00,0,10710.67,9013.46
2020-02-17 19:30:00,0,10453.36,8995.56
2020-02-17 20:00:00,0,10214.45,8875.46
2020-02-17 20:30:00,0,10008.39,8682.88
2020-02-17 21:00:00,0,9693.98,8435.93
2020-02-17 21:30:00,0,9314.42,8290.65
2020-02-17 22:00:00,0,8935.98,8102.67
2020-02-17 22:30:00,0,8286.58,8025.4
2020-02-17 23:00:00,0,7956.33,7870.26
2020-02-17 23:30:00,0,7592.51,7697.16
2020-02-18 00:00:00,1,7407.06,7560.8
2020-02-18 00:30:00,1,7215.8,7400.17
2020-02-18 01:00:00,1,6993.5,7212.8
2020-02-18 01:30:00,1,6776.62,6965.62
2020-02-18 02:00:00,1,6526.33,6762.53
2020-02-18 02:30:00,1,6350.83,6620.75
2020-02-18 03:00:00,1,6252.81,6568.21
2020-02-18 03:30:00,1,6177.25,6572.97
2020-02-18 04:00:00,1,6229.08,6647.12
2020-02-18 12:30:00,1,7729.53,9440.51
2020-02-18 13:00:00,1,7850.62,9581.99
2020-02-18 13:30:00,1,7896.45,9849.09
2020-02-18 14:00:00,1,8022.14,10082.66
2020-02-18 14:30:00,1,8093.64,10256.97
2020-02-18 15:00:00,1,8237.02,10515.92
2020-02-18 15:30:00,1,8405.03,10745.83
2020-02-18 16:00:00,1,8598.91,10946.66
2020-02-18 16:30:00,1,8783.6,11131.92
2020-02-18 17:00:00,1,8918.77,11245.83
2020-02-18 17:30:00,1,9079.39,11301.19
2020-02-18 18:00:00,1,9088.44,11268.58
2020-02-18 18:30:00,1,9104.13,11076.64
2020-02-18 19:00:00,1,9025.16,10906.83
2020-02-18 19:30:00,1,8824.34,10762.67
2020-02-18 20:00:00,1,8799.69,10525.98
2020-02-18 20:30:00,1,8737.99,10244.46
2020-02-18 21:00:00,1,8520.8,9815.11
2020-02-18 21:30:00,1,8245.55,9549.88
2020-02-18 22:00:00,1,7991.39,9155.73
2020-02-18 22:30:00,1,7861.89,8852.43
2020-02-18 23:00:00,1,7751.04,8546.48
2020-02-18 23:30:00,1,7548.59,8290.37
2020-02-19 00:00:00,0,7149.63,8057.11
2020-02-19 00:30:00,0,6896.45,7809.36
2020-02-19 01:00:00,0,6743.92,7540.19
2020-02-19 01:30:00,0,6845.94,7211.56
2020-02-19 02:00:00,0,6582.76,6976.18
2020-02-19 02:30:00,0,6384.01,6783.56
2020-02-19 03:00:00,0,6319.14,6683.98
2020-02-19 03:30:00,0,6273.06,6628.88
2020-02-19 04:00:00,0,6266.61,6673.29
2020-02-19 12:30:00,0,7571.48,8122.37
2020-02-19 13:00:00,0,7545.34,8239.42
2020-02-19 13:30:00,0,7548.08,8298.23
2020-02-19 14:00:00,0,7533.0,8377.96
2020-02-19 14:30:00,0,7577.36,8424.78
2020-02-19 15:00:00,0,7552.41,8644.3
2020-02-19 15:30:00,0,7781.84,8820.01
2020-02-19 16:00:00,0,7954.17,9021.9
2020-02-19 16:30:00,0,8183.82,9144.2
2020-02-19 17:00:00,0,8371.44,9255.41
2020-02-19 17:30:00,0,8550.12,9388.54
2020-02-19 18:00:00,0,8695.36,9337.77
2020-02-19 18:30:00,0,8722.59,9070.48
2020-02-19 19:00:00,0,8591.27,8987.08
2020-02-19 19:30:00,0,8540.9,8897.88
2020-02-19 20:00:00,0,8548.05,8747.46
2020-02-19 20:30:00,0,8384.7,8567.11
2020-02-19 21:00:00,0,8181.71,8321.8
2020-02-19 21:30:00,0,7900.19,8192.63
2020-02-19 22:00:00,0,7780.95,8004.27
2020-02-19 22:30:00,0,7677.2,7788.11
2020-02-19 23:00:00,0,7594.59,7605.7
2020-02-19 23:30:00,0,7467.27,7452.93
2020-02-20 00:00:00,0,7348.3,7294.44
2020-02-20 00:30:00,0,7194.73,7133.23
2020-02-20 01:00:00,0,7010.3,6938.75
2020-02-20 01:30:00,0,6822.68,6705.27
2020-02-20 02:00:00,0,6568.72,6493.74
2020-02-20 02:30:00,0,6412.59,6375.84
2020-02-20 03:00:00,0,6277.23,6331.83
2020-02-20 03:30:00,0,6259.04,6343.08
2020-02-20 04:00:00,0,6272.86,6421.53
2020-02-20 12:30:00,0,7955.9,7380.17
2020-02-20 13:00:00,0,7838.8,7401.4
2020-02-20 13:30:00,0,7897.62,7443.65
2020-02-20 14:00:00,0,7900.65,7509.53
2020-02-20 14:30:00,0,8004.35,7580.52
2020-02-20 15:00:00,0,7931.27,7785.94
2020-02-20 15:30:00,0,8120.73,7986.85
2020-02-20 16:00:00,0,8248.97,8249.36
2020-02-20 16:30:00,0,8397.16,8432.61
2020-02-20 17:00:00,0,8413.87,8617.61
2020-02-20 17:30:00,0,8375.57,8633.05
2020-02-20 18:00:00,0,8329.29,8652.46
2020-02-20 18:30:00,0,8325.28,8543.65
2020-02-20 19:00:00,0,8212.12,8505.85
2020-02-20 19:30:00,0,8194.8,8502.7
2020-02-20 20:00:00,0,8193.9,8410.04
2020-02-20 20:30:00,0,8030.13,8233.09
2020-02-20 21:00:00,0,7922.66,8007.43
2020-02-20 21:30:00,0,7690.45,7837.27
2020-02-20 22:00:00,0,7679.85,7688.4
2020-02-20 22:30:00,0,7558.34,7630.87
2020-02-20 23:00:00,0,7508.15,7510.76
2020-02-20 23:30:00,0,7461.97,7360.86
2020-02-21 00:00:00,0,7233.52,7236.65
2020-02-21 00:30:00,0,7109.41,7091.68
2020-02-21 01:00:00,0,6929.02,6910.23
2020-02-21 01:30:00,0,6717.95,6654.74
2020-02-21 02:00:00,0,6438.84,6453.52
2020-02-21 02:30:00,0,6223.98,6331.7
2020-02-21 03:00:00,0,6094.1,6289.76
2020-02-21 03:30:00,0,6052.79,6297.96
2020-02-21 04:00:00,0,6042.5,6380.22
2020-02-21 12:30:00,0,7142.73,7740.32
2020-02-21 13:00:00,0,7066.34,7748.11
2020-02-21 13:30:00,0,7060.06,7763.37
2020-02-21 14:00:00,0,7072.52,7782.95
2020-02-21 14:30:00,0,7059.44,7806.68
2020-02-21 15:00:00,0,7095.87,7956.47
2020-02-21 15:30:00,0,7238.28,8101.28
2020-02-21 16:00:00,0,7385.62,8270.07
2020-02-21 16:30:00,0,7484.98,8369.18
2020-02-21 17:00:00,0,7552.17,8442.19
2020-02-21 17:30:00,0,7726.57,8324.96
2020-02-21 18:00:00,0,7792.7,8278.3
2020-02-21 18:30:00,0,7781.59,8161.51
2020-02-21 19:00:00,0,7780.31,8118.3
2020-02-21 19:30:00,0,7801.96,8135.0
2020-02-21 20:00:00,0,7777.38,8045.0
2020-02-21 20:30:00,0,7701.53,7878.64
2020-02-21 21:00:00,0,7566.87,7700.73
2020-02-21 21:30:00,0,7418.95,7622.29
2020-02-21 22:00:00,0,7389.98,7528.11
2020-02-21 22:30:00,0,7352.62,7446.13
2020-02-21 23:00:00,0,7276.23,7352.54
2020-02-21 23:30:00,0,7138.49,7229.09
2020-02-22 00:00:00,0,6976.16,7119.1
2020-02-22 00:30:00,0,6908.12,6972.46
2020-02-22 01:00:00,0,6730.12,6785.82
2020-02-22 01:30:00,0,6533.83,6547.65
2020-02-22 02:00:00,0,6301.01,6336.16
2020-02-22 02:30:00,0,6162.12,6203.83
2020-02-22 03:00:00,0,6103.18,6134.99
2020-02-22 03:30:00,0,6018.86,6115.06
2020-02-22 04:00:00,0,6028.97,6135.0
2020-02-22 12:30:00,0,7230.13,7043.57
2020-02-22 13:00:00,0,7170.48,7051.48
2020-02-22 13:30:00,0,7167.55,7065.26
2020-02-22 14:00:00,0,7168.6,7084.45
2020-02-22 14:30:00,0,7167.28,7120.74
2020-02-22 15:00:00,0,7248.94,7249.54
2020-02-22 15:30:00,0,7379.42,7340.53
2020-02-22 16:00:00,0,7418.9,7516.65
2020-02-22 16:30:00,0,7558.85,7624.39
2020-02-22 17:00:00,0,7701.05,7755.17
2020-02-22 17:30:00,0,7865.32,7795.79
2020-02-22 18:00:00,0,7999.14,7813.12
2020-02-22 18:30:00,0,8112.03,7790.87
2020-02-22 19:00:00,0,8107.12,7776.97
2020-02-22 19:30:00,0,8109.64,7796.92
2020-02-22 20:00:00,0,8139.82,7720.48
2020-02-22 20:30:00,0,8018.54,7584.08
2020-02-22 21:00:00,0,7840.92,7447.32
2020-02-22 21:30:00,0,7665.53,7363.88
2020-02-22 22:00:00,0,7516.7,7290.75
2020-02-22 22:30:00,0,7352.14,7185.12
2020-02-22 23:00:00,0,7371.73,7065.82
2020-02-22 23:30:00,0,7126.22,6902.53
2020-02-23 00:00:00,0,7015.01,6789.8
2020-02-23 00:30:00,0,6886.61,6660.15
2020-02-23 01:00:00,0,6703.44,6504.15
2020-02-23 01:30:00,0,6588.53,6302.56
2020-02-23 02:00:00,0,6380.59,6138.66
2020-02-23 02:30:00,0,6266.41,6083.91
2020-02-23 03:00:00,0,6118.88,6048.76
2020-02-23 03:30:00,0,6131.72,6049.56
2020-02-23 04:00:00,0,6168.87,6067.39
2020-02-23 12:30:00,0,8369.4,7053.54
2020-02-23 13:00:00,0,8434.03,7123.02
2020-02-23 13:30:00,0,8460.63,7172.54
2020-02-23 14:00:00,0,8494.87,7240.52
2020-02-23 14:30:00,0,8553.0,7341.12
2020-02-23 15:00:00,0,8619.71,7472.17
2020-02-23 15:30:00,0,8857.75,7594.9
2020-02-23 16:00:00,0,9087.41,7726.09
2020-02-23 16:30:00,0,9296.87,7839.41
2020-02-23 17:00:00,0,9335.84,7994.93
2020-02-23 17:30:00,0,9418.22,8039.47
2020-02-23 18:00:00,0,9376.07,8059.13
2020-02-23 18:30:00,0,9373.12,8053.83
2020-02-23 19:00:00,0,9192.04,8028.13
2020-02-23 19:30:00,0,9083.53,8075.3
2020-02-23 20:00:00,0,9015.11,7969.01
2020-02-23 20:30:00,0,8831.32,7810.76
2020-02-23 21:00:00,0,8596.54,7619.56
2020-02-23 21:30:00,0,8338.89,7487.48
2020-02-23 22:00:00,0,8222.03,7351.09
2020-02-23 22:30:00,0,7969.8,7202.51
2020-02-23 23:00:00,0,7963.12,7042.54
2020-02-23 23:30:00,0,7795.89,6868.39
2020-02-24 00:00:00,0,7625.44,6760.51
2020-02-24 00:30:00,0,7453.15,6633.72
2020-02-24 01:00:00,0,7252.45,6501.52
2020-02-24 01:30:00,0,7097.87,6322.14
2020-02-24 02:00:00,0,6785.96,6171.8
2020-02-24 02:30:00,0,6569.45,6116.11
2020-02-24 03:00:00,0,6470.58,6112.14
2020-02-24 03:30:00,0,6416.05,6166.39
2020-02-24 04:00:00,0,6376.74,6265.64
2020-02-24 12:30:00,0,8575.2,8224.6
2020-02-24 13:00:00,0,8665.51,8290.28
2020-02-24 13:30:00,0,8798.99,8385.95
2020-02-24 14:00:00,0,9009.69,8494.45
2020-02-24 14:30:00,0,9161.7,8587.02
2020-02-24 15:00:00,0,9361.93,8798.04
2020-02-24 15:30:00,0,9668.22,8966.38
2020-02-24 16:00:00,0,9888.42,9085.42
2020-02-24 16:30:00,0,10028.6,9255.33
2020-02-24 17:00:00,0,10155.93,9353.24
2020-02-24 17:30:00,0,10252.21,9393.28
2020-02-24 18:00:00,0,10138.86,9334.42
2020-02-24 18:30:00,0,10065.13,9165.61
2020-02-24 19:00:00,0,9849.92,9060.31
2020-02-24 19:30:00,0,9730.69,8986.97
2020-02-24 20:00:00,0,9656.32,8734.42
2020-02-24 20:30:00,0,9421.38,8528.21
2020-02-24 21:00:00,0,9141.46,8275.88
2020-02-24 21:30:00,0,8908.0,8128.22
2020-02-24 22:00:00,0,8636.07,7945.61
2020-02-24 22:30:00,0,8367.33,7777.35
2020-02-24 23:00:00,0,8218.42,7626.42
2020-02-24 23:30:00,0,7935.2,7442.36
2020-02-25 00:00:00,0,7699.6,7304.52
2020-02-25 00:30:00,0,7522.51,7152.34
2020-02-25 01:00:00,0,7301.78,6986.39
2020-02-25 01:30:00,0,7118.53,6752.8
2020-02-25 02:00:00,0,6791.64,6557.75
2020-02-25 02:30:00,0,6568.22,6469.63
2020-02-25 03:00:00,0,6437.02,6421.55
2020-02-25 03:30:00,0,6359.99,6452.69
2020-02-25 04:00:00,0,6404.93,6527.2
2020-02-25 12:30:00,0,9456.92,8442.38
2020-02-25 13:00:00,0,9468.05,8577.87
2020-02-25 13:30:00,0,9321.98,8714.54
2020-02-25 14:00:00,0,9329.38,8875.11
2020-02-25 14:30:00,0,9230.38,9029.72
2020-02-25 15:00:00,0,9377.2,9286.11
2020-02-25 15:30:00,0,9604.44,9503.94
2020-02-25 16:00:00,0,9939.64,9721.95
2020-02-25 16:30:00,0,10141.24,9859.77
2020-02-25 17:00:00,0,10098.06,9973.44
2020-02-25 17:30:00,0,10196.1,10073.34
2020-02-25 18:00:00,0,10066.81,10045.28
2020-02-25 18:30:00,0,10016.41,9889.25
2020-02-25 19:00:00,0,9844.53,9779.82
2020-02-25 19:30:00,0,9583.87,9669.9
2020-02-25 20:00:00,0,9386.34,9492.82
2020-02-25 20:30:00,0,9024.54,9185.76
2020-02-25 21:00:00,0,8657.72,8869.36
2020-02-25 21:30:00,0,8286.97,8641.24
2020-02-25 22:00:00,0,8079.18,8372.36
2020-02-25 22:30:00,0,7886.58,8216.58
2020-02-25 23:00:00,0,7813.51,8005.22
2020-02-25 23:30:00,0,7657.49,7767.12
2020-02-26 00:00:00,1,7426.65,7605.05
2020-02-26 00:30:00,1,7360.15,7427.12
2020-02-26 01:00:00,1,7147.5,7218.81
2020-02-26 01:30:00,1,6964.16,6939.74
2020-02-26 02:00:00,1,6647.16,6718.52
2020-02-26 02:30:00,1,6466.63,6550.23
2020-02-26 03:00:00,1,6362.13,6466.31
2020-02-26 03:30:00,1,6312.65,6461.77
2020-02-26 04:00:00,1,6318.93,6519.39
2020-02-26 12:30:00,1,7809.75,9325.69
2020-02-26 13:00:00,1,7830.9,9461.51
2020-02-26 13:30:00,1,7791.42,9674.73
2020-02-26 14:00:00,1,7796.02,9828.05
2020-02-26 14:30:00,1,7841.9,10106.27
2020-02-26 15:00:00,1,7847.06,10313.02
2020-02-26 15:30:00,1,8042.48,10545.51
2020-02-26 16:00:00,1,8190.89,10795.59
2020-02-26 16:30:00,1,8464.91,10976.82
2020-02-26 17:00:00,1,8673.78,11048.75
2020-02-26 17:30:00,1,8883.24,10951.0
2020-02-26 18:00:00,1,8978.32,10778.17
2020-02-26 18:30:00,1,9024.06,10559.17
2020-02-26 19:00:00,1,8885.88,10325.86
2020-02-26 19:30:00,1,8867.67,9913.98
2020-02-26 20:00:00,1,8900.3,9645.3
2020-02-26 20:30:00,1,8749.42,9116.81
2020-02-26 21:00:00,1,8487.09,8749.77
2020-02-26 21:30:00,1,8201.71,8494.24
2020-02-26 22:00:00,1,8044.59,8202.56
2020-02-26 22:30:00,1,7899.8,7983.42
2020-02-26 23:00:00,1,7773.59,7764.29
2020-02-26 23:30:00,1,7663.61,7606.5
2020-02-27 00:00:00,0,7479.42,7442.05
2020-02-27 00:30:00,0,7345.48,7263.41
2020-02-27 01:00:00,0,7168.64,7067.02
2020-02-27 01:30:00,0,6852.46,6846.93
2020-02-27 02:00:00,0,6625.99,6655.15
2020-02-27 02:30:00,0,6346.37,6546.74
2020-02-27 03:00:00,0,6259.35,6499.53
2020-02-27 03:30:00,0,6253.22,6516.21
2020-02-27 04:00:00,0,6236.62,6588.15
2020-02-27 12:30:00,0,7450.63,7818.34
2020-02-27 13:00:00,0,7464.57,7814.55
2020-02-27 13:30:00,0,7508.56,7817.45
2020-02-27 14:00:00,0,7597.39,7840.14
2020-02-27 14:30:00,0,7629.27,7902.65
2020-02-27 15:00:00,0,7753.89,8114.47
2020-02-27 15:30:00,0,7891.03,8281.16
2020-02-27 16:00:00,0,8134.36,8551.3
2020-02-27 16:30:00,0,8382.18,8720.21
2020-02-27 17:00:00,0,8455.21,8904.31
2020-02-27 17:30:00,0,8559.55,8925.35
2020-02-27 18:00:00,0,8454.61,8967.19
2020-02-27 18:30:00,0,8436.08,8851.97
2020-02-27 19:00:00,0,8289.2,8838.73
2020-02-27 19:30:00,0,8316.08,8806.92
2020-02-27 20:00:00,0,8280.93,8625.87
2020-02-27 20:30:00,0,8167.03,8418.37
2020-02-27 21:00:00,0,7969.7,8189.17
2020-02-27 21:30:00,0,7749.05,8057.7
2020-02-27 22:00:00,0,7728.93,7880.79
2020-02-27 22:30:00,0,7548.97,7767.52
2020-02-27 23:00:00,0,7596.26,7618.19
2020-02-27 23:30:00,0,7437.15,7450.63
2020-02-28 00:00:00,0,7320.94,7305.94
2020-02-28 00:30:00,0,7146.84,7131.85
2020-02-28 01:00:00,0,6991.19,6939.3
2020-02-28 01:30:00,0,6783.37,6713.92
2020-02-28 02:00:00,0,6503.91,6508.42
2020-02-28 02:30:00,0,6347.4,6393.78
2020-02-28 03:00:00,0,6140.66,6346.93
2020-02-28 03:30:00,0,6181.97,6354.68
2020-02-28 04:00:00,0,6122.03,6443.45
2020-02-28 12:30:00,0,7015.26,7386.27
2020-02-28 13:00:00,0,7015.97,7406.81
2020-02-28 13:30:00,0,6961.19,7429.85
2020-02-28 14:00:00,0,6981.89,7484.45
2020-02-28 14:30:00,0,7095.06,7559.94
2020-02-28 15:00:00,0,7194.22,7753.3
2020-02-28 15:30:00,0,7456.1,7975.25
2020-02-28 16:00:00,0,7624.41,8205.14
2020-02-28 16:30:00,0,7911.16,8362.29
2020-02-28 17:00:00,0,7945.23,8482.03
2020-02-28 17:30:00,0,8158.76,8397.01
2020-02-28 18:00:00,0,8262.56,8348.64
2020-02-28 18:30:00,0,8326.43,8283.62
2020-02-28 19:00:00,0,8329.8,8252.27
2020-02-28 19:30:00,0,8291.93,8225.75
2020-02-28 20:00:00,0,8268.09,8114.74
2020-02-28 20:30:00,0,8123.89,7934.45
2020-02-28 21:00:00,0,7892.06,7733.88
2020-02-28 21:30:00,0,7792.38,7641.7
2020-02-28 22:00:00,0,7659.09,7554.28
2020-02-28 22:30:00,0,7574.97,7489.9
2020-02-28 23:00:00,0,7507.48,7405.12
2020-02-28 23:30:00,0,7331.76,7270.51
2020-02-29 00:00:00,0,7146.12,7142.02
2020-02-29 00:30:00,0,7019.06,6982.77
2020-02-29 01:00:00,0,6843.16,6792.65
2020-02-29 01:30:00,0,6674.67,6544.74
2020-02-29 02:00:00,0,6417.07,6334.83
2020-02-29 02:30:00,0,6221.79,6204.96
2020-02-29 03:00:00,0,6169.59,6140.41
2020-02-29 03:30:00,0,6146.66,6120.4
2020-02-29 04:00:00,0,6087.75,6139.92
2020-02-29 12:30:00,0,7047.34,6757.32
2020-02-29 13:00:00,0,7131.11,6788.67
2020-02-29 13:30:00,0,7293.01,6816.91
2020-02-29 14:00:00,0,7500.57,6926.18
2020-02-29 14:30:00,0,7736.78,7010.65
2020-02-29 15:00:00,0,7959.45,7210.56
2020-02-29 15:30:00,0,8249.11,7426.5
2020-02-29 16:00:00,0,8557.69,7642.3
2020-02-29 16:30:00,0,8883.59,7798.76
2020-02-29 17:00:00,0,9178.88,8014.43
2020-02-29 17:30:00,0,9519.94,8175.48
2020-02-29 18:00:00,0,9753.75,8212.83
2020-02-29 18:30:00,0,9781.28,8132.18
2020-02-29 19:00:00,0,9662.9,8097.13
2020-02-29 19:30:00,0,9543.52,8047.04
2020-02-29 20:00:00,0,9458.62,7901.17
2020-02-29 20:30:00,0,9193.68,7746.04
2020-02-29 21:00:00,0,8889.94,7583.19
2020-02-29 21:30:00,0,8551.53,7508.84
2020-02-29 22:00:00,0,8174.33,7413.69
2020-02-29 22:30:00,0,7954.14,7313.29
2020-02-29 23:00:00,0,7747.37,7163.37
2020-02-29 23:30:00,0,7503.99,6994.65
2020-03-01 00:00:00,0,7246.4,6866.53
2020-03-01 00:30:00,0,7132.95,6726.7
2020-03-01 01:00:00,0,6881.2,6563.04
2020-03-01 01:30:00,0,6692.12,6345.91
2020-03-01 02:00:00,0,6441.03,6165.61
2020-03-01 02:30:00,0,6298.66,6096.52
2020-03-01 03:00:00,0,6229.41,6050.37
2020-03-01 03:30:00,0,6200.57,6054.09
2020-03-01 04:00:00,0,6206.46,6081.06
2020-03-01 12:30:00,0,9412.32,7073.85
2020-03-01 13:00:00,0,9647.39,7204.46
2020-03-01 13:30:00,0,9998.74,7367.86
2020-03-01 14:00:00,0,10244.21,7558.46
2020-03-01 14:30:00,0,10520.97,7768.09
2020-03-01 15:00:00,0,10730.66,8032.1
2020-03-01 15:30:00,0,11128.14,8277.43
2020-03-01 16:00:00,0,11344.04,8578.95
2020-03-01 16:30:00,0,11276.8,8848.04
2020-03-01 17:00:00,0,11191.15,9115.58
2020-03-01 17:30:00,0,11076.36,9336.39
2020-03-01 18:00:00,0,10679.12,9397.97
2020-03-01 18:30:00,0,10430.97,9353.01
2020-03-01 19:00:00,0,10025.33,9305.96
2020-03-01 19:30:00,0,9698.97,9211.35
2020-03-01 20:00:00,0,9548.5,9037.98
2020-03-01 20:30:00,0,9182.62,8757.41
2020-03-01 21:00:00,0,8857.65,8451.48
2020-03-01 21:30:00,0,8544.91,8147.62
2020-03-01 22:00:00,0,8298.37,7905.36
2020-03-01 22:30:00,0,7995.83,7765.71
2020-03-01 23:00:00,0,7911.12,7524.55
2020-03-01 23:30:00,0,7714.56,7222.26
2020-03-02 00:00:00,1,7515.62,7020.68
2020-03-02 00:30:00,1,7363.01,6773.9
2020-03-02 01:00:00,1,7162.7,6504.46
2020-03-02 01:30:00,1,6952.46,6209.58
2020-03-02 02:00:00,1,6694.95,6032.13
2020-03-02 02:30:00,1,6468.92,5961.09
2020-03-02 03:00:00,1,6397.58,5967.35
2020-03-02 03:30:00,1,6332.13,6046.42
2020-03-02 04:00:00,1,6399.08,6154.82
2020-03-02 12:30:00,1,8466.6,9133.75
2020-03-02 13:00:00,1,8457.72,9310.53
2020-03-02 13:30:00,1,8450.47,9505.37
2020-03-02 14:00:00,1,8508.29,9712.06
2020-03-02 14:30:00,1,8502.85,9880.13
2020-03-02 15:00:00,1,8471.06,10115.74
2020-03-02 15:30:00,1,8512.78,10201.08
2020-03-02 16:00:00,1,8640.65,10323.05
2020-03-02 16:30:00,1,8644.5,10307.62
2020-03-02 17:00:00,1,8680.12,10357.31
2020-03-02 17:30:00,1,8786.32,10256.02
2020-03-02 18:00:00,1,8723.8,10101.4
2020-03-02 18:30:00,1,8695.7,9805.29
2020-03-02 19:00:00,1,8615.51,9595.67
2020-03-02 19:30:00,1,8527.35,9474.89
2020-03-02 20:00:00,1,8460.99,9208.69
2020-03-02 20:30:00,1,8217.91,8927.85
2020-03-02 21:00:00,1,8072.98,8576.22
2020-03-02 21:30:00,1,7811.13,8353.61
2020-03-02 22:00:00,1,7709.73,8092.12
2020-03-02 22:30:00,1,7557.99,7831.11
2020-03-02 23:00:00,1,7505.77,7616.55
2020-03-02 23:30:00,1,7403.91,7406.88
2020-03-03 00:00:00,0,7267.18,7267.17
2020-03-03 00:30:00,0,7178.45,7098.47
2020-03-03 01:00:00,0,7027.2,6906.75
2020-03-03 01:30:00,0,6828.43,6672.03
2020-03-03 02:00:00,0,6540.83,6489.75
2020-03-03 02:30:00,0,6360.48,6383.69
2020-03-03 03:00:00,0,6316.56,6358.33
2020-03-03 03:30:00,0,6241.01,6381.76
2020-03-03 04:00:00,0,6223.42,6466.23
2020-03-03 12:30:00,0,8654.09,8157.84
2020-03-03 13:00:00,0,8620.05,8184.03
2020-03-03 13:30:00,0,8581.23,8178.91
2020-03-03 14:00:00,0,8558.77,8156.56
2020-03-03 14:30:00,0,8488.33,8161.72
2020-03-03 15:00:00,0,8513.07,8287.37
2020-03-03 15:30:00,0,8654.55,8384.37
2020-03-03 16:00:00,0,8728.41,8514.05
2020-03-03 16:30:00,0,8707.99,8575.32
2020-03-03 17:00:00,0,8758.38,8652.73
2020-03-03 17:30:00,0,8827.24,8622.47
2020-03-03 18:00:00,0,8754.01,8616.97
2020-03-03 18:30:00,0,8733.61,8598.8
2020-03-03 19:00:00,0,8623.11,8601.48
2020-03-03 19:30:00,0,8632.92,8542.48
2020-03-03 20:00:00,0,8519.81,8390.64
2020-03-03 20:30:00,0,8282.15,8179.55
2020-03-03 21:00:00,0,8141.47,7960.92
2020-03-03 21:30:00,0,7922.83,7827.82
2020-03-03 22:00:00,0,7821.95,7685.51
2020-03-03 22:30:00,0,7662.06,7578.28
2020-03-03 23:00:00,0,7628.45,7443.8
2020-03-03 23:30:00,0,7460.86,7284.29
2020-03-04 00:00:00,0,7323.4,7162.93
2020-03-04 00:30:00,0,7234.77,7014.14
2020-03-04 01:00:00,0,7082.32,6843.63
2020-03-04 01:30:00,0,6838.38,6587.36
2020-03-04 02:00:00,0,6607.54,6376.4
2020-03-04 02:30:00,0,6415.32,6247.75
2020-03-04 03:00:00,0,6333.06,6203.07
2020-03-04 03:30:00,0,6267.18,6211.93
2020-03-04 04:00:00,0,6287.63,6294.92
2020-03-04 12:30:00,0,8842.34,8165.77
2020-03-04 13:00:00,0,8744.31,8173.42
2020-03-04 13:30:00,0,8735.96,8206.61
2020-03-04 14:00:00,0,8703.58,8199.09
2020-03-04 14:30:00,0,8662.27,8244.68
2020-03-04 15:00:00,0,8674.46,8362.61
2020-03-04 15:30:00,0,8697.06,8462.5
2020-03-04 16:00:00,0,8722.51,8596.28
2020-03-04 16:30:00,0,8795.45,8721.53
2020-03-04 17:00:00,0,8837.57,8811.48
2020-03-04 17:30:00,0,8986.57,8765.69
2020-03-04 18:00:00,0,8932.73,8747.49
2020-03-04 18:30:00,0,8890.68,8659.61
2020-03-04 19:00:00,0,8754.24,8658.38
2020-03-04 19:30:00,0,8738.99,8627.93
2020-03-04 20:00:00,0,8648.46,8468.83
2020-03-04 20:30:00,0,8511.9,8302.52
2020-03-04 21:00:00,0,8244.62,8088.5
2020-03-04 21:30:00,0,7989.58,8032.22
2020-03-04 22:00:00,0,7968.02,7892.21
2020-03-04 22:30:00,0,7816.39,7782.06
2020-03-04 23:00:00,0,7810.44,7654.36
2020-03-04 23:30:00,0,7613.02,7473.9
2020-03-05 00:00:00,0,7443.43,7330.08
2020-03-05 00:30:00,0,7367.5,7168.72
2020-03-05 01:00:00,0,7183.86,6986.67
2020-03-05 01:30:00,0,6947.34,6732.54
2020-03-05 02:00:00,0,6653.3,6533.79
2020-03-05 02:30:00,0,6431.22,6398.08
2020-03-05 03:00:00,0,6315.08,6351.02
2020-03-05 03:30:00,0,6258.77,6371.2
2020-03-05 04:00:00,0,6264.17,6456.65
2020-03-05 12:30:00,0,8581.29,8541.07
2020-03-05 13:00:00,0,8561.94,8530.49
2020-03-05 13:30:00,0,8620.55,8560.79
2020-03-05 14:00:00,0,8585.59,8549.18
2020-03-05 14:30:00,0,8633.32,8549.63
2020-03-05 15:00:00,0,8554.68,8653.06
2020-03-05 15:30:00,0,8521.15,8743.79
2020-03-05 16:00:00,0,8678.81,8774.72
2020-03-05 16:30:00,0,8655.61,8888.43
2020-03-05 17:00:00,0,8639.82,8956.44
2020-03-05 17:30:00,0,8680.04,8875.83
2020-03-05 18:00:00,0,8563.48,8838.08
2020-03-05 18:30:00,0,8547.6,8813.28
2020-03-05 19:00:00,0,8449.63,8822.47
2020-03-05 19:30:00,0,8371.46,8802.37
2020-03-05 20:00:00,0,8349.25,8636.27
2020-03-05 20:30:00,0,8099.18,8453.71
2020-03-05 21:00:00,0,7901.01,8244.03
2020-03-05 21:30:00,0,7696.78,8161.99
2020-03-05 22:00:00,0,7675.33,8013.44
2020-03-05 22:30:00,0,7548.63,7939.83
2020-03-05 23:00:00,0,7494.68,7820.91
2020-03-05 23:30:00,0,7334.6,7653.07
2020-03-06 00:00:00,0,7180.78,7511.53
2020-03-06 00:30:00,0,7031.48,7335.01
2020-03-06 01:00:00,0,6828.04,7122.72
2020-03-06 01:30:00,0,6598.19,6863.68
2020-03-06 02:00:00,0,6369.77,6659.07
2020-03-06 02:30:00,0,6229.91,6512.18
2020-03-06 03:00:00,0,6064.73,6441.14
2020-03-06 03:30:00,0,5994.45,6424.77
2020-03-06 04:00:00,0,5977.6,6491.18
2020-03-06 12:30:00,0,6915.38,8591.96
2020-03-06 13:00:00,0,6806.26,8621.87
2020-03-06 13:30:00,0,6781.76,8659.61
2020-03-06 14:00:00,0,6915.05,8696.2
2020-03-06 14:30:00,0,6858.45,8712.46
2020-03-06 15:00:00,0,6897.49,8860.46
2020-03-06 15:30:00,0,6939.27,8972.07
2020-03-06 16:00:00,0,7049.47,9074.18
2020-03-06 16:30:00,0,7207.19,9214.65
2020-03-06 17:00:00,0,7211.83,9239.89
2020-03-06 17:30:00,0,7418.14,9105.01
2020-03-06 18:00:00,0,7497.07,8966.68
2020-03-06 18:30:00,0,7584.18,8852.9
2020-03-06 19:00:00,0,7601.46,8796.94
2020-03-06 19:30:00,0,7680.05,8742.97
2020-03-06 20:00:00,0,7580.18,8590.37
2020-03-06 20:30:00,0,7430.46,8408.56
2020-03-06 21:00:00,0,7290.73,8190.55
2020-03-06 21:30:00,0,7161.58,8089.87
2020-03-06 22:00:00,0,7136.66,7938.56
2020-03-06 22:30:00,0,7054.37,7787.15
2020-03-06 23:00:00,0,7037.68,7654.62
2020-03-06 23:30:00,0,6877.08,7473.4
2020-03-07 00:00:00,0,6713.84,7330.51
2020-03-07 00:30:00,0,6610.35,7145.63
2020-03-07 01:00:00,0,6464.13,6916.83
2020-03-07 01:30:00,0,6256.14,6643.53
2020-03-07 02:00:00,0,6069.19,6420.73
2020-03-07 02:30:00,0,5929.15,6293.68
2020-03-07 03:00:00,0,5846.61,6214.88
2020-03-07 03:30:00,0,5752.61,6190.07
2020-03-07 04:00:00,0,5720.64,6196.61
2020-03-07 12:30:00,0,6616.84,6955.24
2020-03-07 13:00:00,0,6546.77,6968.41
2020-03-07 13:30:00,0,6531.74,6955.24
2020-03-07 14:00:00,0,6538.23,6966.29
2020-03-07 14:30:00,0,6572.14,7011.39
2020-03-07 15:00:00,0,6646.23,7118.29
2020-03-07 15:30:00,0,6802.91,7222.17
2020-03-07 16:00:00,0,6892.23,7372.65
2020-03-07 16:30:00,0,7015.79,7501.38
2020-03-07 17:00:00,0,7111.96,7659.25
2020-03-07 17:30:00,0,7330.44,7743.39
2020-03-07 18:00:00,0,7478.05,7802.6
2020-03-07 18:30:00,0,7568.89,7833.37
2020-03-07 19:00:00,0,7626.18,7865.6
2020-03-07 19:30:00,0,7676.3,7827.06
2020-03-07 20:00:00,0,7691.79,7712.08
2020-03-07 20:30:00,0,7502.35,7567.04
2020-03-07 21:00:00,0,7356.16,7427.33
2020-03-07 21:30:00,0,7139.1,7319.58
2020-03-07 22:00:00,0,7010.97,7245.35
2020-03-07 22:30:00,0,6906.79,7198.62
2020-03-07 23:00:00,0,6883.52,7088.92
2020-03-07 23:30:00,0,6734.53,6956.44
2020-03-08 00:00:00,0,6565.16,6844.74
2020-03-08 00:30:00,0,6517.08,6699.2
2020-03-08 01:00:00,0,6390.67,6510.33
2020-03-08 01:30:00,0,6262.91,6266.25
2020-03-08 02:00:00,0,6065.87,6084.72
2020-03-08 02:30:00,0,5913.17,5973.56
2020-03-08 03:00:00,0,5853.22,5926.12
2020-03-08 03:30:00,0,5832.15,5911.08
2020-03-08 04:00:00,0,5821.22,5939.42
2020-03-08 12:30:00,0,7501.46,6379.72
2020-03-08 13:00:00,0,7486.93,6383.6
2020-03-08 13:30:00,0,7453.2,6429.83
2020-03-08 14:00:00,0,7439.22,6527.85
2020-03-08 14:30:00,0,7348.35,6623.78
2020-03-08 15:00:00,0,7391.15,6788.19
2020-03-08 15:30:00,0,7574.35,6957.81
2020-03-08 16:00:00,0,7605.26,7193.44
2020-03-08 16:30:00,0,7711.2,7366.05
2020-03-08 17:00:00,0,7911.29,7601.04
2020-03-08 17:30:00,0,8142.46,7785.8
2020-03-08 18:00:00,0,8129.37,7889.74
2020-03-08 18:30:00,0,8220.92,7936.17
2020-03-08 19:00:00,0,8110.27,7966.83
2020-03-08 19:30:00,0,8188.19,7937.66
2020-03-08 20:00:00,0,8066.16,7808.8
2020-03-08 20:30:00,0,7883.19,7631.28
2020-03-08 21:00:00,0,7692.4,7449.15
2020-03-08 21:30:00,0,7511.12,7315.0
2020-03-08 22:00:00,0,7450.64,7195.83
2020-03-08 22:30:00,0,7275.12,7116.92
2020-03-08 23:00:00,0,7298.59,6984.88
2020-03-08 23:30:00,0,7211.83,6857.19
2020-03-09 00:00:00,0,7057.77,6753.69
2020-03-09 00:30:00,0,6975.42,6637.41
2020-03-09 01:00:00,0,6823.6,6508.49
2020-03-09 01:30:00,0,6620.65,6311.91
2020-03-09 02:00:00,0,6336.75,6159.31
2020-03-09 02:30:00,0,6137.0,6082.32
2020-03-09 03:00:00,0,6044.07,6061.3
2020-03-09 03:30:00,0,5980.09,6090.24
2020-03-09 04:00:00,0,6002.0,6175.79
2020-03-09 12:30:00,0,7435.37,7464.06
2020-03-09 13:00:00,0,7342.82,7463.69
2020-03-09 13:30:00,0,7352.32,7479.73
2020-03-09 14:00:00,0,7292.33,7504.1
2020-03-09 14:30:00,0,7324.68,7534.35
2020-03-09 15:00:00,0,7429.35,7677.1
2020-03-09 15:30:00,0,7515.92,7847.2
2020-03-09 16:00:00,0,7722.18,8052.33
2020-03-09 16:30:00,0,7852.7,8239.46
2020-03-09 17:00:00,0,7988.9,8428.18
2020-03-09 17:30:00,0,8203.02,8485.52
2020-03-09 18:00:00,0,8280.54,8496.65
2020-03-09 18:30:00,0,8391.71,8493.98
2020-03-09 19:00:00,0,8349.87,8497.83
2020-03-09 19:30:00,0,8392.67,8438.68
2020-03-09 20:00:00,0,8282.6,8297.43
2020-03-09 20:30:00,0,8060.49,8099.69
2020-03-09 21:00:00,0,7862.5,7892.23
2020-03-09 21:30:00,0,7642.01,7737.88
2020-03-09 22:00:00,0,7537.9,7618.4
2020-03-09 22:30:00,0,7414.65,7544.65
2020-03-09 23:00:00,0,7432.41,7448.24
2020-03-09 23:30:00,0,7329.29,7317.74
2020-03-10 00:00:00,0,7105.11,7217.89
2020-03-10 00:30:00,0,7091.13,7077.22
2020-03-10 01:00:00,0,6885.2,6888.38
2020-03-10 01:30:00,0,6727.97,6640.01
2020-03-10 02:00:00,0,6430.05,6429.3
2020-03-10 02:30:00,0,6226.17,6295.88
2020-03-10 03:00:00,0,6092.22,6243.71
2020-03-10 03:30:00,0,6025.88,6253.93
2020-03-10 04:00:00,0,6103.53,6322.08
2020-03-10 12:30:00,0,7318.92,7400.55
2020-03-10 13:00:00,0,7309.01,7406.72
2020-03-10 13:30:00,0,7269.56,7428.27
2020-03-10 14:00:00,0,7342.02,7488.43
2020-03-10 14:30:00,0,7352.6,7539.96
2020-03-10 15:00:00,0,7336.09,7719.78
2020-03-10 15:30:00,0,7509.4,7904.44
2020-03-10 16:00:00,0,7672.18,8124.11
2020-03-10 16:30:00,0,7835.55,8295.74
2020-03-10 17:00:00,0,8052.78,8473.65
2020-03-10 17:30:00,0,8317.39,8521.74
2020-03-10 18:00:00,0,8359.44,8540.46
2020-03-10 18:30:00,0,8493.94,8511.65
2020-03-10 19:00:00,0,8499.15,8507.56
2020-03-10 19:30:00,0,8509.13,8446.45
2020-03-10 20:00:00,0,8385.23,8283.4
2020-03-10 20:30:00,0,8140.41,8098.1
2020-03-10 21:00:00,0,7983.68,7882.46
2020-03-10 21:30:00,0,7730.9,7743.04
2020-03-10 22:00:00,0,7691.36,7624.79
2020-03-10 22:30:00,0,7599.73,7569.64
2020-03-10 23:00:00,0,7569.94,7459.5
2020-03-10 23:30:00,0,7389.67,7305.35
2020-03-11 00:00:00,0,7226.87,7198.36
2020-03-11 00:30:00,0,7132.82,7059.67
2020-03-11 01:00:00,0,6931.02,6880.3
2020-03-11 01:30:00,0,6718.16,6624.31
2020-03-11 02:00:00,0,6490.62,6409.57
2020-03-11 02:30:00,0,6244.54,6268.34
2020-03-11 03:00:00,0,6164.15,6212.6
2020-03-11 03:30:00,0,6105.95,6215.91
2020-03-11 04:00:00,0,6091.07,6284.42
2020-03-11 12:30:00,0,7400.35,7433.34
2020-03-11 13:00:00,0,7388.1,7434.44
2020-03-11 13:30:00,0,7380.35,7440.75
2020-03-11 14:00:00,0,7381.54,7472.24
2020-03-11 14:30:00,0,7437.16,7510.13
2020-03-11 15:00:00,0,7494.49,7667.17
2020-03-11 15:30:00,0,7546.93,7825.26
2020-03-11 16:00:00,0,7718.42,8030.46
2020-03-11 16:30:00,0,7915.69,8185.72
2020-03-11 17:00:00,0,8154.73,8356.38
2020-03-11 17:30:00,0,8417.81,8398.65
2020-03-11 18:00:00,0,8461.66,8456.61
2020-03-11 18:30:00,0,8572.53,8450.65
2020-03-11 19:00:00,0,8540.02,8454.25
2020-03-11 19:30:00,0,8631.93,8397.91
2020-03-11 20:00:00,0,8479.56,8228.9
2020-03-11 20:30:00,0,8252.28,8051.34
2020-03-11 21:00:00,0,8053.93,7829.57
2020-03-11 21:30:00,0,7832.23,7709.48
2020-03-11 22:00:00,0,7722.0,7594.67
2020-03-11 22:30:00,0,7580.1,7547.39
2020-03-11 23:00:00,0,7518.04,7446.21
2020-03-11 23:30:00,0,7324.26,7300.36
2020-03-12 00:00:00,0,7219.26,7193.03
2020-03-12 00:30:00,0,7167.53,7053.25
2020-03-12 01:00:00,0,6890.5,6872.69
2020-03-12 01:30:00,0,6731.74,6607.78
2020-03-12 02:00:00,0,6452.36,6389.62
2020-03-12 02:30:00,0,6239.24,6250.12
2020-03-12 03:00:00,0,6113.41,6187.04
2020-03-12 03:30:00,0,6051.76,6185.83
2020-03-12 04:00:00,0,6065.94,6253.62
2020-03-12 12:30:00,0,7129.6,7288.98
2020-03-12 13:00:00,0,7093.9,7289.9
2020-03-12 13:30:00,0,7106.34,7301.6
2020-03-12 14:00:00,0,7110.33,7357.88
2020-03-12 14:30:00,0,7165.02,7411.73
2020-03-12 15:00:00,0,7268.05,7592.34
2020-03-12 15:30:00,0,7412.95,7755.18
2020-03-12 16:00:00,0,7656.02,7977.51
2020-03-12 16:30:00,0,7810.07,8170.48
2020-03-12 17:00:00,0,7997.47,8362.43
2020-03-12 17:30:00,0,8148.1,8411.29
2020-03-12 18:00:00,0,8170.0,8468.16
2020-03-12 18:30:00,0,8295.05,8489.49
2020-03-12 19:00:00,0,8202.12,8510.2
2020-03-12 19:30:00,0,8284.59,8448.19
2020-03-12 20:00:00,0,8186.71,8289.84
2020-03-12 20:30:00,0,7992.21,8101.49
2020-03-12 21:00:00,0,7859.8,7889.32
2020-03-12 21:30:00,0,7639.8,7759.02
2020-03-12 22:00:00,0,7563.49,7620.99
2020-03-12 22:30:00,0,7433.74,7575.43
2020-03-12 23:00:00,0,7442.32,7470.79
2020-03-12 23:30:00,0,7306.54,7306.31
2020-03-13 00:00:00,0,7150.72,7192.28
2020-03-13 00:30:00,0,7088.78,7042.48
2020-03-13 01:00:00,0,6911.26,6860.07
2020-03-13 01:30:00,0,6636.96,6608.33
2020-03-13 02:00:00,0,6377.71,6399.16
2020-03-13 02:30:00,0,6163.7,6264.65
2020-03-13 03:00:00,0,6044.81,6199.97
2020-03-13 03:30:00,0,5940.2,6195.67
2020-03-13 04:00:00,0,5849.26,6263.22
2020-03-13 12:30:00,0,7199.28,7251.59
2020-03-13 13:00:00,0,7007.69,7271.55
2020-03-13 13:30:00,0,7084.43,7304.71
2020-03-13 14:00:00,0,7084.87,7376.92
2020-03-13 14:30:00,0,7087.53,7444.07
2020-03-13 15:00:00,0,7095.45,7622.59
2020-03-13 15:30:00,0,7094.12,7795.79
2020-03-13 16:00:00,0,7244.78,8027.97
2020-03-13 16:30:00,0,7311.43,8204.91
2020-03-13 17:00:00,0,7407.87,8352.87
2020-03-13 17:30:00,0,7543.87,8356.64
2020-03-13 18:00:00,0,7627.0,8348.52
2020-03-13 18:30:00,0,7694.96,8305.04
2020-03-13 19:00:00,0,7705.42,8310.88
2020-03-13 19:30:00,0,7696.5,8253.47
2020-03-13 20:00:00,0,7607.27,8090.41
2020-03-13 20:30:00,0,7489.67,7915.81
2020-03-13 21:00:00,0,7343.08,7718.7
2020-03-13 21:30:00,0,7147.72,7629.69
2020-03-13 22:00:00,0,7031.91,7529.74
2020-03-13 22:30:00,0,6932.44,7487.2
2020-03-13 23:00:00,0,6944.54,7397.92
2020-03-13 23:30:00,0,6854.71,7259.99
2020-03-14 00:00:00,0,6720.66,7157.51
2020-03-14 00:30:00,0,6617.59,7000.54
2020-03-14 01:00:00,0,6462.97,6787.52
2020-03-14 01:30:00,0,6223.55,6499.12
2020-03-14 02:00:00,0,6012.55,6265.25
2020-03-14 02:30:00,0,5845.43,6107.47
2020-03-14 03:00:00,0,5719.84,6034.93
2020-03-14 03:30:00,0,5665.41,6013.19
2020-03-14 04:00:00,0,5704.59,6029.36
2020-03-14 12:30:00,0,6436.47,7058.08
2020-03-14 13:00:00,0,6422.69,7037.86
2020-03-14 13:30:00,0,6273.08,6993.23
2020-03-14 14:00:00,0,6263.28,6994.56
2020-03-14 14:30:00,0,6383.95,6965.54
2020-03-14 15:00:00,0,6504.32,7028.54
2020-03-14 15:30:00,0,6637.9,7077.8
2020-03-14 16:00:00,0,6707.08,7241.51
2020-03-14 16:30:00,0,6916.08,7342.87
2020-03-14 17:00:00,0,7130.17,7561.47
2020-03-14 17:30:00,0,7396.03,7791.63
2020-03-14 18:00:00,0,7571.16,7852.55
2020-03-14 18:30:00,0,7780.01,7978.85
2020-03-14 19:00:00,0,7838.98,8025.39
2020-03-14 19:30:00,0,7939.49,7999.63
2020-03-14 20:00:00,0,7790.71,7877.12
2020-03-14 20:30:00,0,7675.7,7674.74
2020-03-14 21:00:00,0,7452.07,7511.69
2020-03-14 21:30:00,0,7229.39,7418.7
2020-03-14 22:00:00,0,7117.39,7334.8
2020-03-14 22:30:00,0,6994.75,7263.85
2020-03-14 23:00:00,0,6933.21,7157.33
2020-03-14 23:30:00,0,6821.99,7008.31
2020-03-15 00:00:00,0,6680.95,6877.03
2020-03-15 00:30:00,0,6655.67,6732.11
2020-03-15 01:00:00,0,6482.38,6561.76
2020-03-15 01:30:00,0,6340.63,6340.97
2020-03-15 02:00:00,0,6114.56,6157.96
2020-03-15 02:30:00,0,5984.04,6048.85
2020-03-15 03:00:00,0,5907.04,5998.62
2020-03-15 03:30:00,0,5838.18,5960.47
2020-03-15 04:00:00,0,5883.06,5984.19
2020-03-15 12:30:00,0,7271.16,6579.41
2020-03-15 13:00:00,0,7174.49,6551.69
2020-03-15 13:30:00,0,7296.26,6542.45
2020-03-15 14:00:00,0,7282.42,6586.3
2020-03-15 14:30:00,0,7225.7,6641.53
2020-03-15 15:00:00,0,7239.89,6793.51
2020-03-15 15:30:00,0,7359.21,6931.63
2020-03-15 16:00:00,0,7450.39,7147.38
2020-03-15 16:30:00,0,7648.98,7306.31
2020-03-15 17:00:00,0,7830.09,7546.97
2020-03-15 17:30:00,0,8124.32,7780.82
2020-03-15 18:00:00,0,8310.24,7898.6
2020-03-15 18:30:00,0,8465.11,7981.32
2020-03-15 19:00:00,0,8445.17,8030.81
2020-03-15 19:30:00,0,8476.08,7972.19
2020-03-15 20:00:00,0,8340.77,7803.44
2020-03-15 20:30:00,0,8106.18,7600.42
2020-03-15 21:00:00,0,7870.11,7419.53
2020-03-15 21:30:00,0,7662.72,7281.67
2020-03-15 22:00:00,0,7569.53,7172.93
2020-03-15 22:30:00,0,7439.78,7096.55
2020-03-15 23:00:00,0,7456.39,6964.19
2020-03-15 23:30:00,0,7387.78,6802.63
2020-03-16 00:00:00,0,7262.95,6680.05
2020-03-16 00:30:00,0,7092.9,6522.34
2020-03-16 01:00:00,0,6911.53,6372.24
2020-03-16 01:30:00,0,6782.03,6127.84
2020-03-16 02:00:00,0,6435.37,5965.81
2020-03-16 02:30:00,0,6272.13,5892.45
2020-03-16 03:00:00,0,6148.56,5891.57
2020-03-16 03:30:00,0,6050.09,5942.86
2020-03-16 04:00:00,0,6081.52,6048.16
2020-03-16 12:30:00,0,7280.35,7513.65
2020-03-16 13:00:00,0,7170.8,7494.17
2020-03-16 13:30:00,0,7196.5,7482.83
2020-03-16 14:00:00,0,7170.25,7496.61
2020-03-16 14:30:00,0,7259.1,7513.94
2020-03-16 15:00:00,0,7329.06,7615.38
2020-03-16 15:30:00,0,7420.61,7733.29
2020-03-16 16:00:00,0,7589.7,7873.64
2020-03-16 16:30:00,0,7732.15,8029.65
2020-03-16 17:00:00,0,8010.33,8215.77
2020-03-16 17:30:00,0,8223.21,8297.33
2020-03-16 18:00:00,0,8280.41,8372.72
2020-03-16 18:30:00,0,8391.07,8458.49
2020-03-16 19:00:00,0,8405.51,8458.0
2020-03-16 19:30:00,0,8458.57,8311.25
2020-03-16 20:00:00,0,8287.08,8146.98
2020-03-16 20:30:00,0,8088.64,7922.2
2020-03-16 21:00:00,0,7868.28,7745.57
2020-03-16 21:30:00,0,7655.45,7623.07
2020-03-16 22:00:00,0,7535.95,7516.38
2020-03-16 22:30:00,0,7480.9,7474.88
2020-03-16 23:00:00,0,7465.5,7390.56
2020-03-16 23:30:00,0,7387.71,7242.63
2020-03-17 00:00:00,0,7265.18,7123.13
2020-03-17 00:30:00,0,7210.93,6970.66
2020-03-17 01:00:00,0,7020.78,6809.15
2020-03-17 01:30:00,0,6843.14,6544.32
2020-03-17 02:00:00,0,6563.92,6325.03
2020-03-17 02:30:00,0,6316.06,6177.5
2020-03-17 03:00:00,0,6102.74,6114.93
2020-03-17 03:30:00,0,6065.0,6111.44
2020-03-17 04:00:00,0,6091.8,6178.57
2020-03-17 12:30:00,0,6855.03,7347.27
2020-03-17 13:00:00,0,6845.01,7344.3
2020-03-17 13:30:00,0,6910.21,7362.36
2020-03-17 14:00:00,0,6945.78,7424.45
2020-03-17 14:30:00,0,6967.66,7481.31
2020-03-17 15:00:00,0,7025.8,7619.03
2020-03-17 15:30:00,0,7188.62,7756.92
2020-03-17 16:00:00,0,7434.19,7958.43
2020-03-17 16:30:00,0,7713.0,8120.91
2020-03-17 17:00:00,0,7957.89,8306.01
2020-03-17 17:30:00,0,8232.41,8349.89
2020-03-17 18:00:00,0,8340.9,8471.27
2020-03-17 18:30:00,0,8498.9,8520.08
2020-03-17 19:00:00,0,8424.91,8498.24
2020-03-17 19:30:00,0,8415.04,8383.77
2020-03-17 20:00:00,0,8232.06,8207.36
2020-03-17 20:30:00,0,8048.2,7989.54
2020-03-17 21:00:00,0,7934.33,7788.48
2020-03-17 21:30:00,0,7699.21,7650.9
2020-03-17 22:00:00,0,7638.38,7527.28
2020-03-17 22:30:00,0,7469.04,7469.82
2020-03-17 23:00:00,0,7411.79,7360.71
2020-03-17 23:30:00,0,7274.07,7222.05
2020-03-18 00:00:00,0,7169.72,7124.27
2020-03-18 00:30:00,0,7064.06,6992.86
2020-03-18 01:00:00,0,6854.62,6834.24
2020-03-18 01:30:00,0,6692.13,6569.05
2020-03-18 02:00:00,0,6416.29,6338.73
2020-03-18 02:30:00,0,6147.62,6182.95
2020-03-18 03:00:00,0,6057.17,6110.09
2020-03-18 03:30:00,0,5981.19,6102.55
2020-03-18 04:00:00,0,5999.57,6172.3
2020-03-18 12:30:00,0,7451.02,7127.19
2020-03-18 13:00:00,0,7574.14,7151.99
2020-03-18 13:30:00,0,7661.91,7204.19
2020-03-18 14:00:00,0,7805.41,7294.55
2020-03-18 14:30:00,0,7957.51,7383.33
2020-03-18 15:00:00,0,8173.93,7583.9
2020-03-18 15:30:00,0,8371.24,7789.92
2020-03-18 16:00:00,0,8649.13,8018.02
2020-03-18 16:30:00,0,8876.34,8235.24
2020-03-18 17:00:00,0,9201.02,8459.08
2020-03-18 17:30:00,0,9472.43,8526.92
2020-03-18 18:00:00,0,9520.06,8596.5
2020-03-18 18:30:00,0,9539.15,8557.71
2020-03-18 19:00:00,0,9337.17,8508.27
2020-03-18 19:30:00,0,9295.5,8375.19
2020-03-18 20:00:00,0,9003.87,8180.44
2020-03-18 20:30:00,0,8763.89,7972.65
2020-03-18 21:00:00,0,8436.49,7721.58
2020-03-18 21:30:00,0,8106.16,7599.64
2020-03-18 22:00:00,0,7945.0,7503.44
2020-03-18 22:30:00,0,7744.07,7470.11
2020-03-18 23:00:00,0,7687.11,7362.73
2020-03-18 23:30:00,0,7505.2,7211.45
2020-03-19 00:00:00,1,7286.84,7094.53
2020-03-19 00:30:00,1,7188.84,6949.03
2020-03-19 01:00:00,1,7016.52,6793.42
2020-03-19 01:30:00,1,6783.71,6530.96
2020-03-19 02:00:00,1,6474.48,6301.09
2020-03-19 02:30:00,1,6272.24,6165.61
2020-03-19 03:00:00,1,6144.32,6106.61
2020-03-19 03:30:00,1,6054.53,6111.39
2020-03-19 04:00:00,1,6052.84,6180.54
2020-03-19 12:30:00,1,7942.66,7649.48
2020-03-19 13:00:00,1,8100.3,7770.67
2020-03-19 13:30:00,1,8292.76,7952.7
2020-03-19 14:00:00,1,8480.66,8138.24
2020-03-19 14:30:00,1,8730.82,8315.63
2020-03-19 15:00:00,1,8932.5,8577.57
2020-03-19 15:30:00,1,9288.57,8819.39
2020-03-19 16:00:00,1,9580.67,9075.81
2020-03-19 16:30:00,1,9826.16,9256.21
2020-03-19 17:00:00,1,10070.55,9419.31
2020-03-19 17:30:00,1,10226.72,9451.18
2020-03-19 18:00:00,1,10137.08,9469.56
2020-03-19 18:30:00,1,10008.15,9446.75
2020-03-19 19:00:00,1,9769.73,9307.54
2020-03-19 19:30:00,1,9661.56,9056.83
2020-03-19 20:00:00,1,9368.56,8825.69
2020-03-19 20:30:00,1,9062.38,8452.38
2020-03-19 21:00:00,1,8731.08,8184.37
2020-03-19 21:30:00,1,8381.84,8032.49
2020-03-19 22:00:00,1,8194.95,7842.17
2020-03-19 22:30:00,1,7933.95,7685.29
2020-03-19 23:00:00,1,7854.26,7519.55
2020-03-19 23:30:00,1,7622.13,7366.95
2020-03-20 00:00:00,1,7423.69,7217.88
2020-03-20 00:30:00,1,7276.97,7057.16
2020-03-20 01:00:00,1,7089.35,6880.01
2020-03-20 01:30:00,1,6844.0,6612.4
2020-03-20 02:00:00,1,6554.86,6375.64
2020-03-20 02:30:00,1,6353.7,6263.3
2020-03-20 03:00:00,1,6210.87,6197.71
2020-03-20 03:30:00,1,6134.9,6212.47
2020-03-20 04:00:00,1,6086.01,6280.18
2020-03-20 12:30:00,1,6868.07,8371.49
2020-03-20 13:00:00,1,6799.36,8517.51
2020-03-20 13:30:00,1,6796.87,8725.7
2020-03-20 14:00:00,1,6809.21,8953.13
2020-03-20 14:30:00,1,6834.02,9177.87
2020-03-20 15:00:00,1,6812.99,9447.96
2020-03-20 15:30:00,1,6934.38,9663.73
2020-03-20 16:00:00,1,7125.48,9929.13
2020-03-20 16:30:00,1,7405.29,10053.13
2020-03-20 17:00:00,1,7590.43,10155.25
2020-03-20 17:30:00,1,7847.49,10017.3
2020-03-20 18:00:00,1,7988.74,9943.08
2020-03-20 18:30:00,1,8045.09,9774.48
2020-03-20 19:00:00,1,8088.67,9580.04
2020-03-20 19:30:00,1,8131.27,9264.53
2020-03-20 20:00:00,1,7923.02,9040.73
2020-03-20 20:30:00,1,7670.83,8680.31
2020-03-20 21:00:00,1,7495.91,8405.8
2020-03-20 21:30:00,1,7324.36,8219.98
2020-03-20 22:00:00,1,7297.76,8021.03
2020-03-20 22:30:00,1,7145.38,7890.86
2020-03-20 23:00:00,1,7186.08,7717.9
2020-03-20 23:30:00,1,6999.63,7562.53
2020-03-21 00:00:00,0,6811.12,7389.49
2020-03-21 00:30:00,0,6715.46,7185.25
2020-03-21 01:00:00,0,6572.23,6973.37
2020-03-21 01:30:00,0,6422.17,6716.73
2020-03-21 02:00:00,0,6174.29,6483.67
2020-03-21 02:30:00,0,5994.56,6355.71
2020-03-21 03:00:00,0,5897.44,6274.15
2020-03-21 03:30:00,0,5823.92,6240.8
2020-03-21 04:00:00,0,5852.64,6261.38
2020-03-21 12:30:00,0,6350.05,6909.79
2020-03-21 13:00:00,0,6342.69,6926.79
2020-03-21 13:30:00,0,6468.55,6875.03
2020-03-21 14:00:00,0,6584.32,6882.32
2020-03-21 14:30:00,0,6679.31,6923.28
2020-03-21 15:00:00,0,6783.8,7062.61
2020-03-21 15:30:00,0,7114.21,7206.38
2020-03-21 16:00:00,0,7335.32,7416.48
2020-03-21 16:30:00,0,7577.11,7573.37
2020-03-21 17:00:00,0,7773.69,7746.09
2020-03-21 17:30:00,0,8049.95,7839.03
2020-03-21 18:00:00,0,8205.71,7950.38
2020-03-21 18:30:00,0,8287.98,8059.09
2020-03-21 19:00:00,0,8276.49,8034.76
2020-03-21 19:30:00,0,8189.79,7919.37
2020-03-21 20:00:00,0,7942.21,7746.3
2020-03-21 20:30:00,0,7762.57,7568.84
2020-03-21 21:00:00,0,7472.54,7425.6
2020-03-21 21:30:00,0,7314.3,7314.41
2020-03-21 22:00:00,0,7265.82,7257.16
2020-03-21 22:30:00,0,7157.12,7177.34
2020-03-21 23:00:00,0,7108.5,7044.24
2020-03-21 23:30:00,0,6911.28,6897.36
2020-03-22 00:00:00,0,6761.91,6743.16
2020-03-22 00:30:00,0,6679.13,6549.02
2020-03-22 01:00:00,0,6522.16,6381.51
2020-03-22 01:30:00,0,6381.39,6139.37
2020-03-22 02:00:00,0,6133.03,5961.21
2020-03-22 02:30:00,0,6001.47,5859.53
2020-03-22 03:00:00,0,5892.77,5811.87
2020-03-22 03:30:00,0,5874.68,5808.85
2020-03-22 04:00:00,0,5919.79,5826.53
2020-03-22 12:30:00,0,7493.14,6180.48
2020-03-22 13:00:00,0,7420.57,6245.26
2020-03-22 13:30:00,0,7369.99,6318.45
2020-03-22 14:00:00,0,7366.8,6418.58
2020-03-22 14:30:00,0,7362.88,6497.79
2020-03-22 15:00:00,0,7447.48,6681.17
2020-03-22 15:30:00,0,7479.13,6864.71
2020-03-22 16:00:00,0,7604.94,7054.86
2020-03-22 16:30:00,0,7707.81,7305.44
2020-03-22 17:00:00,0,7895.98,7573.31
2020-03-22 17:30:00,0,8064.01,7725.34
2020-03-22 18:00:00,0,8126.52,7862.64
2020-03-22 18:30:00,0,8224.17,8052.24
2020-03-22 19:00:00,0,8182.52,8007.34
2020-03-22 19:30:00,0,8122.59,7868.68
2020-03-22 20:00:00,0,7901.14,7617.98
2020-03-22 20:30:00,0,7690.86,7485.42
2020-03-22 21:00:00,0,7470.32,7268.69
2020-03-22 21:30:00,0,7275.07,7148.08
2020-03-22 22:00:00,0,7270.66,7024.95
2020-03-22 22:30:00,0,7170.99,6928.35
2020-03-22 23:00:00,0,7154.44,6804.94
2020-03-22 23:30:00,0,7113.92,6690.27
2020-03-23 00:00:00,0,7036.34,6587.41
2020-03-23 00:30:00,0,6956.01,6447.71
2020-03-23 01:00:00,0,6792.74,6316.92
2020-03-23 01:30:00,0,6624.44,6116.42
2020-03-23 02:00:00,0,6328.04,5961.31
2020-03-23 02:30:00,0,6171.64,5881.55
2020-03-23 03:00:00,0,6061.69,5855.18
2020-03-23 03:30:00,0,5964.03,5891.14
2020-03-23 04:00:00,0,6016.43,5980.98
2020-03-23 12:30:00,0,7612.64,7416.3
2020-03-23 13:00:00,0,7607.99,7410.57
2020-03-23 13:30:00,0,7563.27,7406.12
2020-03-23 14:00:00,0,7551.09,7430.58
2020-03-23 14:30:00,0,7551.52,7461.65
2020-03-23 15:00:00,0,7596.55,7586.0
2020-03-23 15:30:00,0,7656.36,7702.03
2020-03-23 16:00:00,0,7755.9,7880.64
2020-03-23 16:30:00,0,7825.67,8050.88
2020-03-23 17:00:00,0,8038.54,8237.85
2020-03-23 17:30:00,0,8277.66,8338.76
2020-03-23 18:00:00,0,8297.96,8432.08
2020-03-23 18:30:00,0,8389.77,8517.11
2020-03-23 19:00:00,0,8322.28,8483.94
2020-03-23 19:30:00,0,8240.76,8295.58
2020-03-23 20:00:00,0,7982.14,8106.85
2020-03-23 20:30:00,0,7695.08,7879.86
2020-03-23 21:00:00,0,7598.09,7679.6
2020-03-23 21:30:00,0,7354.4,7534.79
2020-03-23 22:00:00,0,7411.82,7429.71
2020-03-23 22:30:00,0,7363.65,7409.81
2020-03-23 23:00:00,0,7352.85,7323.08
2020-03-23 23:30:00,0,7250.19,7193.87
2020-03-24 00:00:00,0,7020.27,7088.81
2020-03-24 00:30:00,0,7006.56,6949.19
2020-03-24 01:00:00,0,6839.02,6792.76
2020-03-24 01:30:00,0,6691.85,6534.63
2020-03-24 02:00:00,0,6412.39,6326.66
2020-03-24 02:30:00,0,6154.11,6186.13
2020-03-24 03:00:00,0,6028.44,6128.61
2020-03-24 03:30:00,0,5925.71,6138.39
2020-03-24 04:00:00,0,5917.02,6217.36
2020-03-24 12:30:00,0,7381.47,7751.05
2020-03-24 13:00:00,0,7391.35,7749.87
2020-03-24 13:30:00,0,7414.34,7756.92
2020-03-24 14:00:00,0,7478.28,7803.41
2020-03-24 14:30:00,0,7740.78,7837.5
2020-03-24 15:00:00,0,7833.55,7954.46
2020-03-24 15:30:00,0,7835.82,8068.12
2020-03-24 16:00:00,0,7932.46,8210.83
2020-03-24 16:30:00,0,8053.0,8324.88
2020-03-24 17:00:00,0,8169.5,8449.84
2020-03-24 17:30:00,0,8347.31,8438.02
2020-03-24 18:00:00,0,8273.22,8523.83
2020-03-24 18:30:00,0,8314.77,8573.48
2020-03-24 19:00:00,0,8249.52,8537.91
2020-03-24 19:30:00,0,8025.72,8355.93
2020-03-24 20:00:00,0,7831.95,8155.43
2020-03-24 20:30:00,0,7637.13,7957.22
2020-03-24 21:00:00,0,7452.82,7743.79
2020-03-24 21:30:00,0,7278.14,7611.55
2020-03-24 22:00:00,0,7278.65,7520.31
2020-03-24 22:30:00,0,7194.91,7481.75
2020-03-24 23:00:00,0,7283.96,7385.43
2020-03-24 23:30:00,0,7130.53,7260.36
2020-03-25 00:00:00,0,7069.78,7149.86
2020-03-25 00:30:00,0,6975.71,7047.49
2020-03-25 01:00:00,0,6794.87,6887.31
2020-03-25 01:30:00,0,6653.17,6620.6
2020-03-25 02:00:00,0,6324.99,6388.29
2020-03-25 02:30:00,0,6130.71,6248.41
2020-03-25 03:00:00,0,6018.37,6181.59
2020-03-25 03:30:00,0,5944.87,6173.09
2020-03-25 04:00:00,0,5948.45,6247.01
2020-03-25 12:30:00,0,7393.31,7788.77
2020-03-25 13:00:00,0,7394.5,7754.51
2020-03-25 13:30:00,0,7398.47,7764.77
2020-03-25 14:00:00,0,7233.26,7790.12
2020-03-25 14:30:00,0,7271.94,7816.33
2020-03-25 15:00:00,0,7216.22,7926.19
2020-03-25 15:30:00,0,7332.64,8027.34
2020-03-25 16:00:00,0,7511.79,8146.78
2020-03-25 16:30:00,0,7693.98,8313.06
2020-03-25 17:00:00,0,7821.57,8416.36
2020-03-25 17:30:00,0,8094.0,8398.56
2020-03-25 18:00:00,0,8186.43,8413.08
2020-03-25 18:30:00,0,8312.6,8455.45
2020-03-25 19:00:00,0,8322.77,8407.75
2020-03-25 19:30:00,0,8240.52,8250.29
2020-03-25 20:00:00,0,7969.41,8060.82
2020-03-25 20:30:00,0,7782.35,7873.01
2020-03-25 21:00:00,0,7563.76,7663.23
2020-03-25 21:30:00,0,7370.68,7538.52
2020-03-25 22:00:00,0,7334.71,7433.42
2020-03-25 22:30:00,0,7282.53,7353.84
2020-03-25 23:00:00,0,7295.03,7262.09
2020-03-25 23:30:00,0,7236.68,7140.86
2020-03-26 00:00:00,0,7169.83,7052.33
2020-03-26 00:30:00,0,7092.19,6910.92
2020-03-26 01:00:00,0,6923.2,6747.26
2020-03-26 01:30:00,0,6648.39,6494.57
2020-03-26 02:00:00,0,6414.17,6290.5
2020-03-26 02:30:00,0,6187.54,6150.11
2020-03-26 03:00:00,0,6048.19,6088.37
2020-03-26 03:30:00,0,5980.32,6104.98
2020-03-26 04:00:00,0,5938.67,6186.56
2020-03-26 12:30:00,0,7190.34,7444.68
2020-03-26 13:00:00,0,7121.62,7473.86
2020-03-26 13:30:00,0,7077.05,7484.57
2020-03-26 14:00:00,0,6998.31,7521.64
2020-03-26 14:30:00,0,6995.67,7541.73
2020-03-26 15:00:00,0,7052.21,7667.51
2020-03-26 15:30:00,0,7095.57,7766.12
2020-03-26 16:00:00,0,7192.05,7897.47
2020-03-26 16:30:00,0,7253.96,8059.05
2020-03-26 17:00:00,0,7384.26,8246.01
2020-03-26 17:30:00,0,7635.95,8302.29
2020-03-26 18:00:00,0,7765.17,8444.77
2020-03-26 18:30:00,0,7884.47,8509.3
2020-03-26 19:00:00,0,7959.54,8509.06
2020-03-26 19:30:00,0,7902.08,8319.22
2020-03-26 20:00:00,0,7710.22,8130.74
2020-03-26 20:30:00,0,7420.43,7907.3
2020-03-26 21:00:00,0,7242.78,7719.23
2020-03-26 21:30:00,0,7155.2,7626.01
2020-03-26 22:00:00,0,7167.59,7528.13
2020-03-26 22:30:00,0,7068.44,7513.43
2020-03-26 23:00:00,0,7154.91,7416.68
2020-03-26 23:30:00,0,7044.53,7286.79
2020-03-27 00:00:00,0,7002.55,7171.28
2020-03-27 00:30:00,0,6877.91,7004.01
2020-03-27 01:00:00,0,6694.18,6810.74
2020-03-27 01:30:00,0,6525.63,6522.94
2020-03-27 02:00:00,0,6268.11,6321.07
2020-03-27 02:30:00,0,6055.79,6177.32
2020-03-27 03:00:00,0,5900.75,6110.84
2020-03-27 03:30:00,0,5791.84,6123.72
2020-03-27 04:00:00,0,5725.28,6198.73
2020-03-27 12:30:00,0,6485.07,7213.54
2020-03-27 13:00:00,0,6473.69,7190.61
2020-03-27 13:30:00,0,6424.94,7186.94
2020-03-27 14:00:00,0,6358.18,7186.65
2020-03-27 14:30:00,0,6436.87,7216.5
2020-03-27 15:00:00,0,6534.62,7319.46
2020-03-27 15:30:00,0,6659.13,7464.25
2020-03-27 16:00:00,0,6799.29,7611.3
2020-03-27 16:30:00,0,6955.21,7794.16
2020-03-27 17:00:00,0,7149.2,7958.61
2020-03-27 17:30:00,0,7415.66,7977.75
2020-03-27 18:00:00,0,7635.08,8031.21
2020-03-27 18:30:00,0,7751.9,8048.47
2020-03-27 19:00:00,0,7840.03,7992.56
2020-03-27 19:30:00,0,7719.69,7821.06
2020-03-27 20:00:00,0,7492.53,7654.32
2020-03-27 20:30:00,0,7231.58,7478.95
2020-03-27 21:00:00,0,7154.54,7332.43
2020-03-27 21:30:00,0,6976.15,7305.72
2020-03-27 22:00:00,0,6927.87,7285.55
2020-03-27 22:30:00,0,6846.35,7333.51
2020-03-27 23:00:00,0,6925.68,7281.42
2020-03-27 23:30:00,0,6753.74,7158.78
2020-03-28 00:00:00,0,6672.57,7064.09
2020-03-28 00:30:00,0,6540.57,6898.83
2020-03-28 01:00:00,0,6400.52,6708.18
2020-03-28 01:30:00,0,6213.08,6435.56
2020-03-28 02:00:00,0,5986.73,6209.97
2020-03-28 02:30:00,0,5796.76,6033.39
2020-03-28 03:00:00,0,5686.67,5937.24
2020-03-28 03:30:00,0,5606.78,5900.69
2020-03-28 04:00:00,0,5636.56,5903.32
2020-03-28 12:30:00,0,6459.7,6438.19
2020-03-28 13:00:00,0,6349.55,6438.63
2020-03-28 13:30:00,0,6447.38,6454.44
2020-03-28 14:00:00,0,6374.97,6521.69
2020-03-28 14:30:00,0,6358.57,6583.02
2020-03-28 15:00:00,0,6362.48,6675.46
2020-03-28 15:30:00,0,6605.89,6810.34
2020-03-28 16:00:00,0,6795.46,6987.56
2020-03-28 16:30:00,0,6960.63,7152.98
2020-03-28 17:00:00,0,7240.64,7382.57
2020-03-28 17:30:00,0,7596.7,7540.35
2020-03-28 18:00:00,0,7772.38,7652.2
2020-03-28 18:30:00,0,7823.8,7727.5
2020-03-28 19:00:00,0,7956.25,7614.25
2020-03-28 19:30:00,0,7841.31,7414.97
2020-03-28 20:00:00,0,7601.26,7252.22
2020-03-28 20:30:00,0,7366.74,7122.19
2020-03-28 21:00:00,0,7229.36,6996.2
2020-03-28 21:30:00,0,7038.46,6987.21
2020-03-28 22:00:00,0,6991.78,6983.49
2020-03-28 22:30:00,0,6851.83,6988.5
2020-03-28 23:00:00,0,6929.15,6905.05
2020-03-28 23:30:00,0,6798.53,6780.18
2020-03-29 00:00:00,0,6607.32,6659.72
2020-03-29 00:30:00,0,6528.03,6479.23
2020-03-29 01:00:00,0,6352.12,6294.29
2020-03-29 01:30:00,0,6253.02,6055.36
2020-03-29 02:00:00,0,6028.72,5889.58
2020-03-29 02:30:00,0,5875.98,5773.06
2020-03-29 03:00:00,0,5823.64,5718.3
2020-03-29 03:30:00,0,5767.22,5707.3
2020-03-29 04:00:00,0,5815.55,5719.66
2020-03-29 12:30:00,0,7563.64,6414.39
2020-03-29 13:00:00,0,7534.35,6446.25
2020-03-29 13:30:00,0,7470.61,6484.29
2020-03-29 14:00:00,0,7372.71,6598.78
2020-03-29 14:30:00,0,7237.98,6698.35
2020-03-29 15:00:00,0,7388.58,6830.7
2020-03-29 15:30:00,0,7414.75,6990.89
2020-03-29 16:00:00,0,7506.86,7192.31
2020-03-29 16:30:00,0,7651.59,7408.16
2020-03-29 17:00:00,0,7851.39,7680.74
2020-03-29 17:30:00,0,8157.38,7853.03
2020-03-29 18:00:00,0,8215.85,7988.01
2020-03-29 18:30:00,0,8317.5,8040.68
2020-03-29 19:00:00,0,8298.88,7937.12
2020-03-29 19:30:00,0,8138.88,7748.86
2020-03-29 20:00:00,0,7932.57,7535.36
2020-03-29 20:30:00,0,7636.84,7367.77
2020-03-29 21:00:00,0,7467.67,7184.42
2020-03-29 21:30:00,0,7313.67,7107.13
2020-03-29 22:00:00,0,7290.7,7012.2
2020-03-29 22:30:00,0,7235.35,6967.11
2020-03-29 23:00:00,0,7252.71,6840.46
2020-03-29 23:30:00,0,7145.94,6723.0
2020-03-30 00:00:00,0,7084.81,6614.69
2020-03-30 00:30:00,0,6982.51,6466.89
2020-03-30 01:00:00,0,6831.76,6322.51
2020-03-30 01:30:00,0,6640.04,6130.25
2020-03-30 02:00:00,0,6368.46,5970.02
2020-03-30 02:30:00,0,6119.14,5905.0
2020-03-30 03:00:00,0,6004.86,5861.65
2020-03-30 03:30:00,0,5939.36,5873.16
2020-03-30 04:00:00,0,5950.11,5953.43
2020-03-30 12:30:00,0,7065.69,7541.92
2020-03-30 13:00:00,0,7041.65,7542.15
2020-03-30 13:30:00,0,7066.0,7525.09
2020-03-30 14:00:00,0,7101.39,7577.2
2020-03-30 14:30:00,0,7153.22,7625.96
2020-03-30 15:00:00,0,7273.58,7761.07
2020-03-30 15:30:00,0,7363.62,7905.1
2020-03-30 16:00:00,0,7550.24,8104.57
2020-03-30 16:30:00,0,7783.27,8265.03
2020-03-30 17:00:00,0,8049.69,8483.01
2020-03-30 17:30:00,0,8301.82,8557.37
2020-03-30 18:00:00,0,8400.24,8677.3
2020-03-30 18:30:00,0,8523.36,8587.52
2020-03-30 19:00:00,0,8420.39,8474.68
2020-03-30 19:30:00,0,8266.16,8274.43
2020-03-30 20:00:00,0,7938.27,8045.82
2020-03-30 20:30:00,0,7755.81,7869.34
2020-03-30 21:00:00,0,7588.31,7663.75
2020-03-30 21:30:00,0,7398.7,7567.14
2020-03-30 22:00:00,0,7385.78,7467.02
2020-03-30 22:30:00,0,7377.39,7423.11
2020-03-30 23:00:00,0,7331.18,7324.67
2020-03-30 23:30:00,0,7288.91,7211.61
2020-03-31 00:00:00,0,7155.66,7085.06
2020-03-31 00:30:00,0,7098.44,6901.73
2020-03-31 01:00:00,0,6930.93,6697.39
2020-03-31 01:30:00,0,6724.39,6442.36
2020-03-31 02:00:00,0,6448.24,6227.84
2020-03-31 02:30:00,0,6234.22,6112.01
2020-03-31 03:00:00,0,6033.33,6045.97
2020-03-31 03:30:00,0,5990.86,6030.55
2020-03-31 04:00:00,0,5985.69,6089.57
2020-03-31 12:30:00,0,7419.49,7346.33
2020-03-31 13:00:00,0,7452.9,7364.07
2020-03-31 13:30:00,0,7419.0,7375.82
2020-03-31 14:00:00,0,7408.71,7467.48
2020-03-31 14:30:00,0,7439.93,7583.3
2020-03-31 15:00:00,0,7396.79,7761.81
2020-03-31 15:30:00,0,7456.09,8003.58
2020-03-31 16:00:00,0,7575.79,8209.16
2020-03-31 16:30:00,0,7750.4,8441.54
2020-03-31 17:00:00,0,8010.81,8666.45
2020-03-31 17:30:00,0,8238.2,8699.57
2020-03-31 18:00:00,0,8279.13,8796.65
2020-03-31 18:30:00,0,8324.82,8782.21
2020-03-31 19:00:00,0,8316.53,8640.07
2020-03-31 19:30:00,0,8156.93,8442.97
2020-03-31 20:00:00,0,7967.12,8200.21
2020-03-31 20:30:00,0,7802.77,8012.99
2020-03-31 21:00:00,0,7645.67,7780.63
2020-03-31 21:30:00,0,7447.57,7675.03
2020-03-31 22:00:00,0,7440.94,7528.42
2020-03-31 22:30:00,0,7335.89,7437.32
2020-03-31 23:00:00,0,7330.71,7289.47
2020-03-31 23:30:00,0,7305.72,7158.93
2020-04-01 00:00:00,0,7129.77,7014.97
2020-04-01 00:30:00,0,7035.37,6838.56
2020-04-01 01:00:00,0,6870.65,6652.33
2020-04-01 01:30:00,0,6659.01,6410.06
2020-04-01 02:00:00,0,6393.85,6198.14
2020-04-01 02:30:00,0,6140.79,6078.18
2020-04-01 03:00:00,0,6054.59,5994.58
2020-04-01 03:30:00,0,5940.75,5985.36
2020-04-01 04:00:00,0,5926.47,6034.88
2020-04-01 12:30:00,0,7801.89,7396.89
2020-04-01 13:00:00,0,7958.34,7424.01
2020-04-01 13:30:00,0,7944.64,7423.42
2020-04-01 14:00:00,0,7892.93,7451.21
2020-04-01 14:30:00,0,7904.27,7536.76
2020-04-01 15:00:00,0,7819.49,7718.38
2020-04-01 15:30:00,0,7806.47,7930.47
2020-04-01 16:00:00,0,7866.35,8145.14
2020-04-01 16:30:00,0,8016.38,8377.51
2020-04-01 17:00:00,0,8202.21,8578.43
2020-04-01 17:30:00,0,8358.23,8650.21
2020-04-01 18:00:00,0,8398.97,8708.29
2020-04-01 18:30:00,0,8362.32,8731.49
2020-04-01 19:00:00,0,8280.47,8607.56
2020-04-01 19:30:00,0,8061.35,8412.66
2020-04-01 20:00:00,0,7808.5,8159.97
2020-04-01 20:30:00,0,7645.67,7964.23
2020-04-01 21:00:00,0,7447.42,7749.07
2020-04-01 21:30:00,0,7225.9,7646.12
2020-04-01 22:00:00,0,7238.01,7510.75
2020-04-01 22:30:00,0,7111.39,7394.84
2020-04-01 23:00:00,0,7175.95,7281.05
2020-04-01 23:30:00,0,7104.38,7130.77
2020-04-02 00:00:00,0,7058.58,7012.23
2020-04-02 00:30:00,0,6966.54,6841.35
2020-04-02 01:00:00,0,6763.01,6655.75
2020-04-02 01:30:00,0,6621.55,6419.3
2020-04-02 02:00:00,0,6326.81,6207.91
2020-04-02 02:30:00,0,6089.4,6095.55
2020-04-02 03:00:00,0,5914.38,6019.0
2020-04-02 03:30:00,0,5827.04,6024.69
2020-04-02 04:00:00,0,5865.08,6100.16
2020-04-02 12:30:00,0,7815.69,7813.98
2020-04-02 13:00:00,0,7689.62,7805.18
2020-04-02 13:30:00,0,7529.76,7779.27
2020-04-02 14:00:00,0,7569.61,7722.21
2020-04-02 14:30:00,0,7660.44,7766.64
2020-04-02 15:00:00,0,7791.16,7837.66
2020-04-02 15:30:00,0,7904.3,7956.32
2020-04-02 16:00:00,0,7994.75,8063.52
2020-04-02 16:30:00,0,8078.09,8313.92
2020-04-02 17:00:00,0,8181.41,8472.47
2020-04-02 17:30:00,0,8381.43,8531.01
2020-04-02 18:00:00,0,8391.14,8571.72
2020-04-02 18:30:00,0,8414.49,8638.61
2020-04-02 19:00:00,0,8291.1,8519.76
2020-04-02 19:30:00,0,8042.55,8332.23
2020-04-02 20:00:00,0,7866.8,8098.6
2020-04-02 20:30:00,0,7607.65,7897.18
2020-04-02 21:00:00,0,7472.61,7704.53
2020-04-02 21:30:00,0,7312.29,7612.23
2020-04-02 22:00:00,0,7343.34,7497.78
2020-04-02 22:30:00,0,7280.76,7406.03
2020-04-02 23:00:00,0,7367.14,7295.74
2020-04-02 23:30:00,0,7294.83,7138.0
2020-04-03 00:00:00,0,7186.49,7014.54
2020-04-03 00:30:00,0,7098.92,6850.21
2020-04-03 01:00:00,0,6924.96,6673.91
2020-04-03 01:30:00,0,6716.83,6446.01
2020-04-03 02:00:00,0,6430.69,6244.88
2020-04-03 02:30:00,0,6158.1,6147.98
2020-04-03 03:00:00,0,6000.45,6078.07
2020-04-03 03:30:00,0,5871.08,6092.44
2020-04-03 04:00:00,0,5870.08,6153.41
2020-04-03 12:30:00,0,6241.22,7555.99
2020-04-03 13:00:00,0,6138.55,7522.4
2020-04-03 13:30:00,0,6049.57,7482.98
2020-04-03 14:00:00,0,5992.41,7449.09
2020-04-03 14:30:00,0,5997.71,7497.11
2020-04-03 15:00:00,0,6120.68,7551.2
2020-04-03 15:30:00,0,6249.67,7716.62
2020-04-03 16:00:00,0,6414.34,7835.9
2020-04-03 16:30:00,0,6638.44,7999.87
2020-04-03 17:00:00,0,6840.94,8113.93
2020-04-03 17:30:00,0,7220.18,8079.71
2020-04-03 18:00:00,0,7481.86,8064.66
2020-04-03 18:30:00,0,7618.82,8038.24
2020-04-03 19:00:00,0,7730.94,7872.34
2020-04-03 19:30:00,0,7593.9,7689.74
2020-04-03 20:00:00,0,7337.49,7504.19
2020-04-03 20:30:00,0,7137.18,7375.58
2020-04-03 21:00:00,0,6988.11,7262.05
2020-04-03 21:30:00,0,6844.47,7285.61
2020-04-03 22:00:00,0,6809.9,7281.53
2020-04-03 22:30:00,0,6715.83,7232.46
2020-04-03 23:00:00,0,6740.55,7201.85
2020-04-03 23:30:00,0,6567.71,7074.27
2020-04-04 00:00:00,0,6409.76,6954.24
2020-04-04 00:30:00,0,6324.7,6750.64
2020-04-04 01:00:00,0,6162.04,6521.16
2020-04-04 01:30:00,0,6028.96,6278.74
2020-04-04 02:00:00,0,5814.27,6030.34
2020-04-04 02:30:00,0,5666.68,5876.38
2020-04-04 03:00:00,0,5500.09,5758.6
2020-04-04 03:30:00,0,5408.55,5706.81
2020-04-04 04:00:00,0,5408.53,5678.48
2020-04-04 12:30:00,0,5617.78,6402.7
2020-04-04 13:00:00,0,5671.73,6357.06
2020-04-04 13:30:00,0,5694.63,6367.51
2020-04-04 14:00:00,0,5728.68,6343.65
2020-04-04 14:30:00,0,5710.02,6351.21
2020-04-04 15:00:00,0,5824.85,6469.27
2020-04-04 15:30:00,0,6033.74,6571.02
2020-04-04 16:00:00,0,6221.38,6735.63
2020-04-04 16:30:00,0,6483.22,6983.47
2020-04-04 17:00:00,0,6765.72,7283.85
2020-04-04 17:30:00,0,7149.72,7528.27
2020-04-04 18:00:00,0,7361.4,7589.56
2020-04-04 18:30:00,0,7760.23,7672.0
2020-04-04 19:00:00,0,8088.95,7508.49
2020-04-04 19:30:00,0,7965.88,7229.81
2020-04-04 20:00:00,0,7615.97,7053.7
2020-04-04 20:30:00,0,7377.36,6950.71
2020-04-04 21:00:00,0,7177.89,6804.46
2020-04-04 21:30:00,0,7057.21,6821.95
2020-04-04 22:00:00,0,6885.16,6800.58
2020-04-04 22:30:00,0,6793.68,6760.8
2020-04-04 23:00:00,0,6778.64,6702.64
2020-04-04 23:30:00,0,6645.85,6596.29
2020-04-05 00:00:00,0,6620.54,6515.2
2020-04-05 00:30:00,0,6555.5,6416.26
2020-04-05 01:00:00,0,6472.26,6276.34
2020-04-05 01:30:00,0,6346.38,6169.69
2020-04-05 02:00:00,0,6191.13,5988.06
2020-04-05 02:30:00,0,6063.54,5808.56
2020-04-05 03:00:00,0,5858.94,5633.07
2020-04-05 03:30:00,0,5729.62,5514.09
2020-04-05 04:00:00,0,5639.42,5419.69
2020-04-05 12:30:00,0,6647.77,5743.82
2020-04-05 13:00:00,0,6691.63,5703.58
2020-04-05 13:30:00,0,6765.85,5648.11
2020-04-05 14:00:00,0,6828.77,5704.65
2020-04-05 14:30:00,0,6894.98,5800.67
2020-04-05 15:00:00,0,7008.38,5955.07
2020-04-05 15:30:00,0,7091.63,6150.6
2020-04-05 16:00:00,0,7182.77,6422.95
2020-04-05 16:30:00,0,7349.21,6724.66
2020-04-05 17:00:00,0,7497.08,7111.52
2020-04-05 17:30:00,0,7870.87,7503.81
2020-04-05 18:00:00,0,8106.03,7790.1
2020-04-05 18:30:00,0,8519.16,8061.36
2020-04-05 19:00:00,0,8725.82,7969.57
2020-04-05 19:30:00,0,8583.91,7702.3
2020-04-05 20:00:00,0,8211.86,7489.01
2020-04-05 20:30:00,0,7959.73,7352.78
2020-04-05 21:00:00,0,7738.69,7191.23
2020-04-05 21:30:00,0,7587.44,7083.16
2020-04-05 22:00:00,0,7435.51,6987.16
2020-04-05 22:30:00,0,7267.16,6925.7
2020-04-05 23:00:00,0,7301.44,6814.22
2020-04-05 23:30:00,0,7274.97,6719.83
2020-04-06 00:00:00,0,7224.08,6629.76
2020-04-06 00:30:00,0,7214.74,6507.5
2020-04-06 01:00:00,0,7131.18,6373.74
2020-04-06 01:30:00,0,6995.68,6210.13
2020-04-06 02:00:00,0,6779.98,6057.76
2020-04-06 02:30:00,0,6595.75,5872.99
2020-04-06 03:00:00,0,6318.01,5754.55
2020-04-06 03:30:00,0,6090.67,5712.44
2020-04-06 04:00:00,0,6009.64,5691.05
2020-04-06 12:30:00,0,6996.55,6919.79
2020-04-06 13:00:00,0,7131.28,6910.97
2020-04-06 13:30:00,0,7149.63,6937.56
2020-04-06 14:00:00,0,7158.84,7032.95
2020-04-06 14:30:00,0,7159.46,7116.38
2020-04-06 15:00:00,0,7227.2,7150.32
2020-04-06 15:30:00,0,7210.86,7231.65
2020-04-06 16:00:00,0,7290.17,7431.0
2020-04-06 16:30:00,0,7448.54,7641.64
2020-04-06 17:00:00,0,7548.81,7920.26
2020-04-06 17:30:00,0,7769.98,8192.76
2020-04-06 18:00:00,0,8096.62,8464.69
2020-04-06 18:30:00,0,8516.74,8609.67
2020-04-06 19:00:00,0,8723.16,8497.21
2020-04-06 19:30:00,0,8558.61,8230.48
2020-04-06 20:00:00,0,8160.8,7987.84
2020-04-06 20:30:00,0,7876.65,7790.72
2020-04-06 21:00:00,0,7710.59,7644.58
2020-04-06 21:30:00,0,7541.74,7514.8
2020-04-06 22:00:00,0,7401.38,7417.1
2020-04-06 22:30:00,0,7263.17,7430.72
2020-04-06 23:00:00,0,7391.34,7341.68
2020-04-06 23:30:00,0,7259.96,7305.64
2020-04-07 00:00:00,0,7254.83,7241.61
2020-04-07 00:30:00,0,7234.25,7113.03
2020-04-07 01:00:00,0,7104.16,6952.13
2020-04-07 01:30:00,0,6921.41,6770.43
2020-04-07 02:00:00,0,6754.7,6558.68
2020-04-07 02:30:00,0,6543.91,6273.37
2020-04-07 03:00:00,0,6273.33,6085.11
2020-04-07 03:30:00,0,6088.53,5983.04
2020-04-07 04:00:00,0,5955.59,5938.45
2020-04-07 12:30:00,0,7432.41,7160.69
2020-04-07 13:00:00,0,7482.68,7108.57
2020-04-07 13:30:00,0,7541.81,7077.41
2020-04-07 14:00:00,0,7468.32,7129.71
2020-04-07 14:30:00,0,7460.76,7212.14
2020-04-07 15:00:00,0,7401.2,7227.97
2020-04-07 15:30:00,0,7378.95,7348.55
2020-04-07 16:00:00,0,7467.05,7546.43
2020-04-07 16:30:00,0,7577.05,7771.49
2020-04-07 17:00:00,0,7667.06,8057.38
2020-04-07 17:30:00,0,7909.42,8354.57
2020-04-07 18:00:00,0,8178.54,8615.52
2020-04-07 18:30:00,0,8556.83,8758.39
2020-04-07 19:00:00,0,8639.7,8658.07
2020-04-07 19:30:00,0,8403.39,8384.49
2020-04-07 20:00:00,0,8079.88,8113.85
2020-04-07 20:30:00,0,7910.92,7911.8
2020-04-07 21:00:00,0,7725.94,7786.79
2020-04-07 21:30:00,0,7491.51,7646.64
2020-04-07 22:00:00,0,7408.16,7510.46
2020-04-07 22:30:00,0,7267.31,7499.71
2020-04-07 23:00:00,0,7362.71,7382.88
2020-04-07 23:30:00,0,7231.43,7325.76
2020-04-08 00:00:00,0,7207.29,7270.59
2020-04-08 00:30:00,0,7212.69,7141.35
2020-04-08 01:00:00,0,7076.85,6984.66
2020-04-08 01:30:00,0,6954.95,6782.62
2020-04-08 02:00:00,0,6747.24,6557.26
2020-04-08 02:30:00,0,6578.11,6273.46
2020-04-08 03:00:00,0,6237.91,6090.46
2020-04-08 03:30:00,0,6085.44,5984.01
2020-04-08 04:00:00,0,5895.57,5965.75
2020-04-08 12:30:00,0,7227.58,7401.89
2020-04-08 13:00:00,0,7218.4,7363.75
2020-04-08 13:30:00,0,7320.41,7335.47
2020-04-08 14:00:00,0,7289.87,7363.6
2020-04-08 14:30:00,0,7288.94,7412.77
2020-04-08 15:00:00,0,7275.65,7407.1
2020-04-08 15:30:00,0,7334.74,7477.46
2020-04-08 16:00:00,0,7377.41,7607.47
2020-04-08 16:30:00,0,7443.67,7794.25
2020-04-08 17:00:00,0,7588.1,8034.17
2020-04-08 17:30:00,0,7778.3,8263.1
2020-04-08 18:00:00,0,7971.73,8537.49
2020-04-08 18:30:00,0,8335.89,8680.03
2020-04-08 19:00:00,0,8536.62,8542.61
2020-04-08 19:30:00,0,8419.61,8257.0
2020-04-08 20:00:00,0,8112.76,8009.64
2020-04-08 20:30:00,0,7843.74,7815.91
2020-04-08 21:00:00,0,7687.78,7690.26
2020-04-08 21:30:00,0,7491.35,7554.84
2020-04-08 22:00:00,0,7384.5,7443.02
2020-04-08 22:30:00,0,7275.43,7466.01
2020-04-08 23:00:00,0,7376.75,7367.39
2020-04-08 23:30:00,0,7281.33,7312.92
2020-04-09 00:00:00,0,7240.66,7238.71
2020-04-09 00:30:00,0,7201.84,7105.69
2020-04-09 01:00:00,0,7071.2,6941.3
2020-04-09 01:30:00,0,6914.9,6722.47
2020-04-09 02:00:00,0,6716.49,6503.64
2020-04-09 02:30:00,0,6518.5,6235.29
2020-04-09 03:00:00,0,6217.11,6054.57
2020-04-09 03:30:00,0,6036.49,5946.67
2020-04-09 04:00:00,0,5887.83,5907.67
2020-04-09 12:30:00,0,7052.0,7368.37
2020-04-09 13:00:00,0,6980.39,7343.98
2020-04-09 13:30:00,0,6945.12,7339.92
2020-04-09 14:00:00,0,6591.88,7392.63
2020-04-09 14:30:00,0,6469.26,7428.38
2020-04-09 15:00:00,0,6373.19,7437.33
2020-04-09 15:30:00,0,6327.16,7500.15
2020-04-09 16:00:00,0,6591.81,7569.84
2020-04-09 16:30:00,0,6740.35,7750.8
2020-04-09 17:00:00,0,6932.09,7989.1
2020-04-09 17:30:00,0,7309.8,8191.08
2020-04-09 18:00:00,0,7603.78,8483.1
2020-04-09 18:30:00,0,8003.2,8648.98
2020-04-09 19:00:00,0,8115.61,8526.23
2020-04-09 19:30:00,0,7996.35,8263.53
2020-04-09 20:00:00,0,7712.21,8008.61
2020-04-09 20:30:00,0,7458.31,7776.2
2020-04-09 21:00:00,0,7257.05,7650.89
2020-04-09 21:30:00,0,7115.12,7508.39
2020-04-09 22:00:00,0,7022.12,7395.15
2020-04-09 22:30:00,0,6910.77,7439.97
2020-04-09 23:00:00,0,7001.54,7381.59
2020-04-09 23:30:00,0,6977.03,7318.56
2020-04-10 00:00:00,0,6950.53,7229.72
2020-04-10 00:30:00,0,6881.91,7078.61
2020-04-10 01:00:00,0,6773.15,6907.08
2020-04-10 01:30:00,0,6654.73,6678.52
2020-04-10 02:00:00,0,6419.09,6442.95
2020-04-10 02:30:00,0,6165.17,6169.77
2020-04-10 03:00:00,0,5886.33,5948.14
2020-04-10 03:30:00,0,5669.81,5787.94
2020-04-10 04:00:00,0,5526.57,5680.1
2020-04-10 12:30:00,0,5748.43,6199.91
2020-04-10 13:00:00,0,5774.56,6130.75
2020-04-10 13:30:00,0,5785.77,6080.5
2020-04-10 14:00:00,0,5768.99,6022.78
2020-04-10 14:30:00,0,5840.21,6003.92
2020-04-10 15:00:00,0,5916.12,5954.62
2020-04-10 15:30:00,0,6006.71,6037.21
2020-04-10 16:00:00,0,6201.77,6149.23
2020-04-10 16:30:00,0,6414.62,6394.6
2020-04-10 17:00:00,0,6710.09,6687.17
2020-04-10 17:30:00,0,7080.59,7006.11
2020-04-10 18:00:00,0,7342.93,7323.5
2020-04-10 18:30:00,0,7794.25,7596.41
2020-04-10 19:00:00,0,8093.91,7517.11
2020-04-10 19:30:00,0,8008.69,7265.15
2020-04-10 20:00:00,0,7704.15,7031.25
2020-04-10 20:30:00,0,7461.25,6835.24
2020-04-10 21:00:00,0,7306.55,6771.0
2020-04-10 21:30:00,0,7177.69,6729.44
2020-04-10 22:00:00,0,7027.47,6728.41
2020-04-10 22:30:00,0,6938.37,6814.12
2020-04-10 23:00:00,0,7012.36,6787.78
2020-04-10 23:30:00,0,6862.27,6809.45
2020-04-11 00:00:00,0,6830.11,6774.75
2020-04-11 00:30:00,0,6729.58,6666.25
2020-04-11 01:00:00,0,6547.96,6494.04
2020-04-11 01:30:00,0,6475.71,6286.66
2020-04-11 02:00:00,0,6220.73,6059.03
2020-04-11 02:30:00,0,5990.36,5834.29
2020-04-11 03:00:00,0,5768.28,5615.22
2020-04-11 03:30:00,0,5692.65,5481.84
2020-04-11 04:00:00,0,5627.93,5397.9
2020-04-11 12:30:00,0,5503.99,5606.5
2020-04-11 13:00:00,0,5528.0,5589.74
2020-04-11 13:30:00,0,5524.01,5593.49
2020-04-11 14:00:00,0,5519.75,5599.41
2020-04-11 14:30:00,0,5521.6,5635.2
2020-04-11 15:00:00,0,5576.22,5767.93
2020-04-11 15:30:00,0,5692.37,5860.91
2020-04-11 16:00:00,0,5926.18,6038.3
2020-04-11 16:30:00,0,6184.83,6332.81
2020-04-11 17:00:00,0,6517.28,6616.86
2020-04-11 17:30:00,0,6932.8,6864.48
2020-04-11 18:00:00,0,7257.47,7174.62
2020-04-11 18:30:00,0,7779.19,7479.42
2020-04-11 19:00:00,0,8122.55,7410.92
2020-04-11 19:30:00,0,7947.18,7260.47
2020-04-11 20:00:00,0,7659.39,7100.43
2020-04-11 20:30:00,0,7439.86,6990.19
2020-04-11 21:00:00,0,7312.81,6894.0
2020-04-11 21:30:00,0,7184.63,6858.11
2020-04-11 22:00:00,0,7085.82,6807.39
2020-04-11 22:30:00,0,6991.64,6850.69
2020-04-11 23:00:00,0,6981.5,6799.02
2020-04-11 23:30:00,0,6889.79,6692.41
2020-04-12 00:00:00,0,6850.85,6572.43
2020-04-12 00:30:00,0,6776.14,6370.85
2020-04-12 01:00:00,0,6635.52,6170.65
2020-04-12 01:30:00,0,6488.23,5986.3
2020-04-12 02:00:00,0,6383.84,5817.69
2020-04-12 02:30:00,0,6158.63,5674.99
2020-04-12 03:00:00,0,5901.47,5570.48
2020-04-12 03:30:00,0,5740.63,5533.27
2020-04-12 04:00:00,0,5683.21,5510.23
2020-04-12 12:30:00,0,5841.89,5192.66
2020-04-12 13:00:00,0,5834.23,5167.16
2020-04-12 13:30:00,0,5847.57,5091.19
2020-04-12 14:00:00,0,5878.55,5073.35
2020-04-12 14:30:00,0,5894.17,5189.08
2020-04-12 15:00:00,0,5990.48,5383.31
2020-04-12 15:30:00,0,6117.57,5670.14
2020-04-12 16:00:00,0,6273.53,5929.31
2020-04-12 16:30:00,0,6545.25,6292.82
2020-04-12 17:00:00,0,6815.81,6679.78
2020-04-12 17:30:00,0,7128.57,7041.29
2020-04-12 18:00:00,0,7559.18,7420.42
2020-04-12 18:30:00,0,7994.87,7685.33
2020-04-12 19:00:00,0,8237.26,7586.1
2020-04-12 19:30:00,0,8073.89,7372.13
2020-04-12 20:00:00,0,7797.06,7187.09
2020-04-12 20:30:00,0,7507.15,7064.88
2020-04-12 21:00:00,0,7382.18,6944.6
2020-04-12 21:30:00,0,7232.58,6909.92
2020-04-12 22:00:00,0,7080.52,6874.43
2020-04-12 22:30:00,0,7027.96,6843.97
2020-04-12 23:00:00,0,7085.25,6756.83
2020-04-12 23:30:00,0,7008.14,6700.79
2020-04-13 00:00:00,0,7017.16,6614.74
2020-04-13 00:30:00,0,6981.81,6497.24
2020-04-13 01:00:00,0,6935.89,6361.33
2020-04-13 01:30:00,0,6793.74,6215.83
2020-04-13 02:00:00,0,6584.6,6050.89
2020-04-13 02:30:00,0,6420.43,5821.26
2020-04-13 03:00:00,0,6142.14,5672.7
2020-04-13 03:30:00,0,5940.72,5578.78
2020-04-13 04:00:00,0,5836.85,5531.83
2020-04-13 12:30:00,0,6396.82,5434.99
2020-04-13 13:00:00,0,6444.69,5437.89
2020-04-13 13:30:00,0,6521.65,5460.07
2020-04-13 14:00:00,0,6565.67,5511.31
2020-04-13 14:30:00,0,6574.71,5611.18
2020-04-13 15:00:00,0,6626.92,5725.74
2020-04-13 15:30:00,0,6773.53,5904.54
2020-04-13 16:00:00,0,6979.49,6099.47
2020-04-13 16:30:00,0,7243.28,6446.02
2020-04-13 17:00:00,0,7497.01,6855.59
2020-04-13 17:30:00,0,7793.68,7390.48
2020-04-13 18:00:00,0,8102.5,7819.65
2020-04-13 18:30:00,0,8483.53,8064.35
2020-04-13 19:00:00,0,8753.41,7906.46
2020-04-13 19:30:00,0,8521.91,7578.01
2020-04-13 20:00:00,0,8197.67,7359.32
2020-04-13 20:30:00,0,7928.64,7163.58
2020-04-13 21:00:00,0,7722.18,7073.98
2020-04-13 21:30:00,0,7573.81,6992.25
2020-04-13 22:00:00,0,7361.1,6951.33
2020-04-13 22:30:00,0,7249.02,7043.85
2020-04-13 23:00:00,0,7314.89,6991.4
2020-04-13 23:30:00,0,7221.92,6992.1
2020-04-14 00:00:00,0,7232.7,7002.43
2020-04-14 00:30:00,0,7188.45,6955.08
2020-04-14 01:00:00,0,7139.74,6845.45
2020-04-14 01:30:00,0,6943.83,6691.67
2020-04-14 02:00:00,0,6739.94,6471.37
2020-04-14 02:30:00,0,6556.95,6189.29
2020-04-14 03:00:00,0,6296.93,5981.57
2020-04-14 03:30:00,0,6119.39,5851.84
2020-04-14 04:00:00,0,5911.81,5786.47
2020-04-14 12:30:00,0,6597.13,6588.61
2020-04-14 13:00:00,0,6649.2,6593.0
2020-04-14 13:30:00,0,6681.69,6652.54
2020-04-14 14:00:00,0,6742.61,6755.48
2020-04-14 14:30:00,0,6828.8,6854.55
2020-04-14 15:00:00,0,6949.78,6964.92
2020-04-14 15:30:00,0,7096.06,7144.78
2020-04-14 16:00:00,0,7348.09,7379.96
2020-04-14 16:30:00,0,7557.55,7633.24
2020-04-14 17:00:00,0,7799.82,7947.74
2020-04-14 17:30:00,0,8102.5,8257.0
2020-04-14 18:00:00,0,8271.55,8589.63
2020-04-14 18:30:00,0,8644.65,8637.43
2020-04-14 19:00:00,0,8805.66,8425.61
2020-04-14 19:30:00,0,8592.72,8135.08
2020-04-14 20:00:00,0,8238.64,7874.92
2020-04-14 20:30:00,0,7955.47,7734.58
2020-04-14 21:00:00,0,7737.18,7574.28
2020-04-14 21:30:00,0,7548.59,7463.77
2020-04-14 22:00:00,0,7359.12,7362.91
2020-04-14 22:30:00,0,7250.71,7413.19
2020-04-14 23:00:00,0,7320.67,7329.91
2020-04-14 23:30:00,0,7215.29,7279.78
2020-04-15 00:00:00,0,7195.83,7239.6
2020-04-15 00:30:00,0,7127.08,7121.18
2020-04-15 01:00:00,0,6950.32,6957.44
2020-04-15 01:30:00,0,6868.77,6762.81
2020-04-15 02:00:00,0,6651.93,6544.81
2020-04-15 02:30:00,0,6490.63,6259.9
2020-04-15 03:00:00,0,6188.79,6053.57
2020-04-15 03:30:00,0,5992.94,5913.3
2020-04-15 04:00:00,0,5875.21,5853.8
2020-04-15 12:30:00,0,7021.62,6874.49
2020-04-15 13:00:00,0,7063.66,6903.36
2020-04-15 13:30:00,0,7181.73,6945.27
2020-04-15 14:00:00,0,7243.37,7035.6
2020-04-15 14:30:00,0,7333.0,7150.47
2020-04-15 15:00:00,0,7276.48,7236.17
2020-04-15 15:30:00,0,7377.51,7441.97
2020-04-15 16:00:00,0,7465.88,7654.3
2020-04-15 16:30:00,0,7531.58,7837.92
2020-04-15 17:00:00,0,7701.33,8120.25
2020-04-15 17:30:00,0,7863.1,8382.54
2020-04-15 18:00:00,0,8039.9,8688.72
2020-04-15 18:30:00,0,8440.18,8671.59
2020-04-15 19:00:00,0,8675.58,8454.51
2020-04-15 19:30:00,0,8466.97,8176.42
2020-04-15 20:00:00,0,8161.08,7906.59
2020-04-15 20:30:00,0,7883.38,7751.64
2020-04-15 21:00:00,0,7705.93,7568.1
2020-04-15 21:30:00,0,7471.41,7427.38
2020-04-15 22:00:00,0,7393.09,7306.43
2020-04-15 22:30:00,0,7216.29,7332.27
2020-04-15 23:00:00,0,7374.63,7229.49
2020-04-15 23:30:00,0,7270.79,7182.32
2020-04-16 00:00:00,0,7262.05,7123.1
2020-04-16 00:30:00,0,7254.58,7027.51
2020-04-16 01:00:00,0,7145.33,6869.57
2020-04-16 01:30:00,0,6964.39,6693.54
2020-04-16 02:00:00,0,6763.1,6466.26
2020-04-16 02:30:00,0,6568.35,6203.46
2020-04-16 03:00:00,0,6274.42,5995.13
2020-04-16 03:30:00,0,6140.5,5878.3
2020-04-16 04:00:00,0,6000.84,5817.6
2020-04-16 12:30:00,0,6444.58,7152.21
2020-04-16 13:00:00,0,6480.95,7171.02
2020-04-16 13:30:00,0,6498.48,7217.94
2020-04-16 14:00:00,0,6550.25,7263.03
2020-04-16 14:30:00,0,6594.73,7340.24
2020-04-16 15:00:00,0,6689.87,7404.12
2020-04-16 15:30:00,0,6883.32,7500.08
2020-04-16 16:00:00,0,7051.72,7637.47
2020-04-16 16:30:00,0,7297.49,7770.45
2020-04-16 17:00:00,0,7459.48,8007.01
2020-04-16 17:30:00,0,7735.14,8293.18
2020-04-16 18:00:00,0,7874.16,8634.22
2020-04-16 18:30:00,0,8273.53,8649.61
2020-04-16 19:00:00,0,8478.38,8422.85
2020-04-16 19:30:00,0,8251.15,8088.81
2020-04-16 20:00:00,0,7990.18,7835.26
2020-04-16 20:30:00,0,7760.71,7724.43
2020-04-16 21:00:00,0,7558.43,7591.6
2020-04-16 21:30:00,0,7406.57,7520.69
2020-04-16 22:00:00,0,7230.2,7427.73
2020-04-16 22:30:00,0,7091.25,7452.52
2020-04-16 23:00:00,0,7224.1,7385.22
2020-04-16 23:30:00,0,7112.78,7356.19
2020-04-17 00:00:00,0,7113.36,7282.24
2020-04-17 00:30:00,0,7096.27,7136.9
2020-04-17 01:00:00,0,6956.1,6968.04
2020-04-17 01:30:00,0,6816.51,6764.19
2020-04-17 02:00:00,0,6600.82,6563.54
2020-04-17 02:30:00,0,6412.9,6297.51
2020-04-17 03:00:00,0,6130.2,6070.99
2020-04-17 03:30:00,0,5954.53,5923.93
2020-04-17 04:00:00,0,5795.55,5832.0
2020-04-17 12:30:00,0,5871.6,6676.98
2020-04-17 13:00:00,0,5874.37,6665.79
2020-04-17 13:30:00,0,5920.93,6664.19
2020-04-17 14:00:00,0,5925.43,6664.49
2020-04-17 14:30:00,0,6014.17,6723.11
2020-04-17 15:00:00,0,6046.12,6800.33
2020-04-17 15:30:00,0,6128.69,6955.23
2020-04-17 16:00:00,0,6373.65,7159.64
2020-04-17 16:30:00,0,6550.77,7337.72
2020-04-17 17:00:00,0,6788.21,7572.18
2020-04-17 17:30:00,0,7167.82,7777.4
2020-04-17 18:00:00,0,7390.04,8094.07
2020-04-17 18:30:00,0,7858.56,8239.32
2020-04-17 19:00:00,0,8132.82,7992.9
2020-04-17 19:30:00,0,7951.59,7725.73
2020-04-17 20:00:00,0,7757.13,7515.57
2020-04-17 20:30:00,0,7508.85,7373.18
2020-04-17 21:00:00,0,7386.83,7259.84
2020-04-17 21:30:00,0,7227.04,7166.86
2020-04-17 22:00:00,0,7097.17,7118.8
2020-04-17 22:30:00,0,7042.6,7239.07
2020-04-17 23:00:00,0,7060.81,7208.11
2020-04-17 23:30:00,0,6981.87,7191.34
2020-04-18 00:00:00,0,6947.01,7141.64
2020-04-18 00:30:00,0,6862.94,7019.14
2020-04-18 01:00:00,0,6716.0,6858.08
2020-04-18 01:30:00,0,6589.14,6647.51
2020-04-18 02:00:00,0,6409.38,6426.64
2020-04-18 02:30:00,0,6262.43,6182.88
2020-04-18 03:00:00,0,6013.17,5954.76
2020-04-18 03:30:00,0,5809.25,5808.42
2020-04-18 04:00:00,0,5762.88,5715.58
2020-04-18 12:30:00,0,5898.0,5801.83
2020-04-18 13:00:00,0,5930.23,5804.66
2020-04-18 13:30:00,0,5924.35,5798.55
2020-04-18 14:00:00,0,5935.02,5780.99
2020-04-18 14:30:00,0,5970.81,5853.12
2020-04-18 15:00:00,0,6010.3,5998.75
2020-04-18 15:30:00,0,6116.82,6197.36
2020-04-18 16:00:00,0,6319.19,6434.45
2020-04-18 16:30:00,0,6529.76,6754.1
2020-04-18 17:00:00,0,6824.42,7108.77
2020-04-18 17:30:00,0,7196.98,7426.51
2020-04-18 18:00:00,0,7490.2,7880.83
2020-04-18 18:30:00,0,8050.37,8070.48
2020-04-18 19:00:00,0,8267.96,7889.89
2020-04-18 19:30:00,0,8106.24,7610.11
2020-04-18 20:00:00,0,7813.15,7392.67
2020-04-18 20:30:00,0,7646.9,7261.19
2020-04-18 21:00:00,0,7463.19,7150.84
2020-04-18 21:30:00,0,7320.39,7059.73
2020-04-18 22:00:00,0,7165.04,6993.1
2020-04-18 22:30:00,0,7045.32,6965.46
2020-04-18 23:00:00,0,7056.9,6877.03
2020-04-18 23:30:00,0,6958.49,6819.22
2020-04-19 00:00:00,0,6924.42,6730.47
2020-04-19 00:30:00,0,6840.22,6590.25
2020-04-19 01:00:00,0,6699.04,6439.47
2020-04-19 01:30:00,0,6551.89,6245.03
2020-04-19 02:00:00,0,6367.19,6084.67
2020-04-19 02:30:00,0,6223.61,5878.32
2020-04-19 03:00:00,0,5981.92,5729.63
2020-04-19 03:30:00,0,5811.99,5625.11
2020-04-19 04:00:00,0,5777.41,5577.81
2020-04-19 12:30:00,0,7222.0,6188.83
2020-04-19 13:00:00,0,7252.84,6193.84
2020-04-19 13:30:00,0,7183.31,6175.75
2020-04-19 14:00:00,0,7188.92,6171.9
2020-04-19 14:30:00,0,7108.48,6219.63
2020-04-19 15:00:00,0,7106.56,6362.34
2020-04-19 15:30:00,0,7125.36,6539.29
2020-04-19 16:00:00,0,7315.95,6748.43
2020-04-19 16:30:00,0,7457.11,7057.73
2020-04-19 17:00:00,0,7579.38,7405.72
2020-04-19 17:30:00,0,7855.19,7714.59
2020-04-19 18:00:00,0,8199.08,8219.34
2020-04-19 18:30:00,0,8763.49,8552.22
2020-04-19 19:00:00,0,8868.11,8395.22
2020-04-19 19:30:00,0,8587.14,8128.48
2020-04-19 20:00:00,0,8255.51,7872.27
2020-04-19 20:30:00,0,7981.93,7634.43
2020-04-19 21:00:00,0,7815.3,7446.13
2020-04-19 21:30:00,0,7659.53,7279.02
2020-04-19 22:00:00,0,7503.4,7132.19
2020-04-19 22:30:00,0,7394.71,7044.15
2020-04-19 23:00:00,0,7458.92,6914.27
2020-04-19 23:30:00,0,7370.55,6834.54
2020-04-20 00:00:00,0,7380.97,6765.96
2020-04-20 00:30:00,0,7362.42,6660.22
2020-04-20 01:00:00,0,7249.65,6526.74
2020-04-20 01:30:00,0,7105.28,6353.05
2020-04-20 02:00:00,0,6898.56,6199.34
2020-04-20 02:30:00,0,6744.18,5986.91
2020-04-20 03:00:00,0,6419.03,5847.9
2020-04-20 03:30:00,0,6208.14,5766.28
2020-04-20 04:00:00,0,5994.64,5725.69
2020-04-20 12:30:00,0,6510.39,7171.51
2020-04-20 13:00:00,0,6543.76,7206.92
2020-04-20 13:30:00,0,6606.74,7233.4
2020-04-20 14:00:00,0,6657.57,7278.4
2020-04-20 14:30:00,0,6685.34,7335.15
2020-04-20 15:00:00,0,6779.27,7362.12
2020-04-20 15:30:00,0,6906.56,7443.21
2020-04-20 16:00:00,0,7075.25,7528.15
2020-04-20 16:30:00,0,7254.91,7692.77
2020-04-20 17:00:00,0,7467.42,7965.29
2020-04-20 17:30:00,0,7773.17,8350.17
2020-04-20 18:00:00,0,8030.81,8790.64
2020-04-20 18:30:00,0,8554.45,8926.68
2020-04-20 19:00:00,0,8685.43,8732.58
2020-04-20 19:30:00,0,8448.61,8369.46
2020-04-20 20:00:00,0,8176.89,8109.29
2020-04-20 20:30:00,0,7903.57,7901.99
2020-04-20 21:00:00,0,7718.81,7729.42
2020-04-20 21:30:00,0,7550.29,7569.76
2020-04-20 22:00:00,0,7382.62,7446.37
2020-04-20 22:30:00,0,7272.79,7507.39
2020-04-20 23:00:00,0,7350.76,7420.9
2020-04-20 23:30:00,0,7207.62,7382.71
2020-04-21 00:00:00,0,7240.79,7329.05
2020-04-21 00:30:00,0,7202.22,7222.14
2020-04-21 01:00:00,0,7122.12,7086.78
2020-04-21 01:30:00,0,6940.0,6904.39
2020-04-21 02:00:00,0,6751.54,6689.99
2020-04-21 02:30:00,0,6620.74,6406.68
2020-04-21 03:00:00,0,6307.83,6221.04
2020-04-21 03:30:00,0,6098.82,6086.76
2020-04-21 04:00:00,0,5969.55,6009.07
2020-04-21 12:30:00,0,6439.32,6652.86
2020-04-21 13:00:00,0,6463.91,6681.93
2020-04-21 13:30:00,0,6489.09,6748.18
2020-04-21 14:00:00,0,6524.86,6830.49
2020-04-21 14:30:00,0,6643.86,6906.48
2020-04-21 15:00:00,0,6640.57,6984.99
2020-04-21 15:30:00,0,6743.7,7140.3
2020-04-21 16:00:00,0,6985.94,7343.92
2020-04-21 16:30:00,0,7126.69,7543.96
2020-04-21 17:00:00,0,7428.2,7843.86
2020-04-21 17:30:00,0,7685.0,8136.21
2020-04-21 18:00:00,0,7987.55,8568.55
2020-04-21 18:30:00,0,8443.94,8648.35
2020-04-21 19:00:00,0,8632.97,8452.18
2020-04-21 19:30:00,0,8565.8,8208.84
2020-04-21 20:00:00,0,8180.1,7952.96
2020-04-21 20:30:00,0,7919.18,7793.34
2020-04-21 21:00:00,0,7793.5,7633.41
2020-04-21 21:30:00,0,7633.56,7472.96
2020-04-21 22:00:00,0,7559.08,7356.33
2020-04-21 22:30:00,0,7419.58,7407.15
2020-04-21 23:00:00,0,7477.5,7318.35
2020-04-21 23:30:00,0,7318.0,7274.16
2020-04-22 00:00:00,0,7321.47,7237.28
2020-04-22 00:30:00,0,7287.59,7130.81
2020-04-22 01:00:00,0,7206.66,6999.21
2020-04-22 01:30:00,0,7036.11,6831.6
2020-04-22 02:00:00,0,6823.3,6607.22
2020-04-22 02:30:00,0,6624.77,6308.02
2020-04-22 03:00:00,0,6377.83,6073.89
2020-04-22 03:30:00,0,6184.56,5926.4
2020-04-22 04:00:00,0,6038.38,5839.51
2020-04-22 12:30:00,0,6478.65,6603.37
2020-04-22 13:00:00,0,6473.71,6651.07
2020-04-22 13:30:00,0,6520.45,6698.73
2020-04-22 14:00:00,0,6512.19,6787.5
2020-04-22 14:30:00,0,6592.85,6868.71
2020-04-22 15:00:00,0,6644.86,6958.84
2020-04-22 15:30:00,0,6812.38,7134.88
2020-04-22 16:00:00,0,7026.18,7336.53
2020-04-22 16:30:00,0,7310.66,7550.57
2020-04-22 17:00:00,0,7530.44,7853.56
2020-04-22 17:30:00,0,7817.48,8122.19
2020-04-22 18:00:00,0,8104.38,8487.22
2020-04-22 18:30:00,0,8666.02,8583.3
2020-04-22 19:00:00,0,8756.95,8370.15
2020-04-22 19:30:00,0,8488.44,8134.46
2020-04-22 20:00:00,0,8199.44,7903.33
2020-04-22 20:30:00,0,7979.19,7751.24
2020-04-22 21:00:00,0,7767.98,7614.86
2020-04-22 21:30:00,0,7597.34,7481.37
2020-04-22 22:00:00,0,7450.7,7389.55
2020-04-22 22:30:00,0,7288.11,7429.49
2020-04-22 23:00:00,0,7352.81,7360.66
2020-04-22 23:30:00,0,7261.32,7335.48
2020-04-23 00:00:00,0,7219.77,7293.4
2020-04-23 00:30:00,0,7238.05,7186.86
2020-04-23 01:00:00,0,7141.59,7051.66
2020-04-23 01:30:00,0,7030.21,6877.26
2020-04-23 02:00:00,0,6767.3,6659.37
2020-04-23 02:30:00,0,6633.59,6401.78
2020-04-23 03:00:00,0,6336.98,6176.0
2020-04-23 03:30:00,0,6085.77,6024.76
2020-04-23 04:00:00,0,6007.06,5938.3
2020-04-23 12:30:00,0,6595.55,6556.08
2020-04-23 13:00:00,0,6581.39,6578.02
2020-04-23 13:30:00,0,6657.12,6649.0
2020-04-23 14:00:00,0,6615.35,6711.92
2020-04-23 14:30:00,0,6728.84,6775.49
2020-04-23 15:00:00,0,6782.98,6879.34
2020-04-23 15:30:00,0,7008.05,7070.02
2020-04-23 16:00:00,0,7169.29,7285.07
2020-04-23 16:30:00,0,7399.53,7518.92
2020-04-23 17:00:00,0,7613.22,7826.52
2020-04-23 17:30:00,0,7874.55,8149.99
2020-04-23 18:00:00,0,8110.33,8577.04
2020-04-23 18:30:00,0,8425.57,8642.75
2020-04-23 19:00:00,0,8492.38,8428.5
2020-04-23 19:30:00,0,8324.43,8182.4
2020-04-23 20:00:00,0,8014.41,7943.01
2020-04-23 20:30:00,0,7748.68,7783.78
2020-04-23 21:00:00,0,7569.41,7636.57
2020-04-23 21:30:00,0,7409.97,7482.92
2020-04-23 22:00:00,0,7277.21,7359.83
2020-04-23 22:30:00,0,7184.19,7378.49
2020-04-23 23:00:00,0,7312.57,7293.72
2020-04-23 23:30:00,0,7223.86,7267.69
2020-04-24 00:00:00,0,7191.95,7231.85
2020-04-24 00:30:00,0,7174.63,7139.78
2020-04-24 01:00:00,0,7082.44,6977.26
2020-04-24 01:30:00,0,6900.01,6783.48
2020-04-24 02:00:00,0,6695.49,6576.24
2020-04-24 02:30:00,0,6453.14,6293.26
2020-04-24 03:00:00,0,6179.95,6077.44
2020-04-24 03:30:00,0,5962.09,5938.73
2020-04-24 04:00:00,0,5777.85,5885.4
2020-04-24 12:30:00,0,5691.68,6761.53
2020-04-24 13:00:00,0,5726.74,6783.33
2020-04-24 13:30:00,0,5835.43,6871.85
2020-04-24 14:00:00,0,5903.32,6936.51
2020-04-24 14:30:00,0,5956.03,6974.3
2020-04-24 15:00:00,0,6032.27,7069.59
2020-04-24 15:30:00,0,6195.78,7234.85
2020-04-24 16:00:00,0,6399.5,7445.09
2020-04-24 16:30:00,0,6653.97,7616.04
2020-04-24 17:00:00,0,6886.06,7845.23
2020-04-24 17:30:00,0,7290.0,8043.56
2020-04-24 18:00:00,0,7519.42,8387.61
2020-04-24 18:30:00,0,7972.84,8381.88
2020-04-24 19:00:00,0,8071.34,8115.84
2020-04-24 19:30:00,0,7869.74,7833.13
2020-04-24 20:00:00,0,7596.15,7599.71
2020-04-24 20:30:00,0,7364.86,7505.59
2020-04-24 21:00:00,0,7193.56,7366.98
2020-04-24 21:30:00,0,7048.48,7292.26
2020-04-24 22:00:00,0,6910.29,7236.13
2020-04-24 22:30:00,0,6837.84,7316.78
2020-04-24 23:00:00,0,6865.08,7276.45
2020-04-24 23:30:00,0,6785.24,7222.18
2020-04-25 00:00:00,0,6745.51,7153.93
2020-04-25 00:30:00,0,6679.46,7003.38
2020-04-25 01:00:00,0,6494.01,6817.44
2020-04-25 01:30:00,0,6369.33,6596.95
2020-04-25 02:00:00,0,6195.61,6377.09
2020-04-25 02:30:00,0,5995.31,6099.58
2020-04-25 03:00:00,0,5840.49,5903.89
2020-04-25 03:30:00,0,5675.59,5769.99
2020-04-25 04:00:00,0,5581.79,5711.92
2020-04-25 12:30:00,0,6202.77,5862.54
2020-04-25 13:00:00,0,6275.59,5915.22
2020-04-25 13:30:00,0,6481.96,5929.41
2020-04-25 14:00:00,0,6697.49,5936.16
2020-04-25 14:30:00,0,6663.96,5951.7
2020-04-25 15:00:00,0,6754.62,6132.3
2020-04-25 15:30:00,0,6817.18,6346.4
2020-04-25 16:00:00,0,6920.48,6584.12
2020-04-25 16:30:00,0,7083.44,6914.44
2020-04-25 17:00:00,0,7254.53,7314.23
2020-04-25 17:30:00,0,7579.24,7638.29
2020-04-25 18:00:00,0,7806.28,8145.08
2020-04-25 18:30:00,0,8178.01,8342.56
2020-04-25 19:00:00,0,8191.68,8191.93
2020-04-25 19:30:00,0,7948.52,7832.59
2020-04-25 20:00:00,0,7688.84,7527.58
2020-04-25 20:30:00,0,7466.02,7423.15
2020-04-25 21:00:00,0,7303.19,7237.0
2020-04-25 21:30:00,0,7134.01,7074.58
2020-04-25 22:00:00,0,7006.96,6971.48
2020-04-25 22:30:00,0,6893.18,7005.11
2020-04-25 23:00:00,0,6914.24,6902.45
2020-04-25 23:30:00,0,6818.39,6814.99
2020-04-26 00:00:00,0,6767.9,6763.98
2020-04-26 00:30:00,0,6651.65,6603.65
2020-04-26 01:00:00,0,6518.97,6417.74
2020-04-26 01:30:00,0,6416.7,6207.07
2020-04-26 02:00:00,0,6316.03,6026.36
2020-04-26 02:30:00,0,6131.84,5786.02
2020-04-26 03:00:00,0,5933.04,5606.0
2020-04-26 03:30:00,0,5813.5,5463.55
2020-04-26 04:00:00,0,5780.18,5391.5
2020-04-26 12:30:00,0,7115.23,6249.24
2020-04-26 13:00:00,0,7228.61,6284.35
2020-04-26 13:30:00,0,7289.88,6221.61
2020-04-26 14:00:00,0,7376.05,6250.46
2020-04-26 14:30:00,0,7374.72,6336.21
2020-04-26 15:00:00,0,7388.48,6474.06
2020-04-26 15:30:00,0,7395.27,6590.16
2020-04-26 16:00:00,0,7491.18,6746.65
2020-04-26 16:30:00,0,7608.3,6996.11
2020-04-26 17:00:00,0,7771.54,7357.55
2020-04-26 17:30:00,0,8080.63,7719.28
2020-04-26 18:00:00,0,8379.31,8182.86
2020-04-26 18:30:00,0,8817.92,8451.76
2020-04-26 19:00:00,0,8876.89,8296.71
2020-04-26 19:30:00,0,8651.37,7999.65
2020-04-26 20:00:00,0,8272.18,7733.3
2020-04-26 20:30:00,0,7994.28,7595.98
2020-04-26 21:00:00,0,7768.73,7432.43
2020-04-26 21:30:00,0,7653.64,7237.64
2020-04-26 22:00:00,0,7457.71,7110.35
2020-04-26 22:30:00,0,7406.27,7105.61
2020-04-26 23:00:00,0,7511.1,6968.94
2020-04-26 23:30:00,0,7342.71,6881.89
2020-04-27 00:00:00,0,7321.88,6802.62
2020-04-27 00:30:00,0,7257.57,6673.46
2020-04-27 01:00:00,0,7097.27,6546.32
2020-04-27 01:30:00,0,7014.27,6379.01
2020-04-27 02:00:00,0,6770.12,6234.66
2020-04-27 02:30:00,0,6606.29,6023.01
2020-04-27 03:00:00,0,6292.78,5875.14
2020-04-27 03:30:00,0,6089.71,5804.7
2020-04-27 04:00:00,0,5960.0,5776.52
2020-04-27 12:30:00,0,7192.05,7023.31
2020-04-27 13:00:00,0,7197.32,7047.73
2020-04-27 13:30:00,0,7168.41,7030.72
2020-04-27 14:00:00,0,7183.47,7075.27
2020-04-27 14:30:00,0,7187.97,7118.29
2020-04-27 15:00:00,0,7319.2,7206.23
2020-04-27 15:30:00,0,7347.31,7329.67
2020-04-27 16:00:00,0,7415.02,7501.76
2020-04-27 16:30:00,0,7560.74,7726.43
2020-04-27 17:00:00,0,7726.8,8008.33
2020-04-27 17:30:00,0,8019.6,8388.17
2020-04-27 18:00:00,0,8314.31,8838.35
2020-04-27 18:30:00,0,8761.92,8965.01
2020-04-27 19:00:00,0,8769.32,8780.18
2020-04-27 19:30:00,0,8554.55,8454.44
2020-04-27 20:00:00,0,8150.01,8182.03
2020-04-27 20:30:00,0,7855.76,7938.14
2020-04-27 21:00:00,0,7674.6,7770.26
2020-04-27 21:30:00,0,7497.03,7582.64
2020-04-27 22:00:00,0,7348.76,7458.65
2020-04-27 22:30:00,0,7208.84,7487.95
2020-04-27 23:00:00,0,7302.31,7406.67
2020-04-27 23:30:00,0,7217.59,7355.18
2020-04-28 00:00:00,0,7212.52,7312.88
2020-04-28 00:30:00,0,7174.01,7195.49
2020-04-28 01:00:00,0,7070.25,7046.41
2020-04-28 01:30:00,0,6915.79,6845.77
2020-04-28 02:00:00,0,6719.38,6650.35
2020-04-28 02:30:00,0,6539.95,6359.89
2020-04-28 03:00:00,0,6250.63,6130.87
2020-04-28 03:30:00,0,6047.75,6001.67
2020-04-28 04:00:00,0,5903.83,5910.11
2020-04-28 12:30:00,0,7257.69,7040.85
2020-04-28 13:00:00,0,7314.51,7074.51
2020-04-28 13:30:00,0,7477.93,7075.99
2020-04-28 14:00:00,0,7530.32,7130.29
2020-04-28 14:30:00,0,7487.69,7190.51
2020-04-28 15:00:00,0,7586.84,7296.09
2020-04-28 15:30:00,0,7640.88,7448.88
2020-04-28 16:00:00,0,7742.57,7657.82
2020-04-28 16:30:00,0,7857.63,7886.69
2020-04-28 17:00:00,0,7939.13,8136.73
2020-04-28 17:30:00,0,8219.99,8438.47
2020-04-28 18:00:00,0,8496.74,8791.33
2020-04-28 18:30:00,0,8852.97,8848.56
2020-04-28 19:00:00,0,8775.64,8649.13
2020-04-28 19:30:00,0,8558.19,8362.08
2020-04-28 20:00:00,0,8203.15,8087.1
2020-04-28 20:30:00,0,7941.7,7912.63
2020-04-28 21:00:00,0,7765.47,7726.78
2020-04-28 21:30:00,0,7572.08,7549.71
2020-04-28 22:00:00,0,7405.12,7409.12
2020-04-28 22:30:00,0,7269.14,7430.45
2020-04-28 23:00:00,0,7359.54,7332.52
2020-04-28 23:30:00,0,7241.43,7286.41
2020-04-29 00:00:00,0,7241.46,7252.48
2020-04-29 00:30:00,0,7229.34,7130.04
2020-04-29 01:00:00,0,7073.97,6996.51
2020-04-29 01:30:00,0,6945.09,6797.29
2020-04-29 02:00:00,0,6760.4,6571.74
2020-04-29 02:30:00,0,6576.35,6322.45
2020-04-29 03:00:00,0,6357.88,6088.1
2020-04-29 03:30:00,0,6142.87,5953.05
2020-04-29 04:00:00,0,6045.52,5893.45
2020-04-29 12:30:00,0,8233.08,7319.69
2020-04-29 13:00:00,0,8158.16,7364.07
2020-04-29 13:30:00,0,8272.91,7436.16
2020-04-29 14:00:00,0,8363.23,7467.23
2020-04-29 14:30:00,0,8135.67,7495.06
2020-04-29 15:00:00,0,8136.23,7557.76
2020-04-29 15:30:00,0,8208.68,7637.96
2020-04-29 16:00:00,0,8285.56,7760.15
2020-04-29 16:30:00,0,8335.44,7915.12
2020-04-29 17:00:00,0,8436.88,8107.14
2020-04-29 17:30:00,0,8679.3,8301.42
2020-04-29 18:00:00,0,9004.3,8640.81
2020-04-29 18:30:00,0,9471.04,8656.36
2020-04-29 19:00:00,0,9440.35,8423.58
2020-04-29 19:30:00,0,9213.26,8183.42
2020-04-29 20:00:00,0,8926.89,7958.73
2020-04-29 20:30:00,0,8587.48,7805.47
2020-04-29 21:00:00,0,8466.31,7649.43
2020-04-29 21:30:00,0,8311.77,7536.45
2020-04-29 22:00:00,0,8067.11,7426.81
2020-04-29 22:30:00,0,7823.41,7378.48
2020-04-29 23:00:00,0,7850.9,7280.86
2020-04-29 23:30:00,0,7696.18,7240.95
2020-04-30 00:00:00,0,7623.36,7188.57
2020-04-30 00:30:00,0,7555.68,7079.39
2020-04-30 01:00:00,0,7395.35,6941.1
2020-04-30 01:30:00,0,7203.69,6776.03
2020-04-30 02:00:00,0,7029.99,6575.17
2020-04-30 02:30:00,0,6842.29,6329.06
2020-04-30 03:00:00,0,6542.63,6109.92
2020-04-30 03:30:00,0,6337.24,5967.2
2020-04-30 04:00:00,0,6184.43,5888.89
2020-04-30 12:30:00,0,7362.87,7644.69
2020-04-30 13:00:00,0,7369.48,7676.18
2020-04-30 13:30:00,0,7344.02,7722.03
2020-04-30 14:00:00,0,7286.76,7680.04
2020-04-30 14:30:00,0,7334.78,7649.59
2020-04-30 15:00:00,0,7389.98,7636.35
2020-04-30 15:30:00,0,7594.58,7660.98
2020-04-30 16:00:00,0,7797.77,7806.84
2020-04-30 16:30:00,0,8089.35,7970.29
2020-04-30 17:00:00,0,8375.95,8259.3
2020-04-30 17:30:00,0,8758.31,8607.25
2020-04-30 18:00:00,0,9235.48,9052.4
2020-04-30 18:30:00,0,9711.99,9156.68
2020-04-30 19:00:00,0,9826.56,9019.92
2020-04-30 19:30:00,0,9676.17,8853.34
2020-04-30 20:00:00,0,9354.79,8639.11
2020-04-30 20:30:00,0,9144.85,8473.82
2020-04-30 21:00:00,0,8930.18,8331.26
2020-04-30 21:30:00,0,8624.95,8210.77
2020-04-30 22:00:00,0,8430.13,8038.01
2020-04-30 22:30:00,0,8200.4,7982.64
2020-04-30 23:00:00,0,8231.82,7810.54
2020-04-30 23:30:00,0,8018.68,7734.29
2020-05-01 00:00:00,0,7916.47,7658.09
2020-05-01 00:30:00,0,7830.59,7531.4
2020-05-01 01:00:00,0,7623.69,7378.86
2020-05-01 01:30:00,0,7409.17,7154.08
2020-05-01 02:00:00,0,7209.9,6896.68
2020-05-01 02:30:00,0,6918.09,6605.38
2020-05-01 03:00:00,0,6593.16,6368.07
2020-05-01 03:30:00,0,6376.49,6199.56
2020-05-01 04:00:00,0,6179.38,6124.08
2020-05-01 12:30:00,0,6486.64,7182.18
2020-05-01 13:00:00,0,6457.18,7188.4
2020-05-01 13:30:00,0,6479.27,7260.21
2020-05-01 14:00:00,0,6473.83,7261.28
2020-05-01 14:30:00,0,6513.59,7338.92
2020-05-01 15:00:00,0,6537.06,7385.2
2020-05-01 15:30:00,0,6706.97,7527.92
2020-05-01 16:00:00,0,6982.92,7773.52
2020-05-01 16:30:00,0,7272.42,8044.61
2020-05-01 17:00:00,0,7625.85,8468.02
2020-05-01 17:30:00,0,8072.26,8912.96
2020-05-01 18:00:00,0,8495.0,9425.58
2020-05-01 18:30:00,0,9125.03,9525.46
2020-05-01 19:00:00,0,9186.82,9382.48
2020-05-01 19:30:00,0,8993.66,9120.87
2020-05-01 20:00:00,0,8757.22,8904.98
2020-05-01 20:30:00,0,8466.36,8725.82
2020-05-01 21:00:00,0,8324.24,8546.18
2020-05-01 21:30:00,0,8195.72,8390.04
2020-05-01 22:00:00,0,8037.83,8223.72
2020-05-01 22:30:00,0,7880.99,8146.29
2020-05-01 23:00:00,0,7753.4,7971.23
2020-05-01 23:30:00,0,7591.36,7884.0
2020-05-02 00:00:00,0,7498.01,7755.33
2020-05-02 00:30:00,0,7389.51,7591.71
2020-05-02 01:00:00,0,7114.73,7397.68
2020-05-02 01:30:00,0,6896.51,7184.27
2020-05-02 02:00:00,0,6695.99,6886.87
2020-05-02 02:30:00,0,6490.2,6611.26
2020-05-02 03:00:00,0,6296.64,6333.57
2020-05-02 03:30:00,0,6089.25,6155.81
2020-05-02 04:00:00,0,6006.23,6046.22
2020-05-02 12:30:00,0,6061.29,6780.14
2020-05-02 13:00:00,0,6043.35,6790.0
2020-05-02 13:30:00,0,6012.32,6743.25
2020-05-02 14:00:00,0,6014.65,6722.39
2020-05-02 14:30:00,0,6041.94,6739.98
2020-05-02 15:00:00,0,6125.51,6839.69
2020-05-02 15:30:00,0,6292.65,7036.36
2020-05-02 16:00:00,0,6503.21,7255.86
2020-05-02 16:30:00,0,6835.51,7602.04
2020-05-02 17:00:00,0,7194.09,8014.92
2020-05-02 17:30:00,0,7769.58,8435.91
2020-05-02 18:00:00,0,8254.57,8873.16
2020-05-02 18:30:00,0,8939.75,9016.98
2020-05-02 19:00:00,0,9080.3,8839.31
2020-05-02 19:30:00,0,8984.13,8611.82
2020-05-02 20:00:00,0,8754.82,8381.91
2020-05-02 20:30:00,0,8577.96,8225.2
2020-05-02 21:00:00,0,8418.1,8082.04
2020-05-02 21:30:00,0,8257.04,7955.48
2020-05-02 22:00:00,0,8069.01,7832.44
2020-05-02 22:30:00,0,7842.86,7748.46
2020-05-02 23:00:00,0,7759.75,7599.37
2020-05-02 23:30:00,0,7572.79,7462.98
2020-05-03 00:00:00,0,7464.55,7323.93
2020-05-03 00:30:00,0,7281.94,7126.06
2020-05-03 01:00:00,0,7138.63,6923.91
2020-05-03 01:30:00,0,7026.28,6689.77
2020-05-03 02:00:00,0,6831.49,6471.05
2020-05-03 02:30:00,0,6655.82,6267.94
2020-05-03 03:00:00,0,6397.06,6109.77
2020-05-03 03:30:00,0,6204.36,6034.8
2020-05-03 04:00:00,0,6150.43,5984.36
2020-05-03 12:30:00,0,7061.74,6444.86
2020-05-03 13:00:00,0,7009.88,6388.32
2020-05-03 13:30:00,0,6990.04,6300.03
2020-05-03 14:00:00,0,7037.46,6243.1
2020-05-03 14:30:00,0,6995.96,6306.64
2020-05-03 15:00:00,0,7045.91,6406.57
2020-05-03 15:30:00,0,7150.59,6654.37
2020-05-03 16:00:00,0,7334.21,6903.29
2020-05-03 16:30:00,0,7660.96,7271.96
2020-05-03 17:00:00,0,8032.91,7711.73
2020-05-03 17:30:00,0,8525.55,8189.85
2020-05-03 18:00:00,0,9078.02,8732.32
2020-05-03 18:30:00,0,9812.38,8924.06
2020-05-03 19:00:00,0,9823.34,8790.45
2020-05-03 19:30:00,0,9576.24,8532.88
2020-05-03 20:00:00,0,9310.74,8319.67
2020-05-03 20:30:00,0,9058.3,8147.07
2020-05-03 21:00:00,0,8855.78,8019.79
2020-05-03 21:30:00,0,8665.29,7855.56
2020-05-03 22:00:00,0,8440.54,7709.33
2020-05-03 22:30:00,0,8215.43,7647.8
2020-05-03 23:00:00,0,8232.17,7503.08
2020-05-03 23:30:00,0,7935.82,7374.41
2020-05-04 00:00:00,0,7856.93,7236.09
2020-05-04 00:30:00,0,7772.24,7068.68
2020-05-04 01:00:00,0,7605.46,6902.47
2020-05-04 01:30:00,0,7475.55,6706.97
2020-05-04 02:00:00,0,7229.64,6549.18
2020-05-04 02:30:00,0,7043.14,6324.67
2020-05-04 03:00:00,0,6771.59,6172.37
2020-05-04 03:30:00,0,6489.92,6076.77
2020-05-04 04:00:00,0,6374.39,6047.03
2020-05-04 12:30:00,0,7200.33,7025.16
2020-05-04 13:00:00,0,7215.3,7021.17
2020-05-04 13:30:00,0,7189.46,7019.2
2020-05-04 14:00:00,0,7161.04,7013.46
2020-05-04 14:30:00,0,7138.09,7098.57
2020-05-04 15:00:00,0,7160.32,7187.87
2020-05-04 15:30:00,0,7204.54,7335.28
2020-05-04 16:00:00,0,7361.07,7513.77
2020-05-04 16:30:00,0,7613.09,7794.7
2020-05-04 17:00:00,0,7903.6,8254.96
2020-05-04 17:30:00,0,8298.95,8878.38
2020-05-04 18:00:00,0,8774.93,9448.62
2020-05-04 18:30:00,0,9425.44,9571.5
2020-05-04 19:00:00,0,9513.53,9414.41
2020-05-04 19:30:00,0,9341.25,9153.69
2020-05-04 20:00:00,0,9022.06,8902.81
2020-05-04 20:30:00,0,8813.08,8684.11
2020-05-04 21:00:00,0,8617.99,8489.07
2020-05-04 21:30:00,0,8442.61,8299.06
2020-05-04 22:00:00,0,8273.09,8098.68
2020-05-04 22:30:00,0,8022.5,8092.45
2020-05-04 23:00:00,0,8054.35,7953.27
2020-05-04 23:30:00,0,7833.97,7839.79
2020-05-05 00:00:00,0,7744.05,7750.32
2020-05-05 00:30:00,0,7748.68,7628.56
2020-05-05 01:00:00,0,7563.71,7469.49
2020-05-05 01:30:00,0,7424.41,7273.26
2020-05-05 02:00:00,0,7204.45,7062.43
2020-05-05 02:30:00,0,7015.87,6755.44
2020-05-05 03:00:00,0,6705.49,6513.66
2020-05-05 03:30:00,0,6476.79,6328.65
2020-05-05 04:00:00,0,6321.46,6233.57
2020-05-05 12:30:00,0,6846.94,7166.38
2020-05-05 13:00:00,0,6802.88,7177.96
2020-05-05 13:30:00,0,6809.29,7180.29
2020-05-05 14:00:00,0,6778.1,7205.65
2020-05-05 14:30:00,0,6807.04,7228.87
2020-05-05 15:00:00,0,6874.53,7327.73
2020-05-05 15:30:00,0,6953.53,7462.11
2020-05-05 16:00:00,0,7138.75,7668.23
2020-05-05 16:30:00,0,7423.82,7899.27
2020-05-05 17:00:00,0,7723.54,8257.26
2020-05-05 17:30:00,0,8127.35,8798.38
2020-05-05 18:00:00,0,8632.41,9291.23
2020-05-05 18:30:00,0,9277.2,9326.14
2020-05-05 19:00:00,0,9291.21,9171.82
2020-05-05 19:30:00,0,9145.51,8869.67
2020-05-05 20:00:00,0,8865.01,8645.98
2020-05-05 20:30:00,0,8651.65,8479.8
2020-05-05 21:00:00,0,8443.29,8315.86
2020-05-05 21:30:00,0,8221.83,8146.46
2020-05-05 22:00:00,0,8069.24,7963.92
2020-05-05 22:30:00,0,7874.61,7932.42
2020-05-05 23:00:00,0,7933.59,7810.68
2020-05-05 23:30:00,0,7743.73,7728.08
2020-05-06 00:00:00,0,7723.66,7651.2
2020-05-06 00:30:00,0,7668.65,7533.9
2020-05-06 01:00:00,0,7563.64,7389.3
2020-05-06 01:30:00,0,7411.74,7187.08
2020-05-06 02:00:00,0,7211.03,6973.55
2020-05-06 02:30:00,0,7011.12,6665.11
2020-05-06 03:00:00,0,6730.3,6425.4
2020-05-06 03:30:00,0,6479.28,6237.61
2020-05-06 04:00:00,0,6341.13,6147.78
2020-05-06 12:30:00,0,7192.2,6632.7
2020-05-06 13:00:00,0,7132.18,6631.3
2020-05-06 13:30:00,0,7045.83,6701.24
2020-05-06 14:00:00,0,6974.59,6737.6
2020-05-06 14:30:00,0,6989.33,6828.67
2020-05-06 15:00:00,0,7080.71,6941.56
2020-05-06 15:30:00,0,7171.17,7114.56
2020-05-06 16:00:00,0,7326.09,7320.02
2020-05-06 16:30:00,0,7558.51,7563.39
2020-05-06 17:00:00,0,7788.33,7915.67
2020-05-06 17:30:00,0,8154.62,8396.55
2020-05-06 18:00:00,0,8629.32,8903.27
2020-05-06 18:30:00,0,9144.39,8950.38
2020-05-06 19:00:00,0,9141.09,8814.01
2020-05-06 19:30:00,0,8885.43,8530.12
2020-05-06 20:00:00,0,8612.67,8295.49
2020-05-06 20:30:00,0,8335.03,8115.1
2020-05-06 21:00:00,0,8161.59,7958.67
2020-05-06 21:30:00,0,8002.41,7791.39
2020-05-06 22:00:00,0,7813.27,7643.75
2020-05-06 22:30:00,0,7614.76,7631.69
2020-05-06 23:00:00,0,7630.31,7531.09
2020-05-06 23:30:00,0,7558.38,7470.05
2020-05-07 00:00:00,0,7521.99,7406.22
2020-05-07 00:30:00,0,7519.84,7307.93
2020-05-07 01:00:00,0,7385.67,7197.25
2020-05-07 01:30:00,0,7220.52,7019.05
2020-05-07 02:00:00,0,6995.59,6813.79
2020-05-07 02:30:00,0,6762.79,6534.64
2020-05-07 03:00:00,0,6538.55,6307.27
2020-05-07 03:30:00,0,6290.98,6155.35
2020-05-07 04:00:00,0,6157.13,6083.62
2020-05-07 12:30:00,0,6532.96,6718.07
2020-05-07 13:00:00,0,6572.02,6725.04
2020-05-07 13:30:00,0,6614.23,6780.84
2020-05-07 14:00:00,0,6612.21,6816.19
2020-05-07 14:30:00,0,6667.17,6871.14
2020-05-07 15:00:00,0,6801.14,6969.56
2020-05-07 15:30:00,0,6931.52,7116.96
2020-05-07 16:00:00,0,7074.28,7341.1
2020-05-07 16:30:00,0,7344.96,7578.72
2020-05-07 17:00:00,0,7592.05,7929.23
2020-05-07 17:30:00,0,7930.31,8311.06
2020-05-07 18:00:00,0,8247.34,8778.42
2020-05-07 18:30:00,0,8651.19,8931.0
2020-05-07 19:00:00,0,8629.43,8789.98
2020-05-07 19:30:00,0,8437.84,8518.65
2020-05-07 20:00:00,0,8159.25,8267.0
2020-05-07 20:30:00,0,7924.32,8049.28
2020-05-07 21:00:00,0,7766.02,7894.23
2020-05-07 21:30:00,0,7608.83,7711.0
2020-05-07 22:00:00,0,7413.46,7571.48
2020-05-07 22:30:00,0,7288.06,7549.7
2020-05-07 23:00:00,0,7445.93,7442.35
2020-05-07 23:30:00,0,7335.07,7385.91
2020-05-08 00:00:00,0,7297.5,7349.57
2020-05-08 00:30:00,0,7325.8,7242.13
2020-05-08 01:00:00,0,7304.77,7093.19
2020-05-08 01:30:00,0,7139.81,6907.91
2020-05-08 02:00:00,0,6926.91,6703.35
2020-05-08 02:30:00,0,6721.14,6413.82
2020-05-08 03:00:00,0,6380.61,6187.37
2020-05-08 03:30:00,0,6146.34,6058.6
2020-05-08 04:00:00,0,5988.17,6002.05
2020-05-08 12:30:00,0,6351.65,6801.04
2020-05-08 13:00:00,0,6412.22,6787.36
2020-05-08 13:30:00,0,6432.27,6811.01
2020-05-08 14:00:00,0,6629.24,6859.41
2020-05-08 14:30:00,0,6619.27,6922.31
2020-05-08 15:00:00,0,6705.54,7035.02
2020-05-08 15:30:00,0,6843.25,7182.26
2020-05-08 16:00:00,0,6953.67,7444.06
2020-05-08 16:30:00,0,7044.88,7683.82
2020-05-08 17:00:00,0,7305.91,7959.98
2020-05-08 17:30:00,0,7574.0,8218.45
2020-05-08 18:00:00,0,7836.12,8564.91
2020-05-08 18:30:00,0,8306.85,8610.45
2020-05-08 19:00:00,0,8345.99,8372.34
2020-05-08 19:30:00,0,8136.4,8149.14
2020-05-08 20:00:00,0,7897.84,7898.81
2020-05-08 20:30:00,0,7684.94,7735.0
2020-05-08 21:00:00,0,7471.36,7579.27
2020-05-08 21:30:00,0,7317.95,7463.67
2020-05-08 22:00:00,0,7248.95,7361.5
2020-05-08 22:30:00,0,7128.6,7390.6
2020-05-08 23:00:00,0,7169.13,7324.53
2020-05-08 23:30:00,0,7086.85,7278.96
2020-05-09 00:00:00,0,7021.03,7250.83
2020-05-09 00:30:00,0,6940.92,7151.14
2020-05-09 01:00:00,0,6789.53,6989.72
2020-05-09 01:30:00,0,6663.25,6775.0
2020-05-09 02:00:00,0,6464.72,6532.96
2020-05-09 02:30:00,0,6262.8,6244.22
2020-05-09 03:00:00,0,5977.85,5998.08
2020-05-09 03:30:00,0,5838.78,5844.76
2020-05-09 04:00:00,0,5743.85,5744.14
2020-05-09 12:30:00,0,6063.1,6564.45
2020-05-09 13:00:00,0,6052.31,6590.78
2020-05-09 13:30:00,0,5970.66,6586.54
2020-05-09 14:00:00,0,5912.39,6637.02
2020-05-09 14:30:00,0,5963.43,6674.53
2020-05-09 15:00:00,0,6052.7,6763.41
2020-05-09 15:30:00,0,6215.18,6834.14
2020-05-09 16:00:00,0,6501.77,6982.85
2020-05-09 16:30:00,0,6851.48,7222.96
2020-05-09 17:00:00,0,7256.25,7579.48
2020-05-09 17:30:00,0,7800.19,7932.96
2020-05-09 18:00:00,0,8377.13,8346.49
2020-05-09 18:30:00,0,8974.66,8390.94
2020-05-09 19:00:00,0,9079.5,8187.06
2020-05-09 19:30:00,0,9016.69,7920.58
2020-05-09 20:00:00,0,8903.59,7695.15
2020-05-09 20:30:00,0,8722.74,7547.79
2020-05-09 21:00:00,0,8575.06,7406.03
2020-05-09 21:30:00,0,8488.04,7327.64
2020-05-09 22:00:00,0,8333.69,7249.49
2020-05-09 22:30:00,0,8080.08,7217.63
2020-05-09 23:00:00,0,7966.05,7156.27
2020-05-09 23:30:00,0,7742.85,7096.74
2020-05-10 00:00:00,0,7601.19,6991.96
2020-05-10 00:30:00,0,7491.89,6864.55
2020-05-10 01:00:00,0,7295.65,6722.09
2020-05-10 01:30:00,0,7138.69,6551.09
2020-05-10 02:00:00,0,6939.78,6373.71
2020-05-10 02:30:00,0,6748.06,6184.81
2020-05-10 03:00:00,0,6560.57,6005.81
2020-05-10 03:30:00,0,6399.37,5944.55
2020-05-10 04:00:00,0,6278.38,5897.87
2020-05-10 12:30:00,0,7192.82,6492.96
2020-05-10 13:00:00,0,7139.08,6460.47
2020-05-10 13:30:00,0,7080.47,6384.62
2020-05-10 14:00:00,0,7018.65,6401.75
2020-05-10 14:30:00,0,7046.37,6458.14
2020-05-10 15:00:00,0,7101.46,6612.7
2020-05-10 15:30:00,0,7277.49,6902.2
2020-05-10 16:00:00,0,7471.68,7240.8
2020-05-10 16:30:00,0,7815.71,7669.35
2020-05-10 17:00:00,0,8245.57,8201.11
2020-05-10 17:30:00,0,8864.18,8677.5
2020-05-10 18:00:00,0,9482.61,9261.88
2020-05-10 18:30:00,0,10173.48,9487.03
2020-05-10 19:00:00,0,10250.27,9385.8
2020-05-10 19:30:00,0,10049.55,9192.76
2020-05-10 20:00:00,0,9799.82,8986.49
2020-05-10 20:30:00,0,9490.66,8828.56
2020-05-10 21:00:00,0,9341.38,8637.1
2020-05-10 21:30:00,0,9079.71,8434.54
2020-05-10 22:00:00,0,8913.61,8222.04
2020-05-10 22:30:00,0,8573.8,8031.4
2020-05-10 23:00:00,0,8494.94,7829.16
2020-05-10 23:30:00,0,8237.08,7648.79
2020-05-11 00:00:00,0,8130.28,7450.1
2020-05-11 00:30:00,0,8076.78,7257.59
2020-05-11 01:00:00,0,7941.34,7084.82
2020-05-11 01:30:00,0,7734.93,6880.6
2020-05-11 02:00:00,0,7571.38,6722.14
2020-05-11 02:30:00,0,7330.24,6507.24
2020-05-11 03:00:00,0,7018.05,6355.7
2020-05-11 03:30:00,0,6817.85,6273.31
2020-05-11 04:00:00,0,6710.36,6236.46
2020-05-11 12:30:00,0,7438.36,7166.74
2020-05-11 13:00:00,0,7300.94,7134.31
2020-05-11 13:30:00,0,7215.07,7085.42
2020-05-11 14:00:00,0,7194.2,7077.16
2020-05-11 14:30:00,0,7188.54,7140.44
2020-05-11 15:00:00,0,7206.67,7227.92
2020-05-11 15:30:00,0,7386.46,7413.35
2020-05-11 16:00:00,0,7529.54,7663.21
2020-05-11 16:30:00,0,7851.92,8032.72
2020-05-11 17:00:00,0,8164.06,8563.5
2020-05-11 17:30:00,0,8670.44,9256.8
2020-05-11 18:00:00,0,9294.05,9912.73
2020-05-11 18:30:00,0,9981.23,10041.02
2020-05-11 19:00:00,0,10008.65,9910.17
2020-05-11 19:30:00,0,9814.89,9647.04
2020-05-11 20:00:00,0,9536.26,9412.64
2020-05-11 20:30:00,0,9315.15,9192.79
2020-05-11 21:00:00,0,9145.44,8981.0
2020-05-11 21:30:00,0,8907.84,8774.26
2020-05-11 22:00:00,0,8686.17,8546.06
2020-05-11 22:30:00,0,8362.76,8485.87
2020-05-11 23:00:00,0,8398.41,8307.27
2020-05-11 23:30:00,0,8132.26,8145.68
2020-05-12 00:00:00,0,8060.79,8042.02
2020-05-12 00:30:00,0,7955.4,7903.38
2020-05-12 01:00:00,0,7796.05,7730.2
2020-05-12 01:30:00,0,7634.43,7488.36
2020-05-12 02:00:00,0,7484.47,7282.96
2020-05-12 02:30:00,0,7235.32,6966.97
2020-05-12 03:00:00,0,6918.59,6711.04
2020-05-12 03:30:00,0,6690.03,6543.98
2020-05-12 04:00:00,0,6523.11,6434.82
2020-05-12 12:30:00,0,7834.74,7040.07
2020-05-12 13:00:00,0,7783.47,6995.16
2020-05-12 13:30:00,0,7728.91,7038.45
2020-05-12 14:00:00,0,7746.29,7055.37
2020-05-12 14:30:00,0,7715.3,7126.97
2020-05-12 15:00:00,0,7813.7,7225.18
2020-05-12 15:30:00,0,7849.34,7391.48
2020-05-12 16:00:00,0,7959.62,7654.71
2020-05-12 16:30:00,0,8281.32,7943.71
2020-05-12 17:00:00,0,8567.45,8375.08
2020-05-12 17:30:00,0,9080.8,9032.8
2020-05-12 18:00:00,0,9634.06,9601.49
2020-05-12 18:30:00,0,10195.56,9596.47
2020-05-12 19:00:00,0,10188.89,9486.47
2020-05-12 19:30:00,0,10065.14,9278.39
2020-05-12 20:00:00,0,9770.8,9077.71
2020-05-12 20:30:00,0,9528.46,8901.95
2020-05-12 21:00:00,0,9328.4,8731.24
2020-05-12 21:30:00,0,9117.44,8522.21
2020-05-12 22:00:00,0,8894.3,8313.09
2020-05-12 22:30:00,0,8588.8,8259.22
2020-05-12 23:00:00,0,8607.39,8104.72
2020-05-12 23:30:00,0,8395.91,7990.88
2020-05-13 00:00:00,0,8297.35,7911.96
2020-05-13 00:30:00,0,8175.47,7791.69
2020-05-13 01:00:00,0,8001.79,7649.3
2020-05-13 01:30:00,0,7814.76,7417.09
2020-05-13 02:00:00,0,7642.29,7194.59
2020-05-13 02:30:00,0,7383.28,6882.76
2020-05-13 03:00:00,0,7062.83,6635.99
2020-05-13 03:30:00,0,6846.06,6453.03
2020-05-13 04:00:00,0,6658.75,6346.12
2020-05-13 12:30:00,0,8020.15,7288.77
2020-05-13 13:00:00,0,7954.37,7235.11
2020-05-13 13:30:00,0,7936.9,7232.48
2020-05-13 14:00:00,0,7866.76,7223.25
2020-05-13 14:30:00,0,7893.47,7249.75
2020-05-13 15:00:00,0,7932.68,7323.65
2020-05-13 15:30:00,0,8037.13,7498.05
2020-05-13 16:00:00,0,8210.68,7752.76
2020-05-13 16:30:00,0,8468.46,8093.17
2020-05-13 17:00:00,0,8782.36,8531.16
2020-05-13 17:30:00,0,9313.49,9154.93
2020-05-13 18:00:00,0,9862.54,9689.98
2020-05-13 18:30:00,0,10376.27,9744.55
2020-05-13 19:00:00,0,10370.73,9630.79
2020-05-13 19:30:00,0,10202.1,9442.39
2020-05-13 20:00:00,0,9837.53,9246.11
2020-05-13 20:30:00,0,9574.58,9048.82
2020-05-13 21:00:00,0,9383.85,8878.09
2020-05-13 21:30:00,0,9113.66,8672.44
2020-05-13 22:00:00,0,8898.28,8466.52
2020-05-13 22:30:00,0,8639.79,8400.9
2020-05-13 23:00:00,0,8552.28,8227.89
2020-05-13 23:30:00,0,8304.55,8088.09
2020-05-14 00:00:00,0,8159.98,7990.96
2020-05-14 00:30:00,0,8053.89,7871.57
2020-05-14 01:00:00,0,7882.48,7731.52
2020-05-14 01:30:00,0,7683.08,7536.86
2020-05-14 02:00:00,0,7492.03,7304.35
2020-05-14 02:30:00,0,7247.7,7004.07
2020-05-14 03:00:00,0,6933.32,6757.28
2020-05-14 03:30:00,0,6693.95,6572.98
2020-05-14 04:00:00,0,6549.77,6475.34
2020-05-14 12:30:00,0,8002.73,7776.87
2020-05-14 13:00:00,0,7910.42,7782.99
2020-05-14 13:30:00,0,7875.38,7810.07
2020-05-14 14:00:00,0,7933.67,7831.02
2020-05-14 14:30:00,0,7978.09,7840.91
2020-05-14 15:00:00,0,7974.53,7947.94
2020-05-14 15:30:00,0,8115.66,8094.21
2020-05-14 16:00:00,0,8240.95,8346.93
2020-05-14 16:30:00,0,8509.83,8672.8
2020-05-14 17:00:00,0,8853.63,9134.3
2020-05-14 17:30:00,0,9346.66,9683.27
2020-05-14 18:00:00,0,9840.97,10177.56
2020-05-14 18:30:00,0,10242.8,10262.75
2020-05-14 19:00:00,0,10205.99,10101.1
2020-05-14 19:30:00,0,10037.6,9844.6
2020-05-14 20:00:00,0,9744.04,9597.7
2020-05-14 20:30:00,0,9494.94,9378.92
2020-05-14 21:00:00,0,9343.74,9161.64
2020-05-14 21:30:00,0,9090.09,8935.8
2020-05-14 22:00:00,0,8846.64,8675.43
2020-05-14 22:30:00,0,8627.46,8560.08
2020-05-14 23:00:00,0,8616.71,8365.48
2020-05-14 23:30:00,0,8420.52,8212.98
2020-05-15 00:00:00,0,8297.69,8108.65
2020-05-15 00:30:00,0,8127.14,7975.88
2020-05-15 01:00:00,0,8004.9,7823.25
2020-05-15 01:30:00,0,7826.26,7621.17
2020-05-15 02:00:00,0,7585.25,7389.01
2020-05-15 02:30:00,0,7357.87,7085.15
2020-05-15 03:00:00,0,7040.12,6848.29
2020-05-15 03:30:00,0,6767.4,6666.51
2020-05-15 04:00:00,0,6531.98,6581.66
2020-05-15 12:30:00,0,6910.27,7539.54
2020-05-15 13:00:00,0,6892.89,7488.05
2020-05-15 13:30:00,0,6968.84,7422.01
2020-05-15 14:00:00,0,6957.46,7398.37
2020-05-15 14:30:00,0,6910.08,7418.86
2020-05-15 15:00:00,0,6929.62,7507.08
2020-05-15 15:30:00,0,7020.67,7670.58
2020-05-15 16:00:00,0,7252.08,7948.88
2020-05-15 16:30:00,0,7457.21,8316.52
2020-05-15 17:00:00,0,7788.1,8764.9
2020-05-15 17:30:00,0,8179.33,9277.25
2020-05-15 18:00:00,0,8699.28,9729.5
2020-05-15 18:30:00,0,9238.81,9767.73
2020-05-15 19:00:00,0,9255.04,9576.61
2020-05-15 19:30:00,0,9127.13,9321.82
2020-05-15 20:00:00,0,8926.74,9077.04
2020-05-15 20:30:00,0,8756.63,8904.4
2020-05-15 21:00:00,0,8595.25,8706.97
2020-05-15 21:30:00,0,8461.33,8548.32
2020-05-15 22:00:00,0,8318.94,8377.93
2020-05-15 22:30:00,0,8143.15,8366.38
2020-05-15 23:00:00,0,8170.37,8245.11
2020-05-15 23:30:00,0,8033.68,8132.19
2020-05-16 00:00:00,0,7921.27,8040.48
2020-05-16 00:30:00,0,7771.69,7906.19
2020-05-16 01:00:00,0,7557.13,7732.27
2020-05-16 01:30:00,0,7407.5,7518.15
2020-05-16 02:00:00,0,7166.18,7214.97
2020-05-16 02:30:00,0,6938.48,6929.34
2020-05-16 03:00:00,0,6678.24,6678.81
2020-05-16 03:30:00,0,6512.15,6487.2
2020-05-16 04:00:00,0,6353.96,6390.25
2020-05-16 12:30:00,0,6447.05,6859.46
2020-05-16 13:00:00,0,6540.59,6842.96
2020-05-16 13:30:00,0,6647.94,6784.61
2020-05-16 14:00:00,0,6590.25,6784.47
2020-05-16 14:30:00,0,6550.58,6829.76
2020-05-16 15:00:00,0,6666.86,6962.65
2020-05-16 15:30:00,0,6787.28,7154.73
2020-05-16 16:00:00,0,6953.46,7368.54
2020-05-16 16:30:00,0,7239.3,7697.49
2020-05-16 17:00:00,0,7680.42,8174.57
2020-05-16 17:30:00,0,8194.41,8728.21
2020-05-16 18:00:00,0,8734.97,9116.43
2020-05-16 18:30:00,0,9267.45,9162.55
2020-05-16 19:00:00,0,9310.81,8990.47
2020-05-16 19:30:00,0,9138.17,8766.86
2020-05-16 20:00:00,0,8924.54,8518.75
2020-05-16 20:30:00,0,8701.71,8356.25
2020-05-16 21:00:00,0,8554.92,8207.41
2020-05-16 21:30:00,0,8352.08,8027.6
2020-05-16 22:00:00,0,8164.3,7883.93
2020-05-16 22:30:00,0,7927.83,7826.47
2020-05-16 23:00:00,0,7882.82,7716.28
2020-05-16 23:30:00,0,7694.65,7586.19
2020-05-17 00:00:00,0,7579.0,7446.03
2020-05-17 00:30:00,0,7452.12,7258.25
2020-05-17 01:00:00,0,7300.81,7070.1
2020-05-17 01:30:00,0,7134.51,6861.62
2020-05-17 02:00:00,0,6888.78,6631.09
2020-05-17 02:30:00,0,6720.68,6396.1
2020-05-17 03:00:00,0,6513.11,6212.41
2020-05-17 03:30:00,0,6360.77,6105.97
2020-05-17 04:00:00,0,6289.27,6041.28
2020-05-17 12:30:00,0,7909.89,6495.12
2020-05-17 13:00:00,0,7945.5,6479.0
2020-05-17 13:30:00,0,8045.87,6461.21
2020-05-17 14:00:00,0,8058.3,6457.74
2020-05-17 14:30:00,0,8056.74,6503.93
2020-05-17 15:00:00,0,8149.75,6631.43
2020-05-17 15:30:00,0,8178.01,6865.58
2020-05-17 16:00:00,0,8260.63,7147.96
2020-05-17 16:30:00,0,8427.84,7521.71
2020-05-17 17:00:00,0,8704.5,8033.34
2020-05-17 17:30:00,0,9169.64,8553.14
2020-05-17 18:00:00,0,9646.95,9029.68
2020-05-17 18:30:00,0,10136.43,9164.88
2020-05-17 19:00:00,0,10061.33,9058.15
2020-05-17 19:30:00,0,9833.52,8821.11
2020-05-17 20:00:00,0,9510.08,8595.12
2020-05-17 20:30:00,0,9281.8,8405.37
2020-05-17 21:00:00,0,9024.43,8246.04
2020-05-17 21:30:00,0,8735.07,8040.84
2020-05-17 22:00:00,0,8496.5,7861.88
2020-05-17 22:30:00,0,8224.77,7755.02
2020-05-17 23:00:00,0,8228.06,7608.01
2020-05-17 23:30:00,0,7977.4,7454.98
2020-05-18 00:00:00,0,7921.05,7316.65
2020-05-18 00:30:00,0,7880.37,7154.37
2020-05-18 01:00:00,0,7684.11,6999.97
2020-05-18 01:30:00,0,7511.03,6811.37
2020-05-18 02:00:00,0,7303.09,6622.99
2020-05-18 02:30:00,0,7152.72,6393.88
2020-05-18 03:00:00,0,6820.38,6235.3
2020-05-18 03:30:00,0,6631.43,6139.45
2020-05-18 04:00:00,0,6449.31,6083.42
2020-05-18 12:30:00,0,7252.69,7494.05
2020-05-18 13:00:00,0,7204.29,7504.74
2020-05-18 13:30:00,0,7145.2,7508.96
2020-05-18 14:00:00,0,7155.17,7524.12
2020-05-18 14:30:00,0,7240.94,7552.73
2020-05-18 15:00:00,0,7312.67,7616.69
2020-05-18 15:30:00,0,7465.64,7729.4
2020-05-18 16:00:00,0,7646.19,7929.3
2020-05-18 16:30:00,0,7887.73,8211.02
2020-05-18 17:00:00,0,8202.2,8683.93
2020-05-18 17:30:00,0,8693.45,9314.51
2020-05-18 18:00:00,0,9219.71,9799.79
2020-05-18 18:30:00,0,9721.22,9827.77
2020-05-18 19:00:00,0,9657.86,9633.75
2020-05-18 19:30:00,0,9503.1,9306.63
2020-05-18 20:00:00,0,9155.85,9041.58
2020-05-18 20:30:00,0,8952.84,8826.18
2020-05-18 21:00:00,0,8733.7,8622.49
2020-05-18 21:30:00,0,8499.28,8401.69
2020-05-18 22:00:00,0,8326.53,8192.06
2020-05-18 22:30:00,0,8022.08,8155.18
2020-05-18 23:00:00,0,8071.51,7999.25
2020-05-18 23:30:00,0,7885.23,7895.0
2020-05-19 00:00:00,0,7846.93,7804.92
2020-05-19 00:30:00,0,7789.1,7691.55
2020-05-19 01:00:00,0,7609.79,7538.13
2020-05-19 01:30:00,0,7487.28,7315.49
2020-05-19 02:00:00,0,7326.24,7104.09
2020-05-19 02:30:00,0,7057.65,6813.94
2020-05-19 03:00:00,0,6664.28,6580.07
2020-05-19 03:30:00,0,6500.32,6409.3
2020-05-19 04:00:00,0,6321.41,6302.9
2020-05-19 12:30:00,0,7263.28,7250.85
2020-05-19 13:00:00,0,7228.21,7263.24
2020-05-19 13:30:00,0,7206.91,7295.11
2020-05-19 14:00:00,0,7318.6,7321.64
2020-05-19 14:30:00,0,7318.6,7340.58
2020-05-19 15:00:00,0,7371.26,7418.23
2020-05-19 15:30:00,0,7381.85,7567.67
2020-05-19 16:00:00,0,7496.32,7783.79
2020-05-19 16:30:00,0,7724.92,8048.4
2020-05-19 17:00:00,0,7963.26,8468.46
2020-05-19 17:30:00,0,8393.27,9034.04
2020-05-19 18:00:00,0,8870.03,9491.62
2020-05-19 18:30:00,0,9354.23,9545.77
2020-05-19 19:00:00,0,9317.66,9422.12
2020-05-19 19:30:00,0,9092.38,9166.13
2020-05-19 20:00:00,0,8803.01,8956.89
2020-05-19 20:30:00,0,8572.36,8808.97
2020-05-19 21:00:00,0,8459.51,8623.95
2020-05-19 21:30:00,0,8291.31,8435.21
2020-05-19 22:00:00,0,8037.85,8239.6
2020-05-19 22:30:00,0,7846.4,8183.1
2020-05-19 23:00:00,0,7849.69,8044.31
2020-05-19 23:30:00,0,7657.97,7932.57
2020-05-20 00:00:00,0,7663.16,7835.44
2020-05-20 00:30:00,0,7616.04,7722.06
2020-05-20 01:00:00,0,7484.89,7588.6
2020-05-20 01:30:00,0,7365.29,7372.43
2020-05-20 02:00:00,0,7208.99,7146.27
2020-05-20 02:30:00,0,6979.64,6836.86
2020-05-20 03:00:00,0,6669.8,6585.93
2020-05-20 03:30:00,0,6415.11,6394.57
2020-05-20 04:00:00,0,6293.75,6292.66
2020-05-20 12:30:00,0,8670.48,7247.68
2020-05-20 13:00:00,0,8614.5,7273.06
2020-05-20 13:30:00,0,8536.04,7291.45
2020-05-20 14:00:00,0,8411.71,7309.79
2020-05-20 14:30:00,0,8189.06,7340.37
2020-05-20 15:00:00,0,8071.04,7393.06
2020-05-20 15:30:00,0,8091.08,7483.8
2020-05-20 16:00:00,0,8173.09,7649.51
2020-05-20 16:30:00,0,8390.47,7915.77
2020-05-20 17:00:00,0,8681.37,8282.2
2020-05-20 17:30:00,0,9162.7,8764.2
2020-05-20 18:00:00,0,9632.37,9211.05
2020-05-20 18:30:00,0,10104.44,9255.24
2020-05-20 19:00:00,0,10097.17,9109.6
2020-05-20 19:30:00,0,9891.78,8861.86
2020-05-20 20:00:00,0,9575.72,8632.02
2020-05-20 20:30:00,0,9434.11,8451.71
2020-05-20 21:00:00,0,9227.37,8290.03
2020-05-20 21:30:00,0,9043.49,8092.37
2020-05-20 22:00:00,0,8803.51,7940.33
2020-05-20 22:30:00,0,8563.98,7936.62
2020-05-20 23:00:00,0,8521.46,7831.25
2020-05-20 23:30:00,0,8294.7,7787.9
2020-05-21 00:00:00,0,8224.38,7718.17
2020-05-21 00:30:00,0,8160.85,7618.78
2020-05-21 01:00:00,0,7993.05,7491.8
2020-05-21 01:30:00,0,7807.48,7312.18
2020-05-21 02:00:00,0,7637.8,7102.19
2020-05-21 02:30:00,0,7388.21,6815.4
2020-05-21 03:00:00,0,7073.26,6584.43
2020-05-21 03:30:00,0,6788.72,6414.79
2020-05-21 04:00:00,0,6648.53,6331.25
2020-05-21 12:30:00,0,8723.43,7822.85
2020-05-21 13:00:00,0,8717.57,7843.46
2020-05-21 13:30:00,0,8800.0,7820.06
2020-05-21 14:00:00,0,8815.97,7795.01
2020-05-21 14:30:00,0,8882.26,7783.03
2020-05-21 15:00:00,0,8979.49,7821.81
2020-05-21 15:30:00,0,9019.89,7892.58
2020-05-21 16:00:00,0,9147.97,8099.81
2020-05-21 16:30:00,0,9414.42,8363.27
2020-05-21 17:00:00,0,9677.46,8754.69
2020-05-21 17:30:00,0,10053.48,9302.43
2020-05-21 18:00:00,0,10381.61,9774.05
2020-05-21 18:30:00,0,10680.81,9855.31
2020-05-21 19:00:00,0,10512.29,9760.52
2020-05-21 19:30:00,0,10293.76,9606.22
2020-05-21 20:00:00,0,10018.54,9420.23
2020-05-21 20:30:00,0,9726.31,9262.0
2020-05-21 21:00:00,0,9496.82,9056.64
2020-05-21 21:30:00,0,9260.32,8863.19
2020-05-21 22:00:00,0,8979.24,8629.46
2020-05-21 22:30:00,0,8767.3,8561.83
2020-05-21 23:00:00,0,8773.19,8370.12
2020-05-21 23:30:00,0,8578.86,8249.43
2020-05-22 00:00:00,0,8445.55,8119.06
2020-05-22 00:30:00,0,8315.18,7968.6
2020-05-22 01:00:00,0,8100.51,7808.83
2020-05-22 01:30:00,0,7883.96,7570.49
2020-05-22 02:00:00,0,7600.11,7336.81
2020-05-22 02:30:00,0,7346.82,7026.94
2020-05-22 03:00:00,0,6941.31,6783.9
2020-05-22 03:30:00,0,6675.97,6594.12
2020-05-22 04:00:00,0,6489.92,6522.85
2020-05-22 12:30:00,0,7938.88,8179.7
2020-05-22 13:00:00,0,7981.85,8168.88
2020-05-22 13:30:00,0,8045.44,8175.53
2020-05-22 14:00:00,0,8061.74,8159.57
2020-05-22 14:30:00,0,8048.67,8179.48
2020-05-22 15:00:00,0,8109.6,8233.62
2020-05-22 15:30:00,0,8219.51,8340.91
2020-05-22 16:00:00,0,8453.95,8601.18
2020-05-22 16:30:00,0,8678.46,8934.43
2020-05-22 17:00:00,0,9007.45,9449.83
2020-05-22 17:30:00,0,9406.76,10061.18
2020-05-22 18:00:00,0,9744.34,10535.3
2020-05-22 18:30:00,0,10032.05,10538.27
2020-05-22 19:00:00,0,9936.99,10376.4
2020-05-22 19:30:00,0,9768.1,10135.54
2020-05-22 20:00:00,0,9459.56,9904.85
2020-05-22 20:30:00,0,9142.95,9721.06
2020-05-22 21:00:00,0,8989.86,9505.59
2020-05-22 21:30:00,0,8772.6,9293.48
2020-05-22 22:00:00,0,8569.05,9083.87
2020-05-22 22:30:00,0,8367.88,8944.89
2020-05-22 23:00:00,0,8297.49,8735.66
2020-05-22 23:30:00,0,8112.81,8570.86
2020-05-23 00:00:00,0,7953.66,8441.25
2020-05-23 00:30:00,0,7782.88,8270.4
2020-05-23 01:00:00,0,7550.55,8068.9
2020-05-23 01:30:00,0,7316.22,7856.69
2020-05-23 02:00:00,0,7071.83,7567.1
2020-05-23 02:30:00,0,6781.82,7259.87
2020-05-23 03:00:00,0,6494.74,6980.71
2020-05-23 03:30:00,0,6298.9,6780.34
2020-05-23 04:00:00,0,6217.2,6658.95
2020-05-23 12:30:00,0,7435.27,7787.22
2020-05-23 13:00:00,0,7328.3,7781.91
2020-05-23 13:30:00,0,7328.18,7708.64
2020-05-23 14:00:00,0,7298.24,7712.46
2020-05-23 14:30:00,0,7384.44,7786.99
2020-05-23 15:00:00,0,7484.04,7857.25
2020-05-23 15:30:00,0,7602.8,7992.79
2020-05-23 16:00:00,0,7789.12,8231.74
2020-05-23 16:30:00,0,8058.74,8607.19
2020-05-23 17:00:00,0,8413.79,9131.02
2020-05-23 17:30:00,0,8919.42,9576.21
2020-05-23 18:00:00,0,9472.98,9984.56
2020-05-23 18:30:00,0,9919.96,9952.05
2020-05-23 19:00:00,0,9935.7,9774.76
2020-05-23 19:30:00,0,9757.11,9540.64
2020-05-23 20:00:00,0,9479.09,9261.42
2020-05-23 20:30:00,0,9232.13,9060.29
2020-05-23 21:00:00,0,9043.69,8898.01
2020-05-23 21:30:00,0,8871.76,8710.9
2020-05-23 22:00:00,0,8611.82,8535.32
2020-05-23 22:30:00,0,8358.87,8431.61
2020-05-23 23:00:00,0,8231.3,8281.39
2020-05-23 23:30:00,0,7923.91,8117.57
2020-05-24 00:00:00,0,7767.0,7973.26
2020-05-24 00:30:00,0,7606.05,7756.86
2020-05-24 01:00:00,0,7362.59,7531.74
2020-05-24 01:30:00,0,7187.02,7304.74
2020-05-24 02:00:00,0,6986.39,7050.96
2020-05-24 02:30:00,0,6783.09,6787.95
2020-05-24 03:00:00,0,6555.58,6574.9
2020-05-24 03:30:00,0,6363.22,6414.02
2020-05-24 04:00:00,0,6319.83,6324.41
2020-05-24 12:30:00,0,8651.18,7272.59
2020-05-24 13:00:00,0,8688.23,7242.52
2020-05-24 13:30:00,0,8660.01,7209.75
2020-05-24 14:00:00,0,8654.11,7222.43
2020-05-24 14:30:00,0,8711.35,7274.17
2020-05-24 15:00:00,0,8750.61,7423.53
2020-05-24 15:30:00,0,8856.98,7697.2
2020-05-24 16:00:00,0,9000.43,8029.67
2020-05-24 16:30:00,0,9369.1,8405.96
2020-05-24 17:00:00,0,9773.87,8919.38
2020-05-24 17:30:00,0,10309.02,9374.03
2020-05-24 18:00:00,0,10831.09,9859.05
2020-05-24 18:30:00,0,11148.12,9930.28
2020-05-24 19:00:00,0,11012.34,9816.11
2020-05-24 19:30:00,0,10778.01,9609.49
2020-05-24 20:00:00,0,10395.8,9397.49
2020-05-24 20:30:00,0,10076.8,9195.63
2020-05-24 21:00:00,0,9783.4,8987.38
2020-05-24 21:30:00,0,9507.77,8748.54
2020-05-24 22:00:00,0,9211.26,8502.62
2020-05-24 22:30:00,0,8829.92,8329.02
2020-05-24 23:00:00,0,8742.71,8115.8
2020-05-24 23:30:00,0,8469.29,7921.69
2020-05-25 00:00:00,0,8323.69,7774.07
2020-05-25 00:30:00,0,8232.88,7603.99
2020-05-25 01:00:00,0,8034.85,7442.01
2020-05-25 01:30:00,0,7874.08,7269.5
2020-05-25 02:00:00,0,7657.18,7066.08
2020-05-25 02:30:00,0,7435.82,6804.14
2020-05-25 03:00:00,0,7088.92,6606.36
2020-05-25 03:30:00,0,6856.37,6473.02
2020-05-25 04:00:00,0,6653.66,6415.56
2020-05-25 12:30:00,0,8136.32,8461.36
2020-05-25 13:00:00,0,8100.29,8455.95
2020-05-25 13:30:00,0,8005.76,8443.33
2020-05-25 14:00:00,0,8046.82,8457.87
2020-05-25 14:30:00,0,8098.8,8484.28
2020-05-25 15:00:00,0,8133.15,8554.2
2020-05-25 15:30:00,0,8149.31,8698.02
2020-05-25 16:00:00,0,8242.51,8926.54
2020-05-25 16:30:00,0,8581.74,9246.0
2020-05-25 17:00:00,0,9007.34,9720.05
2020-05-25 17:30:00,0,9486.93,10216.61
2020-05-25 18:00:00,0,10090.85,10640.94
2020-05-25 18:30:00,0,10493.34,10642.3
2020-05-25 19:00:00,0,10362.07,10422.29
2020-05-25 19:30:00,0,10172.65,10078.35
2020-05-25 20:00:00,0,9855.72,9794.42
2020-05-25 20:30:00,0,9598.98,9534.21
2020-05-25 21:00:00,0,9364.4,9297.42
2020-05-25 21:30:00,0,9049.19,8999.71
2020-05-25 22:00:00,0,8823.61,8732.19
2020-05-25 22:30:00,0,8539.86,8638.0
2020-05-25 23:00:00,0,8515.44,8437.25
2020-05-25 23:30:00,0,8251.77,8280.66
2020-05-26 00:00:00,0,8082.1,8176.91
2020-05-26 00:30:00,0,8020.0,8014.84
2020-05-26 01:00:00,0,7840.07,7855.3
2020-05-26 01:30:00,0,7700.54,7633.83
2020-05-26 02:00:00,0,7467.74,7404.58
2020-05-26 02:30:00,0,7236.79,7069.34
2020-05-26 03:00:00,0,6918.06,6809.84
2020-05-26 03:30:00,0,6645.18,6638.9
2020-05-26 04:00:00,0,6451.04,6539.98
2020-05-26 12:30:00,0,7726.99,8411.82
2020-05-26 13:00:00,0,7705.24,8402.42
2020-05-26 13:30:00,0,7746.21,8360.46
2020-05-26 14:00:00,0,7765.95,8339.47
2020-05-26 14:30:00,0,7709.13,8335.4
2020-05-26 15:00:00,0,7736.02,8398.53
2020-05-26 15:30:00,0,7816.73,8542.52
2020-05-26 16:00:00,0,7964.44,8773.76
2020-05-26 16:30:00,0,8257.44,9040.43
2020-05-26 17:00:00,0,8695.09,9461.98
2020-05-26 17:30:00,0,9127.64,9977.03
2020-05-26 18:00:00,0,9686.55,10373.12
2020-05-26 18:30:00,0,10162.61,10362.44
2020-05-26 19:00:00,0,10154.16,10177.46
2020-05-26 19:30:00,0,9976.3,9873.86
2020-05-26 20:00:00,0,9672.51,9629.24
2020-05-26 20:30:00,0,9462.67,9429.56
2020-05-26 21:00:00,0,9289.69,9182.48
2020-05-26 21:30:00,0,9085.25,8942.73
2020-05-26 22:00:00,0,8819.85,8694.16
2020-05-26 22:30:00,0,8565.9,8600.33
2020-05-26 23:00:00,0,8545.73,8409.59
2020-05-26 23:30:00,0,8298.05,8268.83
2020-05-27 00:00:00,0,8230.77,8154.25
2020-05-27 00:30:00,0,8135.32,7992.78
2020-05-27 01:00:00,0,7938.86,7823.29
2020-05-27 01:30:00,0,7824.28,7580.42
2020-05-27 02:00:00,0,7593.31,7334.67
2020-05-27 02:30:00,0,7369.69,7012.89
2020-05-27 03:00:00,0,7059.18,6752.87
2020-05-27 03:30:00,0,6835.85,6585.74
2020-05-27 04:00:00,0,6641.65,6479.77
2020-05-27 12:30:00,0,7290.67,7988.09
2020-05-27 13:00:00,0,7200.62,7963.02
2020-05-27 13:30:00,0,7118.68,7951.93
2020-05-27 14:00:00,0,7158.49,7944.59
2020-05-27 14:30:00,0,7167.87,7981.85
2020-05-27 15:00:00,0,7331.26,8043.58
2020-05-27 15:30:00,0,7481.98,8189.42
2020-05-27 16:00:00,0,7697.32,8418.33
2020-05-27 16:30:00,0,8017.79,8742.43
2020-05-27 17:00:00,0,8428.2,9199.31
2020-05-27 17:30:00,0,8907.34,9798.69
2020-05-27 18:00:00,0,9415.39,10172.65
2020-05-27 18:30:00,0,9923.32,10182.72
2020-05-27 19:00:00,0,9924.68,10008.87
2020-05-27 19:30:00,0,9799.76,9737.76
2020-05-27 20:00:00,0,9549.38,9490.41
2020-05-27 20:30:00,0,9342.23,9330.72
2020-05-27 21:00:00,0,9174.43,9096.15
2020-05-27 21:30:00,0,8991.23,8864.78
2020-05-27 22:00:00,0,8775.2,8625.36
2020-05-27 22:30:00,0,8516.35,8525.74
2020-05-27 23:00:00,0,8487.19,8346.84
2020-05-27 23:30:00,0,8270.23,8205.0
2020-05-28 00:00:00,0,8153.97,8072.8
2020-05-28 00:30:00,0,8049.23,7901.9
2020-05-28 01:00:00,0,7921.64,7735.14
2020-05-28 01:30:00,0,7721.53,7514.85
2020-05-28 02:00:00,0,7577.91,7286.32
2020-05-28 02:30:00,0,7354.23,7001.05
2020-05-28 03:00:00,0,7069.63,6767.4
2020-05-28 03:30:00,0,6790.31,6613.43
2020-05-28 04:00:00,0,6625.11,6527.92
2020-05-28 12:30:00,0,8218.12,7573.15
2020-05-28 13:00:00,0,8188.54,7532.08
2020-05-28 13:30:00,0,8172.48,7570.84
2020-05-28 14:00:00,0,8059.3,7591.99
2020-05-28 14:30:00,0,8070.45,7668.13
2020-05-28 15:00:00,0,8025.41,7763.19
2020-05-28 15:30:00,0,8062.35,7925.7
2020-05-28 16:00:00,0,8173.49,8192.3
2020-05-28 16:30:00,0,8496.72,8505.06
2020-05-28 17:00:00,0,8861.26,8999.9
2020-05-28 17:30:00,0,9293.57,9611.57
2020-05-28 18:00:00,0,9738.37,10024.89
2020-05-28 18:30:00,0,10144.32,10053.7
2020-05-28 19:00:00,0,10085.07,9915.56
2020-05-28 19:30:00,0,9949.9,9669.07
2020-05-28 20:00:00,0,9670.37,9419.84
2020-05-28 20:30:00,0,9460.3,9260.13
2020-05-28 21:00:00,0,9290.2,9061.24
2020-05-28 21:30:00,0,9094.76,8847.28
2020-05-28 22:00:00,0,8844.51,8599.79
2020-05-28 22:30:00,0,8634.86,8508.88
2020-05-28 23:00:00,0,8660.47,8342.81
2020-05-28 23:30:00,0,8454.74,8222.64
2020-05-29 00:00:00,0,8304.57,8097.81
2020-05-29 00:30:00,0,8238.47,7954.98
2020-05-29 01:00:00,0,8019.58,7793.46
2020-05-29 01:30:00,0,7874.47,7596.69
2020-05-29 02:00:00,0,7570.51,7364.63
2020-05-29 02:30:00,0,7314.04,7080.95
2020-05-29 03:00:00,0,6971.24,6839.56
2020-05-29 03:30:00,0,6720.13,6674.53
2020-05-29 04:00:00,0,6538.97,6583.86
2020-05-29 12:30:00,0,6846.23,7707.94
2020-05-29 13:00:00,0,6740.28,7629.55
2020-05-29 13:30:00,0,6715.9,7622.28
2020-05-29 14:00:00,0,6651.98,7606.53
2020-05-29 14:30:00,0,6659.08,7653.67
2020-05-29 15:00:00,0,6796.56,7710.48
2020-05-29 15:30:00,0,6884.0,7855.0
2020-05-29 16:00:00,0,7065.62,8140.8
2020-05-29 16:30:00,0,7384.78,8500.54
2020-05-29 17:00:00,0,7755.67,8991.39
2020-05-29 17:30:00,0,8255.63,9587.13
2020-05-29 18:00:00,0,8799.64,9971.91
2020-05-29 18:30:00,0,9253.47,9942.31
2020-05-29 19:00:00,0,9276.19,9787.83
2020-05-29 19:30:00,0,9127.24,9545.11
2020-05-29 20:00:00,0,8921.01,9335.16
2020-05-29 20:30:00,0,8739.8,9184.77
2020-05-29 21:00:00,0,8571.72,9017.09
2020-05-29 21:30:00,0,8431.72,8861.64
2020-05-29 22:00:00,0,8229.39,8665.73
2020-05-29 22:30:00,0,8073.06,8636.07
2020-05-29 23:00:00,0,8038.76,8463.47
2020-05-29 23:30:00,0,7869.12,8302.7
2020-05-30 00:00:00,0,7770.51,8210.78
2020-05-30 00:30:00,0,7574.83,8072.71
2020-05-30 01:00:00,0,7383.67,7883.44
2020-05-30 01:30:00,0,7083.49,7654.19
2020-05-30 02:00:00,0,6877.32,7362.98
2020-05-30 02:30:00,0,6658.18,7055.24
2020-05-30 03:00:00,0,6401.08,6770.35
2020-05-30 03:30:00,0,6156.96,6569.98
2020-05-30 04:00:00,0,6022.28,6449.51
2020-05-30 12:30:00,0,7180.01,6900.79
2020-05-30 13:00:00,0,6955.69,6893.05
2020-05-30 13:30:00,0,6685.19,6812.64
2020-05-30 14:00:00,0,6518.75,6795.74
2020-05-30 14:30:00,0,6539.6,6822.41
2020-05-30 15:00:00,0,6598.15,6925.52
2020-05-30 15:30:00,0,6788.74,7131.48
2020-05-30 16:00:00,0,7027.25,7443.3
2020-05-30 16:30:00,0,7350.27,7830.34
2020-05-30 17:00:00,0,7726.87,8367.24
2020-05-30 17:30:00,0,8211.7,8913.21
2020-05-30 18:00:00,0,8800.47,9350.98
2020-05-30 18:30:00,0,9233.5,9397.59
2020-05-30 19:00:00,0,9239.52,9222.59
2020-05-30 19:30:00,0,9145.43,9014.13
2020-05-30 20:00:00,0,8977.0,8810.84
2020-05-30 20:30:00,0,8748.48,8631.59
2020-05-30 21:00:00,0,8522.25,8470.18
2020-05-30 21:30:00,0,8356.44,8297.35
2020-05-30 22:00:00,0,8111.06,8155.71
2020-05-30 22:30:00,0,7845.57,8042.89
2020-05-30 23:00:00,0,7759.72,7926.84
2020-05-30 23:30:00,0,7559.47,7758.75
2020-05-31 00:00:00,0,7412.36,7626.34
2020-05-31 00:30:00,0,7254.69,7449.2
2020-05-31 01:00:00,0,7070.4,7265.68
2020-05-31 01:30:00,0,6933.37,7045.15
2020-05-31 02:00:00,0,6744.44,6800.61
2020-05-31 02:30:00,0,6574.63,6536.26
2020-05-31 03:00:00,0,6318.58,6318.37
2020-05-31 03:30:00,0,6153.36,6173.79
2020-05-31 04:00:00,0,6096.3,6081.51
2020-05-31 12:30:00,0,7503.41,6688.06
2020-05-31 13:00:00,0,7403.22,6666.97
2020-05-31 13:30:00,0,7424.16,6618.97
2020-05-31 14:00:00,0,7529.25,6627.67
2020-05-31 14:30:00,0,7515.79,6759.26
2020-05-31 15:00:00,0,7674.28,6871.66
2020-05-31 15:30:00,0,7804.14,7096.65
2020-05-31 16:00:00,0,8022.23,7383.06
2020-05-31 16:30:00,0,8396.84,7806.96
2020-05-31 17:00:00,0,8739.06,8308.25
2020-05-31 17:30:00,0,9138.75,8812.95
2020-05-31 18:00:00,0,9726.15,9268.68
2020-05-31 18:30:00,0,10238.38,9424.81
2020-05-31 19:00:00,0,10143.34,9292.62
2020-05-31 19:30:00,0,9989.63,9121.49
2020-05-31 20:00:00,0,9737.8,8898.75
2020-05-31 20:30:00,0,9465.4,8714.54
2020-05-31 21:00:00,0,9267.57,8549.3
2020-05-31 21:30:00,0,9106.02,8313.05
2020-05-31 22:00:00,0,8857.19,8079.88
2020-05-31 22:30:00,0,8520.28,7877.84
2020-05-31 23:00:00,0,8436.03,7677.8
2020-05-31 23:30:00,0,8256.59,7532.9
2020-06-01 00:00:00,0,8077.5,7401.56
2020-06-01 00:30:00,0,8013.01,7250.76
2020-06-01 01:00:00,0,7830.22,7105.18
2020-06-01 01:30:00,0,7707.86,6940.53
2020-06-01 02:00:00,0,7467.16,6754.34
2020-06-01 02:30:00,0,7298.13,6509.59
2020-06-01 03:00:00,0,6946.49,6312.74
2020-06-01 03:30:00,0,6765.36,6183.91
2020-06-01 04:00:00,0,6562.03,6112.15
2020-06-01 12:30:00,0,8916.59,7786.54
2020-06-01 13:00:00,0,8783.54,7820.61
2020-06-01 13:30:00,0,8689.86,7831.81
2020-06-01 14:00:00,0,8662.19,7847.7
2020-06-01 14:30:00,0,8737.26,7889.45
2020-06-01 15:00:00,0,8739.93,7964.24
2020-06-01 15:30:00,0,8872.1,8091.12
2020-06-01 16:00:00,0,8974.87,8355.52
2020-06-01 16:30:00,0,9268.76,8698.16
2020-06-01 17:00:00,0,9584.91,9145.9
2020-06-01 17:30:00,0,10229.24,9637.0
2020-06-01 18:00:00,0,10963.64,10083.94
2020-06-01 18:30:00,0,11588.33,10161.87
2020-06-01 19:00:00,0,11559.78,10031.08
2020-06-01 19:30:00,0,11383.66,9817.91
2020-06-01 20:00:00,0,11031.05,9590.36
2020-06-01 20:30:00,0,10761.54,9411.93
2020-06-01 21:00:00,0,10499.16,9205.54
2020-06-01 21:30:00,0,10189.12,8963.05
2020-06-01 22:00:00,0,9847.57,8720.43
2020-06-01 22:30:00,0,9410.5,8611.7
2020-06-01 23:00:00,0,9218.89,8407.75
2020-06-01 23:30:00,0,8786.23,8285.49
2020-06-02 00:00:00,0,8493.76,8179.45
2020-06-02 00:30:00,0,8394.4,8041.16
2020-06-02 01:00:00,0,8172.89,7894.25
2020-06-02 01:30:00,0,8006.09,7693.8
2020-06-02 02:00:00,0,7760.23,7482.94
2020-06-02 02:30:00,0,7570.42,7213.77
2020-06-02 03:00:00,0,7231.71,6977.08
2020-06-02 03:30:00,0,6913.58,6828.26
2020-06-02 04:00:00,0,6849.88,6737.95
2020-06-02 12:30:00,0,7802.3,8343.54
2020-06-02 13:00:00,0,7716.62,8301.91
2020-06-02 13:30:00,0,7616.6,8301.14
2020-06-02 14:00:00,0,7569.77,8290.89
2020-06-02 14:30:00,0,7624.43,8343.35
2020-06-02 15:00:00,0,7727.8,8406.5
2020-06-02 15:30:00,0,7861.07,8563.74
2020-06-02 16:00:00,0,8075.96,8883.59
2020-06-02 16:30:00,0,8465.83,9263.87
2020-06-02 17:00:00,0,8962.74,9831.08
2020-06-02 17:30:00,0,9635.63,10478.6
2020-06-02 18:00:00,0,10349.17,11015.59
2020-06-02 18:30:00,0,10996.92,11122.92
2020-06-02 19:00:00,0,11001.07,11046.11
2020-06-02 19:30:00,0,10860.9,10777.72
2020-06-02 20:00:00,0,10616.81,10516.63
2020-06-02 20:30:00,0,10329.16,10273.06
2020-06-02 21:00:00,0,10124.58,10066.55
2020-06-02 21:30:00,0,9859.51,9718.41
2020-06-02 22:00:00,0,9491.82,9393.45
2020-06-02 22:30:00,0,9208.21,9147.58
2020-06-02 23:00:00,0,9069.07,8871.1
2020-06-02 23:30:00,0,8783.39,8655.1
2020-06-03 00:00:00,0,8590.27,8483.65
2020-06-03 00:30:00,0,8522.24,8315.24
2020-06-03 01:00:00,0,8314.64,8114.93
2020-06-03 01:30:00,0,8105.37,7874.65
2020-06-03 02:00:00,0,7921.11,7615.09
2020-06-03 02:30:00,0,7644.88,7290.61
2020-06-03 03:00:00,0,7328.69,7013.17
2020-06-03 03:30:00,0,7033.81,6825.5
2020-06-03 04:00:00,0,6871.75,6706.62
2020-06-03 12:30:00,0,8159.43,8230.78
2020-06-03 13:00:00,0,8042.49,8176.53
2020-06-03 13:30:00,0,8041.64,8171.18
2020-06-03 14:00:00,0,7962.92,8187.15
2020-06-03 14:30:00,0,8020.18,8250.55
2020-06-03 15:00:00,0,8083.53,8366.14
2020-06-03 15:30:00,0,8176.89,8550.98
2020-06-03 16:00:00,0,8344.18,8899.02
2020-06-03 16:30:00,0,8711.85,9295.41
2020-06-03 17:00:00,0,9164.61,9883.81
2020-06-03 17:30:00,0,9809.14,10501.56
2020-06-03 18:00:00,0,10556.24,10995.17
2020-06-03 18:30:00,0,11135.86,11020.62
2020-06-03 19:00:00,0,11241.11,10899.09
2020-06-03 19:30:00,0,11093.3,10651.77
2020-06-03 20:00:00,0,10926.33,10419.0
2020-06-03 20:30:00,0,10743.25,10190.12
2020-06-03 21:00:00,0,10578.59,9941.36
2020-06-03 21:30:00,0,10306.51,9643.76
2020-06-03 22:00:00,0,9932.37,9312.56
2020-06-03 22:30:00,0,9634.62,9152.76
2020-06-03 23:00:00,0,9455.44,8888.9
2020-06-03 23:30:00,0,9129.81,8684.81
2020-06-04 00:00:00,0,8893.14,8537.74
2020-06-04 00:30:00,0,8705.93,8361.55
2020-06-04 01:00:00,0,8554.57,8175.83
2020-06-04 01:30:00,0,8327.88,7942.8
2020-06-04 02:00:00,0,8119.19,7710.26
2020-06-04 02:30:00,0,7910.96,7412.15
2020-06-04 03:00:00,0,7552.5,7148.84
2020-06-04 03:30:00,0,7277.44,6975.91
2020-06-04 04:00:00,0,7120.65,6873.98
2020-06-04 12:30:00,0,7998.55,8211.54
2020-06-04 13:00:00,0,7854.28,8166.33
2020-06-04 13:30:00,0,7650.61,8167.05
2020-06-04 14:00:00,0,7567.79,8167.3
2020-06-04 14:30:00,0,7558.85,8216.09
2020-06-04 15:00:00,0,7543.1,8330.39
2020-06-04 15:30:00,0,7683.35,8530.97
2020-06-04 16:00:00,0,7799.83,8887.21
2020-06-04 16:30:00,0,8244.81,9327.28
2020-06-04 17:00:00,0,8739.58,9944.3
2020-06-04 17:30:00,0,9394.76,10619.79
2020-06-04 18:00:00,0,10131.33,11116.22
2020-06-04 18:30:00,0,10653.11,11173.43
2020-06-04 19:00:00,0,10731.79,11067.76
2020-06-04 19:30:00,0,10605.7,10844.96
2020-06-04 20:00:00,0,10483.18,10620.89
2020-06-04 20:30:00,0,10288.28,10408.48
2020-06-04 21:00:00,0,10160.97,10179.49
2020-06-04 21:30:00,0,9970.32,9871.78
2020-06-04 22:00:00,0,9728.85,9537.71
2020-06-04 22:30:00,0,9486.11,9366.53
2020-06-04 23:00:00,0,9407.43,9096.31
2020-06-04 23:30:00,0,9120.51,8860.61
2020-06-05 00:00:00,0,8948.0,8698.65
2020-06-05 00:30:00,0,8806.14,8511.75
2020-06-05 01:00:00,0,8563.02,8320.64
2020-06-05 01:30:00,0,8389.97,8079.07
2020-06-05 02:00:00,0,8134.9,7843.9
2020-06-05 02:30:00,0,7888.95,7532.77
2020-06-05 03:00:00,0,7543.41,7279.69
2020-06-05 03:30:00,0,7221.25,7107.55
2020-06-05 04:00:00,0,7030.35,7017.54
2020-06-05 12:30:00,0,7106.5,8179.65
2020-06-05 13:00:00,0,7007.65,8072.97
2020-06-05 13:30:00,0,6907.84,8005.51
2020-06-05 14:00:00,0,6912.9,8002.41
2020-06-05 14:30:00,0,6958.68,8020.34
2020-06-05 15:00:00,0,7048.68,8130.29
2020-06-05 15:30:00,0,7140.79,8318.14
2020-06-05 16:00:00,0,7471.99,8661.98
2020-06-05 16:30:00,0,7812.36,9116.19
2020-06-05 17:00:00,0,8325.89,9723.35
2020-06-05 17:30:00,0,8985.77,10397.04
2020-06-05 18:00:00,0,9629.88,10832.24
2020-06-05 18:30:00,0,10079.65,10823.78
2020-06-05 19:00:00,0,10146.86,10669.08
2020-06-05 19:30:00,0,10023.15,10401.93
2020-06-05 20:00:00,0,9862.21,10172.51
2020-06-05 20:30:00,0,9701.59,10005.69
2020-06-05 21:00:00,0,9590.23,9825.08
2020-06-05 21:30:00,0,9439.7,9613.19
2020-06-05 22:00:00,0,9223.88,9378.64
2020-06-05 22:30:00,0,9031.15,9295.46
2020-06-05 23:00:00,0,8987.48,9079.82
2020-06-05 23:30:00,0,8759.15,8880.59
2020-06-06 00:00:00,0,8517.89,8726.0
2020-06-06 00:30:00,0,8288.55,8522.58
2020-06-06 01:00:00,0,8022.12,8314.42
2020-06-06 01:30:00,0,7814.45,8071.94
2020-06-06 02:00:00,0,7590.79,7807.8
2020-06-06 02:30:00,0,7327.98,7487.95
2020-06-06 03:00:00,0,7028.93,7200.89
2020-06-06 03:30:00,0,6814.4,7006.45
2020-06-06 04:00:00,0,6673.47,6889.7
2020-06-06 12:30:00,0,7687.69,7605.83
2020-06-06 13:00:00,0,7475.23,7490.93
2020-06-06 13:30:00,0,7481.44,7363.18
2020-06-06 14:00:00,0,7530.77,7359.0
2020-06-06 14:30:00,0,7615.05,7408.17
2020-06-06 15:00:00,0,7778.21,7549.11
2020-06-06 15:30:00,0,7954.11,7787.31
2020-06-06 16:00:00,0,8267.51,8092.66
2020-06-06 16:30:00,0,8660.24,8578.25
2020-06-06 17:00:00,0,9063.08,9179.33
2020-06-06 17:30:00,0,9553.31,9780.34
2020-06-06 18:00:00,0,10042.97,10227.29
2020-06-06 18:30:00,0,10356.92,10264.21
2020-06-06 19:00:00,0,10311.63,10105.6
2020-06-06 19:30:00,0,10121.88,9869.5
2020-06-06 20:00:00,0,9903.69,9632.53
2020-06-06 20:30:00,0,9662.08,9454.48
2020-06-06 21:00:00,0,9490.7,9293.04
2020-06-06 21:30:00,0,9330.26,9118.84
2020-06-06 22:00:00,0,9091.04,8938.88
2020-06-06 22:30:00,0,8826.07,8845.26
2020-06-06 23:00:00,0,8694.74,8642.56
2020-06-06 23:30:00,0,8426.08,8421.83
2020-06-07 00:00:00,0,8222.7,8231.22
2020-06-07 00:30:00,0,8043.74,8012.15
2020-06-07 01:00:00,0,7725.16,7789.85
2020-06-07 01:30:00,0,7524.88,7547.8
2020-06-07 02:00:00,0,7266.1,7314.58
2020-06-07 02:30:00,0,7081.02,7044.5
2020-06-07 03:00:00,0,6833.61,6825.01
2020-06-07 03:30:00,0,6593.7,6690.6
2020-06-07 04:00:00,0,6517.97,6616.03
2020-06-07 12:30:00,0,7023.53,7650.5
2020-06-07 13:00:00,0,6972.7,7592.46
2020-06-07 13:30:00,0,6984.68,7497.46
2020-06-07 14:00:00,0,6971.99,7516.58
2020-06-07 14:30:00,0,7032.77,7583.07
2020-06-07 15:00:00,0,7130.2,7737.73
2020-06-07 15:30:00,0,7349.99,8003.85
2020-06-07 16:00:00,0,7665.05,8321.2
2020-06-07 16:30:00,0,8097.06,8790.19
2020-06-07 17:00:00,0,8581.68,9379.68
2020-06-07 17:30:00,0,9302.77,9954.01
2020-06-07 18:00:00,0,9973.42,10439.69
2020-06-07 18:30:00,0,10470.07,10576.26
2020-06-07 19:00:00,0,10454.07,10431.91
2020-06-07 19:30:00,0,10262.15,10194.19
2020-06-07 20:00:00,0,10000.57,9956.76
2020-06-07 20:30:00,0,9825.26,9739.29
2020-06-07 21:00:00,0,9561.22,9520.37
2020-06-07 21:30:00,0,9306.6,9197.38
2020-06-07 22:00:00,0,9024.17,8907.88
2020-06-07 22:30:00,0,8765.87,8683.43
2020-06-07 23:00:00,0,8614.28,8372.69
2020-06-07 23:30:00,0,8344.34,8146.08
2020-06-08 00:00:00,0,8163.1,7950.26
2020-06-08 00:30:00,0,8076.62,7732.08
2020-06-08 01:00:00,0,7927.11,7501.25
2020-06-08 01:30:00,0,7800.21,7273.87
2020-06-08 02:00:00,0,7593.44,7042.87
2020-06-08 02:30:00,0,7396.72,6795.36
2020-06-08 03:00:00,0,7118.79,6590.0
2020-06-08 03:30:00,0,6889.92,6466.78
2020-06-08 04:00:00,0,6730.66,6382.82
2020-06-08 12:30:00,0,8385.17,7333.76
2020-06-08 13:00:00,0,8347.28,7258.34
2020-06-08 13:30:00,0,8326.87,7146.1
2020-06-08 14:00:00,0,8339.9,7151.17
2020-06-08 14:30:00,0,8255.62,7238.25
2020-06-08 15:00:00,0,8359.63,7362.67
2020-06-08 15:30:00,0,8403.65,7597.65
2020-06-08 16:00:00,0,8553.71,7885.08
2020-06-08 16:30:00,0,8921.36,8281.84
2020-06-08 17:00:00,0,9281.94,8924.55
2020-06-08 17:30:00,0,9762.22,9575.98
2020-06-08 18:00:00,0,10451.4,10142.78
2020-06-08 18:30:00,0,10836.23,10234.26
2020-06-08 19:00:00,0,10828.74,10102.6
2020-06-08 19:30:00,0,10690.49,9861.24
2020-06-08 20:00:00,0,10340.79,9697.33
2020-06-08 20:30:00,0,10082.79,9446.19
2020-06-08 21:00:00,0,9850.71,9252.72
2020-06-08 21:30:00,0,9552.03,8972.59
2020-06-08 22:00:00,0,9197.9,8726.78
2020-06-08 22:30:00,0,8871.34,8611.91
2020-06-08 23:00:00,0,8719.39,8403.22
2020-06-08 23:30:00,0,8503.98,8229.19
2020-06-09 00:00:00,0,8298.32,8125.71
2020-06-09 00:30:00,0,8223.9,8006.07
2020-06-09 01:00:00,0,8067.81,7873.83
2020-06-09 01:30:00,0,7872.59,7690.87
2020-06-09 02:00:00,0,7699.6,7454.2
2020-06-09 02:30:00,0,7473.58,7143.67
2020-06-09 03:00:00,0,7149.96,6885.31
2020-06-09 03:30:00,0,6884.08,6710.88
2020-06-09 04:00:00,0,6691.74,6604.41
2020-06-09 12:30:00,0,8850.15,8154.57
2020-06-09 13:00:00,0,8847.13,8098.44
2020-06-09 13:30:00,0,8834.83,8057.72
2020-06-09 14:00:00,0,8843.2,8050.58
2020-06-09 14:30:00,0,8817.52,8056.51
2020-06-09 15:00:00,0,8783.8,8134.64
2020-06-09 15:30:00,0,8733.17,8281.29
2020-06-09 16:00:00,0,8916.17,8588.01
2020-06-09 16:30:00,0,9147.4,9007.37
2020-06-09 17:00:00,0,9487.69,9591.46
2020-06-09 17:30:00,0,9944.14,10274.49
2020-06-09 18:00:00,0,10460.54,10746.14
2020-06-09 18:30:00,0,10755.09,10780.96
2020-06-09 19:00:00,0,10601.13,10602.0
2020-06-09 19:30:00,0,10435.25,10294.58
2020-06-09 20:00:00,0,10053.22,10058.55
2020-06-09 20:30:00,0,9801.63,9865.34
2020-06-09 21:00:00,0,9586.63,9574.28
2020-06-09 21:30:00,0,9299.12,9292.92
2020-06-09 22:00:00,0,9044.86,9013.66
2020-06-09 22:30:00,0,8769.04,8900.55
2020-06-09 23:00:00,0,8653.07,8661.07
2020-06-09 23:30:00,0,8413.33,8476.89
2020-06-10 00:00:00,0,8282.2,8340.14
2020-06-10 00:30:00,0,8188.52,8206.69
2020-06-10 01:00:00,0,7974.35,8038.9
2020-06-10 01:30:00,0,7879.54,7821.57
2020-06-10 02:00:00,0,7706.63,7587.6
2020-06-10 02:30:00,0,7481.77,7268.94
2020-06-10 03:00:00,0,7140.08,7000.75
2020-06-10 03:30:00,0,6881.06,6808.13
2020-06-10 04:00:00,0,6766.26,6699.33
2020-06-10 12:30:00,0,7677.73,8193.13
2020-06-10 13:00:00,0,7564.85,8151.51
2020-06-10 13:30:00,0,7529.88,8178.24
2020-06-10 14:00:00,0,7513.11,8192.35
2020-06-10 14:30:00,0,7654.49,8221.32
2020-06-10 15:00:00,0,7721.56,8285.87
2020-06-10 15:30:00,0,7812.84,8428.42
2020-06-10 16:00:00,0,8029.62,8692.33
2020-06-10 16:30:00,0,8444.01,9015.3
2020-06-10 17:00:00,0,8765.42,9509.76
2020-06-10 17:30:00,0,9290.84,10077.65
2020-06-10 18:00:00,0,9902.22,10485.26
2020-06-10 18:30:00,0,10356.84,10481.57
2020-06-10 19:00:00,0,10366.66,10273.88
2020-06-10 19:30:00,0,10178.9,9985.27
2020-06-10 20:00:00,0,9919.97,9752.6
2020-06-10 20:30:00,0,9662.46,9550.72
2020-06-10 21:00:00,0,9440.21,9302.16
2020-06-10 21:30:00,0,9247.55,9077.66
2020-06-10 22:00:00,0,8969.64,8848.72
2020-06-10 22:30:00,0,8686.65,8776.47
2020-06-10 23:00:00,0,8613.27,8555.28
2020-06-10 23:30:00,0,8392.54,8403.22
2020-06-11 00:00:00,0,8260.51,8269.99
2020-06-11 00:30:00,0,8193.87,8107.43
2020-06-11 01:00:00,0,8065.89,7965.77
2020-06-11 01:30:00,0,7874.63,7739.86
2020-06-11 02:00:00,0,7648.56,7505.54
2020-06-11 02:30:00,0,7426.64,7210.78
2020-06-11 03:00:00,0,7147.31,6951.18
2020-06-11 03:30:00,0,6928.12,6774.6
2020-06-11 04:00:00,0,6761.22,6660.25
2020-06-11 12:30:00,0,8530.33,7726.89
2020-06-11 13:00:00,0,8539.68,7679.32
2020-06-11 13:30:00,0,8472.33,7715.44
2020-06-11 14:00:00,0,8492.37,7736.62
2020-06-11 14:30:00,0,8477.46,7789.18
2020-06-11 15:00:00,0,8471.1,7889.0
2020-06-11 15:30:00,0,8533.09,8081.64
2020-06-11 16:00:00,0,8664.31,8386.87
2020-06-11 16:30:00,0,8969.19,8747.2
2020-06-11 17:00:00,0,9238.03,9275.53
2020-06-11 17:30:00,0,9689.29,9947.85
2020-06-11 18:00:00,0,10154.18,10358.26
2020-06-11 18:30:00,0,10462.02,10378.02
2020-06-11 19:00:00,0,10441.91,10174.36
2020-06-11 19:30:00,0,10220.24,9936.31
2020-06-11 20:00:00,0,9972.81,9732.31
2020-06-11 20:30:00,0,9715.05,9550.83
2020-06-11 21:00:00,0,9533.29,9343.53
2020-06-11 21:30:00,0,9360.08,9112.11
2020-06-11 22:00:00,0,9109.79,8882.69
2020-06-11 22:30:00,0,8901.4,8762.03
2020-06-11 23:00:00,0,8822.7,8556.33
2020-06-11 23:30:00,0,8584.4,8386.51
2020-06-12 00:00:00,0,8478.82,8270.71
2020-06-12 00:30:00,0,8347.48,8086.63
2020-06-12 01:00:00,0,8138.78,7931.75
2020-06-12 01:30:00,0,7887.57,7717.1
2020-06-12 02:00:00,0,7676.69,7502.02
2020-06-12 02:30:00,0,7354.45,7211.63
2020-06-12 03:00:00,0,7050.25,6958.23
2020-06-12 03:30:00,0,6814.33,6762.46
2020-06-12 04:00:00,0,6601.82,6678.01
2020-06-12 12:30:00,0,7197.46,8151.0
2020-06-12 13:00:00,0,7056.68,8093.05
2020-06-12 13:30:00,0,7104.74,8050.97
2020-06-12 14:00:00,0,7018.07,8023.49
2020-06-12 14:30:00,0,7044.86,8033.66
2020-06-12 15:00:00,0,7212.22,8081.93
2020-06-12 15:30:00,0,7298.56,8229.42
2020-06-12 16:00:00,0,7543.64,8513.49
2020-06-12 16:30:00,0,7818.54,8881.17
2020-06-12 17:00:00,0,8161.16,9373.51
2020-06-12 17:30:00,0,8701.07,9928.15
2020-06-12 18:00:00,0,9208.41,10258.26
2020-06-12 18:30:00,0,9499.67,10241.38
2020-06-12 19:00:00,0,9419.46,10053.07
2020-06-12 19:30:00,0,9187.69,9803.7
2020-06-12 20:00:00,0,8964.47,9555.54
2020-06-12 20:30:00,0,8771.08,9389.59
2020-06-12 21:00:00,0,8564.43,9214.42
2020-06-12 21:30:00,0,8393.56,9024.95
2020-06-12 22:00:00,0,8214.96,8821.49
2020-06-12 22:30:00,0,8083.77,8782.17
2020-06-12 23:00:00,0,8011.21,8620.4
2020-06-12 23:30:00,0,7815.01,8460.98
2020-06-13 00:00:00,0,7725.8,8350.38
2020-06-13 00:30:00,0,7589.34,8158.03
2020-06-13 01:00:00,0,7366.52,7953.53
2020-06-13 01:30:00,0,7180.46,7735.11
2020-06-13 02:00:00,0,6878.19,7461.35
2020-06-13 02:30:00,0,6616.2,7143.62
2020-06-13 03:00:00,0,6390.22,6850.69
2020-06-13 03:30:00,0,6144.87,6640.45
2020-06-13 04:00:00,0,6043.32,6508.97
2020-06-13 12:30:00,0,6815.64,7184.44
2020-06-13 13:00:00,0,6747.72,7142.74
2020-06-13 13:30:00,0,6645.53,7097.53
2020-06-13 14:00:00,0,6585.23,7085.82
2020-06-13 14:30:00,0,6605.76,7111.28
2020-06-13 15:00:00,0,6709.49,7211.6
2020-06-13 15:30:00,0,6781.18,7412.38
2020-06-13 16:00:00,0,7044.8,7683.43
2020-06-13 16:30:00,0,7387.04,8080.3
2020-06-13 17:00:00,0,7805.99,8568.68
2020-06-13 17:30:00,0,8388.9,9099.19
2020-06-13 18:00:00,0,9050.22,9462.43
2020-06-13 18:30:00,0,9539.95,9524.8
2020-06-13 19:00:00,0,9596.16,9363.75
2020-06-13 19:30:00,0,9505.46,9147.41
2020-06-13 20:00:00,0,9357.96,8925.54
2020-06-13 20:30:00,0,9171.86,8717.47
2020-06-13 21:00:00,0,9004.18,8552.93
2020-06-13 21:30:00,0,8833.09,8349.18
2020-06-13 22:00:00,0,8524.45,8199.02
2020-06-13 22:30:00,0,8303.84,8069.3
2020-06-13 23:00:00,0,8176.36,7922.3
2020-06-13 23:30:00,0,7873.65,7783.3
2020-06-14 00:00:00,0,7745.9,7638.74
2020-06-14 00:30:00,0,7547.96,7434.47
2020-06-14 01:00:00,0,7365.9,7256.16
2020-06-14 01:30:00,0,7167.75,7043.21
2020-06-14 02:00:00,0,6996.77,6819.11
2020-06-14 02:30:00,0,6832.5,6578.61
2020-06-14 03:00:00,0,6584.92,6362.98
2020-06-14 03:30:00,0,6440.83,6230.49
2020-06-14 04:00:00,0,6331.37,6128.06
2020-06-14 12:30:00,0,7783.1,6987.95
2020-06-14 13:00:00,0,7736.46,6924.91
2020-06-14 13:30:00,0,7639.35,6868.24
2020-06-14 14:00:00,0,7623.93,6862.46
2020-06-14 14:30:00,0,7604.46,6948.96
2020-06-14 15:00:00,0,7643.54,7037.47
2020-06-14 15:30:00,0,7712.92,7298.39
2020-06-14 16:00:00,0,7868.9,7602.86
2020-06-14 16:30:00,0,8213.96,7997.85
2020-06-14 17:00:00,0,8675.5,8484.58
2020-06-14 17:30:00,0,9249.0,8977.92
2020-06-14 18:00:00,0,10009.79,9451.89
2020-06-14 18:30:00,0,10568.08,9598.1
2020-06-14 19:00:00,0,10552.38,9526.95
2020-06-14 19:30:00,0,10373.86,9395.85
2020-06-14 20:00:00,0,10076.34,9268.76
2020-06-14 20:30:00,0,9832.34,9150.22
2020-06-14 21:00:00,0,9600.67,8990.11
2020-06-14 21:30:00,0,9321.05,8773.28
2020-06-14 22:00:00,0,9031.14,8508.49
2020-06-14 22:30:00,0,8694.65,8277.71
2020-06-14 23:00:00,0,8618.82,8040.11
2020-06-14 23:30:00,0,8327.99,7848.55
2020-06-15 00:00:00,0,8157.13,7667.65
2020-06-15 00:30:00,0,8026.25,7453.46
2020-06-15 01:00:00,0,7854.35,7267.97
2020-06-15 01:30:00,0,7719.14,7049.86
2020-06-15 02:00:00,0,7487.75,6846.5
2020-06-15 02:30:00,0,7246.41,6631.95
2020-06-15 03:00:00,0,6965.12,6469.58
2020-06-15 03:30:00,0,6750.38,6378.14
2020-06-15 04:00:00,0,6569.37,6331.69
2020-06-15 12:30:00,0,7477.92,7638.5
2020-06-15 13:00:00,0,7388.57,7576.74
2020-06-15 13:30:00,0,7331.28,7567.54
2020-06-15 14:00:00,0,7349.18,7586.97
2020-06-15 14:30:00,0,7400.49,7700.09
2020-06-15 15:00:00,0,7445.88,7798.61
2020-06-15 15:30:00,0,7504.72,8015.44
2020-06-15 16:00:00,0,7726.07,8289.89
2020-06-15 16:30:00,0,8122.05,8680.86
2020-06-15 17:00:00,0,8517.29,9261.45
2020-06-15 17:30:00,0,9127.57,9971.19
2020-06-15 18:00:00,0,9781.92,10520.03
2020-06-15 18:30:00,0,10351.43,10569.08
2020-06-15 19:00:00,0,10389.26,10414.36
2020-06-15 19:30:00,0,10226.18,10132.09
2020-06-15 20:00:00,0,9989.39,9883.38
2020-06-15 20:30:00,0,9760.11,9609.11
2020-06-15 21:00:00,0,9570.99,9371.47
2020-06-15 21:30:00,0,9344.43,9103.16
2020-06-15 22:00:00,0,9000.04,8829.02
2020-06-15 22:30:00,0,8709.27,8685.26
2020-06-15 23:00:00,0,8626.12,8441.14
2020-06-15 23:30:00,0,8374.25,8278.07
2020-06-16 00:00:00,0,8248.34,8187.19
2020-06-16 00:30:00,0,8097.96,8072.16
2020-06-16 01:00:00,0,7939.13,7924.38
2020-06-16 01:30:00,0,7853.22,7728.48
2020-06-16 02:00:00,0,7636.21,7496.88
2020-06-16 02:30:00,0,7405.02,7194.98
2020-06-16 03:00:00,0,7127.01,6944.54
2020-06-16 03:30:00,0,6924.92,6752.49
2020-06-16 04:00:00,0,6711.72,6660.19
2020-06-16 12:30:00,0,8672.2,7633.31
2020-06-16 13:00:00,0,8666.03,7570.49
2020-06-16 13:30:00,0,8704.69,7582.6
2020-06-16 14:00:00,0,8686.04,7607.21
2020-06-16 14:30:00,0,8700.57,7695.34
2020-06-16 15:00:00,0,8731.55,7775.35
2020-06-16 15:30:00,0,8850.46,7952.88
2020-06-16 16:00:00,0,9024.03,8259.27
2020-06-16 16:30:00,0,9342.04,8629.04
2020-06-16 17:00:00,0,9709.69,9174.69
2020-06-16 17:30:00,0,10187.77,9855.55
2020-06-16 18:00:00,0,10680.48,10351.53
2020-06-16 18:30:00,0,11113.26,10402.89
2020-06-16 19:00:00,0,11019.7,10273.35
2020-06-16 19:30:00,0,10856.47,10059.15
2020-06-16 20:00:00,0,10543.35,9851.15
2020-06-16 20:30:00,0,10262.87,9659.98
2020-06-16 21:00:00,0,10012.93,9454.41
2020-06-16 21:30:00,0,9728.36,9177.31
2020-06-16 22:00:00,0,9430.85,8908.34
2020-06-16 22:30:00,0,9019.57,8782.43
2020-06-16 23:00:00,0,8899.15,8588.17
2020-06-16 23:30:00,0,8608.6,8483.2
2020-06-17 00:00:00,0,8421.47,8383.86
2020-06-17 00:30:00,0,8301.4,8209.45
2020-06-17 01:00:00,0,8075.54,8052.1
2020-06-17 01:30:00,0,7895.44,7849.02
2020-06-17 02:00:00,0,7685.64,7612.07
2020-06-17 02:30:00,0,7388.27,7305.71
2020-06-17 03:00:00,0,7069.47,7052.67
2020-06-17 03:30:00,0,6813.16,6855.08
2020-06-17 04:00:00,0,6625.03,6743.37
2020-06-17 12:30:00,0,7758.74,8267.7
2020-06-17 13:00:00,0,7719.58,8253.96
2020-06-17 13:30:00,0,7691.33,8294.4
2020-06-17 14:00:00,0,7738.3,8309.7
2020-06-17 14:30:00,0,7811.16,8369.42
2020-06-17 15:00:00,0,7886.2,8424.36
2020-06-17 15:30:00,0,7999.62,8580.71
2020-06-17 16:00:00,0,8100.33,8895.55
2020-06-17 16:30:00,0,8480.62,9260.77
2020-06-17 17:00:00,0,8852.3,9835.97
2020-06-17 17:30:00,0,9420.08,10514.29
2020-06-17 18:00:00,0,10136.54,10972.11
2020-06-17 18:30:00,0,10677.71,11021.65
2020-06-17 19:00:00,0,10755.29,10810.8
2020-06-17 19:30:00,0,10603.72,10519.13
2020-06-17 20:00:00,0,10439.57,10270.89
2020-06-17 20:30:00,0,10220.85,10026.44
2020-06-17 21:00:00,0,10014.89,9763.86
2020-06-17 21:30:00,0,9799.3,9430.49
2020-06-17 22:00:00,0,9476.78,9129.57
2020-06-17 22:30:00,0,9159.86,9007.35
2020-06-17 23:00:00,0,9026.42,8762.4
2020-06-17 23:30:00,0,8686.55,8585.49
2020-06-18 00:00:00,0,8478.32,8435.98
2020-06-18 00:30:00,0,8390.89,8273.13
2020-06-18 01:00:00,0,8183.33,8097.16
2020-06-18 01:30:00,0,8026.99,7876.38
2020-06-18 02:00:00,0,7795.14,7622.82
2020-06-18 02:30:00,0,7582.73,7314.16
2020-06-18 03:00:00,0,7269.5,7061.56
2020-06-18 03:30:00,0,7060.32,6858.78
2020-06-18 04:00:00,0,6877.77,6754.29
2020-06-18 12:30:00,0,7867.43,8499.87
2020-06-18 13:00:00,0,7737.29,8414.08
2020-06-18 13:30:00,0,7638.32,8341.5
2020-06-18 14:00:00,0,7526.73,8342.99
2020-06-18 14:30:00,0,7554.15,8352.93
2020-06-18 15:00:00,0,7552.16,8433.57
2020-06-18 15:30:00,0,7729.35,8576.33
2020-06-18 16:00:00,0,7879.13,8889.01
2020-06-18 16:30:00,0,8258.58,9306.76
2020-06-18 17:00:00,0,8620.37,9896.45
2020-06-18 17:30:00,0,9209.07,10558.06
2020-06-18 18:00:00,0,9788.09,11013.85
2020-06-18 18:30:00,0,10301.93,11072.47
2020-06-18 19:00:00,0,10239.06,10932.68
2020-06-18 19:30:00,0,10102.38,10679.7
2020-06-18 20:00:00,0,9873.08,10445.1
2020-06-18 20:30:00,0,9656.96,10211.7
2020-06-18 21:00:00,0,9520.54,9952.8
2020-06-18 21:30:00,0,9333.6,9640.39
2020-06-18 22:00:00,0,9130.34,9329.13
2020-06-18 22:30:00,0,8913.28,9169.04
2020-06-18 23:00:00,0,8895.6,8892.16
2020-06-18 23:30:00,0,8639.58,8695.21
2020-06-19 00:00:00,0,8499.23,8559.58
2020-06-19 00:30:00,0,8324.56,8383.18
2020-06-19 01:00:00,0,8121.55,8198.14
2020-06-19 01:30:00,0,7836.12,7960.65
2020-06-19 02:00:00,0,7591.94,7707.28
2020-06-19 02:30:00,0,7386.78,7378.4
2020-06-19 03:00:00,0,7082.16,7129.16
2020-06-19 03:30:00,0,6792.14,6942.95
2020-06-19 04:00:00,0,6601.36,6848.22
2020-06-19 12:30:00,0,7141.42,8004.3
2020-06-19 13:00:00,0,6965.49,7864.08
2020-06-19 13:30:00,0,6977.02,7778.4
2020-06-19 14:00:00,0,6898.99,7754.56
2020-06-19 14:30:00,0,7040.26,7752.79
2020-06-19 15:00:00,0,7201.58,7837.82
2020-06-19 15:30:00,0,7321.74,8012.64
2020-06-19 16:00:00,0,7551.72,8350.61
2020-06-19 16:30:00,0,7823.55,8844.88
2020-06-19 17:00:00,0,8202.36,9433.97
2020-06-19 17:30:00,0,8736.13,10077.69
2020-06-19 18:00:00,0,9274.78,10507.71
2020-06-19 18:30:00,0,9664.21,10527.81
2020-06-19 19:00:00,0,9626.35,10371.57
2020-06-19 19:30:00,0,9474.31,10126.12
2020-06-19 20:00:00,0,9228.77,9920.15
2020-06-19 20:30:00,0,9003.26,9750.14
2020-06-19 21:00:00,0,8838.01,9562.48
2020-06-19 21:30:00,0,8628.66,9351.77
2020-06-19 22:00:00,0,8455.26,9146.18
2020-06-19 22:30:00,0,8310.3,9066.82
2020-06-19 23:00:00,0,8280.78,8874.86
2020-06-19 23:30:00,0,8120.91,8728.13
2020-06-20 00:00:00,0,7926.12,8596.2
2020-06-20 00:30:00,0,7793.16,8402.3
2020-06-20 01:00:00,0,7539.29,8220.85
2020-06-20 01:30:00,0,7311.17,7959.38
2020-06-20 02:00:00,0,7122.92,7676.79
2020-06-20 02:30:00,0,6805.53,7333.54
2020-06-20 03:00:00,0,6572.47,7046.44
2020-06-20 03:30:00,0,6373.87,6831.99
2020-06-20 04:00:00,0,6218.91,6698.39
2020-06-20 12:30:00,0,7532.81,7326.98
2020-06-20 13:00:00,0,7375.04,7225.53
2020-06-20 13:30:00,0,7257.43,7077.9
2020-06-20 14:00:00,0,7352.55,7072.28
2020-06-20 14:30:00,0,7441.71,7088.23
2020-06-20 15:00:00,0,7483.03,7190.73
2020-06-20 15:30:00,0,7528.26,7387.24
2020-06-20 16:00:00,0,7765.84,7704.86
2020-06-20 16:30:00,0,8059.29,8212.38
2020-06-20 17:00:00,0,8451.63,8780.07
2020-06-20 17:30:00,0,9075.29,9417.32
2020-06-20 18:00:00,0,9722.75,9805.32
2020-06-20 18:30:00,0,10123.42,9844.68
2020-06-20 19:00:00,0,10232.98,9652.27
2020-06-20 19:30:00,0,10075.51,9420.09
2020-06-20 20:00:00,0,9819.38,9211.5
2020-06-20 20:30:00,0,9586.01,9035.0
2020-06-20 21:00:00,0,9383.46,8874.05
2020-06-20 21:30:00,0,9175.42,8684.2
2020-06-20 22:00:00,0,8933.47,8520.6
2020-06-20 22:30:00,0,8603.21,8456.36
2020-06-20 23:00:00,0,8424.49,8329.26
2020-06-20 23:30:00,0,8169.0,8191.16
2020-06-21 00:00:00,0,7913.63,8025.53
2020-06-21 00:30:00,0,7763.04,7799.07
2020-06-21 01:00:00,0,7508.11,7598.38
2020-06-21 01:30:00,0,7363.69,7353.26
2020-06-21 02:00:00,0,7147.28,7098.67
2020-06-21 02:30:00,0,6987.38,6833.45
2020-06-21 03:00:00,0,6738.61,6623.6
2020-06-21 03:30:00,0,6625.66,6470.91
2020-06-21 04:00:00,0,6561.41,6388.86
2020-06-21 12:30:00,0,8537.57,7502.47
2020-06-21 13:00:00,0,8426.17,7427.46
2020-06-21 13:30:00,0,8336.35,7328.89
2020-06-21 14:00:00,0,8383.5,7339.22
2020-06-21 14:30:00,0,8468.36,7368.05
2020-06-21 15:00:00,0,8601.86,7482.48
2020-06-21 15:30:00,0,8698.03,7674.8
2020-06-21 16:00:00,0,8804.05,7974.42
2020-06-21 16:30:00,0,9197.5,8407.85
2020-06-21 17:00:00,0,9739.83,8908.43
2020-06-21 17:30:00,0,10438.37,9543.82
2020-06-21 18:00:00,0,11209.38,10049.99
2020-06-21 18:30:00,0,11759.09,10212.46
2020-06-21 19:00:00,0,11785.27,10134.93
2020-06-21 19:30:00,0,11590.58,9996.48
2020-06-21 20:00:00,0,11259.03,9779.08
2020-06-21 20:30:00,0,10974.76,9633.7
2020-06-21 21:00:00,0,10713.38,9432.98
2020-06-21 21:30:00,0,10468.51,9213.51
2020-06-21 22:00:00,0,10060.6,8914.29
2020-06-21 22:30:00,0,9680.63,8684.14
2020-06-21 23:00:00,0,9431.22,8417.59
2020-06-21 23:30:00,0,9042.3,8212.89
2020-06-22 00:00:00,0,8781.55,8006.03
2020-06-22 00:30:00,0,8624.17,7786.47
2020-06-22 01:00:00,0,8345.74,7622.61
2020-06-22 01:30:00,0,8201.12,7437.84
2020-06-22 02:00:00,0,8004.41,7254.2
2020-06-22 02:30:00,0,7761.68,7018.73
2020-06-22 03:00:00,0,7420.59,6837.53
2020-06-22 03:30:00,0,7224.48,6712.66
2020-06-22 04:00:00,0,7047.26,6668.6
2020-06-22 12:30:00,0,8494.73,8606.93
2020-06-22 13:00:00,0,8372.2,8576.79
2020-06-22 13:30:00,0,8398.33,8576.56
2020-06-22 14:00:00,0,8459.18,8614.83
2020-06-22 14:30:00,0,8555.93,8691.56
2020-06-22 15:00:00,0,8569.04,8772.48
2020-06-22 15:30:00,0,8745.81,8928.8
2020-06-22 16:00:00,0,9009.43,9208.58
2020-06-22 16:30:00,0,9405.89,9629.89
2020-06-22 17:00:00,0,9905.14,10220.42
2020-06-22 17:30:00,0,10582.29,10950.4
2020-06-22 18:00:00,0,11339.56,11546.7
2020-06-22 18:30:00,0,11953.34,11602.49
2020-06-22 19:00:00,0,11980.08,11437.65
2020-06-22 19:30:00,0,11806.33,11146.28
2020-06-22 20:00:00,0,11491.65,10873.22
2020-06-22 20:30:00,0,11222.61,10648.57
2020-06-22 21:00:00,0,11005.22,10371.58
2020-06-22 21:30:00,0,10664.17,10025.64
2020-06-22 22:00:00,0,10278.28,9659.32
2020-06-22 22:30:00,0,9804.27,9405.42
2020-06-22 23:00:00,0,9608.63,9103.46
2020-06-22 23:30:00,0,9179.56,8856.06
2020-06-23 00:00:00,0,8875.76,8703.26
2020-06-23 00:30:00,0,8762.62,8519.16
2020-06-23 01:00:00,0,8531.71,8342.72
2020-06-23 01:30:00,0,8338.19,8128.23
2020-06-23 02:00:00,0,8087.79,7912.46
2020-06-23 02:30:00,0,7841.52,7602.14
2020-06-23 03:00:00,0,7518.93,7341.43
2020-06-23 03:30:00,0,7218.07,7133.69
2020-06-23 04:00:00,0,7019.78,7036.46
2020-06-23 12:30:00,0,8506.27,8556.3
2020-06-23 13:00:00,0,8397.14,8510.62
2020-06-23 13:30:00,0,8406.22,8523.77
2020-06-23 14:00:00,0,8489.64,8585.97
2020-06-23 14:30:00,0,8497.96,8697.91
2020-06-23 15:00:00,0,8518.16,8801.77
2020-06-23 15:30:00,0,8654.48,8971.48
2020-06-23 16:00:00,0,8953.04,9283.78
2020-06-23 16:30:00,0,9348.14,9682.24
2020-06-23 17:00:00,0,9775.74,10304.71
2020-06-23 17:30:00,0,10217.4,11040.5
2020-06-23 18:00:00,0,10874.62,11627.22
2020-06-23 18:30:00,0,11394.18,11716.63
2020-06-23 19:00:00,0,11281.98,11601.7
2020-06-23 19:30:00,0,11147.13,11324.32
2020-06-23 20:00:00,0,10883.75,11094.26
2020-06-23 20:30:00,0,10625.23,10873.5
2020-06-23 21:00:00,0,10402.82,10618.5
2020-06-23 21:30:00,0,10124.36,10275.7
2020-06-23 22:00:00,0,9795.34,9899.97
2020-06-23 22:30:00,0,9448.02,9632.61
2020-06-23 23:00:00,0,9278.81,9288.67
2020-06-23 23:30:00,0,8946.16,8988.72
2020-06-24 00:00:00,0,8676.16,8823.69
2020-06-24 00:30:00,0,8537.78,8609.76
2020-06-24 01:00:00,0,8332.47,8405.98
2020-06-24 01:30:00,0,8164.69,8172.96
2020-06-24 02:00:00,0,7899.71,7943.77
2020-06-24 02:30:00,0,7637.88,7641.71
2020-06-24 03:00:00,0,7371.86,7377.26
2020-06-24 03:30:00,0,7091.67,7164.65
2020-06-24 04:00:00,0,6903.18,7039.65
2020-06-24 12:30:00,0,8075.69,8607.24
2020-06-24 13:00:00,0,7959.5,8550.12
2020-06-24 13:30:00,0,7919.13,8591.76
2020-06-24 14:00:00,0,7883.7,8642.25
2020-06-24 14:30:00,0,7909.64,8708.77
2020-06-24 15:00:00,0,7923.39,8751.23
2020-06-24 15:30:00,0,8096.68,8864.85
2020-06-24 16:00:00,0,8298.55,9137.01
2020-06-24 16:30:00,0,8728.85,9524.89
2020-06-24 17:00:00,0,9165.77,10081.79
2020-06-24 17:30:00,0,9811.4,10704.87
2020-06-24 18:00:00,0,10532.4,11186.0
2020-06-24 18:30:00,0,11158.37,11276.21
2020-06-24 19:00:00,0,11233.08,11115.56
2020-06-24 19:30:00,0,11090.26,10857.22
2020-06-24 20:00:00,0,10891.63,10591.39
2020-06-24 20:30:00,0,10647.51,10339.38
2020-06-24 21:00:00,0,10508.76,10109.22
2020-06-24 21:30:00,0,10216.12,9788.88
2020-06-24 22:00:00,0,9929.33,9465.48
2020-06-24 22:30:00,0,9564.29,9272.33
2020-06-24 23:00:00,0,9330.04,9014.43
2020-06-24 23:30:00,0,9060.85,8778.0
2020-06-25 00:00:00,0,8746.17,8606.61
2020-06-25 00:30:00,0,8658.44,8399.64
2020-06-25 01:00:00,0,8433.86,8221.32
2020-06-25 01:30:00,0,8245.28,7974.6
2020-06-25 02:00:00,0,8061.54,7736.53
2020-06-25 02:30:00,0,7806.39,7420.67
2020-06-25 03:00:00,0,7499.17,7169.88
2020-06-25 03:30:00,0,7244.87,6985.0
2020-06-25 04:00:00,0,7049.8,6875.15
2020-06-25 12:30:00,0,8061.34,8139.42
2020-06-25 13:00:00,0,7912.56,8035.98
2020-06-25 13:30:00,0,7761.73,7989.77
2020-06-25 14:00:00,0,7750.62,8034.58
2020-06-25 14:30:00,0,7794.9,8071.57
2020-06-25 15:00:00,0,7923.86,8157.03
2020-06-25 15:30:00,0,8070.48,8328.52
2020-06-25 16:00:00,0,8304.01,8657.71
2020-06-25 16:30:00,0,8681.18,9139.68
2020-06-25 17:00:00,0,9148.47,9750.56
2020-06-25 17:30:00,0,9804.04,10443.17
2020-06-25 18:00:00,0,10403.86,10973.57
2020-06-25 18:30:00,0,11015.04,11051.38
2020-06-25 19:00:00,0,10985.14,10948.79
2020-06-25 19:30:00,0,10969.73,10773.28
2020-06-25 20:00:00,0,10775.46,10552.17
2020-06-25 20:30:00,0,10554.36,10351.09
2020-06-25 21:00:00,0,10402.56,10137.99
2020-06-25 21:30:00,0,10157.65,9826.72
2020-06-25 22:00:00,0,9917.08,9516.68
2020-06-25 22:30:00,0,9657.95,9347.09
2020-06-25 23:00:00,0,9569.93,9072.51
2020-06-25 23:30:00,0,9230.83,8856.43
2020-06-26 00:00:00,0,9017.36,8691.43
2020-06-26 00:30:00,0,8841.99,8489.37
2020-06-26 01:00:00,0,8625.69,8318.59
2020-06-26 01:30:00,0,8392.08,8091.16
2020-06-26 02:00:00,0,8164.07,7851.03
2020-06-26 02:30:00,0,7915.5,7551.24
2020-06-26 03:00:00,0,7548.06,7295.55
2020-06-26 03:30:00,0,7242.76,7109.99
2020-06-26 04:00:00,0,7017.77,7000.26
2020-06-26 12:30:00,0,7854.4,8251.68
2020-06-26 13:00:00,0,7831.08,8179.23
2020-06-26 13:30:00,0,7830.38,8164.57
2020-06-26 14:00:00,0,7857.17,8183.51
2020-06-26 14:30:00,0,7877.08,8225.0
2020-06-26 15:00:00,0,7989.31,8311.03
2020-06-26 15:30:00,0,8146.1,8483.89
2020-06-26 16:00:00,0,8359.29,8812.99
2020-06-26 16:30:00,0,8640.45,9300.87
2020-06-26 17:00:00,0,9075.04,9932.8
2020-06-26 17:30:00,0,9665.48,10582.37
2020-06-26 18:00:00,0,10267.9,11059.11
2020-06-26 18:30:00,0,10641.03,11066.73
2020-06-26 19:00:00,0,10651.08,10910.39
2020-06-26 19:30:00,0,10484.17,10685.58
2020-06-26 20:00:00,0,10241.86,10458.48
2020-06-26 20:30:00,0,10023.58,10271.19
2020-06-26 21:00:00,0,9827.75,10055.67
2020-06-26 21:30:00,0,9625.31,9822.22
2020-06-26 22:00:00,0,9341.23,9571.32
2020-06-26 22:30:00,0,9149.04,9457.69
2020-06-26 23:00:00,0,9042.74,9224.22
2020-06-26 23:30:00,0,8792.78,8999.32
2020-06-27 00:00:00,0,8560.42,8833.1
2020-06-27 00:30:00,0,8343.95,8620.24
2020-06-27 01:00:00,0,8037.94,8413.12
2020-06-27 01:30:00,0,7823.02,8146.99
2020-06-27 02:00:00,0,7570.79,7856.01
2020-06-27 02:30:00,0,7347.9,7518.73
2020-06-27 03:00:00,0,7035.84,7209.39
2020-06-27 03:30:00,0,6799.8,6986.06
2020-06-27 04:00:00,0,6731.15,6854.42
2020-06-27 12:30:00,0,7630.48,8053.3
2020-06-27 13:00:00,0,7606.23,8013.04
2020-06-27 13:30:00,0,7545.76,8012.2
2020-06-27 14:00:00,0,7453.19,8054.35
2020-06-27 14:30:00,0,7478.49,8138.28
2020-06-27 15:00:00,0,7536.81,8267.52
2020-06-27 15:30:00,0,7789.19,8543.08
2020-06-27 16:00:00,0,8090.14,8855.7
2020-06-27 16:30:00,0,8531.14,9272.75
2020-06-27 17:00:00,0,9098.16,9822.76
2020-06-27 17:30:00,0,9803.54,10367.53
2020-06-27 18:00:00,0,10432.13,10806.57
2020-06-27 18:30:00,0,10842.48,10794.03
2020-06-27 19:00:00,0,10961.22,10599.29
2020-06-27 19:30:00,0,10825.61,10366.8
2020-06-27 20:00:00,0,10533.8,10151.54
2020-06-27 20:30:00,0,10324.04,9915.72
2020-06-27 21:00:00,0,10131.82,9724.35
2020-06-27 21:30:00,0,9883.33,9478.88
2020-06-27 22:00:00,0,9556.64,9268.17
2020-06-27 22:30:00,0,9183.81,9114.97
2020-06-27 23:00:00,0,8925.98,8903.23
2020-06-27 23:30:00,0,8541.37,8683.66
2020-06-28 00:00:00,0,8338.59,8457.62
2020-06-28 00:30:00,0,8135.42,8192.28
2020-06-28 01:00:00,0,7877.18,7968.04
2020-06-28 01:30:00,0,7659.35,7682.3
2020-06-28 02:00:00,0,7460.23,7406.33
2020-06-28 02:30:00,0,7264.64,7145.33
2020-06-28 03:00:00,0,7017.48,6918.23
2020-06-28 03:30:00,0,6795.18,6788.85
2020-06-28 04:00:00,0,6735.01,6716.24
2020-06-28 12:30:00,0,8419.21,7645.41
2020-06-28 13:00:00,0,8433.82,7575.77
2020-06-28 13:30:00,0,8472.73,7546.95
2020-06-28 14:00:00,0,8553.14,7585.26
2020-06-28 14:30:00,0,8570.59,7686.67
2020-06-28 15:00:00,0,8613.24,7875.53
2020-06-28 15:30:00,0,8702.41,8185.9
2020-06-28 16:00:00,0,8901.68,8574.09
2020-06-28 16:30:00,0,9266.24,9047.92
2020-06-28 17:00:00,0,9762.64,9601.32
2020-06-28 17:30:00,0,10331.16,10213.17
2020-06-28 18:00:00,0,10979.52,10768.42
2020-06-28 18:30:00,0,11575.8,10920.0
2020-06-28 19:00:00,0,11548.12,10838.74
2020-06-28 19:30:00,0,11356.73,10591.34
2020-06-28 20:00:00,0,11040.47,10374.98
2020-06-28 20:30:00,0,10790.58,10157.07
2020-06-28 21:00:00,0,10521.19,9929.97
2020-06-28 21:30:00,0,10235.67,9643.08
2020-06-28 22:00:00,0,9885.5,9314.2
2020-06-28 22:30:00,0,9497.05,9007.11
2020-06-28 23:00:00,0,9360.98,8694.59
2020-06-28 23:30:00,0,8956.98,8413.48
2020-06-29 00:00:00,0,8739.98,8178.71
2020-06-29 00:30:00,0,8598.63,7964.0
2020-06-29 01:00:00,0,8373.17,7800.06
2020-06-29 01:30:00,0,8193.16,7592.55
2020-06-29 02:00:00,0,8035.12,7386.24
2020-06-29 02:30:00,0,7749.59,7127.91
2020-06-29 03:00:00,0,7476.78,6933.13
2020-06-29 03:30:00,0,7193.47,6798.26
2020-06-29 04:00:00,0,7028.45,6734.9
2020-06-29 12:30:00,0,8233.5,8622.13
2020-06-29 13:00:00,0,8023.01,8581.49
2020-06-29 13:30:00,0,7995.71,8600.26
2020-06-29 14:00:00,0,7949.66,8642.71
2020-06-29 14:30:00,0,7909.96,8699.01
2020-06-29 15:00:00,0,7942.94,8818.67
2020-06-29 15:30:00,0,7979.88,8995.15
2020-06-29 16:00:00,0,8172.47,9311.05
2020-06-29 16:30:00,0,8544.76,9743.74
2020-06-29 17:00:00,0,9061.86,10343.23
2020-06-29 17:30:00,0,9772.42,11056.35
2020-06-29 18:00:00,0,10587.59,11617.81
2020-06-29 18:30:00,0,11329.42,11671.37
2020-06-29 19:00:00,0,11366.71,11481.77
2020-06-29 19:30:00,0,11294.64,11173.29
2020-06-29 20:00:00,0,11057.11,10865.73
2020-06-29 20:30:00,0,10759.63,10622.6
2020-06-29 21:00:00,0,10559.81,10348.86
2020-06-29 21:30:00,0,10309.21,10009.53
2020-06-29 22:00:00,0,9968.58,9675.29
2020-06-29 22:30:00,0,9544.62,9433.01
2020-06-29 23:00:00,0,9344.18,9131.37
2020-06-29 23:30:00,0,8898.01,8896.45
2020-06-30 00:00:00,0,8739.26,8736.81
2020-06-30 00:30:00,0,8584.28,8548.49
2020-06-30 01:00:00,0,8384.03,8366.45
2020-06-30 01:30:00,0,8217.98,8134.8
2020-06-30 02:00:00,0,7937.21,7887.07
2020-06-30 02:30:00,0,7723.07,7576.96
2020-06-30 03:00:00,0,7375.03,7321.65
2020-06-30 03:30:00,0,7110.61,7131.39
2020-06-30 04:00:00,0,6920.94,7022.61
2020-06-30 12:30:00,0,7809.2,8174.11
2020-06-30 13:00:00,0,7658.67,8079.33
2020-06-30 13:30:00,0,7525.6,8056.12
2020-06-30 14:00:00,0,7483.58,8089.58
2020-06-30 14:30:00,0,7474.28,8141.08
2020-06-30 15:00:00,0,7527.84,8260.72
2020-06-30 15:30:00,0,7672.98,8451.23
2020-06-30 16:00:00,0,7827.41,8781.63
2020-06-30 16:30:00,0,8161.12,9280.33
2020-06-30 17:00:00,0,8565.26,9871.63
2020-06-30 17:30:00,0,9196.94,10606.16
2020-06-30 18:00:00,0,10012.58,11194.43
2020-06-30 18:30:00,0,10680.04,11293.53
2020-06-30 19:00:00,0,10759.78,11170.02
2020-06-30 19:30:00,0,10650.44,10923.34
2020-06-30 20:00:00,0,10422.71,10677.89
2020-06-30 20:30:00,0,10215.22,10483.64
2020-06-30 21:00:00,0,9996.12,10206.76
2020-06-30 21:30:00,0,9735.47,9921.55
2020-06-30 22:00:00,0,9403.55,9582.28
2020-06-30 22:30:00,0,9072.68,9402.48
2020-06-30 23:00:00,0,8915.56,9108.47
2020-06-30 23:30:00,0,8608.78,8851.98
2020-07-01 00:00:00,0,8398.16,8646.2
2020-07-01 00:30:00,0,8300.53,8442.31
2020-07-01 01:00:00,0,8094.24,8246.48
2020-07-01 01:30:00,0,7906.79,7998.06
2020-07-01 02:00:00,0,7705.93,7752.44
2020-07-01 02:30:00,0,7401.68,7438.21
2020-07-01 03:00:00,0,7155.37,7172.67
2020-07-01 03:30:00,0,6871.56,6976.07
2020-07-01 04:00:00,0,6681.81,6854.3
2020-07-01 12:30:00,0,7577.45,7654.72
2020-07-01 13:00:00,0,7409.99,7554.68
2020-07-01 13:30:00,0,7320.77,7517.1
2020-07-01 14:00:00,0,7355.56,7544.46
2020-07-01 14:30:00,0,7373.68,7625.1
2020-07-01 15:00:00,0,7416.05,7755.25
2020-07-01 15:30:00,0,7536.23,7962.93
2020-07-01 16:00:00,0,7671.6,8300.17
2020-07-01 16:30:00,0,7974.68,8741.03
2020-07-01 17:00:00,0,8393.32,9343.33
2020-07-01 17:30:00,0,8892.05,10077.5
2020-07-01 18:00:00,0,9475.01,10610.47
2020-07-01 18:30:00,0,9993.76,10692.88
2020-07-01 19:00:00,0,10107.38,10563.42
2020-07-01 19:30:00,0,9975.37,10324.85
2020-07-01 20:00:00,0,9787.18,10096.7
2020-07-01 20:30:00,0,9626.2,9890.87
2020-07-01 21:00:00,0,9477.47,9666.15
2020-07-01 21:30:00,0,9278.1,9391.2
2020-07-01 22:00:00,0,8945.09,9104.45
2020-07-01 22:30:00,0,8698.49,8938.54
2020-07-01 23:00:00,0,8602.63,8678.32
2020-07-01 23:30:00,0,8371.94,8480.31
2020-07-02 00:00:00,0,8183.11,8340.71
2020-07-02 00:30:00,0,8143.17,8154.73
2020-07-02 01:00:00,0,7973.86,7958.75
2020-07-02 01:30:00,0,7772.59,7720.37
2020-07-02 02:00:00,0,7600.6,7491.89
2020-07-02 02:30:00,0,7322.06,7186.76
2020-07-02 03:00:00,0,6982.38,6916.83
2020-07-02 03:30:00,0,6755.75,6721.32
2020-07-02 04:00:00,0,6586.44,6606.7
2020-07-02 12:30:00,0,7588.83,7612.1
2020-07-02 13:00:00,0,7497.46,7557.81
2020-07-02 13:30:00,0,7415.64,7562.84
2020-07-02 14:00:00,0,7361.24,7575.4
2020-07-02 14:30:00,0,7419.91,7605.21
2020-07-02 15:00:00,0,7472.79,7694.18
2020-07-02 15:30:00,0,7587.17,7849.36
2020-07-02 16:00:00,0,7921.45,8091.47
2020-07-02 16:30:00,0,8346.29,8470.04
2020-07-02 17:00:00,0,8775.03,8992.73
2020-07-02 17:30:00,0,9289.23,9587.94
2020-07-02 18:00:00,0,9937.84,10095.62
2020-07-02 18:30:00,0,10512.33,10168.07
2020-07-02 19:00:00,0,10551.08,10045.49
2020-07-02 19:30:00,0,10393.0,9800.58
2020-07-02 20:00:00,0,10239.0,9586.27
2020-07-02 20:30:00,0,10024.01,9415.34
2020-07-02 21:00:00,0,9902.49,9246.39
2020-07-02 21:30:00,0,9675.65,9029.43
2020-07-02 22:00:00,0,9474.3,8784.46
2020-07-02 22:30:00,0,9220.91,8681.38
2020-07-02 23:00:00,0,9155.59,8478.52
2020-07-02 23:30:00,0,8860.39,8342.23
2020-07-03 00:00:00,0,8686.68,8212.04
2020-07-03 00:30:00,0,8494.33,8056.85
2020-07-03 01:00:00,0,8239.07,7898.38
2020-07-03 01:30:00,0,8105.79,7692.92
2020-07-03 02:00:00,0,7934.44,7448.57
2020-07-03 02:30:00,0,7623.63,7158.73
2020-07-03 03:00:00,0,7269.61,6899.62
2020-07-03 03:30:00,0,7053.19,6726.92
2020-07-03 04:00:00,0,6820.53,6625.65
2020-07-03 12:30:00,0,7470.04,7911.31
2020-07-03 13:00:00,0,7285.58,7848.07
2020-07-03 13:30:00,0,7207.05,7809.04
2020-07-03 14:00:00,0,7100.23,7797.32
2020-07-03 14:30:00,0,7116.36,7812.4
2020-07-03 15:00:00,0,7203.97,7893.5
2020-07-03 15:30:00,0,7383.68,8095.21
2020-07-03 16:00:00,0,7603.0,8439.55
2020-07-03 16:30:00,0,7958.19,8923.06
2020-07-03 17:00:00,0,8476.45,9540.86
2020-07-03 17:30:00,0,9165.88,10196.27
2020-07-03 18:00:00,0,9922.24,10736.56
2020-07-03 18:30:00,0,10506.23,10816.81
2020-07-03 19:00:00,0,10619.09,10713.27
2020-07-03 19:30:00,0,10523.54,10535.65
2020-07-03 20:00:00,0,10265.39,10328.9
2020-07-03 20:30:00,0,10106.47,10195.98
2020-07-03 21:00:00,0,9921.27,10020.71
2020-07-03 21:30:00,0,9794.75,9792.36
2020-07-03 22:00:00,0,9580.62,9527.53
2020-07-03 22:30:00,0,9301.49,9351.02
2020-07-03 23:00:00,0,9182.02,9079.42
2020-07-03 23:30:00,0,8865.79,8889.64
2020-07-04 00:00:00,0,8626.35,8752.59
2020-07-04 00:30:00,0,8377.89,8603.18
2020-07-04 01:00:00,0,8072.93,8407.27
2020-07-04 01:30:00,0,7812.87,8176.73
2020-07-04 02:00:00,0,7577.43,7901.72
2020-07-04 02:30:00,0,7320.64,7555.1
2020-07-04 03:00:00,0,7007.99,7275.73
2020-07-04 03:30:00,0,6800.12,7059.74
2020-07-04 04:00:00,0,6622.24,6929.72
2020-07-04 12:30:00,0,7196.09,7686.76
2020-07-04 13:00:00,0,7063.21,7600.97
2020-07-04 13:30:00,0,6997.81,7563.57
2020-07-04 14:00:00,0,6914.47,7607.27
2020-07-04 14:30:00,0,6947.18,7704.43
2020-07-04 15:00:00,0,7016.16,7853.03
2020-07-04 15:30:00,0,7226.41,8153.14
2020-07-04 16:00:00,0,7530.31,8511.95
2020-07-04 16:30:00,0,7947.39,9024.15
2020-07-04 17:00:00,0,8455.79,9644.89
2020-07-04 17:30:00,0,9114.8,10227.55
2020-07-04 18:00:00,0,9852.4,10755.84
2020-07-04 18:30:00,0,10503.36,10810.78
2020-07-04 19:00:00,0,10738.32,10674.53
2020-07-04 19:30:00,0,10620.12,10441.49
2020-07-04 20:00:00,0,10456.42,10247.96
2020-07-04 20:30:00,0,10268.85,10026.98
2020-07-04 21:00:00,0,10089.74,9829.4
2020-07-04 21:30:00,0,9868.75,9612.34
2020-07-04 22:00:00,0,9632.02,9405.14
2020-07-04 22:30:00,0,9247.24,9236.93
2020-07-04 23:00:00,0,9038.24,8984.86
2020-07-04 23:30:00,0,8686.89,8718.39
2020-07-05 00:00:00,0,8456.07,8455.42
2020-07-05 00:30:00,0,8218.02,8193.25
2020-07-05 01:00:00,0,7945.34,7930.59
2020-07-05 01:30:00,0,7748.28,7662.03
2020-07-05 02:00:00,0,7551.18,7388.07
2020-07-05 02:30:00,0,7333.36,7115.1
2020-07-05 03:00:00,0,7100.92,6907.83
2020-07-05 03:30:00,0,6887.74,6745.68
2020-07-05 04:00:00,0,6885.12,6661.94
2020-07-05 12:30:00,0,8438.82,7429.68
2020-07-05 13:00:00,0,8316.39,7358.68
2020-07-05 13:30:00,0,8185.84,7312.22
2020-07-05 14:00:00,0,8156.71,7302.97
2020-07-05 14:30:00,0,8112.49,7342.67
2020-07-05 15:00:00,0,8124.25,7479.79
2020-07-05 15:30:00,0,8258.09,7739.06
2020-07-05 16:00:00,0,8448.75,8091.22
2020-07-05 16:30:00,0,8815.73,8574.34
2020-07-05 17:00:00,0,9274.31,9166.94
2020-07-05 17:30:00,0,9987.73,9838.77
2020-07-05 18:00:00,0,10757.52,10399.48
2020-07-05 18:30:00,0,11452.33,10605.11
2020-07-05 19:00:00,0,11427.68,10549.45
2020-07-05 19:30:00,0,11344.68,10322.07
2020-07-05 20:00:00,0,11149.34,10135.96
2020-07-05 20:30:00,0,10936.64,9949.69
2020-07-05 21:00:00,0,10675.12,9748.5
2020-07-05 21:30:00,0,10400.0,9460.62
2020-07-05 22:00:00,0,10072.91,9161.91
2020-07-05 22:30:00,0,9708.13,8911.54
2020-07-05 23:00:00,0,9506.41,8602.46
2020-07-05 23:30:00,0,9124.74,8339.24
2020-07-06 00:00:00,0,8933.19,8111.25
2020-07-06 00:30:00,0,8766.79,7904.24
2020-07-06 01:00:00,0,8562.84,7720.09
2020-07-06 01:30:00,0,8405.23,7528.49
2020-07-06 02:00:00,0,8135.07,7327.71
2020-07-06 02:30:00,0,7930.28,7080.23
2020-07-06 03:00:00,0,7548.29,6898.09
2020-07-06 03:30:00,0,7297.84,6773.79
2020-07-06 04:00:00,0,7104.56,6697.81
2020-07-06 12:30:00,0,8601.61,8248.47
2020-07-06 13:00:00,0,8557.64,8203.17
2020-07-06 13:30:00,0,8475.74,8185.24
2020-07-06 14:00:00,0,8402.68,8218.72
2020-07-06 14:30:00,0,8471.52,8283.79
2020-07-06 15:00:00,0,8608.63,8410.35
2020-07-06 15:30:00,0,8658.4,8620.77
2020-07-06 16:00:00,0,8863.64,8950.59
2020-07-06 16:30:00,0,9082.47,9430.64
2020-07-06 17:00:00,0,9489.22,10063.57
2020-07-06 17:30:00,0,10082.08,10816.37
2020-07-06 18:00:00,0,10791.03,11419.62
2020-07-06 18:30:00,0,11434.04,11518.83
2020-07-06 19:00:00,0,11444.93,11379.09
2020-07-06 19:30:00,0,11297.43,11122.01
2020-07-06 20:00:00,0,11043.93,10868.95
2020-07-06 20:30:00,0,10765.92,10618.7
2020-07-06 21:00:00,0,10571.25,10344.18
2020-07-06 21:30:00,0,10226.75,10009.23
2020-07-06 22:00:00,0,9923.42,9666.51
2020-07-06 22:30:00,0,9559.12,9447.77
2020-07-06 23:00:00,0,9362.73,9145.67
2020-07-06 23:30:00,0,9064.29,8899.87
2020-07-07 00:00:00,0,8789.17,8724.82
2020-07-07 00:30:00,0,8670.74,8527.31
2020-07-07 01:00:00,0,8435.15,8334.69
2020-07-07 01:30:00,0,8250.44,8112.05
2020-07-07 02:00:00,0,8041.59,7862.33
2020-07-07 02:30:00,0,7835.42,7543.0
2020-07-07 03:00:00,0,7524.47,7296.42
2020-07-07 03:30:00,0,7288.21,7115.23
2020-07-07 04:00:00,0,7010.25,6995.64
2020-07-07 12:30:00,0,8822.86,8123.95
2020-07-07 13:00:00,0,8768.94,8064.57
2020-07-07 13:30:00,0,8786.41,8049.62
2020-07-07 14:00:00,0,8857.34,8080.92
2020-07-07 14:30:00,0,8846.44,8140.1
2020-07-07 15:00:00,0,8922.68,8273.55
2020-07-07 15:30:00,0,8984.9,8474.56
2020-07-07 16:00:00,0,9135.94,8821.65
2020-07-07 16:30:00,0,9340.77,9287.96
2020-07-07 17:00:00,0,9739.45,9894.77
2020-07-07 17:30:00,0,10274.01,10650.66
2020-07-07 18:00:00,0,10861.86,11231.76
2020-07-07 18:30:00,0,11346.82,11338.05
2020-07-07 19:00:00,0,11340.02,11225.76
2020-07-07 19:30:00,0,11215.34,10951.44
2020-07-07 20:00:00,0,10914.71,10712.44
2020-07-07 20:30:00,0,10657.84,10458.12
2020-07-07 21:00:00,0,10468.38,10185.43
2020-07-07 21:30:00,0,10245.33,9849.95
2020-07-07 22:00:00,0,9892.86,9500.75
2020-07-07 22:30:00,0,9573.74,9307.03
2020-07-07 23:00:00,0,9432.27,9012.79
2020-07-07 23:30:00,0,9127.96,8791.4
2020-07-08 00:00:00,0,8897.55,8626.14
2020-07-08 00:30:00,0,8781.73,8436.68
2020-07-08 01:00:00,0,8645.32,8257.87
2020-07-08 01:30:00,0,8391.02,8028.24
2020-07-08 02:00:00,0,8209.5,7773.74
2020-07-08 02:30:00,0,7974.81,7451.79
2020-07-08 03:00:00,0,7653.65,7190.89
2020-07-08 03:30:00,0,7403.78,6983.39
2020-07-08 04:00:00,0,7143.0,6859.55
2020-07-08 12:30:00,0,8203.67,8476.52
2020-07-08 13:00:00,0,8098.86,8420.71
2020-07-08 13:30:00,0,8002.36,8398.23
2020-07-08 14:00:00,0,8008.39,8406.43
2020-07-08 14:30:00,0,8015.54,8438.42
2020-07-08 15:00:00,0,8022.13,8552.85
2020-07-08 15:30:00,0,8140.52,8708.81
2020-07-08 16:00:00,0,8317.14,9008.7
2020-07-08 16:30:00,0,8697.21,9386.0
2020-07-08 17:00:00,0,9094.09,9972.51
2020-07-08 17:30:00,0,9706.31,10675.0
2020-07-08 18:00:00,0,10486.9,11207.44
2020-07-08 18:30:00,0,11108.83,11313.85
2020-07-08 19:00:00,0,11130.64,11194.99
2020-07-08 19:30:00,0,11074.98,10972.21
2020-07-08 20:00:00,0,10845.68,10745.77
2020-07-08 20:30:00,0,10644.4,10551.03
2020-07-08 21:00:00,0,10470.48,10291.62
2020-07-08 21:30:00,0,10176.92,10014.48
2020-07-08 22:00:00,0,9887.36,9660.41
2020-07-08 22:30:00,0,9579.87,9470.72
2020-07-08 23:00:00,0,9399.47,9173.0
2020-07-08 23:30:00,0,9113.52,8941.18
2020-07-09 00:00:00,0,8843.76,8764.63
2020-07-09 00:30:00,0,8710.71,8555.72
2020-07-09 01:00:00,0,8479.58,8346.4
2020-07-09 01:30:00,0,8225.84,8103.58
2020-07-09 02:00:00,0,8044.5,7855.17
2020-07-09 02:30:00,0,7783.94,7563.98
2020-07-09 03:00:00,0,7419.29,7309.45
2020-07-09 03:30:00,0,7171.24,7147.79
2020-07-09 04:00:00,0,6996.54,7030.69
2020-07-09 12:30:00,0,8923.93,8119.37
2020-07-09 13:00:00,0,8781.49,8042.54
2020-07-09 13:30:00,0,8795.66,8001.19
2020-07-09 14:00:00,0,8743.5,7996.44
2020-07-09 14:30:00,0,8785.28,8006.14
2020-07-09 15:00:00,0,8735.27,8092.74
2020-07-09 15:30:00,0,8696.89,8271.16
2020-07-09 16:00:00,0,8867.74,8550.32
2020-07-09 16:30:00,0,9072.43,8959.75
2020-07-09 17:00:00,0,9472.6,9561.52
2020-07-09 17:30:00,0,9946.26,10293.55
2020-07-09 18:00:00,0,10396.01,10880.21
2020-07-09 18:30:00,0,10791.27,11012.2
2020-07-09 19:00:00,0,10767.16,10918.19
2020-07-09 19:30:00,0,10626.52,10699.13
2020-07-09 20:00:00,0,10350.25,10472.32
2020-07-09 20:30:00,0,10092.24,10255.45
2020-07-09 21:00:00,0,9955.36,10033.49
2020-07-09 21:30:00,0,9719.65,9753.18
2020-07-09 22:00:00,0,9464.26,9432.37
2020-07-09 22:30:00,0,9198.89,9286.54
2020-07-09 23:00:00,0,9130.08,9007.51
2020-07-09 23:30:00,0,8889.06,8816.58
2020-07-10 00:00:00,0,8692.52,8665.98
2020-07-10 00:30:00,0,8597.7,8489.74
2020-07-10 01:00:00,0,8338.44,8320.99
2020-07-10 01:30:00,0,8150.89,8081.84
2020-07-10 02:00:00,0,7854.41,7844.84
2020-07-10 02:30:00,0,7618.32,7537.23
2020-07-10 03:00:00,0,7247.01,7279.46
2020-07-10 03:30:00,0,7031.24,7102.21
2020-07-10 04:00:00,0,6825.55,6998.39
2020-07-10 12:30:00,0,8767.42,8359.08
2020-07-10 13:00:00,0,8652.27,8250.01
2020-07-10 13:30:00,0,8565.32,8130.29
2020-07-10 14:00:00,0,8422.67,8115.11
2020-07-10 14:30:00,0,8260.15,8119.52
2020-07-10 15:00:00,0,8215.72,8187.01
2020-07-10 15:30:00,0,8217.99,8333.8
2020-07-10 16:00:00,0,8314.32,8575.86
2020-07-10 16:30:00,0,8544.62,8932.74
2020-07-10 17:00:00,0,8881.17,9451.17
2020-07-10 17:30:00,0,9303.48,10090.69
2020-07-10 18:00:00,0,9786.17,10593.3
2020-07-10 18:30:00,0,10202.43,10631.68
2020-07-10 19:00:00,0,10199.14,10499.52
2020-07-10 19:30:00,0,10050.31,10271.44
2020-07-10 20:00:00,0,9796.21,10026.58
2020-07-10 20:30:00,0,9570.95,9825.76
2020-07-10 21:00:00,0,9419.68,9641.36
2020-07-10 21:30:00,0,9279.26,9470.25
2020-07-10 22:00:00,0,9085.24,9249.91
2020-07-10 22:30:00,0,8862.86,9196.82
2020-07-10 23:00:00,0,8789.35,8972.78
2020-07-10 23:30:00,0,8559.5,8824.07
2020-07-11 00:00:00,0,8413.21,8667.71
2020-07-11 00:30:00,0,8149.85,8479.48
2020-07-11 01:00:00,0,7912.25,8264.45
2020-07-11 01:30:00,0,7681.22,8026.75
2020-07-11 02:00:00,0,7450.35,7761.38
2020-07-11 02:30:00,0,7256.11,7435.52
2020-07-11 03:00:00,0,6948.23,7144.94
2020-07-11 03:30:00,0,6730.67,6939.59
2020-07-11 04:00:00,0,6608.1,6808.96
2020-07-11 12:30:00,0,7596.16,7444.49
2020-07-11 13:00:00,0,7549.55,7332.97
2020-07-11 13:30:00,0,7521.5,7253.0
2020-07-11 14:00:00,0,7446.94,7245.05
2020-07-11 14:30:00,0,7432.56,7344.48
2020-07-11 15:00:00,0,7594.55,7451.54
2020-07-11 15:30:00,0,7920.53,7628.35
2020-07-11 16:00:00,0,8357.83,7840.91
2020-07-11 16:30:00,0,8723.17,8173.71
2020-07-11 17:00:00,0,9091.94,8667.23
2020-07-11 17:30:00,0,9597.91,9239.14
2020-07-11 18:00:00,0,10146.6,9675.5
2020-07-11 18:30:00,0,10555.45,9739.5
2020-07-11 19:00:00,0,10627.94,9609.02
2020-07-11 19:30:00,0,10496.25,9472.7
2020-07-11 20:00:00,0,10296.03,9330.26
2020-07-11 20:30:00,0,10061.79,9190.54
2020-07-11 21:00:00,0,9868.3,9067.36
2020-07-11 21:30:00,0,9579.8,8896.0
2020-07-11 22:00:00,0,9313.93,8746.86
2020-07-11 22:30:00,0,9018.47,8656.37
2020-07-11 23:00:00,0,8791.86,8472.59
2020-07-11 23:30:00,0,8475.56,8300.27
2020-07-12 00:00:00,0,8281.8,8131.85
2020-07-12 00:30:00,0,8065.87,7912.8
2020-07-12 01:00:00,0,7827.92,7675.64
2020-07-12 01:30:00,0,7615.36,7431.01
2020-07-12 02:00:00,0,7033.63,7197.49
2020-07-12 02:30:00,0,6369.47,6929.21
2020-07-12 03:00:00,0,5957.55,6718.95
2020-07-12 03:30:00,0,5746.81,6606.66
2020-07-12 04:00:00,0,5678.37,6542.28
2020-07-12 12:30:00,0,8528.13,7367.36
2020-07-12 13:00:00,0,8422.23,7315.37
2020-07-12 13:30:00,0,8452.65,7326.46
2020-07-12 14:00:00,0,8451.78,7366.17
2020-07-12 14:30:00,0,8461.35,7453.24
2020-07-12 15:00:00,0,8476.43,7610.05
2020-07-12 15:30:00,0,8619.91,7815.82
2020-07-12 16:00:00,0,8832.19,8107.44
2020-07-12 16:30:00,0,9113.91,8544.69
2020-07-12 17:00:00,0,9522.23,9072.27
2020-07-12 17:30:00,0,10158.66,9659.72
2020-07-12 18:00:00,0,10815.73,10183.69
2020-07-12 18:30:00,0,11420.52,10372.37
2020-07-12 19:00:00,0,11461.61,10304.01
2020-07-12 19:30:00,0,11364.9,10094.75
2020-07-12 20:00:00,0,11066.24,9896.32
2020-07-12 20:30:00,0,10827.52,9742.48
2020-07-12 21:00:00,0,10544.92,9535.48
2020-07-12 21:30:00,0,10296.17,9272.7
2020-07-12 22:00:00,0,10017.86,9000.92
2020-07-12 22:30:00,0,9556.87,8762.39
2020-07-12 23:00:00,0,9422.06,8490.77
2020-07-12 23:30:00,0,9044.6,8274.47
2020-07-13 00:00:00,0,8806.51,8083.96
2020-07-13 00:30:00,0,8624.23,7909.4
2020-07-13 01:00:00,0,8432.25,7725.77
2020-07-13 01:30:00,0,8209.03,7541.31
2020-07-13 02:00:00,0,7980.53,7343.2
2020-07-13 02:30:00,0,7690.25,7083.17
2020-07-13 03:00:00,0,7409.93,6886.5
2020-07-13 03:30:00,0,7200.3,6738.33
2020-07-13 04:00:00,0,7015.38,6669.95
2020-07-13 12:30:00,0,9243.2,8663.69
2020-07-13 13:00:00,0,9043.43,8646.88
2020-07-13 13:30:00,0,9079.64,8664.73
2020-07-13 14:00:00,0,9150.77,8689.02
2020-07-13 14:30:00,0,9221.48,8713.84
2020-07-13 15:00:00,0,9189.01,8794.04
2020-07-13 15:30:00,0,9058.38,8947.5
2020-07-13 16:00:00,0,9239.51,9228.56
2020-07-13 16:30:00,0,9461.28,9631.53
2020-07-13 17:00:00,0,9823.83,10179.4
2020-07-13 17:30:00,0,10364.98,10801.13
2020-07-13 18:00:00,0,11049.47,11369.4
2020-07-13 18:30:00,0,11667.57,11446.87
2020-07-13 19:00:00,0,11668.99,11309.6
2020-07-13 19:30:00,0,11562.82,11020.45
2020-07-13 20:00:00,0,11237.49,10747.92
2020-07-13 20:30:00,0,10914.51,10516.57
2020-07-13 21:00:00,0,10618.44,10227.64
2020-07-13 21:30:00,0,10338.19,9877.26
2020-07-13 22:00:00,0,10032.36,9530.39
2020-07-13 22:30:00,0,9674.49,9274.36
2020-07-13 23:00:00,0,9520.0,8993.28
2020-07-13 23:30:00,0,9111.91,8739.89
2020-07-14 00:00:00,0,8869.62,8579.23
2020-07-14 00:30:00,0,8729.99,8399.09
2020-07-14 01:00:00,0,8471.21,8205.67
2020-07-14 01:30:00,0,8256.14,7987.22
2020-07-14 02:00:00,0,8022.72,7745.82
2020-07-14 02:30:00,0,7801.47,7428.31
2020-07-14 03:00:00,0,7465.49,7178.98
2020-07-14 03:30:00,0,7213.96,6979.14
2020-07-14 04:00:00,0,7018.37,6850.91
2020-07-14 12:30:00,0,8655.06,8993.43
2020-07-14 13:00:00,0,8706.3,8967.87
2020-07-14 13:30:00,0,8757.82,8965.97
2020-07-14 14:00:00,0,8756.75,8955.25
2020-07-14 14:30:00,0,8817.25,8970.92
2020-07-14 15:00:00,0,8889.2,9034.91
2020-07-14 15:30:00,0,8982.19,9180.21
2020-07-14 16:00:00,0,9123.91,9459.67
2020-07-14 16:30:00,0,9371.85,9802.58
2020-07-14 17:00:00,0,9741.95,10353.53
2020-07-14 17:30:00,0,10241.08,10994.54
2020-07-14 18:00:00,0,10801.52,11499.56
2020-07-14 18:30:00,0,11464.6,11538.18
2020-07-14 19:00:00,0,11517.67,11392.49
2020-07-14 19:30:00,0,11387.89,11083.72
2020-07-14 20:00:00,0,11107.94,10822.45
2020-07-14 20:30:00,0,10854.89,10587.11
2020-07-14 21:00:00,0,10611.33,10304.57
2020-07-14 21:30:00,0,10371.61,9988.63
2020-07-14 22:00:00,0,10058.44,9638.71
2020-07-14 22:30:00,0,9669.63,9414.42
2020-07-14 23:00:00,0,9503.0,9099.83
2020-07-14 23:30:00,0,9145.5,8867.3
2020-07-15 00:00:00,0,8902.04,8691.22
2020-07-15 00:30:00,0,8756.65,8496.52
2020-07-15 01:00:00,0,8532.04,8306.82
2020-07-15 01:30:00,0,8312.85,8072.93
2020-07-15 02:00:00,0,8092.6,7826.22
2020-07-15 02:30:00,0,7804.16,7503.21
2020-07-15 03:00:00,0,7547.09,7231.23
2020-07-15 03:30:00,0,7245.32,7029.12
2020-07-15 04:00:00,0,7072.7,6897.56
2020-07-15 12:30:00,0,8507.15,8554.25
2020-07-15 13:00:00,0,8491.48,8517.89
2020-07-15 13:30:00,0,8476.56,8504.92
2020-07-15 14:00:00,0,8477.35,8495.55
2020-07-15 14:30:00,0,8497.75,8518.22
2020-07-15 15:00:00,0,8603.82,8635.13
2020-07-15 15:30:00,0,8744.09,8797.17
2020-07-15 16:00:00,0,8979.47,9063.63
2020-07-15 16:30:00,0,9270.45,9418.51
2020-07-15 17:00:00,0,9664.52,9976.42
2020-07-15 17:30:00,0,10171.21,10580.03
2020-07-15 18:00:00,0,10749.98,11101.61
2020-07-15 18:30:00,0,11327.56,11225.04
2020-07-15 19:00:00,0,11402.02,11089.43
2020-07-15 19:30:00,0,11350.79,10867.37
2020-07-15 20:00:00,0,11039.76,10651.25
2020-07-15 20:30:00,0,10865.25,10465.18
2020-07-15 21:00:00,0,10697.26,10173.18
2020-07-15 21:30:00,0,10396.68,9864.64
2020-07-15 22:00:00,0,10126.44,9532.18
2020-07-15 22:30:00,0,9750.36,9340.81
2020-07-15 23:00:00,0,9553.02,9070.11
2020-07-15 23:30:00,0,9208.07,8836.25
2020-07-16 00:00:00,0,8970.3,8659.77
2020-07-16 00:30:00,0,8772.48,8460.84
2020-07-16 01:00:00,0,8553.0,8266.09
2020-07-16 01:30:00,0,8361.45,8047.71
2020-07-16 02:00:00,0,8160.15,7806.53
2020-07-16 02:30:00,0,7906.14,7496.76
2020-07-16 03:00:00,0,7567.63,7236.24
2020-07-16 03:30:00,0,7321.82,7045.87
2020-07-16 04:00:00,0,7115.43,6929.39
2020-07-16 12:30:00,0,8715.94,8421.2
2020-07-16 13:00:00,0,8663.27,8365.94
2020-07-16 13:30:00,0,8676.39,8302.51
2020-07-16 14:00:00,0,8640.5,8288.9
2020-07-16 14:30:00,0,8665.84,8325.12
2020-07-16 15:00:00,0,8710.34,8449.23
2020-07-16 15:30:00,0,8816.16,8631.49
2020-07-16 16:00:00,0,8978.45,8932.37
2020-07-16 16:30:00,0,9200.6,9311.82
2020-07-16 17:00:00,0,9475.07,9860.95
2020-07-16 17:30:00,0,9920.58,10487.9
2020-07-16 18:00:00,0,10429.92,11174.36
2020-07-16 18:30:00,0,10956.23,11340.19
2020-07-16 19:00:00,0,10966.79,11236.29
2020-07-16 19:30:00,0,10828.97,11015.24
2020-07-16 20:00:00,0,10600.39,10807.07
2020-07-16 20:30:00,0,10358.34,10588.27
2020-07-16 21:00:00,0,10189.49,10323.78
2020-07-16 21:30:00,0,9958.18,10010.05
2020-07-16 22:00:00,0,9718.84,9655.53
2020-07-16 22:30:00,0,9433.96,9444.29
2020-07-16 23:00:00,0,9409.98,9150.26
2020-07-16 23:30:00,0,9158.51,8914.55
2020-07-17 00:00:00,0,8956.11,8735.92
2020-07-17 00:30:00,0,8806.71,8543.38
2020-07-17 01:00:00,0,8512.76,8341.13
2020-07-17 01:30:00,0,8285.33,8120.19
2020-07-17 02:00:00,0,8009.26,7868.45
2020-07-17 02:30:00,0,7763.29,7552.64
2020-07-17 03:00:00,0,7402.18,7281.99
2020-07-17 03:30:00,0,7146.4,7098.69
2020-07-17 04:00:00,0,6937.42,6991.35
2020-07-17 12:30:00,0,7481.2,8441.05
2020-07-17 13:00:00,0,7340.38,8383.01
2020-07-17 13:30:00,0,7232.38,8323.37
2020-07-17 14:00:00,0,7216.08,8309.33
2020-07-17 14:30:00,0,7222.86,8290.56
2020-07-17 15:00:00,0,7291.48,8357.27
2020-07-17 15:30:00,0,7415.36,8504.99
2020-07-17 16:00:00,0,7616.61,8771.0
2020-07-17 16:30:00,0,7881.27,9123.42
2020-07-17 17:00:00,0,8231.71,9611.1
2020-07-17 17:30:00,0,8831.58,10198.32
2020-07-17 18:00:00,0,9442.59,10784.02
2020-07-17 18:30:00,0,10044.79,10918.51
2020-07-17 19:00:00,0,10198.37,10804.22
2020-07-17 19:30:00,0,10064.96,10561.78
2020-07-17 20:00:00,0,9879.43,10345.04
2020-07-17 20:30:00,0,9753.56,10161.91
2020-07-17 21:00:00,0,9639.34,9957.94
2020-07-17 21:30:00,0,9387.33,9739.72
2020-07-17 22:00:00,0,9188.94,9505.19
2020-07-17 22:30:00,0,9020.94,9390.86
2020-07-17 23:00:00,0,8909.46,9179.41
2020-07-17 23:30:00,0,8670.52,8972.2
2020-07-18 00:00:00,0,8508.39,8793.55
2020-07-18 00:30:00,0,8276.47,8610.93
2020-07-18 01:00:00,0,7976.44,8396.32
2020-07-18 01:30:00,0,7782.78,8135.29
2020-07-18 02:00:00,0,7540.51,7847.44
2020-07-18 02:30:00,0,7248.76,7496.36
2020-07-18 03:00:00,0,6886.49,7175.84
2020-07-18 03:30:00,0,6706.75,6970.73
2020-07-18 04:00:00,0,6593.85,6833.52
2020-07-18 12:30:00,0,6838.98,7364.3
2020-07-18 13:00:00,0,6761.05,7337.84
2020-07-18 13:30:00,0,6678.28,7308.47
2020-07-18 14:00:00,0,6614.28,7314.72
2020-07-18 14:30:00,0,6593.13,7356.82
2020-07-18 15:00:00,0,6695.79,7486.7
2020-07-18 15:30:00,0,6844.19,7692.67
2020-07-18 16:00:00,0,7095.3,7968.13
2020-07-18 16:30:00,0,7508.02,8426.56
2020-07-18 17:00:00,0,7964.34,8905.62
2020-07-18 17:30:00,0,8539.81,9427.62
2020-07-18 18:00:00,0,9113.51,10055.87
2020-07-18 18:30:00,0,9923.23,10253.24
2020-07-18 19:00:00,0,10120.36,10160.18
2020-07-18 19:30:00,0,10075.39,9993.1
2020-07-18 20:00:00,0,9819.54,9804.29
2020-07-18 20:30:00,0,9579.59,9642.36
2020-07-18 21:00:00,0,9391.55,9490.66
2020-07-18 21:30:00,0,9153.52,9292.68
2020-07-18 22:00:00,0,8932.91,9088.37
2020-07-18 22:30:00,0,8652.46,8937.51
2020-07-18 23:00:00,0,8450.48,8736.65
2020-07-18 23:30:00,0,8146.39,8516.38
2020-07-19 00:00:00,0,7898.26,8286.86
2020-07-19 00:30:00,0,7730.21,8027.75
2020-07-19 01:00:00,0,7503.31,7783.7
2020-07-19 01:30:00,0,7317.47,7496.88
2020-07-19 02:00:00,0,7120.71,7252.41
2020-07-19 02:30:00,0,6918.38,6989.28
2020-07-19 03:00:00,0,6673.0,6768.69
2020-07-19 03:30:00,0,6536.72,6648.02
2020-07-19 04:00:00,0,6443.79,6564.7
2020-07-19 12:30:00,0,7738.6,6903.8
2020-07-19 13:00:00,0,7609.36,6811.86
2020-07-19 13:30:00,0,7505.69,6690.92
2020-07-19 14:00:00,0,7461.9,6674.67
2020-07-19 14:30:00,0,7448.98,6719.26
2020-07-19 15:00:00,0,7467.6,6843.72
2020-07-19 15:30:00,0,7608.68,7094.54
2020-07-19 16:00:00,0,7836.56,7392.53
2020-07-19 16:30:00,0,8202.45,7859.46
2020-07-19 17:00:00,0,8686.51,8364.21
2020-07-19 17:30:00,0,9388.0,9156.13
2020-07-19 18:00:00,0,10208.86,9862.08
2020-07-19 18:30:00,0,11081.92,10121.48
2020-07-19 19:00:00,0,11199.65,10068.58
2020-07-19 19:30:00,0,11222.65,9866.58
2020-07-19 20:00:00,0,11002.07,9654.36
2020-07-19 20:30:00,0,10828.19,9494.48
2020-07-19 21:00:00,0,10655.41,9297.53
2020-07-19 21:30:00,0,10320.43,9079.74
2020-07-19 22:00:00,0,10005.22,8806.47
2020-07-19 22:30:00,0,9571.55,8577.06
2020-07-19 23:00:00,0,9433.56,8311.15
2020-07-19 23:30:00,0,9068.42,8080.81
2020-07-20 00:00:00,0,8839.66,7858.48
2020-07-20 00:30:00,0,8774.44,7638.88
2020-07-20 01:00:00,0,8517.9,7454.5
2020-07-20 01:30:00,0,8359.65,7263.42
2020-07-20 02:00:00,0,8132.05,7067.18
2020-07-20 02:30:00,0,7912.7,6829.45
2020-07-20 03:00:00,0,7658.81,6644.44
2020-07-20 03:30:00,0,7382.92,6543.17
2020-07-20 04:00:00,0,7235.08,6487.89
2020-07-20 12:30:00,0,8074.54,8057.04
2020-07-20 13:00:00,0,7946.57,8044.2
2020-07-20 13:30:00,0,7885.12,8023.88
2020-07-20 14:00:00,0,7899.24,8054.81
2020-07-20 14:30:00,0,7899.71,8106.77
2020-07-20 15:00:00,0,7936.97,8228.12
2020-07-20 15:30:00,0,8026.13,8432.9
2020-07-20 16:00:00,0,8253.4,8747.2
2020-07-20 16:30:00,0,8681.19,9203.65
2020-07-20 17:00:00,0,9194.94,9767.72
2020-07-20 17:30:00,0,9851.92,10503.8
2020-07-20 18:00:00,0,10680.03,11253.0
2020-07-20 18:30:00,0,11505.07,11516.82
2020-07-20 19:00:00,0,11739.02,11443.43
2020-07-20 19:30:00,0,11618.59,11212.21
2020-07-20 20:00:00,0,11411.49,10974.71
2020-07-20 20:30:00,0,11129.1,10732.51
2020-07-20 21:00:00,0,10943.74,10465.3
2020-07-20 21:30:00,0,10625.02,10118.67
2020-07-20 22:00:00,0,10255.59,9750.2
2020-07-20 22:30:00,0,9833.75,9438.36
2020-07-20 23:00:00,0,9648.7,9121.21
2020-07-20 23:30:00,0,9250.7,8848.24
2020-07-21 00:00:00,0,9011.66,8702.11
2020-07-21 00:30:00,0,8835.31,8536.26
2020-07-21 01:00:00,0,8630.15,8377.34
2020-07-21 01:30:00,0,8433.05,8196.31
2020-07-21 02:00:00,0,8247.33,7986.66
2020-07-21 02:30:00,0,7959.81,7674.96
2020-07-21 03:00:00,0,7639.03,7419.17
2020-07-21 03:30:00,0,7438.22,7211.03
2020-07-21 04:00:00,0,7285.97,7087.73
2020-07-21 12:30:00,0,8459.37,8259.4
2020-07-21 13:00:00,0,8270.96,8185.01
2020-07-21 13:30:00,0,8035.53,8189.7
2020-07-21 14:00:00,0,7984.21,8195.33
2020-07-21 14:30:00,0,8027.33,8217.69
2020-07-21 15:00:00,0,8063.82,8327.87
2020-07-21 15:30:00,0,8026.89,8504.67
2020-07-21 16:00:00,0,8207.61,8824.0
2020-07-21 16:30:00,0,8601.12,9237.87
2020-07-21 17:00:00,0,9035.96,9841.45
2020-07-21 17:30:00,0,9630.83,10557.64
2020-07-21 18:00:00,0,10423.58,11284.63
2020-07-21 18:30:00,0,11278.62,11524.48
2020-07-21 19:00:00,0,11412.82,11470.27
2020-07-21 19:30:00,0,11365.74,11277.91
2020-07-21 20:00:00,0,11172.12,11077.62
2020-07-21 20:30:00,0,10942.76,10868.83
2020-07-21 21:00:00,0,10758.63,10604.08
2020-07-21 21:30:00,0,10462.25,10273.26
2020-07-21 22:00:00,0,10067.35,9895.84
2020-07-21 22:30:00,0,9727.7,9634.77
2020-07-21 23:00:00,0,9548.71,9316.56
2020-07-21 23:30:00,0,9186.11,9060.52
2020-07-22 00:00:00,0,8939.49,8881.36
2020-07-22 00:30:00,0,8803.84,8682.01
2020-07-22 01:00:00,0,8602.25,8493.15
2020-07-22 01:30:00,0,8430.6,8279.89
2020-07-22 02:00:00,0,8222.98,8022.05
2020-07-22 02:30:00,0,7989.36,7680.58
2020-07-22 03:00:00,0,7660.67,7412.87
2020-07-22 03:30:00,0,7422.98,7204.49
2020-07-22 04:00:00,0,7219.78,7068.57
2020-07-22 12:30:00,0,8314.11,8205.33
2020-07-22 13:00:00,0,8071.19,8106.41
2020-07-22 13:30:00,0,7868.58,8069.33
2020-07-22 14:00:00,0,7806.18,8048.71
2020-07-22 14:30:00,0,7808.25,8046.01
2020-07-22 15:00:00,0,7812.47,8136.14
2020-07-22 15:30:00,0,7957.79,8288.0
2020-07-22 16:00:00,0,8138.07,8603.81
2020-07-22 16:30:00,0,8464.06,9011.77
2020-07-22 17:00:00,0,8888.47,9576.87
2020-07-22 17:30:00,0,9500.55,10238.27
2020-07-22 18:00:00,0,10226.08,10965.08
2020-07-22 18:30:00,0,11040.77,11171.99
2020-07-22 19:00:00,0,11276.89,11151.69
2020-07-22 19:30:00,0,11251.91,10977.9
2020-07-22 20:00:00,0,11003.73,10781.34
2020-07-22 20:30:00,0,10850.84,10582.96
2020-07-22 21:00:00,0,10683.23,10325.37
2020-07-22 21:30:00,0,10469.93,9997.08
2020-07-22 22:00:00,0,10176.26,9668.66
2020-07-22 22:30:00,0,9757.33,9463.0
2020-07-22 23:00:00,0,9556.83,9145.29
2020-07-22 23:30:00,0,9261.68,8899.82
2020-07-23 00:00:00,0,8997.24,8722.87
2020-07-23 00:30:00,0,8799.44,8553.85
2020-07-23 01:00:00,0,8664.64,8376.26
2020-07-23 01:30:00,0,8394.84,8166.09
2020-07-23 02:00:00,0,8178.87,7919.56
2020-07-23 02:30:00,0,7975.65,7593.72
2020-07-23 03:00:00,0,7642.39,7325.93
2020-07-23 03:30:00,0,7396.5,7133.8
2020-07-23 04:00:00,0,7208.09,7010.69
2020-07-23 12:30:00,0,8123.66,8101.29
2020-07-23 13:00:00,0,7883.89,8008.39
2020-07-23 13:30:00,0,7812.23,7981.71
2020-07-23 14:00:00,0,7701.12,7956.9
2020-07-23 14:30:00,0,7642.72,7961.37
2020-07-23 15:00:00,0,7751.54,8053.98
2020-07-23 15:30:00,0,7862.16,8217.23
2020-07-23 16:00:00,0,7988.62,8520.86
2020-07-23 16:30:00,0,8312.53,8945.17
2020-07-23 17:00:00,0,8723.43,9523.78
2020-07-23 17:30:00,0,9281.05,10200.03
2020-07-23 18:00:00,0,9875.98,10927.13
2020-07-23 18:30:00,0,10630.83,11174.03
2020-07-23 19:00:00,0,10762.03,11152.01
2020-07-23 19:30:00,0,10705.53,10989.34
2020-07-23 20:00:00,0,10473.41,10808.65
2020-07-23 20:30:00,0,10271.35,10625.59
2020-07-23 21:00:00,0,10157.26,10373.47
2020-07-23 21:30:00,0,9948.99,10054.29
2020-07-23 22:00:00,0,9718.37,9724.07
2020-07-23 22:30:00,0,9400.72,9518.78
2020-07-23 23:00:00,0,9378.95,9211.01
2020-07-23 23:30:00,0,9088.84,8959.9
2020-07-24 00:00:00,0,8910.29,8796.37
2020-07-24 00:30:00,0,8763.77,8605.68
2020-07-24 01:00:00,0,8492.5,8412.73
2020-07-24 01:30:00,0,8308.36,8178.31
2020-07-24 02:00:00,0,8016.35,7902.72
2020-07-24 02:30:00,0,7790.23,7597.63
2020-07-24 03:00:00,0,7511.23,7343.18
2020-07-24 03:30:00,0,7189.44,7163.32
2020-07-24 04:00:00,0,7062.82,7046.57
2020-07-24 12:30:00,0,8280.65,7886.54
2020-07-24 13:00:00,0,7908.12,7762.18
2020-07-24 13:30:00,0,7846.62,7629.79
2020-07-24 14:00:00,0,7795.09,7559.48
2020-07-24 14:30:00,0,7961.51,7519.25
2020-07-24 15:00:00,0,8220.24,7619.24
2020-07-24 15:30:00,0,8490.35,7777.19
2020-07-24 16:00:00,0,8695.24,8108.82
2020-07-24 16:30:00,0,8930.52,8549.72
2020-07-24 17:00:00,0,9277.91,9119.92
2020-07-24 17:30:00,0,9677.36,9772.61
2020-07-24 18:00:00,0,10005.46,10422.12
2020-07-24 18:30:00,0,10350.39,10595.6
2020-07-24 19:00:00,0,10307.41,10514.21
2020-07-24 19:30:00,0,10139.27,10318.27
2020-07-24 20:00:00,0,9864.01,10113.61
2020-07-24 20:30:00,0,9567.55,9964.06
2020-07-24 21:00:00,0,9352.39,9766.2
2020-07-24 21:30:00,0,9123.75,9573.86
2020-07-24 22:00:00,0,8889.88,9365.69
2020-07-24 22:30:00,0,8672.96,9297.66
2020-07-24 23:00:00,0,8619.9,9080.52
2020-07-24 23:30:00,0,8323.59,8886.24
2020-07-25 00:00:00,0,8097.83,8743.89
2020-07-25 00:30:00,0,7899.9,8550.25
2020-07-25 01:00:00,0,7662.69,8344.61
2020-07-25 01:30:00,0,7431.88,8067.74
2020-07-25 02:00:00,0,7191.36,7767.15
2020-07-25 02:30:00,0,6918.44,7438.0
2020-07-25 03:00:00,0,6644.21,7148.63
2020-07-25 03:30:00,0,6465.92,6961.01
2020-07-25 04:00:00,0,6313.3,6821.08
2020-07-25 12:30:00,0,9288.62,7545.18
2020-07-25 13:00:00,0,9360.4,7451.06
2020-07-25 13:30:00,0,9347.93,7357.99
2020-07-25 14:00:00,0,9259.62,7341.75
2020-07-25 14:30:00,0,9266.35,7418.34
2020-07-25 15:00:00,0,9334.91,7502.22
2020-07-25 15:30:00,0,9327.67,7684.16
2020-07-25 16:00:00,0,9385.67,7975.67
2020-07-25 16:30:00,0,9569.27,8360.63
2020-07-25 17:00:00,0,9802.86,8824.95
2020-07-25 17:30:00,0,10058.73,9346.64
2020-07-25 18:00:00,0,10359.65,9935.15
2020-07-25 18:30:00,0,10695.64,10106.66
2020-07-25 19:00:00,0,10722.49,10013.97
2020-07-25 19:30:00,0,10546.71,9814.46
2020-07-25 20:00:00,0,10216.58,9614.06
2020-07-25 20:30:00,0,9939.2,9438.07
2020-07-25 21:00:00,0,9782.05,9256.5
2020-07-25 21:30:00,0,9520.95,9032.48
2020-07-25 22:00:00,0,9199.8,8835.25
2020-07-25 22:30:00,0,8972.58,8698.16
2020-07-25 23:00:00,0,8772.53,8497.89
2020-07-25 23:30:00,0,8411.12,8302.19
2020-07-26 00:00:00,0,8139.24,8076.98
2020-07-26 00:30:00,0,7925.59,7863.35
2020-07-26 01:00:00,0,7753.41,7629.29
2020-07-26 01:30:00,0,7526.9,7371.02
2020-07-26 02:00:00,0,7333.62,7122.09
2020-07-26 02:30:00,0,7103.99,6858.16
2020-07-26 03:00:00,0,6836.03,6643.05
2020-07-26 03:30:00,0,6607.91,6501.03
2020-07-26 04:00:00,0,6517.81,6413.57
2020-07-26 12:30:00,0,9388.7,7718.15
2020-07-26 13:00:00,0,9429.29,7632.99
2020-07-26 13:30:00,0,9382.84,7649.08
2020-07-26 14:00:00,0,9367.16,7658.98
2020-07-26 14:30:00,0,9371.65,7722.86
2020-07-26 15:00:00,0,9429.18,7803.87
2020-07-26 15:30:00,0,9464.79,7975.02
2020-07-26 16:00:00,0,9554.19,8197.8
2020-07-26 16:30:00,0,9861.89,8481.82
2020-07-26 17:00:00,0,10213.7,8913.8
2020-07-26 17:30:00,0,10577.12,9398.87
2020-07-26 18:00:00,0,11042.45,10045.7
2020-07-26 18:30:00,0,11551.78,10314.41
2020-07-26 19:00:00,0,11507.41,10227.27
2020-07-26 19:30:00,0,11291.56,10009.65
2020-07-26 20:00:00,0,10942.09,9792.66
2020-07-26 20:30:00,0,10672.12,9577.11
2020-07-26 21:00:00,0,10375.66,9336.54
2020-07-26 21:30:00,0,10008.3,9054.07
2020-07-26 22:00:00,0,9718.1,8769.2
2020-07-26 22:30:00,0,9321.77,8528.67
2020-07-26 23:00:00,0,9180.0,8263.4
2020-07-26 23:30:00,0,8793.73,8043.08
2020-07-27 00:00:00,0,8574.09,7850.78
2020-07-27 00:30:00,0,8433.94,7673.43
2020-07-27 01:00:00,0,8225.16,7473.56
2020-07-27 01:30:00,0,8011.26,7279.15
2020-07-27 02:00:00,0,7775.66,7094.11
2020-07-27 02:30:00,0,7602.81,6827.11
2020-07-27 03:00:00,0,7243.44,6635.65
2020-07-27 03:30:00,0,6988.41,6519.51
2020-07-27 04:00:00,0,6817.73,6462.05
2020-07-27 12:30:00,0,8498.78,8515.14
2020-07-27 13:00:00,0,8424.8,8462.22
2020-07-27 13:30:00,0,8404.96,8450.95
2020-07-27 14:00:00,0,8346.9,8419.95
2020-07-27 14:30:00,0,8386.91,8468.88
2020-07-27 15:00:00,0,8306.71,8496.08
2020-07-27 15:30:00,0,8412.99,8603.94
2020-07-27 16:00:00,0,8496.66,8820.2
2020-07-27 16:30:00,0,8774.6,9080.94
2020-07-27 17:00:00,0,9039.92,9498.12
2020-07-27 17:30:00,0,9498.36,9976.59
2020-07-27 18:00:00,0,10059.3,10572.98
2020-07-27 18:30:00,0,10666.65,10813.06
2020-07-27 19:00:00,0,10780.31,10723.52
2020-07-27 19:30:00,0,10716.49,10441.03
2020-07-27 20:00:00,0,10470.19,10206.6
2020-07-27 20:30:00,0,10189.56,9944.56
2020-07-27 21:00:00,0,9915.02,9665.88
2020-07-27 21:30:00,0,9610.39,9354.77
2020-07-27 22:00:00,0,9359.52,9033.43
2020-07-27 22:30:00,0,9026.91,8889.22
2020-07-27 23:00:00,0,8966.26,8657.65
2020-07-27 23:30:00,0,8650.15,8468.48
2020-07-28 00:00:00,0,8451.77,8348.83
2020-07-28 00:30:00,0,8358.9,8191.19
2020-07-28 01:00:00,0,8155.19,8031.72
2020-07-28 01:30:00,0,8003.39,7822.66
2020-07-28 02:00:00,0,7857.04,7597.39
2020-07-28 02:30:00,0,7580.54,7275.44
2020-07-28 03:00:00,0,7304.14,7019.14
2020-07-28 03:30:00,0,7075.23,6819.72
2020-07-28 04:00:00,0,6823.98,6710.83
2020-07-28 12:30:00,0,7357.79,8145.53
2020-07-28 13:00:00,0,7267.01,8074.11
2020-07-28 13:30:00,0,7205.31,8024.92
2020-07-28 14:00:00,0,7223.65,8025.55
2020-07-28 14:30:00,0,7311.22,8076.49
2020-07-28 15:00:00,0,7388.63,8146.99
2020-07-28 15:30:00,0,7502.11,8258.54
2020-07-28 16:00:00,0,7716.1,8528.03
2020-07-28 16:30:00,0,8037.89,8793.59
2020-07-28 17:00:00,0,8420.67,9225.26
2020-07-28 17:30:00,0,8969.51,9781.37
2020-07-28 18:00:00,0,9572.56,10386.35
2020-07-28 18:30:00,0,10362.33,10580.87
2020-07-28 19:00:00,0,10551.31,10495.78
2020-07-28 19:30:00,0,10533.52,10237.66
2020-07-28 20:00:00,0,10261.96,10026.87
2020-07-28 20:30:00,0,10056.01,9834.53
2020-07-28 21:00:00,0,9903.64,9594.3
2020-07-28 21:30:00,0,9728.12,9328.26
2020-07-28 22:00:00,0,9429.04,9035.24
2020-07-28 22:30:00,0,9093.71,8898.21
2020-07-28 23:00:00,0,8945.21,8648.75
2020-07-28 23:30:00,0,8624.87,8468.16
2020-07-29 00:00:00,0,8505.38,8331.4
2020-07-29 00:30:00,0,8347.24,8173.13
2020-07-29 01:00:00,0,8224.65,8005.04
2020-07-29 01:30:00,0,8032.97,7790.8
2020-07-29 02:00:00,0,7856.05,7556.87
2020-07-29 02:30:00,0,7631.22,7240.39
2020-07-29 03:00:00,0,7321.94,6995.06
2020-07-29 03:30:00,0,7135.62,6796.25
2020-07-29 04:00:00,0,6910.5,6693.93
2020-07-29 12:30:00,0,7749.56,7927.22
2020-07-29 13:00:00,0,7635.45,7837.37
2020-07-29 13:30:00,0,7545.2,7761.14
2020-07-29 14:00:00,0,7507.44,7744.05
2020-07-29 14:30:00,0,7549.25,7803.1
2020-07-29 15:00:00,0,7555.36,7886.28
2020-07-29 15:30:00,0,7648.32,8018.31
2020-07-29 16:00:00,0,7876.79,8261.79
2020-07-29 16:30:00,0,8228.77,8639.08
2020-07-29 17:00:00,0,8716.14,9084.51
2020-07-29 17:30:00,0,9282.73,9671.5
2020-07-29 18:00:00,0,9982.9,10264.7
2020-07-29 18:30:00,0,10720.07,10468.42
2020-07-29 19:00:00,0,10878.42,10404.64
2020-07-29 19:30:00,0,10837.44,10206.04
2020-07-29 20:00:00,0,10623.65,10004.32
2020-07-29 20:30:00,0,10444.9,9813.1
2020-07-29 21:00:00,0,10231.48,9584.82
2020-07-29 21:30:00,0,9998.08,9347.96
2020-07-29 22:00:00,0,9616.95,9084.34
2020-07-29 22:30:00,0,9313.95,8941.84
2020-07-29 23:00:00,0,9199.26,8694.01
2020-07-29 23:30:00,0,8878.04,8520.85
2020-07-30 00:00:00,0,8676.19,8368.6
2020-07-30 00:30:00,0,8463.3,8190.41
2020-07-30 01:00:00,0,8277.31,8022.5
2020-07-30 01:30:00,0,8135.2,7823.77
2020-07-30 02:00:00,0,7939.09,7613.0
2020-07-30 02:30:00,0,7713.51,7331.09
2020-07-30 03:00:00,0,7383.53,7091.04
2020-07-30 03:30:00,0,7202.38,6915.83
2020-07-30 04:00:00,0,7019.89,6813.86
2020-07-30 12:30:00,0,7643.6,8032.18
2020-07-30 13:00:00,0,7599.37,7956.28
2020-07-30 13:30:00,0,7565.51,7903.86
2020-07-30 14:00:00,0,7478.18,7911.3
2020-07-30 14:30:00,0,7476.85,7940.71
2020-07-30 15:00:00,0,7566.96,8040.48
2020-07-30 15:30:00,0,7600.72,8212.31
2020-07-30 16:00:00,0,7716.09,8521.26
2020-07-30 16:30:00,0,8120.6,8977.99
2020-07-30 17:00:00,0,8494.27,9526.94
2020-07-30 17:30:00,0,9084.4,10132.44
2020-07-30 18:00:00,0,9697.45,10756.54
2020-07-30 18:30:00,0,10488.23,10968.21
2020-07-30 19:00:00,0,10722.05,10890.92
2020-07-30 19:30:00,0,10642.15,10701.59
2020-07-30 20:00:00,0,10490.69,10501.88
2020-07-30 20:30:00,0,10336.49,10280.57
2020-07-30 21:00:00,0,10212.54,10018.38
2020-07-30 21:30:00,0,10065.18,9709.88
2020-07-30 22:00:00,0,9762.41,9398.64
2020-07-30 22:30:00,0,9563.12,9211.74
2020-07-30 23:00:00,0,9504.47,8929.16
2020-07-30 23:30:00,0,9255.29,8719.51
2020-07-31 00:00:00,0,8984.32,8567.96
2020-07-31 00:30:00,0,8833.68,8398.69
2020-07-31 01:00:00,0,8581.98,8221.8
2020-07-31 01:30:00,0,8366.86,8006.5
2020-07-31 02:00:00,0,8134.4,7765.37
2020-07-31 02:30:00,0,7811.92,7448.43
2020-07-31 03:00:00,0,7469.27,7184.4
2020-07-31 03:30:00,0,7196.0,6998.16
2020-07-31 04:00:00,0,6929.07,6889.45
2020-07-31 12:30:00,0,6949.8,8323.76
2020-07-31 13:00:00,0,6764.35,8227.92
2020-07-31 13:30:00,0,6689.38,8158.75
2020-07-31 14:00:00,0,6565.49,8144.36
2020-07-31 14:30:00,0,6603.31,8135.86
2020-07-31 15:00:00,0,6657.43,8221.12
2020-07-31 15:30:00,0,6810.97,8380.66
2020-07-31 16:00:00,0,6984.96,8702.74
2020-07-31 16:30:00,0,7317.5,9131.73
2020-07-31 17:00:00,0,7792.73,9672.22
2020-07-31 17:30:00,0,8301.66,10270.49
2020-07-31 18:00:00,0,8966.63,10868.78
2020-07-31 18:30:00,0,9722.33,11069.88
2020-07-31 19:00:00,0,10056.51,11027.84
2020-07-31 19:30:00,0,9995.92,10855.17
2020-07-31 20:00:00,0,9854.8,10643.0
2020-07-31 20:30:00,0,9653.54,10482.35
2020-07-31 21:00:00,0,9568.49,10242.23
2020-07-31 21:30:00,0,9400.32,9981.48
2020-07-31 22:00:00,0,9225.91,9722.9
2020-07-31 22:30:00,0,8991.22,9588.74
2020-07-31 23:00:00,0,8932.0,9313.84
2020-07-31 23:30:00,0,8707.79,9058.25
2020-08-01 00:00:00,0,8457.55,8875.54
2020-08-01 00:30:00,0,8306.05,8672.1
2020-08-01 01:00:00,0,7996.36,8460.47
2020-08-01 01:30:00,0,7800.05,8257.16
2020-08-01 02:00:00,0,7584.52,7972.77
2020-08-01 02:30:00,0,7352.01,7638.14
2020-08-01 03:00:00,0,7122.4,7343.44
2020-08-01 03:30:00,0,6901.72,7114.05
2020-08-01 04:00:00,0,6781.26,6965.39
2020-08-01 12:30:00,0,6897.35,7186.03
2020-08-01 13:00:00,0,6756.04,7056.53
2020-08-01 13:30:00,0,6620.79,6940.63
2020-08-01 14:00:00,0,6511.6,6958.28
2020-08-01 14:30:00,0,6517.02,7005.18
2020-08-01 15:00:00,0,6525.33,7169.19
2020-08-01 15:30:00,0,6731.16,7375.72
2020-08-01 16:00:00,0,6984.11,7727.18
2020-08-01 16:30:00,0,7441.48,8192.93
2020-08-01 17:00:00,0,7963.74,8737.07
2020-08-01 17:30:00,0,8503.3,9358.06
2020-08-01 18:00:00,0,9179.14,9962.72
2020-08-01 18:30:00,0,10003.07,10120.7
2020-08-01 19:00:00,0,10337.87,10031.97
2020-08-01 19:30:00,0,10316.23,9797.71
2020-08-01 20:00:00,0,10112.38,9592.91
2020-08-01 20:30:00,0,9980.14,9422.37
2020-08-01 21:00:00,0,9834.81,9257.78
2020-08-01 21:30:00,0,9612.95,9081.14
2020-08-01 22:00:00,0,9327.29,8877.59
2020-08-01 22:30:00,0,9003.14,8808.62
2020-08-01 23:00:00,0,8798.44,8614.33
2020-08-01 23:30:00,0,8411.88,8412.08
2020-08-02 00:00:00,0,8223.1,8192.99
2020-08-02 00:30:00,0,8053.54,7958.72
2020-08-02 01:00:00,0,7789.31,7754.64
2020-08-02 01:30:00,0,7610.41,7507.88
2020-08-02 02:00:00,0,7428.66,7280.88
2020-08-02 02:30:00,0,7239.16,7026.9
2020-08-02 03:00:00,0,6986.52,6840.81
2020-08-02 03:30:00,0,6837.22,6722.2
2020-08-02 04:00:00,0,6768.56,6656.72
2020-08-02 12:30:00,0,7934.93,6947.93
2020-08-02 13:00:00,0,7695.99,6845.21
2020-08-02 13:30:00,0,7555.34,6717.89
2020-08-02 14:00:00,0,7589.22,6743.92
2020-08-02 14:30:00,0,7562.3,6785.6
2020-08-02 15:00:00,0,7566.23,6954.37
2020-08-02 15:30:00,0,7677.49,7221.21
2020-08-02 16:00:00,0,7885.26,7573.74
2020-08-02 16:30:00,0,8114.07,8051.34
2020-08-02 17:00:00,0,8495.36,8602.21
2020-08-02 17:30:00,0,9144.39,9302.75
2020-08-02 18:00:00,0,9780.26,9974.2
2020-08-02 18:30:00,0,10623.83,10288.67
2020-08-02 19:00:00,0,10864.97,10303.64
2020-08-02 19:30:00,0,10810.04,10133.13
2020-08-02 20:00:00,0,10525.67,9960.62
2020-08-02 20:30:00,0,10267.97,9766.15
2020-08-02 21:00:00,0,10055.08,9557.49
2020-08-02 21:30:00,0,9767.13,9273.87
2020-08-02 22:00:00,0,9487.35,8959.43
2020-08-02 22:30:00,0,9140.6,8728.15
2020-08-02 23:00:00,0,8988.42,8459.94
2020-08-02 23:30:00,0,8642.72,8227.25
2020-08-03 00:00:00,0,8431.59,7990.84
2020-08-03 00:30:00,0,8338.72,7799.6
2020-08-03 01:00:00,0,8129.65,7637.18
2020-08-03 01:30:00,0,7971.04,7460.61
2020-08-03 02:00:00,0,7765.84,7274.54
2020-08-03 02:30:00,0,7491.85,7061.64
2020-08-03 03:00:00,0,7240.83,6891.13
2020-08-03 03:30:00,0,6925.7,6793.14
2020-08-03 04:00:00,0,6783.92,6756.75
2020-08-03 12:30:00,0,7287.82,7695.9
2020-08-03 13:00:00,0,7347.04,7597.51
2020-08-03 13:30:00,0,7311.59,7480.86
2020-08-03 14:00:00,0,7291.96,7494.66
2020-08-03 14:30:00,0,7294.82,7497.4
2020-08-03 15:00:00,0,7208.85,7583.92
2020-08-03 15:30:00,0,7340.38,7781.32
2020-08-03 16:00:00,0,7447.03,8092.45
2020-08-03 16:30:00,0,7812.8,8516.13
2020-08-03 17:00:00,0,8209.74,9086.53
2020-08-03 17:30:00,0,8810.0,9814.09
2020-08-03 18:00:00,0,9527.34,10594.97
2020-08-03 18:30:00,0,10400.8,10883.55
2020-08-03 19:00:00,0,10702.53,10853.08
2020-08-03 19:30:00,0,10667.98,10607.39
2020-08-03 20:00:00,0,10430.54,10356.07
2020-08-03 20:30:00,0,10215.84,10127.65
2020-08-03 21:00:00,0,10054.35,9885.88
2020-08-03 21:30:00,0,9803.38,9612.31
2020-08-03 22:00:00,0,9605.43,9301.09
2020-08-03 22:30:00,0,9267.41,9121.34
2020-08-03 23:00:00,0,9122.49,8844.79
2020-08-03 23:30:00,0,8845.58,8629.33
2020-08-04 00:00:00,0,8624.42,8470.19
2020-08-04 00:30:00,0,8523.57,8298.81
2020-08-04 01:00:00,0,8305.89,8117.38
2020-08-04 01:30:00,0,8168.3,7904.51
2020-08-04 02:00:00,0,7955.14,7671.66
2020-08-04 02:30:00,0,7716.35,7375.75
2020-08-04 03:00:00,0,7437.94,7128.28
2020-08-04 03:30:00,0,7150.43,6948.95
2020-08-04 04:00:00,0,6924.82,6850.05
2020-08-04 12:30:00,0,7892.48,7287.03
2020-08-04 13:00:00,0,7717.38,7209.62
2020-08-04 13:30:00,0,7623.62,7187.19
2020-08-04 14:00:00,0,7530.49,7189.2
2020-08-04 14:30:00,0,7468.85,7274.55
2020-08-04 15:00:00,0,7558.33,7333.51
2020-08-04 15:30:00,0,7646.54,7509.58
2020-08-04 16:00:00,0,7873.5,7816.09
2020-08-04 16:30:00,0,8203.47,8176.82
2020-08-04 17:00:00,0,8715.94,8667.13
2020-08-04 17:30:00,0,9409.34,9316.88
2020-08-04 18:00:00,0,10213.1,10123.4
2020-08-04 18:30:00,0,11194.74,10452.96
2020-08-04 19:00:00,0,11537.05,10494.36
2020-08-04 19:30:00,0,11544.22,10353.12
2020-08-04 20:00:00,0,11327.27,10184.36
2020-08-04 20:30:00,0,11134.14,10056.49
2020-08-04 21:00:00,0,10864.03,9822.34
2020-08-04 21:30:00,0,10596.03,9572.87
2020-08-04 22:00:00,0,10236.89,9267.54
2020-08-04 22:30:00,0,9803.28,9078.57
2020-08-04 23:00:00,0,9575.61,8793.84
2020-08-04 23:30:00,0,9160.49,8545.41
2020-08-05 00:00:00,0,8951.03,8438.92
2020-08-05 00:30:00,0,8799.39,8319.11
2020-08-05 01:00:00,0,8541.61,8195.05
2020-08-05 01:30:00,0,8365.73,8049.49
2020-08-05 02:00:00,0,8154.12,7837.12
2020-08-05 02:30:00,0,7953.7,7558.18
2020-08-05 03:00:00,0,7605.48,7290.01
2020-08-05 03:30:00,0,7394.86,7088.27
2020-08-05 04:00:00,0,7184.59,6984.42
2020-08-05 12:30:00,0,8123.29,7791.56
2020-08-05 13:00:00,0,7979.9,7729.55
2020-08-05 13:30:00,0,7807.25,7740.83
2020-08-05 14:00:00,0,7750.15,7766.63
2020-08-05 14:30:00,0,7760.25,7819.58
2020-08-05 15:00:00,0,7801.4,7910.05
2020-08-05 15:30:00,0,7926.66,8092.63
2020-08-05 16:00:00,0,8157.72,8449.17
2020-08-05 16:30:00,0,8673.77,8914.31
2020-08-05 17:00:00,0,9170.93,9544.7
2020-08-05 17:30:00,0,9825.26,10246.11
2020-08-05 18:00:00,0,10695.95,11054.67
2020-08-05 18:30:00,0,11588.95,11455.82
2020-08-05 19:00:00,0,11908.24,11478.36
2020-08-05 19:30:00,0,11899.86,11313.29
2020-08-05 20:00:00,0,11761.31,11125.93
2020-08-05 20:30:00,0,11441.47,10916.11
2020-08-05 21:00:00,0,11215.47,10649.55
2020-08-05 21:30:00,0,10907.31,10263.81
2020-08-05 22:00:00,0,10549.79,9891.53
2020-08-05 22:30:00,0,10074.4,9551.83
2020-08-05 23:00:00,0,9778.78,9188.01
2020-08-05 23:30:00,0,9338.35,8863.76
2020-08-06 00:00:00,0,9033.48,8741.89
2020-08-06 00:30:00,0,8780.94,8600.39
2020-08-06 01:00:00,0,8566.57,8467.67
2020-08-06 01:30:00,0,8353.33,8321.8
2020-08-06 02:00:00,0,8136.03,8119.37
2020-08-06 02:30:00,0,7827.59,7816.94
2020-08-06 03:00:00,0,7503.07,7554.25
2020-08-06 03:30:00,0,7233.83,7338.85
2020-08-06 04:00:00,0,7057.19,7212.67
2020-08-06 12:30:00,0,10851.18,8202.13
2020-08-06 13:00:00,0,10893.35,8112.31
2020-08-06 13:30:00,0,10933.16,8132.42
2020-08-06 14:00:00,0,10866.06,8163.97
2020-08-06 14:30:00,0,10926.6,8198.14
2020-08-06 15:00:00,0,10872.97,8298.69
2020-08-06 15:30:00,0,10780.29,8474.2
2020-08-06 16:00:00,0,10606.67,8802.64
2020-08-06 16:30:00,0,10905.44,9271.75
2020-08-06 17:00:00,0,11153.25,9896.26
2020-08-06 17:30:00,0,11402.04,10597.56
2020-08-06 18:00:00,0,11540.57,11487.23
2020-08-06 18:30:00,0,11880.64,11864.47
2020-08-06 19:00:00,0,11728.93,11873.66
2020-08-06 19:30:00,0,11476.1,11703.37
2020-08-06 20:00:00,0,11042.77,11493.41
2020-08-06 20:30:00,0,10761.66,11271.21
2020-08-06 21:00:00,0,10481.15,11010.33
2020-08-06 21:30:00,0,10168.41,10592.7
2020-08-06 22:00:00,0,9847.62,10144.85
2020-08-06 22:30:00,0,9453.91,9806.67
2020-08-06 23:00:00,0,9310.4,9411.09
2020-08-06 23:30:00,0,8923.3,9092.4
2020-08-07 00:00:00,0,8707.51,8955.35
2020-08-07 00:30:00,0,8498.93,8778.91
2020-08-07 01:00:00,0,8247.06,8619.71
2020-08-07 01:30:00,0,8006.63,8414.57
2020-08-07 02:00:00,0,7736.69,8164.84
2020-08-07 02:30:00,0,7434.55,7829.88
2020-08-07 03:00:00,0,7062.57,7525.29
2020-08-07 03:30:00,0,6771.5,7300.08
2020-08-07 04:00:00,0,6593.79,7173.12
2020-08-07 12:30:00,0,8569.32,9302.66
2020-08-07 13:00:00,0,8574.77,9222.48
2020-08-07 13:30:00,0,8635.68,9269.46
2020-08-07 14:00:00,0,8589.64,9226.03
2020-08-07 14:30:00,0,8609.95,9161.48
2020-08-07 15:00:00,0,8607.27,9148.55
2020-08-07 15:30:00,0,8538.79,9162.72
2020-08-07 16:00:00,0,8454.32,9387.84
2020-08-07 16:30:00,0,8556.0,9635.59
2020-08-07 17:00:00,0,8926.52,10185.97
2020-08-07 17:30:00,0,9274.19,10742.42
2020-08-07 18:00:00,0,9697.29,11393.24
2020-08-07 18:30:00,0,10244.72,11593.75
2020-08-07 19:00:00,0,10366.24,11500.05
2020-08-07 19:30:00,0,10240.87,11136.45
2020-08-07 20:00:00,0,9965.84,10782.43
2020-08-07 20:30:00,0,9790.57,10453.12
2020-08-07 21:00:00,0,9609.16,10189.1
2020-08-07 21:30:00,0,9401.19,9945.68
2020-08-07 22:00:00,0,9202.12,9680.28
2020-08-07 22:30:00,0,8964.43,9524.94
2020-08-07 23:00:00,0,8846.45,9254.38
2020-08-07 23:30:00,0,8610.58,9037.25
2020-08-08 00:00:00,0,8374.33,8884.15
2020-08-08 00:30:00,0,8147.72,8666.59
2020-08-08 01:00:00,0,7858.86,8463.34
2020-08-08 01:30:00,0,7618.01,8213.42
2020-08-08 02:00:00,0,7360.45,7924.56
2020-08-08 02:30:00,0,7091.45,7579.58
2020-08-08 03:00:00,0,6835.11,7246.08
2020-08-08 03:30:00,0,6624.44,6991.73
2020-08-08 04:00:00,0,6502.44,6862.35
2020-08-08 12:30:00,0,8073.7,7534.25
2020-08-08 13:00:00,0,8145.43,7485.85
2020-08-08 13:30:00,0,8362.21,7400.24
2020-08-08 14:00:00,0,8554.53,7396.79
2020-08-08 14:30:00,0,8695.86,7454.71
2020-08-08 15:00:00,0,8877.02,7584.76
2020-08-08 15:30:00,0,9133.8,7749.63
2020-08-08 16:00:00,0,9422.86,8029.25
2020-08-08 16:30:00,0,9794.08,8370.92
2020-08-08 17:00:00,0,10259.45,8803.02
2020-08-08 17:30:00,0,10701.13,9299.04
2020-08-08 18:00:00,0,11102.66,9858.33
2020-08-08 18:30:00,0,11593.83,10095.58
2020-08-08 19:00:00,0,11721.16,10025.61
2020-08-08 19:30:00,0,11567.24,9835.35
2020-08-08 20:00:00,0,11228.47,9651.09
2020-08-08 20:30:00,0,10854.8,9510.06
2020-08-08 21:00:00,0,10535.37,9340.66
2020-08-08 21:30:00,0,10187.97,9145.58
2020-08-08 22:00:00,0,9793.45,8927.56
2020-08-08 22:30:00,0,9302.68,8766.47
2020-08-08 23:00:00,0,8987.61,8574.17
2020-08-08 23:30:00,0,8601.24,8380.66
2020-08-09 00:00:00,0,8273.76,8199.0
2020-08-09 00:30:00,0,8033.72,7930.77
2020-08-09 01:00:00,0,7684.56,7705.83
2020-08-09 01:30:00,0,7516.86,7436.61
2020-08-09 02:00:00,0,7344.8,7225.24
2020-08-09 02:30:00,0,7187.23,6977.47
2020-08-09 03:00:00,0,6915.48,6759.99
2020-08-09 03:30:00,0,6709.8,6626.28
2020-08-09 04:00:00,0,6608.39,6554.05
2020-08-09 12:30:00,0,8922.99,7605.47
2020-08-09 13:00:00,0,8738.68,7593.77
2020-08-09 13:30:00,0,8621.55,7588.94
2020-08-09 14:00:00,0,8628.15,7664.98
2020-08-09 14:30:00,0,8604.97,7763.86
2020-08-09 15:00:00,0,8633.22,7925.8
2020-08-09 15:30:00,0,8662.36,8150.62
2020-08-09 16:00:00,0,8832.94,8431.54
2020-08-09 16:30:00,0,9207.73,8846.64
2020-08-09 17:00:00,0,9704.65,9310.46
2020-08-09 17:30:00,0,10273.7,9840.34
2020-08-09 18:00:00,0,10868.47,10438.02
2020-08-09 18:30:00,0,11567.02,10756.04
2020-08-09 19:00:00,0,11735.61,10717.92
2020-08-09 19:30:00,0,11619.87,10492.62
2020-08-09 20:00:00,0,11244.0,10195.94
2020-08-09 20:30:00,0,10965.42,10005.06
2020-08-09 21:00:00,0,10713.36,9800.07
2020-08-09 21:30:00,0,10382.85,9509.48
2020-08-09 22:00:00,0,10026.74,9120.02
2020-08-09 22:30:00,0,9614.92,8759.29
2020-08-09 23:00:00,0,9403.12,8470.62
2020-08-09 23:30:00,0,8996.23,8218.38
2020-08-10 00:00:00,0,8785.59,7991.5
2020-08-10 00:30:00,0,8587.04,7758.51
2020-08-10 01:00:00,0,8412.65,7577.35
2020-08-10 01:30:00,0,8188.52,7371.4
2020-08-10 02:00:00,0,7961.4,7174.69
2020-08-10 02:30:00,0,7735.29,6929.08
2020-08-10 03:00:00,0,7399.26,6727.36
2020-08-10 03:30:00,0,7150.06,6601.41
2020-08-10 04:00:00,0,6944.98,6557.81
2020-08-10 12:30:00,0,8235.38,8890.24
2020-08-10 13:00:00,0,8182.45,8844.14
2020-08-10 13:30:00,0,7864.67,8782.75
2020-08-10 14:00:00,0,7799.74,8779.95
2020-08-10 14:30:00,0,7695.4,8792.64
2020-08-10 15:00:00,0,7765.41,8879.59
2020-08-10 15:30:00,0,7868.94,8997.63
2020-08-10 16:00:00,0,7945.42,9299.1
2020-08-10 16:30:00,0,8275.08,9658.78
2020-08-10 17:00:00,0,8651.06,10207.38
2020-08-10 17:30:00,0,9232.17,10798.96
2020-08-10 18:00:00,0,9904.25,11479.78
2020-08-10 18:30:00,0,10774.83,11762.7
2020-08-10 19:00:00,0,11045.77,11684.18
2020-08-10 19:30:00,0,11064.42,11339.71
2020-08-10 20:00:00,0,10853.45,10947.24
2020-08-10 20:30:00,0,10580.03,10555.4
2020-08-10 21:00:00,0,10383.1,10187.78
2020-08-10 21:30:00,0,10163.08,9829.05
2020-08-10 22:00:00,0,9808.69,9458.51
2020-08-10 22:30:00,0,9410.09,9206.23
2020-08-10 23:00:00,0,9220.14,8912.14
2020-08-10 23:30:00,0,8855.6,8702.9
2020-08-11 00:00:00,0,8645.1,8545.79
2020-08-11 00:30:00,0,8538.45,8351.07
2020-08-11 01:00:00,0,8339.99,8172.47
2020-08-11 01:30:00,0,8096.25,7928.77
2020-08-11 02:00:00,0,7867.27,7682.31
2020-08-11 02:30:00,0,7586.91,7351.02
2020-08-11 03:00:00,0,7290.03,7070.71
2020-08-11 03:30:00,0,7068.04,6877.49
2020-08-11 04:00:00,0,6819.84,6774.9
2020-08-11 12:30:00,0,8491.27,8151.59
2020-08-11 13:00:00,0,8508.91,8066.75
2020-08-11 13:30:00,0,8534.59,7986.94
2020-08-11 14:00:00,0,8541.7,7995.16
2020-08-11 14:30:00,0,8533.63,8004.39
2020-08-11 15:00:00,0,8550.36,8070.75
2020-08-11 15:30:00,0,8453.75,8223.77
2020-08-11 16:00:00,0,8483.14,8528.95
2020-08-11 16:30:00,0,8681.17,8947.73
2020-08-11 17:00:00,0,8952.35,9428.93
2020-08-11 17:30:00,0,9392.02,10082.57
2020-08-11 18:00:00,0,9892.83,10848.66
2020-08-11 18:30:00,0,10611.8,11222.82
2020-08-11 19:00:00,0,10863.32,11200.75
2020-08-11 19:30:00,0,10811.63,10959.98
2020-08-11 20:00:00,0,10572.01,10653.84
2020-08-11 20:30:00,0,10324.72,10355.66
2020-08-11 21:00:00,0,10089.52,10081.52
2020-08-11 21:30:00,0,9813.38,9725.97
2020-08-11 22:00:00,0,9520.98,9387.82
2020-08-11 22:30:00,0,9222.97,9193.37
2020-08-11 23:00:00,0,9098.78,8901.05
2020-08-11 23:30:00,0,8735.65,8654.5
2020-08-12 00:00:00,0,8511.43,8492.89
2020-08-12 00:30:00,0,8455.93,8316.83
2020-08-12 01:00:00,0,8210.89,8130.18
2020-08-12 01:30:00,0,7966.15,7888.99
2020-08-12 02:00:00,0,7742.34,7621.05
2020-08-12 02:30:00,0,7504.79,7295.98
2020-08-12 03:00:00,0,7190.21,7021.26
2020-08-12 03:30:00,0,6949.94,6846.58
2020-08-12 04:00:00,0,6750.21,6759.09
2020-08-12 12:30:00,0,6998.52,8213.92
2020-08-12 13:00:00,0,6961.49,8105.86
2020-08-12 13:30:00,0,6887.21,7940.38
2020-08-12 14:00:00,0,6874.61,7921.04
2020-08-12 14:30:00,0,6977.62,7915.25
2020-08-12 15:00:00,0,7040.99,7957.77
2020-08-12 15:30:00,0,7263.36,8066.23
2020-08-12 16:00:00,0,7353.6,8332.54
2020-08-12 16:30:00,0,7686.91,8645.72
2020-08-12 17:00:00,0,7995.87,9036.72
2020-08-12 17:30:00,0,8374.97,9704.7
2020-08-12 18:00:00,0,8888.11,10452.84
2020-08-12 18:30:00,0,9559.68,10783.14
2020-08-12 19:00:00,0,9837.52,10715.22
2020-08-12 19:30:00,0,9890.78,10403.0
2020-08-12 20:00:00,0,9696.57,10058.68
2020-08-12 20:30:00,0,9500.03,9761.4
2020-08-12 21:00:00,0,9367.52,9513.57
2020-08-12 21:30:00,0,9131.38,9242.61
2020-08-12 22:00:00,0,8897.06,8952.5
2020-08-12 22:30:00,0,8639.21,8797.13
2020-08-12 23:00:00,0,8596.96,8549.63
2020-08-12 23:30:00,0,8353.52,8360.54
2020-08-13 00:00:00,0,8193.49,8232.13
2020-08-13 00:30:00,0,8160.43,8072.71
2020-08-13 01:00:00,0,8034.52,7925.75
2020-08-13 01:30:00,0,7849.09,7732.3
2020-08-13 02:00:00,0,7635.82,7513.74
2020-08-13 02:30:00,0,7426.79,7236.74
2020-08-13 03:00:00,0,7166.9,6971.93
2020-08-13 03:30:00,0,6906.66,6785.8
2020-08-13 04:00:00,0,6699.51,6684.84
2020-08-13 12:30:00,0,8698.35,7391.21
2020-08-13 13:00:00,0,8552.95,7325.9
2020-08-13 13:30:00,0,8487.81,7308.03
2020-08-13 14:00:00,0,8439.73,7335.78
2020-08-13 14:30:00,0,8492.05,7397.62
2020-08-13 15:00:00,0,8594.98,7476.4
2020-08-13 15:30:00,0,8674.32,7619.83
2020-08-13 16:00:00,0,8769.43,7871.91
2020-08-13 16:30:00,0,9082.38,8167.69
2020-08-13 17:00:00,0,9390.38,8578.08
2020-08-13 17:30:00,0,9712.43,9116.19
2020-08-13 18:00:00,0,10052.24,9786.5
2020-08-13 18:30:00,0,10496.57,10093.14
2020-08-13 19:00:00,0,10490.6,10040.8
2020-08-13 19:30:00,0,10377.12,9797.59
2020-08-13 20:00:00,0,10101.5,9591.82
2020-08-13 20:30:00,0,9865.7,9433.92
2020-08-13 21:00:00,0,9668.36,9215.58
2020-08-13 21:30:00,0,9428.5,8986.74
2020-08-13 22:00:00,0,9187.56,8730.34
2020-08-13 22:30:00,0,8915.53,8623.78
2020-08-13 23:00:00,0,8939.26,8412.08
2020-08-13 23:30:00,0,8677.89,8236.06
2020-08-14 00:00:00,0,8491.41,8139.71
2020-08-14 00:30:00,0,8378.45,7996.07
2020-08-14 01:00:00,0,8174.37,7843.26
2020-08-14 01:30:00,0,7933.7,7665.29
2020-08-14 02:00:00,0,7701.23,7454.78
2020-08-14 02:30:00,0,7428.81,7190.02
2020-08-14 03:00:00,0,7143.11,6957.33
2020-08-14 03:30:00,0,6879.06,6802.77
2020-08-14 04:00:00,0,6658.82,6710.35
2020-08-14 12:30:00,0,7265.12,7832.09
2020-08-14 13:00:00,0,7252.47,7763.1
2020-08-14 13:30:00,0,7313.87,7721.73
2020-08-14 14:00:00,0,7339.46,7703.93
2020-08-14 14:30:00,0,7272.6,7742.32
2020-08-14 15:00:00,0,7286.58,7759.61
2020-08-14 15:30:00,0,7340.27,7849.09
2020-08-14 16:00:00,0,7494.46,8030.77
2020-08-14 16:30:00,0,7806.74,8313.85
2020-08-14 17:00:00,0,8157.66,8718.9
2020-08-14 17:30:00,0,8538.71,9230.07
2020-08-14 18:00:00,0,8864.65,9811.46
2020-08-14 18:30:00,0,9391.12,10001.36
2020-08-14 19:00:00,0,9595.14,9898.34
2020-08-14 19:30:00,0,9488.23,9631.97
2020-08-14 20:00:00,0,9224.98,9443.63
2020-08-14 20:30:00,0,9038.44,9290.52
2020-08-14 21:00:00,0,8892.26,9125.58
2020-08-14 21:30:00,0,8715.47,8957.54
2020-08-14 22:00:00,0,8542.75,8774.34
2020-08-14 22:30:00,0,8377.37,8753.65
2020-08-14 23:00:00,0,8236.18,8557.82
2020-08-14 23:30:00,0,8015.14,8383.15
2020-08-15 00:00:00,0,7906.68,8264.76
2020-08-15 00:30:00,0,7687.98,8087.07
2020-08-15 01:00:00,0,7420.44,7883.19
2020-08-15 01:30:00,0,7239.94,7634.6
2020-08-15 02:00:00,0,7009.47,7384.22
2020-08-15 02:30:00,0,6795.17,7072.01
2020-08-15 03:00:00,0,6580.64,6791.76
2020-08-15 03:30:00,0,6380.94,6587.57
2020-08-15 04:00:00,0,6236.33,6452.57
2020-08-15 12:30:00,0,6385.12,7109.27
2020-08-15 13:00:00,0,6334.87,7080.83
2020-08-15 13:30:00,0,6317.79,6942.66
2020-08-15 14:00:00,0,6273.69,7007.45
2020-08-15 14:30:00,0,6271.25,7135.03
2020-08-15 15:00:00,0,6364.37,7235.96
2020-08-15 15:30:00,0,6520.94,7387.8
2020-08-15 16:00:00,0,6754.26,7641.53
2020-08-15 16:30:00,0,7079.29,7970.76
2020-08-15 17:00:00,0,7482.11,8350.12
2020-08-15 17:30:00,0,7990.78,8836.24
2020-08-15 18:00:00,0,8526.78,9372.09
2020-08-15 18:30:00,0,9231.28,9631.23
2020-08-15 19:00:00,0,9690.76,9552.24
2020-08-15 19:30:00,0,9608.57,9388.8
2020-08-15 20:00:00,0,9368.93,9226.83
2020-08-15 20:30:00,0,9156.4,9098.85
2020-08-15 21:00:00,0,8989.36,8926.68
2020-08-15 21:30:00,0,8779.64,8725.17
2020-08-15 22:00:00,0,8557.44,8544.81
2020-08-15 22:30:00,0,8244.8,8360.72
2020-08-15 23:00:00,0,8105.33,8193.42
2020-08-15 23:30:00,0,7789.03,8013.93
2020-08-16 00:00:00,0,7601.59,7812.08
2020-08-16 00:30:00,0,7446.59,7567.63
2020-08-16 01:00:00,0,7277.0,7351.66
2020-08-16 01:30:00,0,7113.74,7130.02
2020-08-16 02:00:00,0,6928.47,6899.82
2020-08-16 02:30:00,0,6788.72,6647.16
2020-08-16 03:00:00,0,6558.44,6439.48
2020-08-16 03:30:00,0,6353.35,6280.36
2020-08-16 04:00:00,0,6339.73,6181.5
2020-08-16 12:30:00,0,6958.05,6558.7
2020-08-16 13:00:00,0,6833.93,6500.35
2020-08-16 13:30:00,0,6841.4,6386.61
2020-08-16 14:00:00,0,6785.54,6448.21
2020-08-16 14:30:00,0,6802.19,6571.4
2020-08-16 15:00:00,0,6836.41,6711.49
2020-08-16 15:30:00,0,6925.52,6978.36
2020-08-16 16:00:00,0,7125.97,7319.82
2020-08-16 16:30:00,0,7419.94,7758.48
2020-08-16 17:00:00,0,7840.61,8191.46
2020-08-16 17:30:00,0,8401.12,8654.9
2020-08-16 18:00:00,0,8998.55,9283.85
2020-08-16 18:30:00,0,9829.39,9688.12
2020-08-16 19:00:00,0,10247.62,9728.08
2020-08-16 19:30:00,0,10169.97,9644.3
2020-08-16 20:00:00,0,9935.38,9469.52
2020-08-16 20:30:00,0,9697.79,9313.38
2020-08-16 21:00:00,0,9496.28,9101.99
2020-08-16 21:30:00,0,9276.56,8854.01
2020-08-16 22:00:00,0,9035.32,8552.35
2020-08-16 22:30:00,0,8698.83,8276.63
2020-08-16 23:00:00,0,8597.56,8015.66
2020-08-16 23:30:00,0,8336.42,7783.04
2020-08-17 00:00:00,0,8165.58,7613.37
2020-08-17 00:30:00,0,8096.76,7418.01
2020-08-17 01:00:00,0,7863.08,7242.1
2020-08-17 01:30:00,0,7745.42,7068.0
2020-08-17 02:00:00,0,7565.26,6891.32
2020-08-17 02:30:00,0,7307.08,6677.81
2020-08-17 03:00:00,0,6998.51,6501.58
2020-08-17 03:30:00,0,6689.77,6379.29
2020-08-17 04:00:00,0,6559.91,6322.32
2020-08-17 12:30:00,0,7230.47,7254.47
2020-08-17 13:00:00,0,7152.24,7220.33
2020-08-17 13:30:00,0,7170.25,7178.98
2020-08-17 14:00:00,0,7214.47,7188.07
2020-08-17 14:30:00,0,7379.74,7260.62
2020-08-17 15:00:00,0,7396.49,7382.36
2020-08-17 15:30:00,0,7432.63,7585.08
2020-08-17 16:00:00,0,7661.41,7924.06
2020-08-17 16:30:00,0,7885.85,8367.37
2020-08-17 17:00:00,0,8122.65,8856.05
2020-08-17 17:30:00,0,8466.77,9368.0
2020-08-17 18:00:00,0,8986.17,10042.7
2020-08-17 18:30:00,0,9673.99,10409.54
2020-08-17 19:00:00,0,9933.88,10391.34
2020-08-17 19:30:00,0,9912.95,10234.56
2020-08-17 20:00:00,0,9638.11,10011.74
2020-08-17 20:30:00,0,9499.6,9811.95
2020-08-17 21:00:00,0,9315.45,9560.07
2020-08-17 21:30:00,0,9027.02,9247.78
2020-08-17 22:00:00,0,8772.02,8928.95
2020-08-17 22:30:00,0,8521.94,8765.7
2020-08-17 23:00:00,0,8449.05,8547.48
2020-08-17 23:30:00,0,8158.98,8362.98
2020-08-18 00:00:00,0,8013.43,8236.61
2020-08-18 00:30:00,0,7986.51,8087.76
2020-08-18 01:00:00,0,7843.3,7929.65
2020-08-18 01:30:00,0,7693.5,7735.73
2020-08-18 02:00:00,0,7485.71,7504.56
2020-08-18 02:30:00,0,7304.69,7211.26
2020-08-18 03:00:00,0,7012.75,6952.48
2020-08-18 03:30:00,0,6810.72,6757.18
2020-08-18 04:00:00,0,6659.44,6650.67
2020-08-18 12:30:00,0,7185.81,7418.35
2020-08-18 13:00:00,0,7324.73,7331.26
2020-08-18 13:30:00,0,7246.39,7296.07
2020-08-18 14:00:00,0,7283.2,7259.59
2020-08-18 14:30:00,0,7279.87,7294.24
2020-08-18 15:00:00,0,7378.63,7363.47
2020-08-18 15:30:00,0,7573.2,7535.37
2020-08-18 16:00:00,0,7654.99,7795.29
2020-08-18 16:30:00,0,7966.55,8152.51
2020-08-18 17:00:00,0,8384.61,8597.65
2020-08-18 17:30:00,0,9008.14,9125.14
2020-08-18 18:00:00,0,9445.87,9756.02
2020-08-18 18:30:00,0,10195.01,10116.96
2020-08-18 19:00:00,0,10533.06,10073.57
2020-08-18 19:30:00,0,10520.45,9837.75
2020-08-18 20:00:00,0,10247.0,9606.41
2020-08-18 20:30:00,0,10040.17,9387.33
2020-08-18 21:00:00,0,9793.23,9151.87
2020-08-18 21:30:00,0,9539.56,8890.14
2020-08-18 22:00:00,0,9222.58,8648.96
2020-08-18 22:30:00,0,8893.78,8537.02
2020-08-18 23:00:00,0,8727.2,8337.75
2020-08-18 23:30:00,0,8419.21,8179.25
2020-08-19 00:00:00,0,8293.89,8041.23
2020-08-19 00:30:00,0,8222.09,7898.76
2020-08-19 01:00:00,0,7991.9,7776.19
2020-08-19 01:30:00,0,7812.11,7570.98
2020-08-19 02:00:00,0,7618.55,7338.43
2020-08-19 02:30:00,0,7418.65,7048.42
2020-08-19 03:00:00,0,7086.24,6789.37
2020-08-19 03:30:00,0,6868.98,6606.35
2020-08-19 04:00:00,0,6658.34,6493.62
2020-08-19 12:30:00,0,7355.83,7272.46
2020-08-19 13:00:00,0,7301.45,7261.92
2020-08-19 13:30:00,0,7254.38,7329.9
2020-08-19 14:00:00,0,7221.52,7318.57
2020-08-19 14:30:00,0,7275.69,7401.72
2020-08-19 15:00:00,0,7284.51,7511.34
2020-08-19 15:30:00,0,7438.31,7719.31
2020-08-19 16:00:00,0,7619.65,8059.04
2020-08-19 16:30:00,0,7949.86,8460.61
2020-08-19 17:00:00,0,8355.54,8944.17
2020-08-19 17:30:00,0,8890.12,9408.26
2020-08-19 18:00:00,0,9452.85,9980.61
2020-08-19 18:30:00,0,10223.81,10351.12
2020-08-19 19:00:00,0,10685.63,10353.96
2020-08-19 19:30:00,0,10668.02,10180.69
2020-08-19 20:00:00,0,10508.12,9960.47
2020-08-19 20:30:00,0,10341.15,9721.93
2020-08-19 21:00:00,0,10077.94,9495.14
2020-08-19 21:30:00,0,9873.59,9173.4
2020-08-19 22:00:00,0,9560.65,8864.91
2020-08-19 22:30:00,0,9196.85,8689.28
2020-08-19 23:00:00,0,9027.49,8450.53
2020-08-19 23:30:00,0,8686.99,8272.46
2020-08-20 00:00:00,0,8427.68,8154.12
2020-08-20 00:30:00,0,8347.78,7997.72
2020-08-20 01:00:00,0,8163.38,7839.05
2020-08-20 01:30:00,0,8008.33,7611.91
2020-08-20 02:00:00,0,7730.48,7370.49
2020-08-20 02:30:00,0,7562.27,7094.19
2020-08-20 03:00:00,0,7265.74,6833.4
2020-08-20 03:30:00,0,7017.66,6643.77
2020-08-20 04:00:00,0,6807.07,6536.81
2020-08-20 12:30:00,0,7788.17,7585.8
2020-08-20 13:00:00,0,7683.89,7561.49
2020-08-20 13:30:00,0,7593.7,7601.74
2020-08-20 14:00:00,0,7565.45,7597.4
2020-08-20 14:30:00,0,7602.12,7642.33
2020-08-20 15:00:00,0,7714.28,7747.63
2020-08-20 15:30:00,0,7716.87,7959.24
2020-08-20 16:00:00,0,7826.66,8307.7
2020-08-20 16:30:00,0,8160.26,8733.17
2020-08-20 17:00:00,0,8481.14,9266.53
2020-08-20 17:30:00,0,8964.71,9814.65
2020-08-20 18:00:00,0,9485.09,10478.32
2020-08-20 18:30:00,0,10168.5,10885.04
2020-08-20 19:00:00,0,10454.05,10873.9
2020-08-20 19:30:00,0,10433.26,10681.78
2020-08-20 20:00:00,0,10217.78,10476.22
2020-08-20 20:30:00,0,10027.78,10241.21
2020-08-20 21:00:00,0,9852.61,9985.4
2020-08-20 21:30:00,0,9634.02,9649.29
2020-08-20 22:00:00,0,9391.7,9276.88
2020-08-20 22:30:00,0,9152.74,9047.83
2020-08-20 23:00:00,0,9107.08,8770.07
2020-08-20 23:30:00,0,8869.0,8558.12
2020-08-21 00:00:00,0,8659.08,8413.52
2020-08-21 00:30:00,0,8561.71,8233.59
2020-08-21 01:00:00,0,8318.75,8061.89
2020-08-21 01:30:00,0,8111.48,7852.87
2020-08-21 02:00:00,0,7885.85,7594.22
2020-08-21 02:30:00,0,7591.64,7291.5
2020-08-21 03:00:00,0,7271.74,7010.02
2020-08-21 03:30:00,0,6959.22,6833.0
2020-08-21 04:00:00,0,6791.31,6737.72
2020-08-21 12:30:00,0,7545.25,7758.72
2020-08-21 13:00:00,0,7479.78,7715.7
2020-08-21 13:30:00,0,7403.97,7741.32
2020-08-21 14:00:00,0,7308.21,7742.2
2020-08-21 14:30:00,0,7296.27,7762.12
2020-08-21 15:00:00,0,7367.2,7837.41
2020-08-21 15:30:00,0,7561.53,7992.34
2020-08-21 16:00:00,0,7697.96,8292.92
2020-08-21 16:30:00,0,8083.72,8607.01
2020-08-21 17:00:00,0,8511.26,9026.0
2020-08-21 17:30:00,0,9073.6,9395.05
2020-08-21 18:00:00,0,9624.64,9971.34
2020-08-21 18:30:00,0,10418.02,10359.18
2020-08-21 19:00:00,0,10765.92,10354.93
2020-08-21 19:30:00,0,10719.47,10190.55
2020-08-21 20:00:00,0,10526.48,9989.44
2020-08-21 20:30:00,0,10310.35,9801.34
2020-08-21 21:00:00,0,10156.7,9570.24
2020-08-21 21:30:00,0,9943.09,9338.21
2020-08-21 22:00:00,0,9664.0,9117.35
2020-08-21 22:30:00,0,9423.71,8988.04
2020-08-21 23:00:00,0,9219.88,8727.84
2020-08-21 23:30:00,0,8941.03,8555.31
2020-08-22 00:00:00,0,8674.16,8422.12
2020-08-22 00:30:00,0,8416.79,8235.17
2020-08-22 01:00:00,0,8120.39,8064.76
2020-08-22 01:30:00,0,7873.46,7842.42
2020-08-22 02:00:00,0,7610.6,7577.01
2020-08-22 02:30:00,0,7359.18,7265.47
2020-08-22 03:00:00,0,7074.87,6969.99
2020-08-22 03:30:00,0,6865.51,6768.49
2020-08-22 04:00:00,0,6712.99,6634.56
2020-08-22 12:30:00,0,7011.86,7192.25
2020-08-22 13:00:00,0,6884.73,7198.22
2020-08-22 13:30:00,0,6820.53,7393.2
2020-08-22 14:00:00,0,6737.04,7465.18
2020-08-22 14:30:00,0,6778.28,7517.76
2020-08-22 15:00:00,0,6901.31,7665.86
2020-08-22 15:30:00,0,7095.63,7921.82
2020-08-22 16:00:00,0,7400.51,8267.13
2020-08-22 16:30:00,0,7756.62,8796.3
2020-08-22 17:00:00,0,8239.32,9318.54
2020-08-22 17:30:00,0,8758.5,9908.54
2020-08-22 18:00:00,0,9355.74,10376.33
2020-08-22 18:30:00,0,10157.32,10583.28
2020-08-22 19:00:00,0,10662.53,10533.76
2020-08-22 19:30:00,0,10624.02,10281.59
2020-08-22 20:00:00,0,10438.13,10093.9
2020-08-22 20:30:00,0,10253.87,9855.07
2020-08-22 21:00:00,0,10051.12,9653.84
2020-08-22 21:30:00,0,9772.63,9414.19
2020-08-22 22:00:00,0,9432.28,9174.08
2020-08-22 22:30:00,0,9083.0,9085.0
2020-08-22 23:00:00,0,8809.76,8812.91
2020-08-22 23:30:00,0,8471.11,8543.45
2020-08-23 00:00:00,0,8196.16,8276.39
2020-08-23 00:30:00,0,8001.84,7981.88
2020-08-23 01:00:00,0,7742.93,7735.54
2020-08-23 01:30:00,0,7555.18,7537.95
2020-08-23 02:00:00,0,7370.29,7289.48
2020-08-23 02:30:00,0,7202.39,6999.71
2020-08-23 03:00:00,0,6964.37,6765.51
2020-08-23 03:30:00,0,6795.32,6588.42
2020-08-23 04:00:00,0,6783.75,6495.08
2020-08-23 12:30:00,0,7564.05,6931.16
2020-08-23 13:00:00,0,7483.06,6931.19
2020-08-23 13:30:00,0,7328.6,7020.8
2020-08-23 14:00:00,0,7238.01,7139.64
2020-08-23 14:30:00,0,7234.21,7347.69
2020-08-23 15:00:00,0,7366.18,7545.38
2020-08-23 15:30:00,0,7490.91,7851.59
2020-08-23 16:00:00,0,7701.4,8217.07
2020-08-23 16:30:00,0,7994.72,8718.15
2020-08-23 17:00:00,0,8433.0,9218.97
2020-08-23 17:30:00,0,9031.72,9675.47
2020-08-23 18:00:00,0,9635.27,10250.94
2020-08-23 18:30:00,0,10548.22,10665.02
2020-08-23 19:00:00,0,11100.53,10665.21
2020-08-23 19:30:00,0,11149.92,10445.74
2020-08-23 20:00:00,0,10922.83,10227.24
2020-08-23 20:30:00,0,10701.66,9997.71
2020-08-23 21:00:00,0,10481.96,9760.94
2020-08-23 21:30:00,0,10218.98,9429.7
2020-08-23 22:00:00,0,9884.97,9020.59
2020-08-23 22:30:00,0,9471.59,8764.16
2020-08-23 23:00:00,0,9328.91,8426.86
2020-08-23 23:30:00,0,8957.04,8143.33
2020-08-24 00:00:00,0,8742.69,7924.37
2020-08-24 00:30:00,0,8675.62,7703.24
2020-08-24 01:00:00,0,8415.44,7512.56
2020-08-24 01:30:00,0,8239.4,7325.38
2020-08-24 02:00:00,0,8060.75,7144.54
2020-08-24 02:30:00,0,7870.05,6922.83
2020-08-24 03:00:00,0,7617.22,6737.74
2020-08-24 03:30:00,0,7322.2,6617.83
2020-08-24 04:00:00,0,7209.34,6581.13
2020-08-24 12:30:00,0,7670.35,7862.65
2020-08-24 13:00:00,0,7589.07,7796.19
2020-08-24 13:30:00,0,7573.63,7769.0
2020-08-24 14:00:00,0,7590.15,7785.1
2020-08-24 14:30:00,0,7562.8,7829.47
2020-08-24 15:00:00,0,7559.39,7933.59
2020-08-24 15:30:00,0,7624.18,8114.74
2020-08-24 16:00:00,0,7855.97,8445.65
2020-08-24 16:30:00,0,8167.44,8908.16
2020-08-24 17:00:00,0,8591.32,9456.74
2020-08-24 17:30:00,0,9200.69,10089.5
2020-08-24 18:00:00,0,9897.68,10808.19
2020-08-24 18:30:00,0,10911.98,11250.21
2020-08-24 19:00:00,0,11423.55,11227.42
2020-08-24 19:30:00,0,11500.53,11020.52
2020-08-24 20:00:00,0,11218.15,10792.53
2020-08-24 20:30:00,0,11056.37,10564.7
2020-08-24 21:00:00,0,10892.24,10313.43
2020-08-24 21:30:00,0,10615.87,9948.55
2020-08-24 22:00:00,0,10251.32,9582.89
2020-08-24 22:30:00,0,9817.75,9415.43
2020-08-24 23:00:00,0,9565.61,9174.26
2020-08-24 23:30:00,0,9174.83,8868.61
2020-08-25 00:00:00,0,8980.25,8714.88
2020-08-25 00:30:00,0,8839.34,8541.38
2020-08-25 01:00:00,0,8630.4,8330.16
2020-08-25 01:30:00,0,8453.47,8108.68
2020-08-25 02:00:00,0,8259.26,7887.38
2020-08-25 02:30:00,0,8039.56,7605.24
2020-08-25 03:00:00,0,7734.17,7350.5
2020-08-25 03:30:00,0,7457.32,7163.97
2020-08-25 04:00:00,0,7264.23,7077.65
2020-08-25 12:30:00,0,7405.38,8114.57
2020-08-25 13:00:00,0,7261.25,8049.53
2020-08-25 13:30:00,0,7077.49,8019.1
2020-08-25 14:00:00,0,7034.08,8021.45
2020-08-25 14:30:00,0,6987.72,8098.65
2020-08-25 15:00:00,0,7057.64,8188.66
2020-08-25 15:30:00,0,7181.53,8335.19
2020-08-25 16:00:00,0,7312.01,8660.01
2020-08-25 16:30:00,0,7667.84,9074.68
2020-08-25 17:00:00,0,8142.46,9636.05
2020-08-25 17:30:00,0,8660.5,10334.73
2020-08-25 18:00:00,0,9329.04,11033.92
2020-08-25 18:30:00,0,10273.87,11431.47
2020-08-25 19:00:00,0,10847.12,11395.24
2020-08-25 19:30:00,0,10933.85,11180.57
2020-08-25 20:00:00,0,10738.38,10948.9
2020-08-25 20:30:00,0,10548.33,10738.63
2020-08-25 21:00:00,0,10412.63,10467.83
2020-08-25 21:30:00,0,10099.27,10131.32
2020-08-25 22:00:00,0,9800.44,9743.7
2020-08-25 22:30:00,0,9472.36,9561.93
2020-08-25 23:00:00,0,9329.65,9243.89
2020-08-25 23:30:00,0,9013.21,8931.37
2020-08-26 00:00:00,0,8806.77,8751.87
2020-08-26 00:30:00,0,8676.23,8570.42
2020-08-26 01:00:00,0,8466.31,8386.81
2020-08-26 01:30:00,0,8302.38,8168.38
2020-08-26 02:00:00,0,8090.54,7936.8
2020-08-26 02:30:00,0,7861.74,7636.75
2020-08-26 03:00:00,0,7589.76,7377.94
2020-08-26 03:30:00,0,7353.09,7184.13
2020-08-26 04:00:00,0,7185.35,7083.48
2020-08-26 12:30:00,0,7157.93,7631.25
2020-08-26 13:00:00,0,7004.72,7574.09
2020-08-26 13:30:00,0,6864.31,7467.75
2020-08-26 14:00:00,0,6770.37,7472.11
2020-08-26 14:30:00,0,6800.34,7518.84
2020-08-26 15:00:00,0,6863.12,7627.21
2020-08-26 15:30:00,0,6969.26,7791.52
2020-08-26 16:00:00,0,7159.91,8131.54
2020-08-26 16:30:00,0,7495.12,8568.51
2020-08-26 17:00:00,0,7956.66,9116.32
2020-08-26 17:30:00,0,8379.08,9728.4
2020-08-26 18:00:00,0,8947.29,10444.19
2020-08-26 18:30:00,0,9802.96,10890.14
2020-08-26 19:00:00,0,10374.3,10913.99
2020-08-26 19:30:00,0,10429.81,10753.41
2020-08-26 20:00:00,0,10332.1,10566.32
2020-08-26 20:30:00,0,10121.87,10382.42
2020-08-26 21:00:00,0,9950.11,10143.12
2020-08-26 21:30:00,0,9700.61,9817.76
2020-08-26 22:00:00,0,9334.94,9472.88
2020-08-26 22:30:00,0,9019.11,9226.15
2020-08-26 23:00:00,0,8848.06,8921.59
2020-08-26 23:30:00,0,8595.26,8681.91
2020-08-27 00:00:00,0,8420.53,8531.77
2020-08-27 00:30:00,0,8329.53,8372.08
2020-08-27 01:00:00,0,8094.04,8185.07
2020-08-27 01:30:00,0,7921.5,8016.45
2020-08-27 02:00:00,0,7693.07,7791.07
2020-08-27 02:30:00,0,7498.54,7503.42
2020-08-27 03:00:00,0,7218.0,7228.12
2020-08-27 03:30:00,0,6932.1,7040.0
2020-08-27 04:00:00,0,6800.48,6916.63
2020-08-27 12:30:00,0,6789.56,7076.69
2020-08-27 13:00:00,0,6635.29,6966.04
2020-08-27 13:30:00,0,6523.85,6857.35
2020-08-27 14:00:00,0,6455.5,6854.51
2020-08-27 14:30:00,0,6567.28,6876.39
2020-08-27 15:00:00,0,6665.57,7002.46
2020-08-27 15:30:00,0,6755.41,7252.19
2020-08-27 16:00:00,0,7006.35,7607.89
2020-08-27 16:30:00,0,7329.88,8019.44
2020-08-27 17:00:00,0,7800.05,8551.8
2020-08-27 17:30:00,0,8280.98,9229.41
2020-08-27 18:00:00,0,8827.05,9941.71
2020-08-27 18:30:00,0,9535.78,10336.48
2020-08-27 19:00:00,0,10023.98,10359.2
2020-08-27 19:30:00,0,10086.35,10219.21
2020-08-27 20:00:00,0,9918.92,10001.28
2020-08-27 20:30:00,0,9786.06,9798.28
2020-08-27 21:00:00,0,9707.44,9558.08
2020-08-27 21:30:00,0,9519.93,9257.99
2020-08-27 22:00:00,0,9342.87,8954.36
2020-08-27 22:30:00,0,9051.68,8755.15
2020-08-27 23:00:00,0,9029.58,8521.65
2020-08-27 23:30:00,0,8754.29,8352.44
2020-08-28 00:00:00,0,8616.92,8245.92
2020-08-28 00:30:00,0,8584.66,8095.51
2020-08-28 01:00:00,0,8341.91,7935.14
2020-08-28 01:30:00,0,8111.04,7742.62
2020-08-28 02:00:00,0,7902.59,7508.32
2020-08-28 02:30:00,0,7605.22,7222.68
2020-08-28 03:00:00,0,7321.45,6972.5
2020-08-28 03:30:00,0,7028.02,6794.09
2020-08-28 04:00:00,0,6889.07,6709.07
2020-08-28 12:30:00,0,6168.7,7220.2
2020-08-28 13:00:00,0,6038.82,7169.18
2020-08-28 13:30:00,0,5957.26,7070.99
2020-08-28 14:00:00,0,5884.05,7051.24
2020-08-28 14:30:00,0,5825.99,7068.96
2020-08-28 15:00:00,0,5939.77,7182.7
2020-08-28 15:30:00,0,6100.04,7385.63
2020-08-28 16:00:00,0,6348.65,7737.47
2020-08-28 16:30:00,0,6654.84,8178.92
2020-08-28 17:00:00,0,7070.57,8680.4
2020-08-28 17:30:00,0,7498.41,9235.07
2020-08-28 18:00:00,0,7903.54,9852.03
2020-08-28 18:30:00,0,8563.05,10259.68
2020-08-28 19:00:00,0,9082.24,10276.27
2020-08-28 19:30:00,0,9143.53,10125.79
2020-08-28 20:00:00,0,9039.01,9945.45
2020-08-28 20:30:00,0,8860.81,9805.72
2020-08-28 21:00:00,0,8702.04,9580.11
2020-08-28 21:30:00,0,8586.68,9362.58
2020-08-28 22:00:00,0,8466.09,9106.83
2020-08-28 22:30:00,0,8359.62,8984.56
2020-08-28 23:00:00,0,8259.48,8774.59
2020-08-28 23:30:00,0,8096.68,8597.34
2020-08-29 00:00:00,0,7982.34,8474.67
2020-08-29 00:30:00,0,7808.31,8328.3
2020-08-29 01:00:00,0,7577.58,8178.4
2020-08-29 01:30:00,0,7393.5,7992.71
2020-08-29 02:00:00,0,7210.89,7732.16
2020-08-29 02:30:00,0,7004.77,7435.54
2020-08-29 03:00:00,0,6743.43,7124.02
2020-08-29 03:30:00,0,6535.85,6893.36
2020-08-29 04:00:00,0,6391.97,6741.61
2020-08-29 12:30:00,0,5790.15,5938.59
2020-08-29 13:00:00,0,5721.94,5847.65
2020-08-29 13:30:00,0,5632.16,5824.4
2020-08-29 14:00:00,0,5630.73,5837.05
2020-08-29 14:30:00,0,5662.66,5937.51
2020-08-29 15:00:00,0,5773.71,6062.5
2020-08-29 15:30:00,0,5934.87,6323.31
2020-08-29 16:00:00,0,6147.6,6666.91
2020-08-29 16:30:00,0,6434.46,7104.79
2020-08-29 17:00:00,0,6785.78,7610.43
2020-08-29 17:30:00,0,7167.5,8070.85
2020-08-29 18:00:00,0,7606.5,8708.81
2020-08-29 18:30:00,0,8199.83,9117.39
2020-08-29 19:00:00,0,8710.85,9160.93
2020-08-29 19:30:00,0,8698.28,8994.13
2020-08-29 20:00:00,0,8522.2,8816.79
2020-08-29 20:30:00,0,8285.06,8677.79
2020-08-29 21:00:00,0,8172.41,8520.87
2020-08-29 21:30:00,0,7986.12,8354.94
2020-08-29 22:00:00,0,7792.27,8200.49
2020-08-29 22:30:00,0,7570.11,8091.55
2020-08-29 23:00:00,0,7503.27,7949.12
2020-08-29 23:30:00,0,7296.01,7840.75
2020-08-30 00:00:00,0,7214.53,7674.26
2020-08-30 00:30:00,0,7106.7,7499.17
2020-08-30 01:00:00,0,6922.39,7341.82
2020-08-30 01:30:00,0,6829.17,7125.26
2020-08-30 02:00:00,0,6672.22,6895.4
2020-08-30 02:30:00,0,6527.66,6647.05
2020-08-30 03:00:00,0,6326.21,6433.33
2020-08-30 03:30:00,0,6167.61,6336.53
2020-08-30 04:00:00,0,6144.08,6266.18
2020-08-30 12:30:00,0,6582.78,5501.61
2020-08-30 13:00:00,0,6619.94,5477.15
2020-08-30 13:30:00,0,6686.05,5531.86
2020-08-30 14:00:00,0,6723.99,5531.42
2020-08-30 14:30:00,0,6707.9,5703.8
2020-08-30 15:00:00,0,6858.58,5868.6
2020-08-30 15:30:00,0,6997.3,6126.67
2020-08-30 16:00:00,0,7159.22,6451.09
2020-08-30 16:30:00,0,7559.77,6823.93
2020-08-30 17:00:00,0,7929.98,7292.8
2020-08-30 17:30:00,0,8409.57,7809.71
2020-08-30 18:00:00,0,8984.5,8450.94
2020-08-30 18:30:00,0,9743.97,8916.22
2020-08-30 19:00:00,0,10090.8,8944.61
2020-08-30 19:30:00,0,9963.5,8744.94
2020-08-30 20:00:00,0,9698.19,8533.48
2020-08-30 20:30:00,0,9453.23,8331.05
2020-08-30 21:00:00,0,9259.81,8144.46
2020-08-30 21:30:00,0,9025.48,7935.9
2020-08-30 22:00:00,0,8751.23,7761.85
2020-08-30 22:30:00,0,8423.87,7673.81
2020-08-30 23:00:00,0,8350.23,7505.93
2020-08-30 23:30:00,0,8157.5,7365.34
2020-08-31 00:00:00,0,8043.34,7233.73
2020-08-31 00:30:00,0,7962.15,7079.31
2020-08-31 01:00:00,0,7836.42,6924.07
2020-08-31 01:30:00,0,7693.44,6752.34
2020-08-31 02:00:00,0,7545.15,6591.82
2020-08-31 02:30:00,0,7312.87,6376.41
2020-08-31 03:00:00,0,6965.38,6192.97
2020-08-31 03:30:00,0,6820.31,6109.26
2020-08-31 04:00:00,0,6617.71,6055.95
2020-08-31 12:30:00,0,7111.51,6925.16
2020-08-31 13:00:00,0,7011.08,6889.91
2020-08-31 13:30:00,0,6928.36,6910.54
2020-08-31 14:00:00,0,6761.41,6951.6
2020-08-31 14:30:00,0,6687.22,7045.61
2020-08-31 15:00:00,0,6673.87,7173.75
2020-08-31 15:30:00,0,6793.09,7407.2
2020-08-31 16:00:00,0,6932.37,7727.31
2020-08-31 16:30:00,0,7335.9,8190.34
2020-08-31 17:00:00,0,7689.9,8662.75
2020-08-31 17:30:00,0,8180.9,9138.73
2020-08-31 18:00:00,0,8708.74,9810.12
2020-08-31 18:30:00,0,9458.72,10266.29
2020-08-31 19:00:00,0,9992.95,10283.65
2020-08-31 19:30:00,0,10046.14,10044.87
2020-08-31 20:00:00,0,9799.38,9835.59
2020-08-31 20:30:00,0,9584.76,9607.75
2020-08-31 21:00:00,0,9414.79,9374.33
2020-08-31 21:30:00,0,9196.88,9073.89
2020-08-31 22:00:00,0,8963.94,8781.1
2020-08-31 22:30:00,0,8647.0,8609.19
2020-08-31 23:00:00,0,8562.54,8412.69
2020-08-31 23:30:00,0,8263.94,8239.9
2020-09-01 00:00:00,0,8105.32,8104.33
2020-09-01 00:30:00,0,8047.04,7921.72
2020-09-01 01:00:00,0,7895.57,7760.98
2020-09-01 01:30:00,0,7767.4,7563.9
2020-09-01 02:00:00,0,7500.4,7348.81
2020-09-01 02:30:00,0,7306.16,7083.54
2020-09-01 03:00:00,0,7007.75,6852.52
2020-09-01 03:30:00,0,6779.94,6678.94
2020-09-01 04:00:00,0,6600.52,6588.61
2020-09-01 12:30:00,0,6823.23,7191.84
2020-09-01 13:00:00,0,6800.22,7137.48
2020-09-01 13:30:00,0,6762.12,7096.93
2020-09-01 14:00:00,0,6655.11,7116.65
2020-09-01 14:30:00,0,6780.35,7126.07
2020-09-01 15:00:00,0,6889.81,7257.06
2020-09-01 15:30:00,0,7028.43,7441.68
2020-09-01 16:00:00,0,7203.64,7768.81
2020-09-01 16:30:00,0,7488.26,8190.92
2020-09-01 17:00:00,0,7720.93,8666.05
2020-09-01 17:30:00,0,8022.69,9224.07
2020-09-01 18:00:00,0,8448.38,9826.14
2020-09-01 18:30:00,0,9028.13,10235.2
2020-09-01 19:00:00,0,9441.79,10293.61
2020-09-01 19:30:00,0,9429.79,10148.61
2020-09-01 20:00:00,0,9142.61,9940.92
2020-09-01 20:30:00,0,8915.43,9772.47
2020-09-01 21:00:00,0,8782.96,9544.4
2020-09-01 21:30:00,0,8637.38,9261.78
2020-09-01 22:00:00,0,8426.41,8972.11
2020-09-01 22:30:00,0,8185.56,8805.74
2020-09-01 23:00:00,0,8164.76,8556.86
2020-09-01 23:30:00,0,7941.83,8362.27
2020-09-02 00:00:00,0,7814.85,8222.89
2020-09-02 00:30:00,0,7716.62,8026.79
2020-09-02 01:00:00,0,7578.11,7857.46
2020-09-02 01:30:00,0,7367.03,7639.13
2020-09-02 02:00:00,0,7212.25,7385.19
2020-09-02 02:30:00,0,7014.94,7085.21
2020-09-02 03:00:00,0,6668.87,6843.88
2020-09-02 03:30:00,0,6460.84,6674.66
2020-09-02 04:00:00,0,6293.33,6564.59
2020-09-02 12:30:00,0,6659.13,6638.93
2020-09-02 13:00:00,0,6660.09,6576.63
2020-09-02 13:30:00,0,6662.98,6569.21
2020-09-02 14:00:00,0,6755.7,6604.47
2020-09-02 14:30:00,0,6888.04,6663.86
2020-09-02 15:00:00,0,7078.27,6771.1
2020-09-02 15:30:00,0,7221.67,6892.16
2020-09-02 16:00:00,0,7340.18,7161.22
2020-09-02 16:30:00,0,7587.6,7464.52
2020-09-02 17:00:00,0,7766.16,7854.84
2020-09-02 17:30:00,0,8070.69,8271.94
2020-09-02 18:00:00,0,8311.82,8834.02
2020-09-02 18:30:00,0,8768.29,9319.62
2020-09-02 19:00:00,0,9044.16,9348.47
2020-09-02 19:30:00,0,8910.57,9145.7
2020-09-02 20:00:00,0,8625.05,8924.99
2020-09-02 20:30:00,0,8440.25,8722.69
2020-09-02 21:00:00,0,8251.38,8545.93
2020-09-02 21:30:00,0,8053.11,8362.3
2020-09-02 22:00:00,0,7850.8,8152.83
2020-09-02 22:30:00,0,7614.75,8081.28
2020-09-02 23:00:00,0,7630.41,7934.67
2020-09-02 23:30:00,0,7507.08,7820.45
2020-09-03 00:00:00,1,7439.78,7751.82
2020-09-03 00:30:00,1,7374.89,7601.5
2020-09-03 01:00:00,1,7322.77,7437.92
2020-09-03 01:30:00,1,7171.49,7246.31
2020-09-03 02:00:00,1,7059.74,7034.23
2020-09-03 02:30:00,1,6788.51,6735.2
2020-09-03 03:00:00,1,6533.09,6497.88
2020-09-03 03:30:00,1,6342.49,6319.41
2020-09-03 04:00:00,1,6146.84,6200.41
2020-09-03 12:30:00,1,7517.13,6674.57
2020-09-03 13:00:00,1,7490.54,6715.62
2020-09-03 13:30:00,1,7451.85,6780.97
2020-09-03 14:00:00,1,7460.68,6880.77
2020-09-03 14:30:00,1,7492.79,7003.35
2020-09-03 15:00:00,1,7529.07,7150.35
2020-09-03 15:30:00,1,7464.71,7325.41
2020-09-03 16:00:00,1,7619.15,7580.27
2020-09-03 16:30:00,1,7890.72,7872.83
2020-09-03 17:00:00,1,8024.05,8132.08
2020-09-03 17:30:00,1,8343.57,8438.44
2020-09-03 18:00:00,1,8641.72,8855.66
2020-09-03 18:30:00,1,8920.56,9119.3
2020-09-03 19:00:00,1,9018.9,9065.28
2020-09-03 19:30:00,1,8918.19,8831.39
2020-09-03 20:00:00,1,8670.1,8588.49
2020-09-03 20:30:00,1,8470.34,8418.13
2020-09-03 21:00:00,1,8339.79,8221.68
2020-09-03 21:30:00,1,8199.2,8031.21
2020-09-03 22:00:00,1,8010.63,7842.84
2020-09-03 22:30:00,1,7799.58,7776.52
2020-09-03 23:00:00,1,7869.54,7650.85
2020-09-03 23:30:00,1,7760.64,7565.41
2020-09-04 00:00:00,0,7591.92,7501.09
2020-09-04 00:30:00,0,7568.55,7390.25
2020-09-04 01:00:00,0,7436.49,7251.43
2020-09-04 01:30:00,0,7231.43,7065.95
2020-09-04 02:00:00,0,6958.6,6855.43
2020-09-04 02:30:00,0,6710.69,6574.36
2020-09-04 03:00:00,0,6446.03,6361.96
2020-09-04 03:30:00,0,6226.13,6202.8
2020-09-04 04:00:00,0,6029.71,6139.08
2020-09-04 12:30:00,0,5880.96,6884.83
2020-09-04 13:00:00,0,5779.09,6844.77
2020-09-04 13:30:00,0,5687.97,6818.04
2020-09-04 14:00:00,0,5718.89,6833.93
2020-09-04 14:30:00,0,5828.4,6897.98
2020-09-04 15:00:00,0,5922.85,6988.21
2020-09-04 15:30:00,0,6055.52,7106.18
2020-09-04 16:00:00,0,6282.1,7354.22
2020-09-04 16:30:00,0,6498.59,7615.39
2020-09-04 17:00:00,0,6838.09,7894.11
2020-09-04 17:30:00,0,7168.12,8215.02
2020-09-04 18:00:00,0,7477.17,8592.49
2020-09-04 18:30:00,0,7948.71,8842.82
2020-09-04 19:00:00,0,8373.38,8795.6
2020-09-04 19:30:00,0,8385.24,8570.92
2020-09-04 20:00:00,0,8170.39,8361.87
2020-09-04 20:30:00,0,8080.88,8241.77
2020-09-04 21:00:00,0,7955.4,8113.31
2020-09-04 21:30:00,0,7908.24,7980.5
2020-09-04 22:00:00,0,7738.33,7859.91
2020-09-04 22:30:00,0,7664.34,7864.87
2020-09-04 23:00:00,0,7670.98,7764.4
2020-09-04 23:30:00,0,7543.61,7662.62
2020-09-05 00:00:00,0,7478.4,7577.66
2020-09-05 00:30:00,0,7375.86,7456.7
2020-09-05 01:00:00,0,7212.45,7283.74
2020-09-05 01:30:00,0,7097.65,7060.29
2020-09-05 02:00:00,0,6882.15,6839.68
2020-09-05 02:30:00,0,6718.43,6536.63
2020-09-05 03:00:00,0,6395.18,6297.17
2020-09-05 03:30:00,0,6261.65,6127.8
2020-09-05 04:00:00,0,6143.52,6013.82
2020-09-05 12:30:00,0,6334.88,6027.53
2020-09-05 13:00:00,0,6326.04,6007.07
2020-09-05 13:30:00,0,6240.42,5999.53
2020-09-05 14:00:00,0,6158.54,6029.72
2020-09-05 14:30:00,0,6135.03,6152.87
2020-09-05 15:00:00,0,6099.68,6289.2
2020-09-05 15:30:00,0,6193.96,6493.92
2020-09-05 16:00:00,0,6347.59,6763.08
2020-09-05 16:30:00,0,6653.74,7112.52
2020-09-05 17:00:00,0,6910.0,7399.05
2020-09-05 17:30:00,0,7293.96,7806.33
2020-09-05 18:00:00,0,7667.3,8305.64
2020-09-05 18:30:00,0,8186.28,8713.13
2020-09-05 19:00:00,0,8654.08,8758.44
2020-09-05 19:30:00,0,8678.09,8583.51
2020-09-05 20:00:00,0,8489.45,8401.59
2020-09-05 20:30:00,0,8319.22,8249.67
2020-09-05 21:00:00,0,8223.07,8113.98
2020-09-05 21:30:00,0,8062.13,7965.15
2020-09-05 22:00:00,0,7874.81,7841.39
2020-09-05 22:30:00,0,7703.49,7792.93
2020-09-05 23:00:00,0,7537.64,7700.55
2020-09-05 23:30:00,0,7397.7,7583.11
2020-09-06 00:00:00,0,7267.94,7453.18
2020-09-06 00:30:00,0,7189.13,7280.73
2020-09-06 01:00:00,0,7023.32,7123.11
2020-09-06 01:30:00,0,6871.97,6971.93
2020-09-06 02:00:00,0,6733.39,6790.67
2020-09-06 02:30:00,0,6533.82,6549.29
2020-09-06 03:00:00,0,6351.58,6352.83
2020-09-06 03:30:00,0,6172.6,6212.27
2020-09-06 04:00:00,0,6107.77,6123.84
2020-09-06 12:30:00,0,6434.92,5892.26
2020-09-06 13:00:00,0,6402.06,5863.57
2020-09-06 13:30:00,0,6409.63,5829.54
2020-09-06 14:00:00,0,6422.87,5887.05
2020-09-06 14:30:00,0,6511.87,6000.3
2020-09-06 15:00:00,0,6600.4,6125.84
2020-09-06 15:30:00,0,6769.66,6347.16
2020-09-06 16:00:00,0,6972.42,6649.2
2020-09-06 16:30:00,0,7253.99,6994.11
2020-09-06 17:00:00,0,7554.1,7429.01
2020-09-06 17:30:00,0,7945.19,7886.92
2020-09-06 18:00:00,0,8403.35,8473.65
2020-09-06 18:30:00,0,8919.25,8954.13
2020-09-06 19:00:00,0,9274.71,9054.92
2020-09-06 19:30:00,0,9284.89,8900.34
2020-09-06 20:00:00,0,8982.86,8721.37
2020-09-06 20:30:00,0,8761.09,8502.9
2020-09-06 21:00:00,0,8570.07,8330.18
2020-09-06 21:30:00,0,8345.39,8106.35
2020-09-06 22:00:00,0,8151.6,7881.62
2020-09-06 22:30:00,0,7902.4,7764.72
2020-09-06 23:00:00,0,7920.15,7558.54
2020-09-06 23:30:00,0,7782.58,7407.65
2020-09-07 00:00:00,0,7659.69,7302.0
2020-09-07 00:30:00,0,7646.16,7182.94
2020-09-07 01:00:00,0,7482.4,7051.88
2020-09-07 01:30:00,0,7332.56,6909.06
2020-09-07 02:00:00,0,7147.35,6746.07
2020-09-07 02:30:00,0,6908.89,6510.95
2020-09-07 03:00:00,0,6631.39,6315.85
2020-09-07 03:30:00,0,6428.15,6202.5
2020-09-07 04:00:00,0,6304.05,6141.36
2020-09-07 12:30:00,0,6434.65,6576.43
2020-09-07 13:00:00,0,6433.73,6552.49
2020-09-07 13:30:00,0,6497.71,6547.97
2020-09-07 14:00:00,0,6497.06,6592.22
2020-09-07 14:30:00,0,6554.52,6702.92
2020-09-07 15:00:00,0,6800.16,6819.75
2020-09-07 15:30:00,0,6978.14,7026.16
2020-09-07 16:00:00,0,7094.28,7320.03
2020-09-07 16:30:00,0,7388.47,7687.33
2020-09-07 17:00:00,0,7638.14,8127.88
2020-09-07 17:30:00,0,7981.34,8630.49
2020-09-07 18:00:00,0,8246.47,9109.6
2020-09-07 18:30:00,0,8741.58,9420.92
2020-09-07 19:00:00,0,9031.87,9415.77
2020-09-07 19:30:00,0,9004.49,9223.31
2020-09-07 20:00:00,0,8681.42,9004.36
2020-09-07 20:30:00,0,8500.53,8842.12
2020-09-07 21:00:00,0,8307.75,8649.22
2020-09-07 21:30:00,0,8096.59,8403.73
2020-09-07 22:00:00,0,7901.32,8180.32
2020-09-07 22:30:00,0,7731.49,8135.09
2020-09-07 23:00:00,0,7751.27,7973.42
2020-09-07 23:30:00,0,7618.73,7834.11
2020-09-08 00:00:00,0,7578.6,7755.06
2020-09-08 00:30:00,0,7506.99,7623.4
2020-09-08 01:00:00,0,7438.13,7465.99
2020-09-08 01:30:00,0,7239.82,7265.16
2020-09-08 02:00:00,0,7075.2,7042.87
2020-09-08 02:30:00,0,6824.05,6777.6
2020-09-08 03:00:00,0,6594.82,6541.4
2020-09-08 03:30:00,0,6331.5,6383.15
2020-09-08 04:00:00,0,6160.55,6295.48
2020-09-08 12:30:00,0,8071.44,6487.07
2020-09-08 13:00:00,0,8135.58,6447.18
2020-09-08 13:30:00,0,8178.92,6469.47
2020-09-08 14:00:00,0,8170.62,6562.02
2020-09-08 14:30:00,0,8237.16,6689.73
2020-09-08 15:00:00,0,8241.51,6828.83
2020-09-08 15:30:00,0,8260.15,7045.02
2020-09-08 16:00:00,0,8350.17,7311.91
2020-09-08 16:30:00,0,8615.05,7612.85
2020-09-08 17:00:00,0,8889.03,7951.71
2020-09-08 17:30:00,0,9243.56,8285.84
2020-09-08 18:00:00,0,9560.35,8755.63
2020-09-08 18:30:00,0,10073.18,9079.57
2020-09-08 19:00:00,0,10255.73,9073.15
2020-09-08 19:30:00,0,10112.87,8863.68
2020-09-08 20:00:00,0,9756.71,8653.54
2020-09-08 20:30:00,0,9443.92,8485.59
2020-09-08 21:00:00,0,9189.39,8299.32
2020-09-08 21:30:00,0,8921.64,8103.1
2020-09-08 22:00:00,0,8673.54,7910.37
2020-09-08 22:30:00,0,8355.13,7841.73
2020-09-08 23:00:00,0,8290.7,7724.84
2020-09-08 23:30:00,0,8028.76,7661.94
2020-09-09 00:00:00,0,7896.47,7634.15
2020-09-09 00:30:00,0,7832.13,7557.5
2020-09-09 01:00:00,0,7698.52,7444.97
2020-09-09 01:30:00,0,7500.35,7270.19
2020-09-09 02:00:00,0,7307.94,7051.15
2020-09-09 02:30:00,0,7103.23,6772.36
2020-09-09 03:00:00,0,6808.96,6540.11
2020-09-09 03:30:00,0,6580.19,6391.7
2020-09-09 04:00:00,0,6394.88,6309.17
2020-09-09 12:30:00,0,7160.83,7751.94
2020-09-09 13:00:00,0,7108.04,7691.46
2020-09-09 13:30:00,0,7047.39,7660.87
2020-09-09 14:00:00,0,7006.01,7629.69
2020-09-09 14:30:00,0,7054.65,7636.02
2020-09-09 15:00:00,0,6997.65,7652.2
2020-09-09 15:30:00,0,7138.46,7798.78
2020-09-09 16:00:00,0,7273.69,8006.22
2020-09-09 16:30:00,0,7511.08,8286.42
2020-09-09 17:00:00,0,7868.02,8643.66
2020-09-09 17:30:00,0,8202.73,8991.54
2020-09-09 18:00:00,0,8660.57,9442.24
2020-09-09 18:30:00,0,9306.94,9732.05
2020-09-09 19:00:00,0,9792.57,9697.92
2020-09-09 19:30:00,0,9853.68,9449.81
2020-09-09 20:00:00,0,9696.21,9219.13
2020-09-09 20:30:00,0,9444.69,9043.21
2020-09-09 21:00:00,0,9272.1,8826.61
2020-09-09 21:30:00,0,9032.14,8597.38
2020-09-09 22:00:00,0,8736.7,8356.6
2020-09-09 22:30:00,0,8454.8,8275.47
2020-09-09 23:00:00,0,8429.24,8104.85
2020-09-09 23:30:00,0,8155.0,7963.79
2020-09-10 00:00:00,0,8017.29,7881.02
2020-09-10 00:30:00,0,7905.81,7737.83
2020-09-10 01:00:00,0,7775.42,7583.18
2020-09-10 01:30:00,0,7581.87,7367.66
2020-09-10 02:00:00,0,7353.26,7136.49
2020-09-10 02:30:00,0,7139.56,6854.08
2020-09-10 03:00:00,0,6862.84,6621.86
2020-09-10 03:30:00,0,6656.07,6445.93
2020-09-10 04:00:00,0,6511.41,6361.42
2020-09-10 12:30:00,0,6964.12,7082.9
2020-09-10 13:00:00,0,6878.04,7041.1
2020-09-10 13:30:00,0,6833.48,7038.11
2020-09-10 14:00:00,0,6799.65,7041.4
2020-09-10 14:30:00,0,6813.47,7094.85
2020-09-10 15:00:00,0,6803.57,7171.17
2020-09-10 15:30:00,0,6886.95,7343.06
2020-09-10 16:00:00,0,6978.31,7684.21
2020-09-10 16:30:00,0,7215.18,8004.44
2020-09-10 17:00:00,0,7490.21,8452.52
2020-09-10 17:30:00,0,7845.24,8899.6
2020-09-10 18:00:00,0,8205.65,9446.94
2020-09-10 18:30:00,0,8654.75,9847.76
2020-09-10 19:00:00,0,9126.08,9890.91
2020-09-10 19:30:00,0,9144.28,9727.05
2020-09-10 20:00:00,0,9023.55,9533.78
2020-09-10 20:30:00,0,8794.85,9325.87
2020-09-10 21:00:00,0,8659.55,9121.37
2020-09-10 21:30:00,0,8520.58,8887.25
2020-09-10 22:00:00,0,8340.04,8634.41
2020-09-10 22:30:00,0,8203.61,8496.9
2020-09-10 23:00:00,0,8268.48,8305.5
2020-09-10 23:30:00,0,8074.37,8149.57
2020-09-11 00:00:00,0,7966.29,8067.17
2020-09-11 00:30:00,0,7899.39,7926.84
2020-09-11 01:00:00,0,7760.47,7747.7
2020-09-11 01:30:00,0,7607.08,7532.51
2020-09-11 02:00:00,0,7360.73,7298.85
2020-09-11 02:30:00,0,7121.57,7005.47
2020-09-11 03:00:00,0,6857.66,6761.64
2020-09-11 03:30:00,0,6589.16,6582.68
2020-09-11 04:00:00,0,6438.92,6495.99
2020-09-11 12:30:00,0,5742.65,6795.83
2020-09-11 13:00:00,0,5679.21,6753.86
2020-09-11 13:30:00,0,5640.8,6731.62
2020-09-11 14:00:00,0,5657.55,6728.91
2020-09-11 14:30:00,0,5665.06,6777.8
2020-09-11 15:00:00,0,5817.42,6871.58
2020-09-11 15:30:00,0,5951.99,7003.56
2020-09-11 16:00:00,0,6194.69,7251.19
2020-09-11 16:30:00,0,6422.64,7566.36
2020-09-11 17:00:00,0,6792.98,7919.24
2020-09-11 17:30:00,0,7171.98,8281.79
2020-09-11 18:00:00,0,7512.01,8792.78
2020-09-11 18:30:00,0,7996.36,9163.72
2020-09-11 19:00:00,0,8404.02,9199.01
2020-09-11 19:30:00,0,8467.86,9046.22
2020-09-11 20:00:00,0,8287.47,8877.8
2020-09-11 20:30:00,0,8111.43,8676.37
2020-09-11 21:00:00,0,7960.9,8521.84
2020-09-11 21:30:00,0,7849.28,8385.3
2020-09-11 22:00:00,0,7731.4,8234.08
2020-09-11 22:30:00,0,7627.09,8210.38
2020-09-11 23:00:00,0,7628.15,8109.35
2020-09-11 23:30:00,0,7468.33,8002.06
2020-09-12 00:00:00,0,7405.02,7922.07
2020-09-12 00:30:00,0,7233.11,7785.66
2020-09-12 01:00:00,0,7048.47,7600.34
2020-09-12 01:30:00,0,6906.11,7399.6
2020-09-12 02:00:00,0,6653.4,7138.33
2020-09-12 02:30:00,0,6484.03,6854.93
2020-09-12 03:00:00,0,6208.02,6581.41
2020-09-12 03:30:00,0,6005.53,6405.61
2020-09-12 04:00:00,0,5927.97,6282.79
2020-09-12 12:30:00,0,6103.89,5882.54
2020-09-12 13:00:00,0,6030.47,5850.08
2020-09-12 13:30:00,0,6096.86,5829.54
2020-09-12 14:00:00,0,5990.75,5856.72
2020-09-12 14:30:00,0,6027.42,5988.3
2020-09-12 15:00:00,0,6271.07,6146.48
2020-09-12 15:30:00,0,6538.63,6356.87
2020-09-12 16:00:00,0,6771.9,6627.04
2020-09-12 16:30:00,0,6994.22,6959.78
2020-09-12 17:00:00,0,7215.13,7323.29
2020-09-12 17:30:00,0,7560.29,7688.81
2020-09-12 18:00:00,0,7851.35,8143.0
2020-09-12 18:30:00,0,8258.09,8493.61
2020-09-12 19:00:00,0,8652.75,8522.06
2020-09-12 19:30:00,0,8655.85,8361.64
2020-09-12 20:00:00,0,8358.47,8182.73
2020-09-12 20:30:00,0,8172.57,8072.09
2020-09-12 21:00:00,0,7958.87,7958.54
2020-09-12 21:30:00,0,7795.14,7827.52
2020-09-12 22:00:00,0,7642.21,7721.79
2020-09-12 22:30:00,0,7441.67,7700.53
2020-09-12 23:00:00,0,7369.51,7574.88
2020-09-12 23:30:00,0,7172.42,7450.37
2020-09-13 00:00:00,0,7116.53,7311.25
2020-09-13 00:30:00,0,7064.01,7148.67
2020-09-13 01:00:00,0,6885.03,6990.68
2020-09-13 01:30:00,0,6739.15,6811.23
2020-09-13 02:00:00,0,6582.05,6605.76
2020-09-13 02:30:00,0,6361.81,6374.73
2020-09-13 03:00:00,0,6154.09,6158.98
2020-09-13 03:30:00,0,6058.5,6038.35
2020-09-13 04:00:00,0,5959.94,5956.95
2020-09-13 12:30:00,0,6291.48,5861.94
2020-09-13 13:00:00,0,6267.97,5869.12
2020-09-13 13:30:00,0,6280.51,5898.82
2020-09-13 14:00:00,0,6326.6,5932.68
2020-09-13 14:30:00,0,6348.0,6101.33
2020-09-13 15:00:00,0,6469.84,6280.4
2020-09-13 15:30:00,0,6673.34,6454.09
2020-09-13 16:00:00,0,6854.87,6711.91
2020-09-13 16:30:00,0,7141.38,7033.48
2020-09-13 17:00:00,0,7403.18,7358.98
2020-09-13 17:30:00,0,7771.32,7744.28
2020-09-13 18:00:00,0,8110.11,8147.04
2020-09-13 18:30:00,0,8598.0,8506.12
2020-09-13 19:00:00,0,9021.34,8528.62
2020-09-13 19:30:00,0,9020.09,8372.93
2020-09-13 20:00:00,0,8776.98,8174.39
2020-09-13 20:30:00,0,8495.64,8066.39
2020-09-13 21:00:00,0,8318.16,7910.76
2020-09-13 21:30:00,0,8116.06,7710.67
2020-09-13 22:00:00,0,7946.25,7558.59
2020-09-13 22:30:00,0,7772.64,7476.46
2020-09-13 23:00:00,0,7764.28,7313.37
2020-09-13 23:30:00,0,7596.71,7187.09
2020-09-14 00:00:00,0,7518.14,7085.09
2020-09-14 00:30:00,0,7490.99,6948.64
2020-09-14 01:00:00,0,7345.18,6834.92
2020-09-14 01:30:00,0,7211.36,6683.7
2020-09-14 02:00:00,0,7007.14,6517.21
2020-09-14 02:30:00,0,6857.81,6305.79
2020-09-14 03:00:00,0,6598.64,6123.74
2020-09-14 03:30:00,0,6357.73,6012.67
2020-09-14 04:00:00,0,6206.35,5967.58
2020-09-14 12:30:00,0,6579.16,6419.46
2020-09-14 13:00:00,0,6504.61,6421.78
2020-09-14 13:30:00,0,6535.31,6430.25
2020-09-14 14:00:00,0,6498.95,6484.93
2020-09-14 14:30:00,0,6494.76,6606.81
2020-09-14 15:00:00,0,6619.32,6739.27
2020-09-14 15:30:00,0,6725.52,6927.38
2020-09-14 16:00:00,0,6908.04,7196.76
2020-09-14 16:30:00,0,7224.46,7570.46
2020-09-14 17:00:00,0,7478.75,7965.95
2020-09-14 17:30:00,0,7822.16,8401.47
2020-09-14 18:00:00,0,8161.85,8879.51
2020-09-14 18:30:00,0,8574.33,9197.03
2020-09-14 19:00:00,0,8957.87,9219.01
2020-09-14 19:30:00,0,9003.34,9025.03
2020-09-14 20:00:00,0,8714.85,8797.04
2020-09-14 20:30:00,0,8574.52,8642.51
2020-09-14 21:00:00,0,8327.13,8451.87
2020-09-14 21:30:00,0,8152.49,8232.87
2020-09-14 22:00:00,0,7977.28,8042.33
2020-09-14 22:30:00,0,7796.32,7986.9
2020-09-14 23:00:00,0,7815.27,7858.09
2020-09-14 23:30:00,0,7643.59,7765.83
2020-09-15 00:00:00,0,7620.59,7704.41
2020-09-15 00:30:00,0,7542.19,7609.44
2020-09-15 01:00:00,0,7448.32,7474.67
2020-09-15 01:30:00,0,7253.78,7292.83
2020-09-15 02:00:00,0,7055.76,7088.95
2020-09-15 02:30:00,0,6860.21,6824.74
2020-09-15 03:00:00,0,6591.05,6586.63
2020-09-15 03:30:00,0,6388.95,6430.11
2020-09-15 04:00:00,0,6192.76,6335.61
2020-09-15 12:30:00,0,6317.28,6630.93
2020-09-15 13:00:00,0,6330.22,6609.26
2020-09-15 13:30:00,0,6307.87,6598.95
2020-09-15 14:00:00,0,6372.12,6628.32
2020-09-15 14:30:00,0,6490.89,6749.15
2020-09-15 15:00:00,0,6658.83,6877.53
2020-09-15 15:30:00,0,6813.66,7101.05
2020-09-15 16:00:00,0,6950.42,7333.9
2020-09-15 16:30:00,0,7260.29,7631.05
2020-09-15 17:00:00,0,7504.85,7969.25
2020-09-15 17:30:00,0,7862.31,8327.21
2020-09-15 18:00:00,0,8132.56,8762.19
2020-09-15 18:30:00,0,8527.48,9077.27
2020-09-15 19:00:00,0,8859.01,9110.45
2020-09-15 19:30:00,0,8874.04,8921.83
2020-09-15 20:00:00,0,8611.34,8697.01
2020-09-15 20:30:00,0,8394.08,8537.76
2020-09-15 21:00:00,0,8129.35,8350.62
2020-09-15 21:30:00,0,7938.99,8152.74
2020-09-15 22:00:00,0,7779.01,7972.68
2020-09-15 22:30:00,0,7541.11,7895.8
2020-09-15 23:00:00,0,7530.81,7771.05
2020-09-15 23:30:00,0,7370.46,7665.01
2020-09-16 00:00:00,0,7330.39,7582.08
2020-09-16 00:30:00,0,7285.85,7418.25
2020-09-16 01:00:00,0,7171.21,7257.67
2020-09-16 01:30:00,0,7040.16,7015.88
2020-09-16 02:00:00,0,6861.77,6791.9
2020-09-16 02:30:00,0,6697.57,6522.82
2020-09-16 03:00:00,0,6356.45,6293.44
2020-09-16 03:30:00,0,6184.82,6155.02
2020-09-16 04:00:00,0,6043.49,6076.44
2020-09-16 12:30:00,0,6555.48,6219.2
2020-09-16 13:00:00,0,6576.06,6256.4
2020-09-16 13:30:00,0,6690.76,6320.15
2020-09-16 14:00:00,0,6786.95,6427.38
2020-09-16 14:30:00,0,6957.35,6596.87
2020-09-16 15:00:00,0,7177.39,6762.41
2020-09-16 15:30:00,0,7398.63,6957.45
2020-09-16 16:00:00,0,7594.21,7205.61
2020-09-16 16:30:00,0,7840.69,7478.17
2020-09-16 17:00:00,0,7991.96,7767.34
2020-09-16 17:30:00,0,8069.9,7965.96
2020-09-16 18:00:00,0,8157.38,8266.97
2020-09-16 18:30:00,0,8535.88,8586.34
2020-09-16 19:00:00,0,8847.75,8611.62
2020-09-16 19:30:00,0,8755.64,8367.05
2020-09-16 20:00:00,0,8470.27,8100.59
2020-09-16 20:30:00,0,8210.38,7930.97
2020-09-16 21:00:00,0,8095.59,7780.64
2020-09-16 21:30:00,0,7895.41,7645.88
2020-09-16 22:00:00,0,7675.75,7496.66
2020-09-16 22:30:00,0,7487.36,7434.04
2020-09-16 23:00:00,0,7515.15,7348.46
2020-09-16 23:30:00,0,7375.0,7280.42
2020-09-17 00:00:00,1,7317.3,7225.81
2020-09-17 00:30:00,1,7254.4,7120.83
2020-09-17 01:00:00,1,7120.12,6963.81
2020-09-17 01:30:00,1,6957.35,6743.76
2020-09-17 02:00:00,1,6793.42,6536.34
2020-09-17 02:30:00,1,6556.62,6261.46
2020-09-17 03:00:00,1,6378.96,6056.2
2020-09-17 03:30:00,1,6184.52,5930.25
2020-09-17 04:00:00,1,6082.3,5868.58
2020-09-17 12:30:00,1,7706.81,6537.17
2020-09-17 13:00:00,1,7658.03,6628.68
2020-09-17 13:30:00,1,7634.58,6725.08
2020-09-17 14:00:00,1,7532.01,6842.85
2020-09-17 14:30:00,1,7543.16,7029.26
2020-09-17 15:00:00,1,7547.37,7237.72
2020-09-17 15:30:00,1,7573.63,7451.32
2020-09-17 16:00:00,1,7638.62,7646.06
2020-09-17 16:30:00,1,7797.52,7847.96
2020-09-17 17:00:00,1,7962.76,8069.0
2020-09-17 17:30:00,1,8261.47,8191.81
2020-09-17 18:00:00,1,8517.95,8366.55
2020-09-17 18:30:00,1,8826.08,8639.87
2020-09-17 19:00:00,1,9001.94,8609.08
2020-09-17 19:30:00,1,8845.73,8353.09
2020-09-17 20:00:00,1,8626.74,8107.39
2020-09-17 20:30:00,1,8359.8,7929.57
2020-09-17 21:00:00,1,8175.69,7744.62
2020-09-17 21:30:00,1,7987.61,7592.47
2020-09-17 22:00:00,1,7805.38,7426.29
2020-09-17 22:30:00,1,7674.76,7390.86
2020-09-17 23:00:00,1,7764.97,7319.03
2020-09-17 23:30:00,1,7606.16,7271.38
2020-09-18 00:00:00,0,7615.21,7225.66
2020-09-18 00:30:00,0,7500.74,7101.46
2020-09-18 01:00:00,0,7361.76,6940.73
2020-09-18 01:30:00,0,7202.61,6722.26
2020-09-18 02:00:00,0,6943.49,6519.81
2020-09-18 02:30:00,0,6746.83,6252.0
2020-09-18 03:00:00,0,6456.32,6044.03
2020-09-18 03:30:00,0,6207.1,5904.01
2020-09-18 04:00:00,0,6037.29,5847.02
2020-09-18 12:30:00,0,6428.15,6900.14
2020-09-18 13:00:00,0,6235.38,6888.85
2020-09-18 13:30:00,0,6142.76,6846.83
2020-09-18 14:00:00,0,6153.39,6863.9
2020-09-18 14:30:00,0,6246.23,6924.31
2020-09-18 15:00:00,0,6287.78,7004.22
2020-09-18 15:30:00,0,6450.4,7115.14
2020-09-18 16:00:00,0,6698.76,7324.4
2020-09-18 16:30:00,0,6841.86,7523.2
2020-09-18 17:00:00,0,7104.36,7760.42
2020-09-18 17:30:00,0,7327.01,7970.55
2020-09-18 18:00:00,0,7455.12,8222.58
2020-09-18 18:30:00,0,7830.77,8445.35
2020-09-18 19:00:00,0,8110.6,8446.68
2020-09-18 19:30:00,0,8042.91,8213.2
2020-09-18 20:00:00,0,7808.63,7984.55
2020-09-18 20:30:00,0,7576.52,7813.89
2020-09-18 21:00:00,0,7431.44,7684.02
2020-09-18 21:30:00,0,7295.51,7564.04
2020-09-18 22:00:00,0,7179.93,7468.71
2020-09-18 22:30:00,0,7079.36,7488.79
2020-09-18 23:00:00,0,7096.95,7433.05
2020-09-18 23:30:00,0,7036.14,7391.59
2020-09-19 00:00:00,0,7031.58,7376.43
2020-09-19 00:30:00,0,6881.52,7323.77
2020-09-19 01:00:00,0,6756.19,7169.13
2020-09-19 01:30:00,0,6575.88,6963.91
2020-09-19 02:00:00,0,6418.16,6725.15
2020-09-19 02:30:00,0,6250.1,6441.68
2020-09-19 03:00:00,0,5995.24,6214.63
2020-09-19 03:30:00,0,5836.16,6038.38
2020-09-19 04:00:00,0,5769.96,5916.47
2020-09-19 12:30:00,0,6720.75,6113.94
2020-09-19 13:00:00,0,6751.08,6119.07
2020-09-19 13:30:00,0,6688.73,6111.22
2020-09-19 14:00:00,0,6479.63,6190.85
2020-09-19 14:30:00,0,6268.21,6317.35
2020-09-19 15:00:00,0,6255.99,6479.45
2020-09-19 15:30:00,0,6414.91,6645.87
2020-09-19 16:00:00,0,6501.87,6863.76
2020-09-19 16:30:00,0,6647.79,7098.3
2020-09-19 17:00:00,0,6860.95,7357.34
2020-09-19 17:30:00,0,7215.66,7602.8
2020-09-19 18:00:00,0,7496.35,7921.53
2020-09-19 18:30:00,0,7919.63,8228.05
2020-09-19 19:00:00,0,8304.0,8270.6
2020-09-19 19:30:00,0,8369.79,8090.79
2020-09-19 20:00:00,0,8174.34,7895.61
2020-09-19 20:30:00,0,7928.96,7734.37
2020-09-19 21:00:00,0,7715.68,7611.08
2020-09-19 21:30:00,0,7568.91,7491.66
2020-09-19 22:00:00,0,7342.43,7376.89
2020-09-19 22:30:00,0,7171.58,7361.45
2020-09-19 23:00:00,0,7129.08,7258.05
2020-09-19 23:30:00,0,6961.35,7147.47
2020-09-20 00:00:00,0,6868.69,7047.57
2020-09-20 00:30:00,0,6781.26,6913.18
2020-09-20 01:00:00,0,6666.24,6737.95
2020-09-20 01:30:00,0,6540.21,6539.25
2020-09-20 02:00:00,0,6395.11,6370.26
2020-09-20 02:30:00,0,6201.43,6153.5
2020-09-20 03:00:00,0,6003.76,5974.4
2020-09-20 03:30:00,0,5814.09,5848.23
2020-09-20 04:00:00,0,5740.04,5757.0
2020-09-20 12:30:00,0,6861.99,6263.52
2020-09-20 13:00:00,0,6956.37,6234.79
2020-09-20 13:30:00,0,7062.82,6207.23
2020-09-20 14:00:00,0,7233.56,6227.46
2020-09-20 14:30:00,0,7382.46,6284.67
2020-09-20 15:00:00,0,7417.1,6389.11
2020-09-20 15:30:00,0,7485.26,6526.0
2020-09-20 16:00:00,0,7564.74,6754.16
2020-09-20 16:30:00,0,7843.53,7012.26
2020-09-20 17:00:00,0,8123.52,7304.14
2020-09-20 17:30:00,0,8413.22,7597.85
2020-09-20 18:00:00,0,8671.05,7961.72
2020-09-20 18:30:00,0,8907.9,8308.82
2020-09-20 19:00:00,0,9072.37,8363.92
2020-09-20 19:30:00,0,8989.15,8190.44
2020-09-20 20:00:00,0,8660.01,7989.63
2020-09-20 20:30:00,0,8287.28,7786.16
2020-09-20 21:00:00,0,8169.7,7623.61
2020-09-20 21:30:00,0,7972.39,7419.64
2020-09-20 22:00:00,0,7764.42,7246.81
2020-09-20 22:30:00,0,7542.8,7145.38
2020-09-20 23:00:00,0,7565.68,6991.3
2020-09-20 23:30:00,0,7394.26,6844.77
2020-09-21 00:00:00,0,7316.81,6730.47
2020-09-21 00:30:00,0,7158.8,6546.37
2020-09-21 01:00:00,0,7009.84,6403.16
2020-09-21 01:30:00,0,6887.19,6209.76
2020-09-21 02:00:00,0,6695.17,6052.75
2020-09-21 02:30:00,0,6445.68,5849.63
2020-09-21 03:00:00,0,6210.84,5695.38
2020-09-21 03:30:00,0,6063.4,5615.35
2020-09-21 04:00:00,0,5906.37,5574.5
2020-09-21 12:30:00,0,6459.63,6854.09
2020-09-21 13:00:00,0,6502.09,6944.4
2020-09-21 13:30:00,0,6561.2,7060.69
2020-09-21 14:00:00,0,6587.92,7203.34
2020-09-21 14:30:00,0,6648.85,7354.6
2020-09-21 15:00:00,0,6757.53,7556.5
2020-09-21 15:30:00,0,6909.66,7787.18
2020-09-21 16:00:00,0,7106.45,8018.53
2020-09-21 16:30:00,0,7335.4,8281.5
2020-09-21 17:00:00,0,7599.82,8519.31
2020-09-21 17:30:00,0,7886.13,8730.24
2020-09-21 18:00:00,0,8121.58,9006.21
2020-09-21 18:30:00,0,8418.78,9138.05
2020-09-21 19:00:00,0,8719.37,9043.28
2020-09-21 19:30:00,0,8664.71,8750.78
2020-09-21 20:00:00,0,8376.28,8453.48
2020-09-21 20:30:00,0,8117.42,8204.87
2020-09-21 21:00:00,0,7957.62,7970.1
2020-09-21 21:30:00,0,7786.57,7733.09
2020-09-21 22:00:00,0,7603.05,7526.6
2020-09-21 22:30:00,0,7387.1,7455.47
2020-09-21 23:00:00,0,7460.24,7333.41
2020-09-21 23:30:00,0,7315.59,7241.73
2020-09-22 00:00:00,0,7239.47,7176.73
2020-09-22 00:30:00,0,7157.96,7120.89
2020-09-22 01:00:00,0,6968.03,6968.86
2020-09-22 01:30:00,0,6869.06,6767.69
2020-09-22 02:00:00,0,6680.11,6570.59
2020-09-22 02:30:00,0,6519.6,6315.41
2020-09-22 03:00:00,0,6188.72,6105.73
2020-09-22 03:30:00,0,6053.78,5969.15
2020-09-22 04:00:00,0,5890.63,5897.96
2020-09-22 12:30:00,0,6348.93,6357.43
2020-09-22 13:00:00,0,6317.66,6354.69
2020-09-22 13:30:00,0,6296.42,6359.51
2020-09-22 14:00:00,0,6346.67,6418.42
2020-09-22 14:30:00,0,6429.6,6502.74
2020-09-22 15:00:00,0,6574.06,6670.68
2020-09-22 15:30:00,0,6775.52,6881.11
2020-09-22 16:00:00,0,7001.04,7101.55
2020-09-22 16:30:00,0,7225.67,7397.57
2020-09-22 17:00:00,0,7506.09,7695.22
2020-09-22 17:30:00,0,7842.86,7990.08
2020-09-22 18:00:00,0,8082.07,8346.55
2020-09-22 18:30:00,0,8505.22,8628.57
2020-09-22 19:00:00,0,8791.52,8637.91
2020-09-22 19:30:00,0,8869.74,8393.27
2020-09-22 20:00:00,0,8566.99,8128.7
2020-09-22 20:30:00,0,8353.94,7958.9
2020-09-22 21:00:00,0,8115.82,7768.11
2020-09-22 21:30:00,0,7930.25,7580.96
2020-09-22 22:00:00,0,7742.32,7413.86
2020-09-22 22:30:00,0,7520.23,7400.34
2020-09-22 23:00:00,0,7519.24,7309.66
2020-09-22 23:30:00,0,7393.6,7224.36
2020-09-23 00:00:00,0,7316.92,7136.34
2020-09-23 00:30:00,0,7248.64,6989.65
2020-09-23 01:00:00,0,7148.78,6809.31
2020-09-23 01:30:00,0,7001.79,6577.72
2020-09-23 02:00:00,0,6849.05,6371.46
2020-09-23 02:30:00,0,6670.12,6107.82
2020-09-23 03:00:00,0,6416.35,5893.05
2020-09-23 03:30:00,0,6227.32,5765.95
2020-09-23 04:00:00,0,6057.97,5703.67
2020-09-23 12:30:00,0,6176.33,5984.98
2020-09-23 13:00:00,0,6199.19,5973.97
2020-09-23 13:30:00,0,6177.63,5976.93
2020-09-23 14:00:00,0,6196.49,6029.13
2020-09-23 14:30:00,0,6246.46,6138.91
2020-09-23 15:00:00,0,6344.33,6257.41
2020-09-23 15:30:00,0,6461.29,6425.92
2020-09-23 16:00:00,0,6646.01,6672.94
2020-09-23 16:30:00,0,6948.04,7032.75
2020-09-23 17:00:00,0,7285.14,7391.59
2020-09-23 17:30:00,0,7642.83,7764.13
2020-09-23 18:00:00,0,7994.15,8150.59
2020-09-23 18:30:00,0,8434.6,8475.36
2020-09-23 19:00:00,0,8896.33,8539.89
2020-09-23 19:30:00,0,8974.41,8358.61
2020-09-23 20:00:00,0,8738.26,8141.15
2020-09-23 20:30:00,0,8535.38,7987.0
2020-09-23 21:00:00,0,8382.23,7803.89
2020-09-23 21:30:00,0,8262.17,7635.75
2020-09-23 22:00:00,0,8068.98,7489.24
2020-09-23 22:30:00,0,7874.27,7533.01
2020-09-23 23:00:00,0,7812.13,7432.07
2020-09-23 23:30:00,0,7636.63,7360.87
2020-09-24 00:00:00,0,7555.84,7283.41
2020-09-24 00:30:00,0,7520.51,7167.32
2020-09-24 01:00:00,0,7409.81,7027.97
2020-09-24 01:30:00,0,7272.15,6850.57
2020-09-24 02:00:00,0,7088.62,6635.65
2020-09-24 02:30:00,0,6868.32,6372.61
2020-09-24 03:00:00,0,6569.49,6170.68
2020-09-24 03:30:00,0,6293.44,6033.32
2020-09-24 04:00:00,0,6199.28,5969.2
2020-09-24 12:30:00,0,7054.25,6076.11
2020-09-24 13:00:00,0,7150.91,6027.92
2020-09-24 13:30:00,0,7050.45,6011.42
2020-09-24 14:00:00,0,6978.37,6008.44
2020-09-24 14:30:00,0,7119.62,6133.79
2020-09-24 15:00:00,0,7316.14,6255.73
2020-09-24 15:30:00,0,7433.35,6417.72
2020-09-24 16:00:00,0,7472.24,6658.69
2020-09-24 16:30:00,0,7855.66,6986.82
2020-09-24 17:00:00,0,8193.94,7383.02
2020-09-24 17:30:00,0,8476.51,7784.46
2020-09-24 18:00:00,0,8645.5,8313.9
2020-09-24 18:30:00,0,8896.64,8774.3
2020-09-24 19:00:00,0,9089.91,8920.34
2020-09-24 19:30:00,0,9081.55,8789.3
2020-09-24 20:00:00,0,8871.8,8613.32
2020-09-24 20:30:00,0,8705.63,8395.68
2020-09-24 21:00:00,0,8587.08,8233.69
2020-09-24 21:30:00,0,8472.22,8060.66
2020-09-24 22:00:00,0,8293.79,7882.88
2020-09-24 22:30:00,0,8079.46,7872.37
2020-09-24 23:00:00,0,8184.65,7744.24
2020-09-24 23:30:00,0,7965.22,7632.08
2020-09-25 00:00:00,0,7876.81,7533.69
2020-09-25 00:30:00,0,7779.22,7421.85
2020-09-25 01:00:00,0,7609.68,7254.02
2020-09-25 01:30:00,0,7420.07,7040.83
2020-09-25 02:00:00,0,7196.04,6820.7
2020-09-25 02:30:00,0,6947.07,6551.85
2020-09-25 03:00:00,0,6687.82,6333.48
2020-09-25 03:30:00,0,6452.58,6175.92
2020-09-25 04:00:00,0,6274.2,6113.3
2020-09-25 12:30:00,0,5958.71,6317.4
2020-09-25 13:00:00,0,5885.98,6294.93
2020-09-25 13:30:00,0,5820.11,6291.3
2020-09-25 14:00:00,0,5762.61,6326.6
2020-09-25 14:30:00,0,5797.13,6304.72
2020-09-25 15:00:00,0,5840.55,6427.91
2020-09-25 15:30:00,0,5968.26,6588.87
2020-09-25 16:00:00,0,6150.26,6842.68
2020-09-25 16:30:00,0,6516.28,7133.36
2020-09-25 17:00:00,0,6884.63,7507.08
2020-09-25 17:30:00,0,7318.94,7859.22
2020-09-25 18:00:00,0,7663.43,8383.59
2020-09-25 18:30:00,0,8239.47,8858.61
2020-09-25 19:00:00,0,8751.46,8993.36
2020-09-25 19:30:00,0,8900.59,8854.35
2020-09-25 20:00:00,0,8720.69,8678.36
2020-09-25 20:30:00,0,8567.95,8495.79
2020-09-25 21:00:00,0,8436.63,8347.18
2020-09-25 21:30:00,0,8300.44,8159.69
2020-09-25 22:00:00,0,8106.71,8011.26
2020-09-25 22:30:00,0,7952.04,7998.7
2020-09-25 23:00:00,0,7874.04,7889.73
2020-09-25 23:30:00,0,7701.38,7792.49
2020-09-26 00:00:00,0,7595.44,7725.06
2020-09-26 00:30:00,0,7461.97,7611.57
2020-09-26 01:00:00,0,7238.28,7448.76
2020-09-26 01:30:00,0,6996.19,7244.01
2020-09-26 02:00:00,0,6835.14,6983.38
2020-09-26 02:30:00,0,6601.72,6670.86
2020-09-26 03:00:00,0,6423.02,6430.82
2020-09-26 03:30:00,0,6261.7,6239.25
2020-09-26 04:00:00,0,6222.96,6144.8
2020-09-26 12:30:00,0,5913.05,5891.09
2020-09-26 13:00:00,0,5981.04,5875.41
2020-09-26 13:30:00,0,5951.69,5884.87
2020-09-26 14:00:00,0,5899.92,5933.51
2020-09-26 14:30:00,0,5864.76,5960.61
2020-09-26 15:00:00,0,5821.1,6106.02
2020-09-26 15:30:00,0,6000.6,6287.16
2020-09-26 16:00:00,0,6231.42,6599.87
2020-09-26 16:30:00,0,6544.79,6932.99
2020-09-26 17:00:00,0,6916.41,7379.64
2020-09-26 17:30:00,0,7339.9,7972.18
2020-09-26 18:00:00,0,7754.31,8641.25
2020-09-26 18:30:00,0,8250.62,9211.43
2020-09-26 19:00:00,0,8739.73,9364.61
2020-09-26 19:30:00,0,8977.14,9240.78
2020-09-26 20:00:00,0,8826.94,9066.08
2020-09-26 20:30:00,0,8653.36,8713.89
2020-09-26 21:00:00,0,8494.14,8525.08
2020-09-26 21:30:00,0,8308.43,8365.28
2020-09-26 22:00:00,0,8090.0,8182.69
2020-09-26 22:30:00,0,7900.27,8035.51
2020-09-26 23:00:00,0,7717.88,7874.98
2020-09-26 23:30:00,0,7509.15,7703.05
2020-09-27 00:00:00,0,7369.19,7508.58
2020-09-27 00:30:00,0,7212.22,7337.24
2020-09-27 01:00:00,0,7013.78,7162.22
2020-09-27 01:30:00,0,6950.81,6934.97
2020-09-27 02:00:00,0,6754.61,6733.17
2020-09-27 02:30:00,0,6593.34,6473.93
2020-09-27 03:00:00,0,6389.09,6284.33
2020-09-27 03:30:00,0,6236.93,6140.42
2020-09-27 04:00:00,0,6171.2,6070.15
2020-09-27 12:30:00,0,6255.29,6082.05
2020-09-27 13:00:00,0,6251.46,6071.96
2020-09-27 13:30:00,0,6196.7,6097.1
2020-09-27 14:00:00,0,6240.93,6174.49
2020-09-27 14:30:00,0,6251.31,6268.97
2020-09-27 15:00:00,0,6281.46,6470.42
2020-09-27 15:30:00,0,6464.87,6707.76
2020-09-27 16:00:00,0,6675.29,7086.51
2020-09-27 16:30:00,0,6942.02,7453.02
2020-09-27 17:00:00,0,7242.07,7946.8
2020-09-27 17:30:00,0,7696.71,8462.03
2020-09-27 18:00:00,0,8073.29,9052.57
2020-09-27 18:30:00,0,8622.77,9588.26
2020-09-27 19:00:00,0,9119.83,9741.86
2020-09-27 19:30:00,0,9271.89,9593.7
2020-09-27 20:00:00,0,9077.25,9394.82
2020-09-27 20:30:00,0,8829.22,9054.7
2020-09-27 21:00:00,0,8700.71,8834.68
2020-09-27 21:30:00,0,8425.76,8615.69
2020-09-27 22:00:00,0,8274.43,8351.49
2020-09-27 22:30:00,0,8026.03,8133.89
2020-09-27 23:00:00,0,8021.66,7906.31
2020-09-27 23:30:00,0,7825.15,7738.82
2020-09-28 00:00:00,0,7645.47,7579.42
2020-09-28 00:30:00,0,7635.93,7378.3
2020-09-28 01:00:00,0,7467.43,7226.96
2020-09-28 01:30:00,0,7321.35,7043.71
2020-09-28 02:00:00,0,7146.99,6870.3
2020-09-28 02:30:00,0,6970.44,6636.47
2020-09-28 03:00:00,0,6681.21,6465.11
2020-09-28 03:30:00,0,6469.7,6341.4
2020-09-28 04:00:00,0,6272.31,6283.57
2020-09-28 12:30:00,0,6336.24,6735.26
2020-09-28 13:00:00,0,6270.08,6649.81
2020-09-28 13:30:00,0,6277.33,6629.09
2020-09-28 14:00:00,0,6322.5,6653.1
2020-09-28 14:30:00,0,6362.06,6766.97
2020-09-28 15:00:00,0,6432.32,6900.12
2020-09-28 15:30:00,0,6489.64,7099.92
2020-09-28 16:00:00,0,6741.43,7388.82
2020-09-28 16:30:00,0,7048.83,7747.79
2020-09-28 17:00:00,0,7341.6,8150.85
2020-09-28 17:30:00,0,7675.52,8546.9
2020-09-28 18:00:00,0,8084.97,9034.29
2020-09-28 18:30:00,0,8626.2,9431.51
2020-09-28 19:00:00,0,9020.08,9516.89
2020-09-28 19:30:00,0,9148.04,9344.26
2020-09-28 20:00:00,0,8927.8,9132.84
2020-09-28 20:30:00,0,8717.61,8940.38
2020-09-28 21:00:00,0,8513.86,8740.42
2020-09-28 21:30:00,0,8306.17,8525.65
2020-09-28 22:00:00,0,8102.68,8320.43
2020-09-28 22:30:00,0,7885.71,8219.06
2020-09-28 23:00:00,0,7883.14,8034.13
2020-09-28 23:30:00,0,7716.81,7900.3
2020-09-29 00:00:00,0,7608.15,7812.54
2020-09-29 00:30:00,0,7591.84,7691.8
2020-09-29 01:00:00,0,7394.1,7545.65
2020-09-29 01:30:00,0,7277.97,7371.21
2020-09-29 02:00:00,0,7064.23,7161.97
2020-09-29 02:30:00,0,6842.28,6893.81
2020-09-29 03:00:00,0,6604.13,6658.68
2020-09-29 03:30:00,0,6353.37,6496.62
2020-09-29 04:00:00,0,6228.3,6401.15
2020-09-29 12:30:00,0,7304.01,6581.92
2020-09-29 13:00:00,0,7284.47,6535.74
2020-09-29 13:30:00,0,7434.56,6495.72
2020-09-29 14:00:00,0,7533.85,6515.11
2020-09-29 14:30:00,0,7550.2,6538.69
2020-09-29 15:00:00,0,7708.03,6654.43
2020-09-29 15:30:00,0,7921.97,6866.55
2020-09-29 16:00:00,0,8017.63,7150.33
2020-09-29 16:30:00,0,8094.87,7484.48
2020-09-29 17:00:00,0,8223.07,7855.87
2020-09-29 17:30:00,0,8453.15,8165.51
2020-09-29 18:00:00,0,8649.02,8581.96
2020-09-29 18:30:00,0,8904.84,8983.88
2020-09-29 19:00:00,0,9198.76,9118.9
2020-09-29 19:30:00,0,9209.73,8962.02
2020-09-29 20:00:00,0,8884.47,8790.88
2020-09-29 20:30:00,0,8705.94,8611.29
2020-09-29 21:00:00,0,8450.82,8428.71
2020-09-29 21:30:00,0,8289.33,8221.15
2020-09-29 22:00:00,0,8041.29,8040.43
2020-09-29 22:30:00,0,7807.23,8006.16
2020-09-29 23:00:00,0,7823.71,7863.98
2020-09-29 23:30:00,0,7632.61,7749.83
2020-09-30 00:00:00,0,7518.29,7673.49
2020-09-30 00:30:00,0,7454.82,7552.79
2020-09-30 01:00:00,0,7286.8,7393.89
2020-09-30 01:30:00,0,7070.23,7198.66
2020-09-30 02:00:00,0,6938.4,6963.29
2020-09-30 02:30:00,0,6700.3,6697.14
2020-09-30 03:00:00,0,6406.33,6480.39
2020-09-30 03:30:00,0,6185.85,6325.67
2020-09-30 04:00:00,0,6037.42,6227.93
2020-09-30 12:30:00,0,6138.02,7368.09
2020-09-30 13:00:00,0,6095.43,7338.81
2020-09-30 13:30:00,0,6089.52,7302.01
2020-09-30 14:00:00,0,6147.46,7289.71
2020-09-30 14:30:00,0,6199.08,7338.07
2020-09-30 15:00:00,0,6313.85,7393.31
2020-09-30 15:30:00,0,6441.3,7478.46
2020-09-30 16:00:00,0,6651.2,7657.52
2020-09-30 16:30:00,0,6838.9,7910.35
2020-09-30 17:00:00,0,7114.33,8168.09
2020-09-30 17:30:00,0,7421.66,8386.59
2020-09-30 18:00:00,0,7682.19,8663.91
2020-09-30 18:30:00,0,8078.32,8887.62
2020-09-30 19:00:00,0,8464.63,8899.69
2020-09-30 19:30:00,0,8598.69,8657.93
2020-09-30 20:00:00,0,8431.56,8415.48
2020-09-30 20:30:00,0,8261.05,8291.93
2020-09-30 21:00:00,0,8131.14,8107.34
2020-09-30 21:30:00,0,7995.73,7904.51
2020-09-30 22:00:00,0,7813.61,7729.54
2020-09-30 22:30:00,0,7631.99,7707.03
2020-09-30 23:00:00,0,7715.5,7583.62
2020-09-30 23:30:00,0,7514.28,7465.78
2020-10-01 00:00:00,0,7483.15,7395.27
2020-10-01 00:30:00,0,7449.29,7266.62
2020-10-01 01:00:00,0,7281.72,7126.78
2020-10-01 01:30:00,0,7115.73,6937.14
2020-10-01 02:00:00,0,6893.08,6714.97
2020-10-01 02:30:00,0,6716.49,6471.45
2020-10-01 03:00:00,0,6465.25,6268.92
2020-10-01 03:30:00,0,6263.24,6147.85
2020-10-01 04:00:00,0,6139.46,6081.56
2020-10-01 12:30:00,0,6013.03,6168.0
2020-10-01 13:00:00,0,5982.4,6173.52
2020-10-01 13:30:00,0,6016.44,6174.03
2020-10-01 14:00:00,0,6019.03,6240.23
2020-10-01 14:30:00,0,6125.62,6357.22
2020-10-01 15:00:00,0,6242.2,6527.68
2020-10-01 15:30:00,0,6471.93,6744.78
2020-10-01 16:00:00,0,6659.04,6991.32
2020-10-01 16:30:00,0,6950.96,7261.51
2020-10-01 17:00:00,0,7266.53,7579.33
2020-10-01 17:30:00,0,7553.22,7855.23
2020-10-01 18:00:00,0,7701.3,8183.66
2020-10-01 18:30:00,0,8030.57,8501.01
2020-10-01 19:00:00,0,8151.52,8586.78
2020-10-01 19:30:00,0,8271.89,8425.64
2020-10-01 20:00:00,0,8101.2,8218.09
2020-10-01 20:30:00,0,7908.75,8125.81
2020-10-01 21:00:00,0,7712.5,7970.28
2020-10-01 21:30:00,0,7607.41,7801.26
2020-10-01 22:00:00,0,7489.58,7648.73
2020-10-01 22:30:00,0,7360.23,7642.09
2020-10-01 23:00:00,0,7475.28,7542.79
2020-10-01 23:30:00,0,7378.73,7447.52
2020-10-02 00:00:00,0,7292.87,7397.81
2020-10-02 00:30:00,0,7278.53,7279.97
2020-10-02 01:00:00,0,7164.33,7125.88
2020-10-02 01:30:00,0,6965.85,6924.02
2020-10-02 02:00:00,0,6812.26,6710.2
2020-10-02 02:30:00,0,6571.95,6447.5
2020-10-02 03:00:00,0,6333.09,6225.87
2020-10-02 03:30:00,0,6076.67,6093.13
2020-10-02 04:00:00,0,5927.66,6024.5
2020-10-02 12:30:00,0,5526.09,5801.9
2020-10-02 13:00:00,0,5456.08,5836.29
2020-10-02 13:30:00,0,5455.91,5890.49
2020-10-02 14:00:00,0,5553.5,5989.88
2020-10-02 14:30:00,0,5652.38,6147.2
2020-10-02 15:00:00,0,5732.22,6344.24
2020-10-02 15:30:00,0,5948.67,6588.48
2020-10-02 16:00:00,0,6169.26,6845.23
2020-10-02 16:30:00,0,6493.1,7119.29
2020-10-02 17:00:00,0,6721.63,7394.98
2020-10-02 17:30:00,0,7051.32,7587.85
2020-10-02 18:00:00,0,7219.25,7883.48
2020-10-02 18:30:00,0,7521.07,8182.89
2020-10-02 19:00:00,0,7752.85,8253.88
2020-10-02 19:30:00,0,7926.56,8068.42
2020-10-02 20:00:00,0,7708.16,7877.56
2020-10-02 20:30:00,0,7565.55,7755.88
2020-10-02 21:00:00,0,7367.02,7637.65
2020-10-02 21:30:00,0,7210.44,7565.85
2020-10-02 22:00:00,0,7062.67,7484.02
2020-10-02 22:30:00,0,6996.81,7505.73
2020-10-02 23:00:00,0,7028.41,7435.86
2020-10-02 23:30:00,0,6874.27,7344.93
2020-10-03 00:00:00,0,6766.0,7282.83
2020-10-03 00:30:00,0,6730.48,7094.65
2020-10-03 01:00:00,0,6531.23,6915.32
2020-10-03 01:30:00,0,6389.78,6679.65
2020-10-03 02:00:00,0,6186.02,6444.85
2020-10-03 02:30:00,0,6074.77,6183.05
2020-10-03 03:00:00,0,5833.21,5972.14
2020-10-03 03:30:00,0,5696.37,5837.08
2020-10-03 04:00:00,0,5610.95,5745.38
2020-10-03 12:30:00,0,5379.94,5460.34
2020-10-03 13:00:00,0,5410.85,5534.27
2020-10-03 13:30:00,0,5442.55,5617.56
2020-10-03 14:00:00,0,5523.3,5715.59
2020-10-03 14:30:00,0,5669.53,5900.89
2020-10-03 15:00:00,0,5843.67,6070.65
2020-10-03 15:30:00,0,6076.32,6307.11
2020-10-03 16:00:00,0,6372.0,6528.66
2020-10-03 16:30:00,0,6657.28,6874.16
2020-10-03 17:00:00,0,6933.05,7134.22
2020-10-03 17:30:00,0,7216.98,7387.91
2020-10-03 18:00:00,0,7429.41,7670.49
2020-10-03 18:30:00,0,7624.27,7970.74
2020-10-03 19:00:00,0,7712.04,8004.74
2020-10-03 19:30:00,0,7759.37,7790.37
2020-10-03 20:00:00,0,7552.78,7578.96
2020-10-03 20:30:00,0,7378.06,7458.48
2020-10-03 21:00:00,0,7243.38,7353.57
2020-10-03 21:30:00,0,7130.74,7235.61
2020-10-03 22:00:00,0,6989.54,7136.87
2020-10-03 22:30:00,0,6898.93,7119.48
2020-10-03 23:00:00,0,6890.69,7022.74
2020-10-03 23:30:00,0,6715.7,6875.76
2020-10-04 00:00:00,0,6569.57,6729.52
2020-10-04 00:30:00,0,6408.55,6487.68
2020-10-04 01:00:00,0,6247.5,6269.57
2020-10-04 01:30:00,0,6126.39,5955.11
2020-10-04 02:00:00,0,5856.42,5748.68
2020-10-04 02:30:00,0,5671.42,5614.21
2020-10-04 03:00:00,0,5521.62,5545.39
2020-10-04 03:30:00,0,5459.42,5533.41
2020-10-04 04:00:00,0,5459.02,5562.27
2020-10-04 12:30:00,0,5590.62,5470.56
2020-10-04 13:00:00,0,5725.27,5576.95
2020-10-04 13:30:00,0,5833.59,5698.51
2020-10-04 14:00:00,0,5936.96,5839.33
2020-10-04 14:30:00,0,6084.07,6094.23
2020-10-04 15:00:00,0,6311.11,6355.39
2020-10-04 16:00:00,0,6990.44,6950.53
2020-10-04 16:30:00,0,7357.07,7246.43
2020-10-04 17:00:00,0,7636.98,7543.29
2020-10-04 17:30:00,0,8051.66,7761.34
2020-10-04 18:00:00,0,8258.25,7860.74
2020-10-04 18:30:00,0,8368.35,7972.35
2020-10-04 19:00:00,0,8358.59,7952.01
2020-10-04 19:30:00,0,8350.65,7851.3
2020-10-04 20:00:00,0,8089.21,7685.27
2020-10-04 20:30:00,0,7878.08,7480.56
2020-10-04 21:00:00,0,7645.94,7282.59
2020-10-04 21:30:00,0,7464.8,7086.22
2020-10-04 22:00:00,0,7261.93,6908.48
2020-10-04 22:30:00,0,7114.87,6803.8
2020-10-04 23:00:00,0,7080.68,6654.3
2020-10-04 23:30:00,0,6937.4,6470.58
2020-10-05 00:00:00,1,6808.97,6350.97
2020-10-05 00:30:00,1,6814.93,6203.35
2020-10-05 01:00:00,1,6642.75,6041.07
2020-10-05 01:30:00,1,6412.56,5797.86
2020-10-05 02:00:00,1,6118.29,5638.72
2020-10-05 02:30:00,1,5881.18,5501.09
2020-10-05 03:00:00,1,5783.12,5432.39
2020-10-05 03:30:00,1,5730.59,5399.66
2020-10-05 04:00:00,1,5708.99,5398.94
2020-10-05 12:30:00,1,7186.08,5785.9
2020-10-05 13:00:00,1,7159.64,5905.99
2020-10-05 13:30:00,1,7132.48,6068.9
2020-10-05 14:00:00,1,7188.42,6216.0
2020-10-05 14:30:00,1,7263.03,6323.68
2020-10-05 15:00:00,1,7203.75,6539.45
2020-10-05 15:30:00,1,7315.34,6821.0
2020-10-05 16:00:00,1,7367.83,7079.19
2020-10-05 16:30:00,1,7523.21,7406.22
2020-10-05 17:00:00,1,7749.22,7750.96
2020-10-05 17:30:00,1,8099.16,7988.25
2020-10-05 18:00:00,1,8197.04,8087.64
2020-10-05 18:30:00,1,8309.65,8122.4
2020-10-05 19:00:00,1,8389.44,8145.82
2020-10-05 19:30:00,1,8285.26,8021.56
2020-10-05 20:00:00,1,8061.36,7843.58
2020-10-05 20:30:00,1,7898.27,7616.39
2020-10-05 21:00:00,1,7749.66,7435.98
2020-10-05 21:30:00,1,7566.96,7240.11
2020-10-05 22:00:00,1,7496.74,7035.12
2020-10-05 22:30:00,1,7430.0,7009.51
2020-10-05 23:00:00,1,7328.71,6946.23
2020-10-05 23:30:00,1,7253.27,6866.34
2020-10-06 00:00:00,0,7121.51,6792.91
2020-10-06 00:30:00,0,7023.62,6681.99
2020-10-06 01:00:00,0,6876.65,6536.49
2020-10-06 01:30:00,0,6714.23,6293.02
2020-10-06 02:00:00,0,6471.06,6076.28
2020-10-06 02:30:00,0,6210.34,5909.17
2020-10-06 03:00:00,0,6053.85,5798.28
2020-10-06 03:30:00,0,5946.65,5770.06
2020-10-06 04:00:00,0,5919.72,5815.94
2020-10-06 12:30:00,0,7438.98,6774.08
2020-10-06 13:00:00,0,7530.31,6752.24
2020-10-06 13:30:00,0,7560.4,6732.08
2020-10-06 14:00:00,0,7605.54,6774.16
2020-10-06 14:30:00,0,7508.97,6841.85
2020-10-06 15:00:00,0,7588.48,6962.93
2020-10-06 15:30:00,0,7709.4,7109.41
2020-10-06 16:00:00,0,7818.68,7295.42
2020-10-06 16:30:00,0,7992.71,7474.21
2020-10-06 17:00:00,0,8135.37,7715.3
2020-10-06 17:30:00,0,8326.52,7888.17
2020-10-06 18:00:00,0,8419.68,7976.52
2020-10-06 18:30:00,0,8451.43,8044.7
2020-10-06 19:00:00,0,8388.14,8030.86
2020-10-06 19:30:00,0,8289.5,7857.4
2020-10-06 20:00:00,0,8039.53,7629.91
2020-10-06 20:30:00,0,7826.01,7436.3
2020-10-06 21:00:00,0,7598.99,7285.09
2020-10-06 21:30:00,0,7359.71,7196.03
2020-10-06 22:00:00,0,7302.8,7110.04
2020-10-06 22:30:00,0,7209.86,7112.42
2020-10-06 23:00:00,0,7237.68,7065.33
2020-10-06 23:30:00,0,7142.45,6959.36
2020-10-07 00:00:00,0,7074.57,6926.15
2020-10-07 00:30:00,0,7002.65,6898.22
2020-10-07 01:00:00,0,6867.58,6792.69
2020-10-07 01:30:00,0,6712.03,6576.6
2020-10-07 02:00:00,0,6437.98,6355.56
2020-10-07 02:30:00,0,6178.86,6168.54
2020-10-07 03:00:00,0,6028.4,6039.45
2020-10-07 03:30:00,0,5940.9,5985.83
2020-10-07 04:00:00,0,5917.39,6015.29
2020-10-07 12:30:00,0,7137.8,7522.36
2020-10-07 13:00:00,0,7251.24,7503.41
2020-10-07 13:30:00,0,7093.7,7495.58
2020-10-07 14:00:00,0,7099.73,7519.78
2020-10-07 14:30:00,0,7102.7,7519.97
2020-10-07 15:00:00,0,7109.62,7590.44
2020-10-07 15:30:00,0,7246.21,7698.88
2020-10-07 16:00:00,0,7360.71,7845.44
2020-10-07 16:30:00,0,7612.98,7980.5
2020-10-07 17:00:00,0,7839.25,8151.57
2020-10-07 17:30:00,0,8110.49,8227.57
2020-10-07 18:00:00,0,8278.35,8232.57
2020-10-07 18:30:00,0,8357.41,8270.76
2020-10-07 19:00:00,0,8362.94,8253.85
2020-10-07 19:30:00,0,8370.56,8065.24
2020-10-07 20:00:00,0,8127.6,7853.99
2020-10-07 20:30:00,0,7910.72,7689.84
2020-10-07 21:00:00,0,7673.28,7497.02
2020-10-07 21:30:00,0,7455.4,7402.62
2020-10-07 22:00:00,0,7412.95,7300.72
2020-10-07 22:30:00,0,7250.18,7287.29
2020-10-07 23:00:00,0,7233.8,7212.7
2020-10-07 23:30:00,0,7105.03,7079.46
2020-10-08 00:00:00,0,7003.55,7010.73
2020-10-08 00:30:00,0,6953.76,6919.59
2020-10-08 01:00:00,0,6763.71,6770.49
2020-10-08 01:30:00,0,6614.09,6554.61
2020-10-08 02:00:00,0,6304.38,6340.62
2020-10-08 02:30:00,0,6060.94,6172.94
2020-10-08 03:00:00,0,5896.89,6048.43
2020-10-08 03:30:00,0,5856.99,6008.9
2020-10-08 04:00:00,0,5852.48,6043.49
2020-10-08 12:30:00,0,6528.05,6752.82
2020-10-08 13:00:00,0,6433.51,6781.65
2020-10-08 13:30:00,0,6370.61,6845.51
2020-10-08 14:00:00,0,6397.75,6928.8
2020-10-08 14:30:00,0,6285.32,7027.44
2020-10-08 15:00:00,0,6334.18,7191.4
2020-10-08 15:30:00,0,6445.68,7367.77
2020-10-08 16:00:00,0,6612.37,7569.27
2020-10-08 16:30:00,0,6855.2,7749.34
2020-10-08 17:00:00,0,7127.72,8013.22
2020-10-08 17:30:00,0,7455.42,8120.96
2020-10-08 18:00:00,0,7624.0,8215.39
2020-10-08 18:30:00,0,7747.91,8281.97
2020-10-08 19:00:00,0,7896.0,8245.63
2020-10-08 19:30:00,0,7945.2,8083.94
2020-10-08 20:00:00,0,7822.72,7888.0
2020-10-08 20:30:00,0,7701.52,7682.67
2020-10-08 21:00:00,0,7537.7,7491.51
2020-10-08 21:30:00,0,7354.42,7435.1
2020-10-08 22:00:00,0,7400.84,7327.38
2020-10-08 22:30:00,0,7268.28,7271.48
2020-10-08 23:00:00,0,7314.07,7196.83
2020-10-08 23:30:00,0,7221.92,7056.51
2020-10-09 00:00:00,0,7109.24,6957.78
2020-10-09 00:30:00,0,6994.45,6785.69
2020-10-09 01:00:00,0,6823.53,6624.66
2020-10-09 01:30:00,0,6660.57,6369.73
2020-10-09 02:00:00,0,6373.22,6145.16
2020-10-09 02:30:00,0,6096.29,5973.66
2020-10-09 03:00:00,0,5924.35,5848.66
2020-10-09 03:30:00,0,5859.54,5812.83
2020-10-09 04:00:00,0,5784.29,5848.36
2020-10-09 12:30:00,0,5277.27,5984.32
2020-10-09 13:00:00,0,5221.13,5952.68
2020-10-09 13:30:00,0,5227.18,5962.65
2020-10-09 14:00:00,0,5342.83,5996.04
2020-10-09 14:30:00,0,5409.92,6069.14
2020-10-09 15:00:00,0,5542.29,6216.96
2020-10-09 15:30:00,0,5709.87,6435.36
2020-10-09 16:00:00,0,5989.62,6703.91
2020-10-09 16:30:00,0,6224.52,7000.8
2020-10-09 17:00:00,0,6478.01,7346.3
2020-10-09 17:30:00,0,6840.31,7554.32
2020-10-09 18:00:00,0,7100.0,7705.35
2020-10-09 18:30:00,0,7266.28,7803.2
2020-10-09 19:00:00,0,7473.38,7813.33
2020-10-09 19:30:00,0,7507.26,7703.11
2020-10-09 20:00:00,0,7358.32,7570.85
2020-10-09 20:30:00,0,7208.98,7443.53
2020-10-09 21:00:00,0,7106.11,7314.67
2020-10-09 21:30:00,0,7031.85,7305.41
2020-10-09 22:00:00,0,6979.88,7268.7
2020-10-09 22:30:00,0,6923.22,7324.61
2020-10-09 23:00:00,0,6906.27,7283.54
2020-10-09 23:30:00,0,6802.11,7133.1
2020-10-10 00:00:00,0,6615.65,7019.85
2020-10-10 00:30:00,0,6574.99,6832.53
2020-10-10 01:00:00,0,6363.81,6634.73
2020-10-10 01:30:00,0,6185.64,6367.25
2020-10-10 02:00:00,0,5964.91,6121.29
2020-10-10 02:30:00,0,5806.42,5952.55
2020-10-10 03:00:00,0,5645.26,5823.22
2020-10-10 03:30:00,0,5574.74,5774.34
2020-10-10 04:00:00,0,5502.98,5790.37
2020-10-10 12:30:00,0,5357.41,5151.03
2020-10-10 13:00:00,0,5525.63,5143.83
2020-10-10 13:30:00,0,5590.15,5173.51
2020-10-10 14:00:00,0,5617.75,5235.27
2020-10-10 14:30:00,0,5735.02,5382.29
2020-10-10 15:00:00,0,5879.15,5599.63
2020-10-10 15:30:00,0,6127.16,5850.47
2020-10-10 16:00:00,0,6326.98,6145.69
2020-10-10 16:30:00,0,6545.74,6455.51
2020-10-10 17:00:00,0,6732.08,6788.19
2020-10-10 17:30:00,0,7123.21,7110.44
2020-10-10 18:00:00,0,7413.59,7322.6
2020-10-10 18:30:00,0,7600.66,7482.4
2020-10-10 19:00:00,0,7772.78,7531.45
2020-10-10 19:30:00,0,7788.95,7445.27
2020-10-10 20:00:00,0,7591.62,7324.34
2020-10-10 20:30:00,0,7442.97,7190.94
2020-10-10 21:00:00,0,7279.0,7075.34
2020-10-10 21:30:00,0,7028.37,7055.49
2020-10-10 22:00:00,0,6942.15,7024.66
2020-10-10 22:30:00,0,6797.85,7020.85
2020-10-10 23:00:00,0,6771.32,6942.26
2020-10-10 23:30:00,0,6667.08,6792.74
2020-10-11 00:00:00,0,6542.26,6633.77
2020-10-11 00:30:00,0,6445.62,6425.51
2020-10-11 01:00:00,0,6366.95,6256.87
2020-10-11 01:30:00,0,6192.05,5984.17
2020-10-11 02:00:00,0,5995.42,5772.22
2020-10-11 02:30:00,0,5830.63,5647.99
2020-10-11 03:00:00,0,5743.62,5569.5
2020-10-11 03:30:00,0,5710.86,5576.24
2020-10-11 04:00:00,0,5724.37,5623.8
2020-10-11 12:30:00,0,6486.85,5279.22
2020-10-11 13:00:00,0,6548.26,5291.58
2020-10-11 13:30:00,0,6585.79,5340.18
2020-10-11 14:00:00,0,6566.86,5407.97
2020-10-11 14:30:00,0,6648.96,5554.63
2020-10-11 15:00:00,0,6830.79,5751.31
2020-10-11 15:30:00,0,7075.02,6013.09
2020-10-11 16:00:00,0,7312.59,6296.76
2020-10-11 16:30:00,0,7632.57,6630.06
2020-10-11 17:00:00,0,7854.52,6972.91
2020-10-11 17:30:00,0,8007.64,7246.91
2020-10-11 18:00:00,0,8153.06,7450.84
2020-10-11 18:30:00,0,8336.96,7623.77
2020-10-11 19:00:00,0,8317.24,7671.34
2020-10-11 19:30:00,0,8273.34,7562.61
2020-10-11 20:00:00,0,8131.11,7401.19
2020-10-11 20:30:00,0,7964.78,7237.13
2020-10-11 21:00:00,0,7754.97,7070.32
2020-10-11 21:30:00,0,7529.12,6971.51
2020-10-11 22:00:00,0,7480.86,6836.58
2020-10-11 22:30:00,0,7284.87,6744.75
2020-10-11 23:00:00,0,7318.75,6631.37
2020-10-11 23:30:00,0,7254.58,6488.89
2020-10-12 00:00:00,0,7123.92,6382.67
2020-10-12 00:30:00,0,7038.58,6249.63
2020-10-12 01:00:00,0,6922.59,6113.9
2020-10-12 01:30:00,0,6712.55,5902.19
2020-10-12 02:00:00,0,6445.42,5724.45
2020-10-12 02:30:00,0,6265.9,5622.7
2020-10-12 03:00:00,0,6131.95,5587.62
2020-10-12 03:30:00,0,6055.22,5615.63
2020-10-12 04:00:00,0,6020.16,5700.19
2020-10-12 12:30:00,0,6583.31,6383.77
2020-10-12 13:00:00,0,6621.57,6376.05
2020-10-12 13:30:00,0,6729.8,6406.16
2020-10-12 14:00:00,0,6803.36,6451.0
2020-10-12 14:30:00,0,6889.61,6567.72
2020-10-12 15:00:00,0,7027.81,6732.63
2020-10-12 15:30:00,0,7274.29,6941.62
2020-10-12 16:00:00,0,7516.46,7192.46
2020-10-12 16:30:00,0,7835.91,7485.91
2020-10-12 17:00:00,0,8113.02,7798.99
2020-10-12 17:30:00,0,8355.4,8028.59
2020-10-12 18:00:00,0,8456.88,8188.6
2020-10-12 18:30:00,0,8544.86,8296.01
2020-10-12 19:00:00,0,8438.46,8276.12
2020-10-12 19:30:00,0,8389.01,8086.46
2020-10-12 20:00:00,0,8181.21,7862.53
2020-10-12 20:30:00,0,7965.14,7652.21
2020-10-12 21:00:00,0,7755.56,7440.1
2020-10-12 21:30:00,0,7464.98,7344.51
2020-10-12 22:00:00,0,7394.23,7221.74
2020-10-12 22:30:00,0,7276.02,7168.36
2020-10-12 23:00:00,0,7268.73,7097.2
2020-10-12 23:30:00,0,7160.1,6975.62
2020-10-13 00:00:00,0,7020.52,6894.43
2020-10-13 00:30:00,0,6968.23,6766.46
2020-10-13 01:00:00,0,6815.42,6607.97
2020-10-13 01:30:00,0,6595.73,6328.17
2020-10-13 02:00:00,0,6374.78,6093.59
2020-10-13 02:30:00,0,6156.19,5918.69
2020-10-13 03:00:00,0,5978.45,5833.28
2020-10-13 03:30:00,0,5962.07,5813.81
2020-10-13 04:00:00,0,5853.44,5865.84
2020-10-13 12:30:00,0,6679.49,6514.51
2020-10-13 13:00:00,0,6609.48,6571.65
2020-10-13 13:30:00,0,6617.2,6662.57
2020-10-13 14:00:00,0,6612.71,6743.84
2020-10-13 14:30:00,0,6646.31,6914.28
2020-10-13 15:00:00,0,6690.66,7108.32
2020-10-13 15:30:00,0,6901.15,7365.45
2020-10-13 16:00:00,0,7051.48,7625.9
2020-10-13 16:30:00,0,7316.18,7886.32
2020-10-13 17:00:00,0,7598.46,8154.7
2020-10-13 17:30:00,0,7916.18,8317.54
2020-10-13 18:00:00,0,8070.91,8413.42
2020-10-13 18:30:00,0,8182.05,8440.71
2020-10-13 19:00:00,0,8192.77,8353.89
2020-10-13 19:30:00,0,8231.45,8124.04
2020-10-13 20:00:00,0,8084.49,7894.88
2020-10-13 20:30:00,0,7892.13,7665.09
2020-10-13 21:00:00,0,7712.62,7424.86
2020-10-13 21:30:00,0,7461.97,7320.33
2020-10-13 22:00:00,0,7452.47,7168.95
2020-10-13 22:30:00,0,7227.23,7105.7
2020-10-13 23:00:00,0,7252.8,7041.76
2020-10-13 23:30:00,0,7174.21,6958.36
2020-10-14 00:00:00,0,7040.14,6908.68
2020-10-14 00:30:00,0,6947.57,6802.23
2020-10-14 01:00:00,0,6811.06,6664.91
2020-10-14 01:30:00,0,6636.95,6422.15
2020-10-14 02:00:00,0,6400.69,6190.71
2020-10-14 02:30:00,0,6159.87,6024.29
2020-10-14 03:00:00,0,6025.91,5930.38
2020-10-14 03:30:00,0,5973.78,5882.03
2020-10-14 04:00:00,0,5955.69,5924.05
2020-10-14 12:30:00,0,6446.45,6607.12
2020-10-14 13:00:00,0,6545.8,6600.42
2020-10-14 13:30:00,0,6621.98,6619.05
2020-10-14 14:00:00,0,6758.71,6660.24
2020-10-14 14:30:00,0,6864.51,6759.34
2020-10-14 15:00:00,0,7145.3,6874.06
2020-10-14 15:30:00,0,7602.49,7025.26
2020-10-14 16:00:00,0,7760.25,7246.67
2020-10-14 16:30:00,0,7890.85,7510.41
2020-10-14 17:00:00,0,7963.67,7776.02
2020-10-14 17:30:00,0,8271.49,7961.4
2020-10-14 18:00:00,0,8416.56,8090.83
2020-10-14 18:30:00,0,8519.96,8172.31
2020-10-14 19:00:00,0,8449.04,8185.07
2020-10-14 19:30:00,0,8520.02,8041.31
2020-10-14 20:00:00,0,8338.22,7872.35
2020-10-14 20:30:00,0,8127.96,7684.37
2020-10-14 21:00:00,0,7882.47,7495.68
2020-10-14 21:30:00,0,7639.71,7390.29
2020-10-14 22:00:00,0,7540.95,7278.39
2020-10-14 22:30:00,0,7345.43,7246.4
2020-10-14 23:00:00,0,7355.66,7188.98
2020-10-14 23:30:00,0,7285.18,7054.74
2020-10-15 00:00:00,0,7151.67,6968.61
2020-10-15 00:30:00,0,7025.4,6838.72
2020-10-15 01:00:00,0,6904.39,6655.14
2020-10-15 01:30:00,0,6761.52,6387.46
2020-10-15 02:00:00,0,6486.98,6148.86
2020-10-15 02:30:00,0,6286.06,5982.42
2020-10-15 03:00:00,0,6133.76,5888.03
2020-10-15 03:30:00,0,6016.77,5847.41
2020-10-15 04:00:00,0,5981.59,5904.35
2020-10-15 12:30:00,0,7186.02,6482.22
2020-10-15 13:00:00,0,7120.99,6553.57
2020-10-15 13:30:00,0,6993.33,6652.19
2020-10-15 14:00:00,0,7223.34,6776.84
2020-10-15 14:30:00,0,7286.25,6951.75
2020-10-15 15:00:00,0,7282.79,7179.6
2020-10-15 15:30:00,0,7358.12,7436.63
2020-10-15 16:00:00,0,7537.26,7694.4
2020-10-15 16:30:00,0,7749.96,7952.58
2020-10-15 17:00:00,0,7802.17,8199.72
2020-10-15 17:30:00,0,7947.64,8339.73
2020-10-15 18:00:00,0,8013.4,8426.27
2020-10-15 18:30:00,0,8130.88,8426.64
2020-10-15 19:00:00,0,8139.13,8385.48
2020-10-15 19:30:00,0,8096.78,8218.99
2020-10-15 20:00:00,0,7850.46,8025.63
2020-10-15 20:30:00,0,7701.13,7777.91
2020-10-15 21:00:00,0,7593.51,7549.42
2020-10-15 21:30:00,0,7436.81,7429.17
2020-10-15 22:00:00,0,7431.78,7288.22
2020-10-15 22:30:00,0,7228.35,7278.83
2020-10-15 23:00:00,0,7319.14,7206.7
2020-10-15 23:30:00,0,7278.34,7080.79
2020-10-16 00:00:00,0,7131.76,7008.99
2020-10-16 00:30:00,0,7045.53,6878.51
2020-10-16 01:00:00,0,6897.13,6697.12
2020-10-16 01:30:00,0,6670.95,6439.59
2020-10-16 02:00:00,0,6423.64,6207.26
2020-10-16 02:30:00,0,6092.4,6059.26
2020-10-16 03:00:00,0,5981.96,5977.36
2020-10-16 03:30:00,0,5918.15,5959.91
2020-10-16 04:00:00,0,5787.61,6031.72
2020-10-16 12:30:00,0,5931.28,7070.17
2020-10-16 13:00:00,0,5982.01,7037.59
2020-10-16 13:30:00,0,6094.06,7014.3
2020-10-16 14:00:00,0,6180.51,7034.12
2020-10-16 14:30:00,0,6361.86,7099.13
2020-10-16 15:00:00,0,6585.96,7216.02
2020-10-16 15:30:00,0,6920.13,7373.75
2020-10-16 16:00:00,0,7193.74,7571.29
2020-10-16 16:30:00,0,7413.95,7800.51
2020-10-16 17:00:00,0,7529.31,8008.3
2020-10-16 17:30:00,0,7664.07,8102.73
2020-10-16 18:00:00,0,7797.47,8112.93
2020-10-16 18:30:00,0,7876.13,8040.92
2020-10-16 19:00:00,0,7898.85,8028.46
2020-10-16 19:30:00,0,7878.2,7920.22
2020-10-16 20:00:00,0,7644.61,7745.98
2020-10-16 20:30:00,0,7456.54,7592.88
2020-10-16 21:00:00,0,7329.63,7405.29
2020-10-16 21:30:00,0,7196.81,7341.01
2020-10-16 22:00:00,0,7105.38,7281.77
2020-10-16 22:30:00,0,7021.36,7332.1
2020-10-16 23:00:00,0,6889.89,7289.15
2020-10-16 23:30:00,0,6743.9,7149.81
2020-10-17 00:00:00,0,6664.13,7019.27
2020-10-17 00:30:00,0,6564.93,6887.68
2020-10-17 01:00:00,0,6383.97,6670.51
2020-10-17 01:30:00,0,6230.83,6384.48
2020-10-17 02:00:00,0,6019.13,6134.46
2020-10-17 02:30:00,0,5815.54,5996.26
2020-10-17 03:00:00,0,5729.94,5903.23
2020-10-17 03:30:00,0,5647.57,5849.19
2020-10-17 04:00:00,0,5619.28,5867.1
2020-10-17 12:30:00,0,6235.25,6346.69
2020-10-17 13:00:00,0,6212.02,6421.99
2020-10-17 13:30:00,0,6168.55,6469.96
2020-10-17 14:00:00,0,6090.24,6603.87
2020-10-17 14:30:00,0,6337.76,6792.31
2020-10-17 15:00:00,0,6448.53,7060.04
2020-10-17 15:30:00,0,6517.37,7286.7
2020-10-17 16:00:00,0,6665.19,7533.15
2020-10-17 16:30:00,0,6852.89,7688.94
2020-10-17 17:00:00,0,7036.48,7910.85
2020-10-17 17:30:00,0,7360.13,7993.25
2020-10-17 18:00:00,0,7617.1,7988.01
2020-10-17 18:30:00,0,7775.43,7947.79
2020-10-17 19:00:00,0,7833.12,7964.63
2020-10-17 19:30:00,0,7794.27,7883.43
2020-10-17 20:00:00,0,7644.62,7714.24
2020-10-17 20:30:00,0,7487.71,7571.28
2020-10-17 21:00:00,0,7302.51,7390.28
2020-10-17 21:30:00,0,7122.32,7245.6
2020-10-17 22:00:00,0,6980.82,7142.73
2020-10-17 22:30:00,0,6848.03,7074.62
2020-10-17 23:00:00,0,6842.68,6958.39
2020-10-17 23:30:00,0,6699.1,6764.12
2020-10-18 00:00:00,0,6551.93,6601.77
2020-10-18 00:30:00,0,6514.15,6410.62
2020-10-18 01:00:00,0,6390.1,6214.49
2020-10-18 01:30:00,0,6229.91,5973.6
2020-10-18 02:00:00,0,6033.97,5786.85
2020-10-18 02:30:00,0,5877.2,5682.13
2020-10-18 03:00:00,0,5773.74,5633.14
2020-10-18 03:30:00,0,5712.18,5647.73
2020-10-18 04:00:00,0,5781.97,5681.35
2020-10-18 12:30:00,0,6841.42,6080.44
2020-10-18 13:00:00,0,6800.14,6066.87
2020-10-18 13:30:00,0,6671.79,6088.22
2020-10-18 14:00:00,0,6588.15,6121.45
2020-10-18 14:30:00,0,6579.49,6190.88
2020-10-18 15:00:00,0,6652.07,6357.51
2020-10-18 15:30:00,0,6885.12,6520.45
2020-10-18 16:00:00,0,7085.4,6720.57
2020-10-18 16:30:00,0,7320.07,6976.45
2020-10-18 17:00:00,0,7565.11,7294.68
2020-10-18 17:30:00,0,7935.04,7549.16
2020-10-18 18:00:00,0,8114.87,7705.95
2020-10-18 18:30:00,0,8265.48,7776.25
2020-10-18 19:00:00,0,8252.17,7824.11
2020-10-18 19:30:00,0,8169.59,7756.36
2020-10-18 20:00:00,0,8037.93,7588.31
2020-10-18 20:30:00,0,7845.87,7418.37
2020-10-18 21:00:00,0,7673.46,7213.76
2020-10-18 21:30:00,0,7423.21,7100.3
2020-10-18 22:00:00,0,7376.69,6966.14
2020-10-18 22:30:00,0,7266.89,6876.29
2020-10-18 23:00:00,0,7233.3,6765.75
2020-10-18 23:30:00,0,7174.88,6576.87
2020-10-19 00:00:00,0,7053.59,6422.94
2020-10-19 00:30:00,0,7051.37,6262.54
2020-10-19 01:00:00,0,6919.72,6107.69
2020-10-19 01:30:00,0,6751.36,5871.21
2020-10-19 02:00:00,0,6457.22,5685.76
2020-10-19 02:30:00,0,6189.94,5581.7
2020-10-19 03:00:00,0,6067.59,5576.39
2020-10-19 03:30:00,0,5944.14,5627.8
2020-10-19 04:00:00,0,5945.53,5728.06
2020-10-19 12:30:00,0,6969.74,6457.98
2020-10-19 13:00:00,0,6728.02,6471.12
2020-10-19 13:30:00,0,6641.33,6520.8
2020-10-19 14:00:00,0,6639.6,6584.66
2020-10-19 14:30:00,0,6621.38,6681.15
2020-10-19 15:00:00,0,6575.46,6873.46
2020-10-19 15:30:00,0,6765.53,7098.06
2020-10-19 16:00:00,0,6942.15,7348.31
2020-10-19 16:30:00,0,7178.68,7608.29
2020-10-19 17:00:00,0,7465.99,7934.86
2020-10-19 17:30:00,0,7841.47,8166.15
2020-10-19 18:00:00,0,8027.65,8315.69
2020-10-19 18:30:00,0,8263.87,8348.15
2020-10-19 19:00:00,0,8231.31,8338.44
2020-10-19 19:30:00,0,8240.79,8208.13
2020-10-19 20:00:00,0,8146.6,8014.35
2020-10-19 20:30:00,0,7920.8,7804.3
2020-10-19 21:00:00,0,7762.5,7588.53
2020-10-19 21:30:00,0,7501.1,7458.24
2020-10-19 22:00:00,0,7452.2,7312.16
2020-10-19 22:30:00,0,7350.3,7256.97
2020-10-19 23:00:00,0,7341.32,7191.27
2020-10-19 23:30:00,0,7270.1,7051.56
2020-10-20 00:00:00,0,7169.35,6913.21
2020-10-20 00:30:00,0,7099.38,6776.36
2020-10-20 01:00:00,0,6984.95,6614.54
2020-10-20 01:30:00,0,6817.44,6349.62
2020-10-20 02:00:00,0,6567.28,6127.13
2020-10-20 02:30:00,0,6291.3,5964.43
2020-10-20 03:00:00,0,6111.97,5884.09
2020-10-20 03:30:00,0,5979.34,5882.02
2020-10-20 04:00:00,0,5935.98,5941.22
2020-10-20 12:30:00,0,6275.54,6413.92
2020-10-20 13:00:00,0,6261.5,6420.21
2020-10-20 13:30:00,0,6284.53,6478.25
2020-10-20 14:00:00,0,6379.77,6584.47
2020-10-20 14:30:00,0,6537.66,6729.65
2020-10-20 15:00:00,0,6684.15,6902.81
2020-10-20 15:30:00,0,6861.59,7117.78
2020-10-20 16:00:00,0,7067.75,7366.55
2020-10-20 16:30:00,0,7353.61,7623.11
2020-10-20 17:00:00,0,7615.74,7940.38
2020-10-20 17:30:00,0,8023.41,8183.95
2020-10-20 18:00:00,0,8119.55,8306.08
2020-10-20 18:30:00,0,8241.98,8353.81
2020-10-20 19:00:00,0,8252.13,8338.29
2020-10-20 19:30:00,0,8268.43,8220.18
2020-10-20 20:00:00,0,8098.0,8025.37
2020-10-20 20:30:00,0,7958.63,7823.57
2020-10-20 21:00:00,0,7701.35,7594.36
2020-10-20 21:30:00,0,7526.63,7462.64
2020-10-20 22:00:00,0,7407.17,7347.44
2020-10-20 22:30:00,0,7292.79,7292.03
2020-10-20 23:00:00,0,7284.18,7217.88
2020-10-20 23:30:00,0,7209.67,7088.48
2020-10-21 00:00:00,0,7126.35,6986.36
2020-10-21 00:30:00,0,7056.13,6840.32
2020-10-21 01:00:00,0,6935.45,6674.74
2020-10-21 01:30:00,0,6760.55,6405.34
2020-10-21 02:00:00,0,6449.95,6179.5
2020-10-21 02:30:00,0,6274.7,6006.42
2020-10-21 03:00:00,0,6124.08,5912.0
2020-10-21 03:30:00,0,6025.06,5892.09
2020-10-21 04:00:00,0,6003.87,5948.9
2020-10-21 12:30:00,0,6687.87,6456.88
2020-10-21 13:00:00,0,6690.18,6488.28
2020-10-21 13:30:00,0,6661.33,6551.34
2020-10-21 14:00:00,0,6696.26,6691.45
2020-10-21 14:30:00,0,6791.18,6841.54
2020-10-21 15:00:00,0,6899.07,7032.21
2020-10-21 15:30:00,0,7111.4,7237.04
2020-10-21 16:00:00,0,7310.97,7470.66
2020-10-21 16:30:00,0,7674.31,7726.34
2020-10-21 17:00:00,0,7810.49,7983.44
2020-10-21 17:30:00,0,8189.95,8161.34
2020-10-21 18:00:00,0,8330.78,8246.49
2020-10-21 18:30:00,0,8401.0,8283.73
2020-10-21 19:00:00,0,8352.95,8256.16
2020-10-21 19:30:00,0,8386.82,8126.13
2020-10-21 20:00:00,0,8220.12,7937.17
2020-10-21 20:30:00,0,8051.68,7737.51
2020-10-21 21:00:00,0,7823.32,7518.43
2020-10-21 21:30:00,0,7604.73,7416.83
2020-10-21 22:00:00,0,7552.41,7298.36
2020-10-21 22:30:00,0,7412.95,7259.49
2020-10-21 23:00:00,0,7414.78,7181.84
2020-10-21 23:30:00,0,7284.39,7057.25
2020-10-22 00:00:00,0,7155.58,6983.29
2020-10-22 00:30:00,0,7072.86,6851.5
2020-10-22 01:00:00,0,6965.59,6672.77
2020-10-22 01:30:00,0,6755.83,6422.82
2020-10-22 02:00:00,0,6468.07,6191.59
2020-10-22 02:30:00,0,6226.71,6038.51
2020-10-22 03:00:00,0,6104.67,5949.33
2020-10-22 03:30:00,0,6000.18,5937.61
2020-10-22 04:00:00,0,5982.96,5998.54
2020-10-22 12:30:00,0,6821.57,6834.78
2020-10-22 13:00:00,0,6858.68,6843.97
2020-10-22 13:30:00,0,6955.05,6899.91
2020-10-22 14:00:00,0,7169.91,6961.31
2020-10-22 14:30:00,0,7143.11,7043.84
2020-10-22 15:00:00,0,7184.8,7211.35
2020-10-22 15:30:00,0,7384.18,7417.52
2020-10-22 16:00:00,0,7589.55,7650.1
2020-10-22 16:30:00,0,7950.0,7889.57
2020-10-22 17:00:00,0,7975.74,8119.99
2020-10-22 17:30:00,0,8023.69,8209.2
2020-10-22 18:00:00,0,8091.46,8245.1
2020-10-22 18:30:00,0,8289.45,8239.02
2020-10-22 19:00:00,0,8254.39,8234.99
2020-10-22 19:30:00,0,8263.48,8122.94
2020-10-22 20:00:00,0,8096.44,7928.52
2020-10-22 20:30:00,0,7930.7,7729.58
2020-10-22 21:00:00,0,7723.65,7493.65
2020-10-22 21:30:00,0,7499.16,7417.4
2020-10-22 22:00:00,0,7505.98,7296.66
2020-10-22 22:30:00,0,7379.4,7249.99
2020-10-22 23:00:00,0,7349.57,7198.33
2020-10-22 23:30:00,0,7220.97,7091.33
2020-10-23 00:00:00,0,7118.98,7027.11
2020-10-23 00:30:00,0,7059.2,6895.85
2020-10-23 01:00:00,0,6869.1,6729.18
2020-10-23 01:30:00,0,6637.56,6473.6
2020-10-23 02:00:00,0,6331.78,6237.27
2020-10-23 02:30:00,0,6079.57,6084.73
2020-10-23 03:00:00,0,5942.29,5989.11
2020-10-23 03:30:00,0,5846.39,5979.63
2020-10-23 04:00:00,0,5779.93,6044.96
2020-10-23 12:30:00,0,7247.28,6916.21
2020-10-23 13:00:00,0,7349.46,6959.44
2020-10-23 13:30:00,0,7319.9,7021.74
2020-10-23 14:00:00,0,7373.12,7125.87
2020-10-23 14:30:00,0,7355.76,7287.96
2020-10-23 15:00:00,0,7363.13,7515.63
2020-10-23 15:30:00,0,7461.39,7730.76
2020-10-23 16:00:00,0,7581.48,7943.68
2020-10-23 16:30:00,0,7612.35,8189.83
2020-10-23 17:00:00,0,7702.06,8399.34
2020-10-23 17:30:00,0,7850.84,8454.58
2020-10-23 18:00:00,0,7944.2,8405.51
2020-10-23 18:30:00,0,7956.9,8306.39
2020-10-23 19:00:00,0,7846.19,8243.21
2020-10-23 19:30:00,0,7700.31,8106.26
2020-10-23 20:00:00,0,7631.12,7908.54
2020-10-23 20:30:00,0,7442.69,7695.22
2020-10-23 21:00:00,0,7306.33,7501.0
2020-10-23 21:30:00,0,7164.5,7419.92
2020-10-23 22:00:00,0,7109.3,7371.5
2020-10-23 22:30:00,0,7008.24,7389.53
2020-10-23 23:00:00,0,6972.41,7335.48
2020-10-23 23:30:00,0,6883.65,7231.49
2020-10-24 00:00:00,0,6715.04,7156.77
2020-10-24 00:30:00,0,6594.08,7057.77
2020-10-24 01:00:00,0,6462.79,6881.66
2020-10-24 01:30:00,0,6273.87,6629.96
2020-10-24 02:00:00,0,6033.67,6355.88
2020-10-24 02:30:00,0,5834.01,6181.67
2020-10-24 03:00:00,0,5742.46,6039.95
2020-10-24 03:30:00,0,5676.8,5994.91
2020-10-24 04:00:00,0,5616.68,5998.38
2020-10-24 12:30:00,0,6992.2,7374.44
2020-10-24 13:00:00,0,6947.54,7395.96
2020-10-24 13:30:00,0,6936.84,7417.24
2020-10-24 14:00:00,0,6958.96,7477.41
2020-10-24 14:30:00,0,7115.93,7515.14
2020-10-24 15:00:00,0,7246.73,7621.25
2020-10-24 15:30:00,0,7423.16,7715.45
2020-10-24 16:00:00,0,7627.04,7841.61
2020-10-24 16:30:00,0,7855.65,7912.7
2020-10-24 17:00:00,0,8022.95,8039.41
2020-10-24 17:30:00,0,8254.91,8043.41
2020-10-24 18:00:00,0,8445.64,7966.2
2020-10-24 18:30:00,0,8425.02,7880.54
2020-10-24 19:00:00,0,8426.66,7844.95
2020-10-24 19:30:00,0,8308.61,7724.71
2020-10-24 20:00:00,0,8079.58,7573.9
2020-10-24 20:30:00,0,7891.97,7398.24
2020-10-24 21:00:00,0,7602.62,7245.21
2020-10-24 21:30:00,0,7410.28,7103.15
2020-10-24 22:00:00,0,7323.86,7028.12
2020-10-24 22:30:00,0,7124.46,7037.69
2020-10-24 23:00:00,0,7044.35,6929.02
2020-10-24 23:30:00,0,6889.32,6751.65
2020-10-25 00:00:00,0,6732.62,6611.87
2020-10-25 00:30:00,0,6679.5,6439.32
2020-10-25 01:00:00,0,6510.87,6265.27
2020-10-25 01:30:00,0,6359.94,6003.63
2020-10-25 02:00:00,0,6135.35,5804.77
2020-10-25 02:30:00,0,5959.48,5677.38
2020-10-25 03:00:00,0,5826.47,5630.44
2020-10-25 03:30:00,0,5785.58,5639.19
2020-10-25 04:00:00,0,5783.71,5687.6
2020-10-25 12:30:00,0,7903.84,6475.8
2020-10-25 13:00:00,0,7728.88,6446.19
2020-10-25 13:30:00,0,7708.13,6431.98
2020-10-25 14:00:00,0,7690.3,6435.1
2020-10-25 14:30:00,0,7678.86,6480.28
2020-10-25 15:00:00,0,7728.69,6620.92
2020-10-25 15:30:00,0,7851.18,6772.85
2020-10-25 16:00:00,0,8116.79,7008.5
2020-10-25 16:30:00,0,8384.0,7240.42
2020-10-25 17:00:00,0,8673.44,7529.33
2020-10-25 17:30:00,0,9035.18,7788.39
2020-10-25 18:00:00,0,9218.6,7939.31
2020-10-25 18:30:00,0,9324.77,8066.08
2020-10-25 19:00:00,0,9282.97,8138.65
2020-10-25 19:30:00,0,9169.64,8064.88
2020-10-25 20:00:00,0,8952.79,7928.87
2020-10-25 20:30:00,0,8693.26,7756.24
2020-10-25 21:00:00,0,8409.48,7544.33
2020-10-25 21:30:00,0,8120.09,7373.01
2020-10-25 22:00:00,0,7897.24,7198.32
2020-10-25 22:30:00,0,7779.8,7061.69
2020-10-25 23:00:00,0,7713.45,6897.0
2020-10-25 23:30:00,0,7550.25,6671.02
2020-10-26 00:00:00,0,7413.68,6503.52
2020-10-26 00:30:00,0,7336.61,6341.97
2020-10-26 01:00:00,0,7158.16,6157.38
2020-10-26 01:30:00,0,6989.35,5872.41
2020-10-26 02:00:00,0,6746.22,5696.33
2020-10-26 02:30:00,0,6488.07,5575.84
2020-10-26 03:00:00,0,6273.96,5538.58
2020-10-26 03:30:00,0,6171.27,5565.94
2020-10-26 04:00:00,0,6159.27,5661.61
2020-10-26 12:30:00,0,7096.16,7424.66
2020-10-26 13:00:00,0,7003.57,7433.09
2020-10-26 13:30:00,0,6953.41,7479.78
2020-10-26 14:00:00,0,6961.62,7483.41
2020-10-26 14:30:00,0,6950.67,7508.95
2020-10-26 15:00:00,0,6961.02,7595.5
2020-10-26 15:30:00,0,7156.21,7695.61
2020-10-26 16:00:00,0,7323.09,7919.12
2020-10-26 16:30:00,0,7468.19,8211.12
2020-10-26 17:00:00,0,7700.57,8557.42
2020-10-26 17:30:00,0,8116.61,8791.09
2020-10-26 18:00:00,0,8239.7,8999.13
2020-10-26 18:30:00,0,8452.39,9099.22
2020-10-26 19:00:00,0,8480.25,9094.92
2020-10-26 19:30:00,0,8538.05,8951.41
2020-10-26 20:00:00,0,8459.65,8757.35
2020-10-26 20:30:00,0,8232.62,8466.51
2020-10-26 21:00:00,0,8032.99,8166.17
2020-10-26 21:30:00,0,7785.64,7991.66
2020-10-26 22:00:00,0,7663.41,7785.87
2020-10-26 22:30:00,0,7568.86,7685.55
2020-10-26 23:00:00,0,7487.31,7541.43
2020-10-26 23:30:00,0,7403.25,7356.39
2020-10-27 00:00:00,0,7279.3,7233.18
2020-10-27 00:30:00,0,7220.89,7079.69
2020-10-27 01:00:00,0,7103.6,6886.82
2020-10-27 01:30:00,0,6868.38,6595.2
2020-10-27 02:00:00,0,6619.35,6363.35
2020-10-27 02:30:00,0,6344.36,6180.63
2020-10-27 03:00:00,0,6214.66,6085.19
2020-10-27 03:30:00,0,6115.16,6051.39
2020-10-27 04:00:00,0,6047.88,6107.35
2020-10-27 12:30:00,0,7325.75,6932.18
2020-10-27 13:00:00,0,7308.66,6932.74
2020-10-27 13:30:00,0,7202.26,6991.17
2020-10-27 14:00:00,0,7014.5,7069.39
2020-10-27 14:30:00,0,6928.48,7168.25
2020-10-27 15:00:00,0,6973.46,7311.22
2020-10-27 15:30:00,0,7150.93,7465.68
2020-10-27 16:00:00,0,7286.58,7717.36
2020-10-27 16:30:00,0,7559.18,7989.08
2020-10-27 17:00:00,0,7769.54,8263.71
2020-10-27 17:30:00,0,7998.03,8495.37
2020-10-27 18:00:00,0,8244.66,8597.98
2020-10-27 18:30:00,0,8355.68,8605.9
2020-10-27 19:00:00,0,8384.58,8598.55
2020-10-27 19:30:00,0,8378.22,8485.7
2020-10-27 20:00:00,0,8265.24,8305.69
2020-10-27 20:30:00,0,7977.02,8090.39
2020-10-27 21:00:00,0,7811.08,7854.36
2020-10-27 21:30:00,0,7557.36,7712.22
2020-10-27 22:00:00,0,7533.77,7554.08
2020-10-27 22:30:00,0,7489.28,7509.56
2020-10-27 23:00:00,0,7416.51,7396.7
2020-10-27 23:30:00,0,7333.34,7237.4
2020-10-28 00:00:00,0,7196.38,7136.7
2020-10-28 00:30:00,0,7102.42,7001.61
2020-10-28 01:00:00,0,6982.02,6807.64
2020-10-28 01:30:00,0,6810.35,6538.21
2020-10-28 02:00:00,0,6526.49,6282.71
2020-10-28 02:30:00,0,6289.49,6122.02
2020-10-28 03:00:00,0,6150.07,6042.78
2020-10-28 03:30:00,0,5974.16,6004.96
2020-10-28 04:00:00,0,6019.43,6039.7
2020-10-28 12:30:00,0,6777.06,6824.57
2020-10-28 13:00:00,0,6699.66,6832.03
2020-10-28 13:30:00,0,6741.86,6869.82
2020-10-28 14:00:00,0,6872.96,6917.97
2020-10-28 14:30:00,0,6952.43,7009.78
2020-10-28 15:00:00,0,6981.42,7155.71
2020-10-28 15:30:00,0,7094.61,7334.39
2020-10-28 16:00:00,0,7413.39,7554.12
2020-10-28 16:30:00,0,7673.5,7823.95
2020-10-28 17:00:00,0,7686.21,8075.79
2020-10-28 17:30:00,0,7978.25,8262.97
2020-10-28 18:00:00,0,8122.27,8353.6
2020-10-28 18:30:00,0,8211.04,8320.14
2020-10-28 19:00:00,0,8293.8,8312.5
2020-10-28 19:30:00,0,8304.85,8204.22
2020-10-28 20:00:00,0,8191.64,8035.62
2020-10-28 20:30:00,0,8062.62,7833.12
2020-10-28 21:00:00,0,7914.91,7607.97
2020-10-28 21:30:00,0,7712.9,7515.49
2020-10-28 22:00:00,0,7600.52,7379.25
2020-10-28 22:30:00,0,7444.86,7340.05
2020-10-28 23:00:00,0,7398.37,7231.14
2020-10-28 23:30:00,0,7305.58,7088.18
2020-10-29 00:00:00,0,7222.36,6992.22
2020-10-29 00:30:00,0,7151.24,6834.36
2020-10-29 01:00:00,0,6969.83,6644.23
2020-10-29 01:30:00,0,6804.62,6362.33
2020-10-29 02:00:00,0,6531.45,6115.64
2020-10-29 02:30:00,0,6294.32,5958.37
2020-10-29 03:00:00,0,6123.53,5895.25
2020-10-29 03:30:00,0,6012.22,5883.3
2020-10-29 04:00:00,0,6019.99,5944.76
2020-10-29 12:30:00,0,6548.42,6704.36
2020-10-29 13:00:00,0,6477.09,6688.78
2020-10-29 13:30:00,0,6459.21,6704.92
2020-10-29 14:00:00,0,6567.17,6747.91
2020-10-29 14:30:00,0,6678.75,6820.81
2020-10-29 15:00:00,0,6825.46,6982.53
2020-10-29 15:30:00,0,6939.26,7182.52
2020-10-29 16:00:00,0,7002.05,7413.5
2020-10-29 16:30:00,0,7155.24,7663.92
2020-10-29 17:00:00,0,7304.5,7970.29
2020-10-29 17:30:00,0,7467.48,8168.17
2020-10-29 18:00:00,0,7615.07,8287.27
2020-10-29 18:30:00,0,7787.08,8301.61
2020-10-29 19:00:00,0,7855.3,8299.66
2020-10-29 19:30:00,0,7895.61,8233.27
2020-10-29 20:00:00,0,7798.94,8070.72
2020-10-29 20:30:00,0,7689.92,7856.18
2020-10-29 21:00:00,0,7512.87,7645.13
2020-10-29 21:30:00,0,7339.77,7539.12
2020-10-29 22:00:00,0,7318.99,7416.21
2020-10-29 22:30:00,0,7194.49,7389.77
2020-10-29 23:00:00,0,7277.49,7310.85
2020-10-29 23:30:00,0,7160.79,7195.42
2020-10-30 00:00:00,0,7019.07,7100.45
2020-10-30 00:30:00,0,6899.7,6932.54
2020-10-30 01:00:00,0,6755.19,6756.46
2020-10-30 01:30:00,0,6573.56,6497.21
2020-10-30 02:00:00,0,6361.86,6279.92
2020-10-30 02:30:00,0,6121.44,6127.44
2020-10-30 03:00:00,0,5916.24,6049.37
2020-10-30 03:30:00,0,5822.05,6040.7
2020-10-30 04:00:00,0,5753.38,6098.35
2020-10-30 12:30:00,0,6857.13,6502.35
2020-10-30 13:00:00,0,6919.47,6489.98
2020-10-30 13:30:00,0,6538.8,6488.44
2020-10-30 14:00:00,0,6348.39,6529.67
2020-10-30 14:30:00,0,6497.78,6645.31
2020-10-30 15:00:00,0,6534.94,6809.68
2020-10-30 15:30:00,0,6700.85,6986.5
2020-10-30 16:00:00,0,6998.7,7222.2
2020-10-30 16:30:00,0,7199.17,7462.77
2020-10-30 17:00:00,0,7351.17,7714.89
2020-10-30 17:30:00,0,7502.03,7896.55
2020-10-30 18:00:00,0,7659.55,7948.2
2020-10-30 18:30:00,0,7711.74,7911.06
2020-10-30 19:00:00,0,7640.02,7895.76
2020-10-30 19:30:00,0,7638.53,7816.63
2020-10-30 20:00:00,0,7555.88,7652.58
2020-10-30 20:30:00,0,7475.21,7476.26
2020-10-30 21:00:00,0,7349.21,7317.77
2020-10-30 21:30:00,0,7216.77,7276.98
2020-10-30 22:00:00,0,7142.93,7247.62
2020-10-30 22:30:00,0,7046.03,7254.75
2020-10-30 23:00:00,0,7036.16,7239.19
2020-10-30 23:30:00,0,6926.71,7115.97
2020-10-31 00:00:00,0,6728.18,7003.01
2020-10-31 00:30:00,0,6637.04,6806.52
2020-10-31 01:00:00,0,6512.47,6598.97
2020-10-31 01:30:00,0,6337.96,6315.09
2020-10-31 02:00:00,0,6112.3,6069.45
2020-10-31 02:30:00,0,5919.13,5908.62
2020-10-31 03:00:00,0,5803.31,5814.95
2020-10-31 03:30:00,0,5714.56,5780.83
2020-10-31 04:00:00,0,5670.87,5797.97
2020-10-31 12:30:00,0,6270.08,5908.32
2020-10-31 13:00:00,0,6197.91,5884.06
2020-10-31 13:30:00,0,6172.31,5886.75
2020-10-31 14:00:00,0,6249.08,5925.79
2020-10-31 14:30:00,0,6264.74,6023.65
2020-10-31 15:00:00,0,6370.45,6182.23
2020-10-31 15:30:00,0,6605.0,6380.82
2020-10-31 16:00:00,0,6742.57,6604.1
2020-10-31 16:30:00,0,6817.76,6768.72
2020-10-31 17:00:00,0,7009.5,7041.35
2020-10-31 17:30:00,0,7317.98,7260.93
2020-10-31 18:00:00,0,7539.22,7385.46
2020-10-31 18:30:00,0,7651.3,7446.4
2020-10-31 19:00:00,0,7709.97,7479.31
2020-10-31 19:30:00,0,7780.44,7427.85
2020-10-31 20:00:00,0,7763.05,7282.14
2020-10-31 20:30:00,0,7662.0,7141.47
2020-10-31 21:00:00,0,7428.27,7003.75
2020-10-31 21:30:00,0,7213.97,6955.0
2020-10-31 22:00:00,0,7163.53,6940.39
2020-10-31 22:30:00,0,7004.45,6911.47
2020-10-31 23:00:00,0,6969.63,6848.07
2020-10-31 23:30:00,0,6826.96,6713.4
2020-11-01 00:00:00,0,6672.11,6589.4
2020-11-01 00:30:00,0,6622.13,6431.2
2020-11-01 01:00:00,0,6486.93,6248.97
2020-11-01 01:30:00,0,6326.36,6012.37
2020-11-01 02:00:00,0,6144.43,5810.49
2020-11-01 02:30:00,0,5986.53,5693.77
2020-11-01 03:00:00,0,5897.74,5633.55
2020-11-01 03:30:00,0,5850.38,5643.55
2020-11-01 04:00:00,0,5833.05,5692.92
2020-11-01 12:30:00,0,6611.44,5709.79
2020-11-01 13:00:00,0,6563.02,5706.73
2020-11-01 13:30:00,0,6510.39,5686.59
2020-11-01 14:00:00,0,6456.01,5728.77
2020-11-01 14:30:00,0,6455.69,5843.1
2020-11-01 15:00:00,0,6548.75,6017.35
2020-11-01 15:30:00,0,6691.0,6204.79
2020-11-01 16:00:00,0,6897.7,6481.89
2020-11-01 16:30:00,0,7182.76,6759.03
2020-11-01 17:00:00,0,7450.29,7075.24
2020-11-01 17:30:00,0,7752.97,7339.84
2020-11-01 18:00:00,0,7970.16,7544.85
2020-11-01 18:30:00,0,8131.95,7684.36
2020-11-01 19:00:00,0,8070.75,7764.42
2020-11-01 19:30:00,0,8110.02,7728.34
2020-11-01 20:00:00,0,8056.43,7581.67
2020-11-01 20:30:00,0,7850.85,7401.91
2020-11-01 21:00:00,0,7715.87,7218.83
2020-11-01 21:30:00,0,7494.61,7117.0
2020-11-01 22:00:00,0,7421.24,7019.64
2020-11-01 22:30:00,0,7329.03,6912.08
2020-11-01 23:00:00,0,7296.61,6789.28
2020-11-01 23:30:00,0,7193.1,6627.69
2020-11-02 00:00:00,0,7138.78,6494.58
2020-11-02 00:30:00,0,7101.77,6346.95
2020-11-02 01:00:00,0,6913.24,6211.15
2020-11-02 01:30:00,0,6743.57,5982.22
2020-11-02 02:00:00,0,6477.08,5815.78
2020-11-02 02:30:00,0,6196.7,5720.14
2020-11-02 03:00:00,0,6028.28,5691.95
2020-11-02 03:30:00,0,5975.69,5749.88
2020-11-02 04:00:00,0,5975.06,5858.73
2020-11-02 12:30:00,0,6207.33,6364.98
2020-11-02 13:00:00,0,6111.86,6315.23
2020-11-02 13:30:00,0,6090.64,6337.33
2020-11-02 14:00:00,0,6134.38,6418.11
2020-11-02 14:30:00,0,6203.06,6524.06
2020-11-02 15:00:00,0,6278.52,6727.93
2020-11-02 15:30:00,0,6513.57,6959.26
2020-11-02 16:00:00,0,6760.21,7204.33
2020-11-02 16:30:00,0,7114.8,7460.16
2020-11-02 17:00:00,0,7433.93,7736.72
2020-11-02 17:30:00,0,7777.31,7969.12
2020-11-02 18:00:00,0,7995.53,8145.7
2020-11-02 18:30:00,0,8105.33,8200.58
2020-11-02 19:00:00,0,8091.68,8237.08
2020-11-02 19:30:00,0,8130.29,8168.83
2020-11-02 20:00:00,0,8114.47,8017.91
2020-11-02 20:30:00,0,7969.14,7830.47
2020-11-02 21:00:00,0,7762.8,7627.5
2020-11-02 21:30:00,0,7572.24,7520.74
2020-11-02 22:00:00,0,7456.29,7404.33
2020-11-02 22:30:00,0,7396.21,7352.45
2020-11-02 23:00:00,0,7325.56,7263.62
2020-11-02 23:30:00,0,7283.57,7137.37
2020-11-03 00:00:00,0,7178.91,7041.25
2020-11-03 00:30:00,0,7057.25,6930.87
2020-11-03 01:00:00,0,6891.78,6750.92
2020-11-03 01:30:00,0,6691.33,6489.47
2020-11-03 02:00:00,0,6389.36,6262.47
2020-11-03 02:30:00,0,6173.69,6073.47
2020-11-03 03:00:00,0,6059.71,5982.21
2020-11-03 03:30:00,0,5934.91,5982.61
2020-11-03 04:00:00,0,5930.93,6048.44
2020-11-03 12:30:00,0,6170.23,6222.74
2020-11-03 13:00:00,0,6187.14,6201.8
2020-11-03 13:30:00,0,6254.77,6257.68
2020-11-03 14:00:00,0,6384.01,6371.0
2020-11-03 14:30:00,0,6524.07,6507.99
2020-11-03 15:00:00,0,6866.8,6724.11
2020-11-03 15:30:00,0,7005.36,6968.34
2020-11-03 16:00:00,0,7142.53,7224.99
2020-11-03 16:30:00,0,7508.79,7498.97
2020-11-03 17:00:00,0,7844.77,7786.58
2020-11-03 17:30:00,0,8168.31,8015.94
2020-11-03 18:00:00,0,8335.0,8175.63
2020-11-03 18:30:00,0,8379.01,8226.05
2020-11-03 19:00:00,0,8343.33,8273.87
2020-11-03 19:30:00,0,8287.88,8204.4
2020-11-03 20:00:00,0,8189.66,8061.26
2020-11-03 20:30:00,0,7983.88,7855.67
2020-11-03 21:00:00,0,7795.1,7646.44
2020-11-03 21:30:00,0,7565.22,7544.57
2020-11-03 22:00:00,0,7479.41,7412.32
2020-11-03 22:30:00,0,7376.84,7365.09
2020-11-03 23:00:00,0,7293.53,7268.2
2020-11-03 23:30:00,0,7192.48,7144.47
2020-11-04 00:00:00,0,7078.76,7054.46
2020-11-04 00:30:00,0,6936.66,6883.94
2020-11-04 01:00:00,0,6758.3,6714.35
2020-11-04 01:30:00,0,6587.33,6444.44
2020-11-04 02:00:00,0,6358.38,6221.2
2020-11-04 02:30:00,0,6158.74,6038.43
2020-11-04 03:00:00,0,6021.18,5938.19
2020-11-04 03:30:00,0,5956.55,5929.37
2020-11-04 04:00:00,0,5957.48,5983.87
2020-11-04 12:30:00,0,7821.07,6453.63
2020-11-04 13:00:00,0,7695.08,6494.14
2020-11-04 13:30:00,0,7621.61,6589.85
2020-11-04 14:00:00,0,7667.21,6736.56
2020-11-04 14:30:00,0,7732.78,6983.24
2020-11-04 15:00:00,0,7718.65,7224.5
2020-11-04 15:30:00,0,7789.02,7477.02
2020-11-04 16:00:00,0,7940.54,7694.19
2020-11-04 16:30:00,0,8096.36,7931.81
2020-11-04 17:00:00,0,8269.99,8172.91
2020-11-04 17:30:00,0,8654.84,8297.38
2020-11-04 18:00:00,0,8805.04,8376.64
2020-11-04 18:30:00,0,8880.37,8328.05
2020-11-04 19:00:00,0,8848.34,8324.73
2020-11-04 19:30:00,0,8798.1,8227.13
2020-11-04 20:00:00,0,8692.85,8062.93
2020-11-04 20:30:00,0,8515.76,7844.02
2020-11-04 21:00:00,0,8252.22,7593.53
2020-11-04 21:30:00,0,7988.46,7481.96
2020-11-04 22:00:00,0,7847.77,7343.62
2020-11-04 22:30:00,0,7635.76,7306.89
2020-11-04 23:00:00,0,7592.29,7207.63
2020-11-04 23:30:00,0,7459.78,7087.77
2020-11-05 00:00:00,0,7359.15,7007.25
2020-11-05 00:30:00,0,7249.66,6889.6
2020-11-05 01:00:00,0,7088.49,6721.88
2020-11-05 01:30:00,0,6889.91,6472.08
2020-11-05 02:00:00,0,6612.2,6252.48
2020-11-05 02:30:00,0,6380.07,6103.21
2020-11-05 03:00:00,0,6175.96,6023.92
2020-11-05 03:30:00,0,6128.52,6008.12
2020-11-05 04:00:00,0,6149.78,6074.68
2020-11-05 12:30:00,0,6193.97,7609.81
2020-11-05 13:00:00,0,6066.06,7534.6
2020-11-05 13:30:00,0,5974.06,7477.16
2020-11-05 14:00:00,0,6010.63,7426.45
2020-11-05 14:30:00,0,6015.5,7437.26
2020-11-05 15:00:00,0,6025.82,7510.67
2020-11-05 15:30:00,0,6223.67,7639.13
2020-11-05 16:00:00,0,6433.81,7826.86
2020-11-05 16:30:00,0,6707.14,7997.13
2020-11-05 17:00:00,0,7037.14,8254.36
2020-11-05 17:30:00,0,7353.74,8380.52
2020-11-05 18:00:00,0,7506.74,8486.6
2020-11-05 18:30:00,0,7756.7,8523.42
2020-11-05 19:00:00,0,7790.13,8566.99
2020-11-05 19:30:00,0,7899.65,8520.07
2020-11-05 20:00:00,0,7917.11,8355.01
2020-11-05 20:30:00,0,7822.43,8156.78
2020-11-05 21:00:00,0,7677.7,7930.63
2020-11-05 21:30:00,0,7496.08,7790.1
2020-11-05 22:00:00,0,7438.63,7665.05
2020-11-05 22:30:00,0,7413.2,7607.28
2020-11-05 23:00:00,0,7375.52,7509.88
2020-11-05 23:30:00,0,7302.42,7367.83
2020-11-06 00:00:00,0,7179.13,7251.02
2020-11-06 00:30:00,0,7074.31,7098.9
2020-11-06 01:00:00,0,6906.52,6936.09
2020-11-06 01:30:00,0,6724.89,6661.78
2020-11-06 02:00:00,0,6511.91,6431.33
2020-11-06 02:30:00,0,6258.01,6248.45
2020-11-06 03:00:00,0,6053.67,6154.36
2020-11-06 03:30:00,0,5939.57,6120.15
2020-11-06 04:00:00,0,5906.9,6170.71
2020-11-06 12:30:00,0,5812.21,6314.18
2020-11-06 13:00:00,0,5600.37,6264.73
2020-11-06 13:30:00,0,5593.59,6258.67
2020-11-06 14:00:00,0,5645.02,6290.19
2020-11-06 14:30:00,0,5654.68,6392.49
2020-11-06 15:00:00,0,5736.93,6537.3
2020-11-06 15:30:00,0,5934.19,6728.82
2020-11-06 16:00:00,0,6145.24,7020.69
2020-11-06 16:30:00,0,6421.29,7341.83
2020-11-06 17:00:00,0,6707.82,7638.58
2020-11-06 17:30:00,0,7029.05,7821.45
2020-11-06 18:00:00,0,7298.79,7924.25
2020-11-06 18:30:00,0,7480.09,7938.51
2020-11-06 19:00:00,0,7515.44,8003.61
2020-11-06 19:30:00,0,7570.3,7991.75
2020-11-06 20:00:00,0,7591.23,7865.14
2020-11-06 20:30:00,0,7480.92,7727.9
2020-11-06 21:00:00,0,7311.38,7578.77
2020-11-06 21:30:00,0,7207.08,7520.57
2020-11-06 22:00:00,0,7101.2,7476.93
2020-11-06 22:30:00,0,7035.35,7504.25
2020-11-06 23:00:00,0,6991.73,7451.43
2020-11-06 23:30:00,0,6865.24,7314.27
2020-11-07 00:00:00,0,6718.39,7174.95
2020-11-07 00:30:00,0,6618.32,6968.37
2020-11-07 01:00:00,0,6440.76,6754.45
2020-11-07 01:30:00,0,6225.09,6480.41
2020-11-07 02:00:00,0,6002.24,6240.27
2020-11-07 02:30:00,0,5786.65,6073.55
2020-11-07 03:00:00,0,5717.03,5974.04
2020-11-07 03:30:00,0,5664.39,5937.07
2020-11-07 04:00:00,0,5652.21,5963.32
2020-11-07 12:30:00,0,5536.96,5734.65
2020-11-07 13:00:00,0,5499.07,5728.11
2020-11-07 13:30:00,0,5489.36,5746.16
2020-11-07 14:00:00,0,5511.47,5766.1
2020-11-07 14:30:00,0,5498.18,5837.41
2020-11-07 15:00:00,0,5577.93,5974.51
2020-11-07 15:30:00,0,5735.93,6176.56
2020-11-07 16:00:00,0,5894.13,6439.72
2020-11-07 16:30:00,0,6172.85,6677.19
2020-11-07 17:00:00,0,6503.47,6985.85
2020-11-07 17:30:00,0,6919.57,7193.76
2020-11-07 18:00:00,0,7233.95,7391.16
2020-11-07 18:30:00,0,7420.48,7563.66
2020-11-07 19:00:00,0,7530.7,7697.36
2020-11-07 19:30:00,0,7617.46,7712.63
2020-11-07 20:00:00,0,7613.98,7582.78
2020-11-07 20:30:00,0,7518.09,7342.2
2020-11-07 21:00:00,0,7308.67,7191.43
2020-11-07 21:30:00,0,7131.06,7137.88
2020-11-07 22:00:00,0,7023.51,7093.94
2020-11-07 22:30:00,0,6895.43,7073.17
2020-11-07 23:00:00,0,6894.04,6989.57
2020-11-07 23:30:00,0,6755.51,6847.5
2020-11-08 00:00:00,0,6639.86,6724.0
2020-11-08 00:30:00,0,6579.41,6565.68
2020-11-08 01:00:00,0,6388.62,6386.58
2020-11-08 01:30:00,0,6228.61,6134.17
2020-11-08 02:00:00,0,6033.64,5923.17
2020-11-08 02:30:00,0,5897.44,5791.97
2020-11-08 03:00:00,0,5822.68,5739.67
2020-11-08 03:30:00,0,5779.29,5728.09
2020-11-08 04:00:00,0,5815.28,5765.26
2020-11-08 12:30:00,0,6418.81,5485.63
2020-11-08 13:00:00,0,6353.82,5467.46
2020-11-08 13:30:00,0,6358.0,5499.6
2020-11-08 14:00:00,0,6236.4,5566.87
2020-11-08 14:30:00,0,6245.44,5725.61
2020-11-08 15:00:00,0,6339.45,5917.84
2020-11-08 15:30:00,0,6472.7,6158.31
2020-11-08 16:00:00,0,6675.59,6471.19
2020-11-08 16:30:00,0,6944.79,6763.84
2020-11-08 17:00:00,0,7276.7,7036.94
2020-11-08 17:30:00,0,7696.26,7406.98
2020-11-08 18:00:00,0,7865.73,7683.63
2020-11-08 18:30:00,0,8014.98,7771.76
2020-11-08 19:00:00,0,8093.88,7851.58
2020-11-08 19:30:00,0,8112.92,7805.93
2020-11-08 20:00:00,0,8101.97,7673.42
2020-11-08 20:30:00,0,7953.82,7511.53
2020-11-08 21:00:00,0,7770.96,7326.47
2020-11-08 21:30:00,0,7504.62,7207.83
2020-11-08 22:00:00,0,7458.21,7084.56
2020-11-08 22:30:00,0,7351.26,7003.43
2020-11-08 23:00:00,0,7307.85,6873.67
2020-11-08 23:30:00,0,7249.67,6726.33
2020-11-09 00:00:00,0,7161.34,6614.62
2020-11-09 00:30:00,0,7105.61,6506.0
2020-11-09 01:00:00,0,6942.06,6369.47
2020-11-09 01:30:00,0,6711.6,6149.96
2020-11-09 02:00:00,0,6471.81,5972.21
2020-11-09 02:30:00,0,6225.91,5867.49
2020-11-09 03:00:00,0,6034.97,5832.03
2020-11-09 03:30:00,0,5984.3,5873.83
2020-11-09 04:00:00,0,5977.58,5961.84
2020-11-09 12:30:00,0,6173.2,6247.64
2020-11-09 13:00:00,0,6146.5,6242.12
2020-11-09 13:30:00,0,6190.92,6284.7
2020-11-09 14:00:00,0,6250.53,6336.69
2020-11-09 14:30:00,0,6234.02,6457.02
2020-11-09 15:00:00,0,6312.42,6631.31
2020-11-09 15:30:00,0,6551.5,6850.26
2020-11-09 16:00:00,0,6800.09,7105.22
2020-11-09 16:30:00,0,7189.63,7446.93
2020-11-09 17:00:00,0,7430.3,7793.19
2020-11-09 17:30:00,0,7842.08,8022.76
2020-11-09 18:00:00,0,8049.04,8164.54
2020-11-09 18:30:00,0,8221.92,8188.28
2020-11-09 19:00:00,0,8182.68,8218.28
2020-11-09 19:30:00,0,8191.86,8170.11
2020-11-09 20:00:00,0,8228.87,8003.18
2020-11-09 20:30:00,0,8013.86,7821.98
2020-11-09 21:00:00,0,7823.86,7618.85
2020-11-09 21:30:00,0,7579.15,7493.45
2020-11-09 22:00:00,0,7539.33,7378.74
2020-11-09 22:30:00,0,7372.22,7342.07
2020-11-09 23:00:00,0,7341.18,7254.82
2020-11-09 23:30:00,0,7237.45,7137.36
2020-11-10 00:00:00,0,7140.29,7040.5
2020-11-10 00:30:00,0,7041.95,6921.33
2020-11-10 01:00:00,0,6861.35,6760.85
2020-11-10 01:30:00,0,6689.41,6520.12
2020-11-10 02:00:00,0,6378.6,6307.74
2020-11-10 02:30:00,0,6160.25,6153.09
2020-11-10 03:00:00,0,6030.42,6074.69
2020-11-10 03:30:00,0,5931.69,6070.06
2020-11-10 04:00:00,0,5936.34,6137.55
2020-11-10 12:30:00,0,6395.84,6142.23
2020-11-10 13:00:00,0,6423.3,6172.31
2020-11-10 13:30:00,0,6581.14,6229.03
2020-11-10 14:00:00,0,6675.77,6316.04
2020-11-10 14:30:00,0,6774.0,6421.22
2020-11-10 15:00:00,0,6954.7,6586.74
2020-11-10 15:30:00,0,7185.61,6804.56
2020-11-10 16:00:00,0,7455.3,7094.41
2020-11-10 16:30:00,0,7757.21,7436.84
2020-11-10 17:00:00,0,8046.95,7774.69
2020-11-10 17:30:00,0,8404.36,7984.22
2020-11-10 18:00:00,0,8487.4,8136.68
2020-11-10 18:30:00,0,8594.28,8192.88
2020-11-10 19:00:00,0,8472.37,8250.67
2020-11-10 19:30:00,0,8409.11,8199.67
2020-11-10 20:00:00,0,8320.95,8028.96
2020-11-10 20:30:00,0,8074.03,7823.68
2020-11-10 21:00:00,0,7910.72,7600.69
2020-11-10 21:30:00,0,7686.12,7477.76
2020-11-10 22:00:00,0,7629.75,7373.69
2020-11-10 22:30:00,0,7543.15,7330.17
2020-11-10 23:00:00,0,7428.2,7236.77
2020-11-10 23:30:00,0,7292.13,7118.71
2020-11-11 00:00:00,0,7175.19,7029.76
2020-11-11 00:30:00,0,7022.19,6908.26
2020-11-11 01:00:00,0,6841.53,6734.0
2020-11-11 01:30:00,0,6635.23,6479.34
2020-11-11 02:00:00,0,6376.46,6245.86
2020-11-11 02:30:00,0,6173.25,6090.81
2020-11-11 03:00:00,0,6006.23,6009.88
2020-11-11 03:30:00,0,5950.14,5996.89
2020-11-11 04:00:00,0,5940.69,6053.15
2020-11-11 12:30:00,0,7443.88,6514.17
2020-11-11 13:00:00,0,7405.36,6582.84
2020-11-11 13:30:00,0,7499.81,6672.76
2020-11-11 14:00:00,0,7714.12,6760.56
2020-11-11 14:30:00,0,7909.89,6936.07
2020-11-11 15:00:00,0,7990.8,7159.06
2020-11-11 15:30:00,0,8140.4,7410.25
2020-11-11 16:00:00,0,8287.94,7667.32
2020-11-11 16:30:00,0,8375.54,7942.62
2020-11-11 17:00:00,0,8529.06,8222.96
2020-11-11 17:30:00,0,8703.82,8368.64
2020-11-11 18:00:00,0,8833.86,8420.64
2020-11-11 18:30:00,0,8871.05,8397.97
2020-11-11 19:00:00,0,8810.36,8369.33
2020-11-11 19:30:00,0,8692.86,8277.66
2020-11-11 20:00:00,0,8670.1,8098.26
2020-11-11 20:30:00,0,8465.1,7848.96
2020-11-11 21:00:00,0,8155.28,7589.4
2020-11-11 21:30:00,0,7884.25,7471.95
2020-11-11 22:00:00,0,7830.44,7361.93
2020-11-11 22:30:00,0,7696.14,7306.72
2020-11-11 23:00:00,0,7618.42,7213.18
2020-11-11 23:30:00,0,7471.23,7116.8
2020-11-12 00:00:00,1,7363.42,7027.59
2020-11-12 00:30:00,1,7220.4,6903.54
2020-11-12 01:00:00,1,6946.67,6746.5
2020-11-12 01:30:00,1,6673.65,6505.09
2020-11-12 02:00:00,1,6467.7,6274.0
2020-11-12 02:30:00,1,6255.96,6129.06
2020-11-12 03:00:00,1,6099.71,6051.82
2020-11-12 03:30:00,1,6056.75,6039.87
2020-11-12 04:00:00,1,6043.69,6094.74
2020-11-12 12:30:00,1,7466.87,7342.78
2020-11-12 13:00:00,1,7234.06,7419.94
2020-11-12 13:30:00,1,7145.33,7478.78
2020-11-12 14:00:00,1,7434.38,7539.61
2020-11-12 14:30:00,1,7822.32,7662.41
2020-11-12 15:00:00,1,8039.33,7841.93
2020-11-12 15:30:00,1,8032.22,8006.31
2020-11-12 16:00:00,1,7738.35,8219.41
2020-11-12 16:30:00,1,7807.13,8433.35
2020-11-12 17:00:00,1,7681.76,8624.17
2020-11-12 17:30:00,1,7719.87,8639.9
2020-11-12 18:00:00,1,7718.74,8632.75
2020-11-12 18:30:00,1,7926.33,8554.31
2020-11-12 19:00:00,1,7866.65,8505.9
2020-11-12 19:30:00,1,7884.78,8455.31
2020-11-12 20:00:00,1,7862.0,8241.25
2020-11-12 20:30:00,1,7752.64,8011.96
2020-11-12 21:00:00,1,7575.13,7781.88
2020-11-12 21:30:00,1,7419.46,7666.33
2020-11-12 22:00:00,1,7435.35,7512.96
2020-11-12 22:30:00,1,7376.17,7468.28
2020-11-12 23:00:00,1,7342.41,7362.71
2020-11-12 23:30:00,1,6942.86,7206.57
2020-11-13 00:00:00,0,6783.8,7087.72
2020-11-13 00:30:00,0,6877.8,6923.07
2020-11-13 01:00:00,0,6833.3,6733.95
2020-11-13 01:30:00,0,6610.29,6478.67
2020-11-13 02:00:00,0,6313.17,6251.8
2020-11-13 02:30:00,0,6096.3,6110.25
2020-11-13 03:00:00,0,5936.64,6046.66
2020-11-13 03:30:00,0,5867.76,6039.12
2020-11-13 04:00:00,0,5810.0,6105.6
2020-11-13 12:30:00,0,5770.51,7647.54
2020-11-13 13:00:00,0,5752.76,7698.07
2020-11-13 13:30:00,0,5802.35,7753.46
2020-11-13 14:00:00,0,5845.08,7780.37
2020-11-13 14:30:00,0,5912.62,7866.25
2020-11-13 15:00:00,0,6023.62,8005.78
2020-11-13 15:30:00,0,6234.36,8151.84
2020-11-13 16:00:00,0,6500.86,8294.28
2020-11-13 16:30:00,0,6762.07,8372.95
2020-11-13 17:00:00,0,6994.07,8453.74
2020-11-13 17:30:00,0,7327.59,8433.62
2020-11-13 18:00:00,0,7624.69,8342.66
2020-11-13 18:30:00,0,7687.45,8188.69
2020-11-13 19:00:00,0,7728.72,8106.41
2020-11-13 19:30:00,0,7687.56,8008.72
2020-11-13 20:00:00,0,7767.03,7815.32
2020-11-13 20:30:00,0,7648.29,7640.93
2020-11-13 21:00:00,0,7482.83,7489.68
2020-11-13 21:30:00,0,7336.28,7458.96
2020-11-13 22:00:00,0,7253.01,7416.0
2020-11-13 22:30:00,0,7166.57,7376.5
2020-11-13 23:00:00,0,7149.6,7321.79
2020-11-13 23:30:00,0,6964.88,7194.87
2020-11-14 00:00:00,0,6784.21,7040.57
2020-11-14 00:30:00,0,6667.91,6838.15
2020-11-14 01:00:00,0,6526.15,6642.56
2020-11-14 01:30:00,0,6353.23,6366.82
2020-11-14 02:00:00,0,6094.1,6141.04
2020-11-14 02:30:00,0,5887.66,5966.45
2020-11-14 03:00:00,0,5808.14,5871.86
2020-11-14 03:30:00,0,5766.41,5830.29
2020-11-14 04:00:00,0,5706.47,5841.05
2020-11-14 12:30:00,0,5960.3,5881.57
2020-11-14 13:00:00,0,6073.35,5911.39
2020-11-14 13:30:00,0,6235.72,5987.75
2020-11-14 14:00:00,0,6324.3,6056.3
2020-11-14 14:30:00,0,6467.36,6179.72
2020-11-14 15:00:00,0,6749.29,6345.44
2020-11-14 15:30:00,0,7130.72,6537.7
2020-11-14 16:00:00,0,7407.98,6763.13
2020-11-14 16:30:00,0,7787.63,6986.56
2020-11-14 17:00:00,0,8163.47,7262.97
2020-11-14 17:30:00,0,8571.66,7482.95
2020-11-14 18:00:00,0,8846.41,7594.88
2020-11-14 18:30:00,0,8922.88,7661.28
2020-11-14 19:00:00,0,8844.68,7711.93
2020-11-14 19:30:00,0,8693.79,7672.26
2020-11-14 20:00:00,0,8531.76,7528.76
2020-11-14 20:30:00,0,8333.44,7315.92
2020-11-14 21:00:00,0,8072.21,7190.51
2020-11-14 21:30:00,0,7842.83,7131.53
2020-11-14 22:00:00,0,7585.11,7096.59
2020-11-14 22:30:00,0,7386.29,7068.2
2020-11-14 23:00:00,0,7320.74,6972.22
2020-11-14 23:30:00,0,7051.96,6814.9
2020-11-15 00:00:00,0,6885.21,6668.4
2020-11-15 00:30:00,0,6758.36,6475.16
2020-11-15 01:00:00,0,6561.66,6283.75
2020-11-15 01:30:00,0,6395.42,6025.55
2020-11-15 02:00:00,0,6152.81,5827.41
2020-11-15 02:30:00,0,6041.79,5680.65
2020-11-15 03:00:00,0,6037.28,5625.34
2020-11-15 03:30:00,0,5967.46,5616.98
2020-11-15 04:00:00,0,5952.65,5648.95
2020-11-15 12:30:00,0,8859.45,5867.22
2020-11-15 13:00:00,0,9032.43,5972.8
2020-11-15 13:30:00,0,9413.36,6161.17
2020-11-15 14:00:00,0,9688.64,6385.52
2020-11-15 14:30:00,0,9650.76,6608.04
2020-11-15 15:00:00,0,9828.32,6862.96
2020-11-15 15:30:00,0,10534.43,7127.19
2020-11-15 16:00:00,0,11059.63,7398.86
2020-11-15 16:30:00,0,11262.34,7662.8
2020-11-15 17:00:00,0,11327.83,7971.28
2020-11-15 17:30:00,0,11337.12,8237.01
2020-11-15 18:00:00,0,10965.67,8390.18
2020-11-15 18:30:00,0,10714.61,8397.19
2020-11-15 19:00:00,0,10317.77,8410.4
2020-11-15 19:30:00,0,10148.37,8355.27
2020-11-15 20:00:00,0,10050.64,8214.46
2020-11-15 20:30:00,0,9739.87,7937.88
2020-11-15 21:00:00,0,9406.21,7712.42
2020-11-15 21:30:00,0,8895.25,7531.81
2020-11-15 22:00:00,0,8651.16,7351.95
2020-11-15 22:30:00,0,8264.8,7215.75
2020-11-15 23:00:00,0,7990.38,7010.18
2020-11-15 23:30:00,0,7721.24,6839.97
2020-11-16 00:00:00,1,7498.81,6705.86
2020-11-16 00:30:00,1,7344.32,6563.6
2020-11-16 01:00:00,1,7157.44,6391.13
2020-11-16 01:30:00,1,6892.46,6186.14
2020-11-16 02:00:00,1,6589.36,5993.21
2020-11-16 02:30:00,1,6347.25,5881.07
2020-11-16 03:00:00,1,6239.98,5846.37
2020-11-16 03:30:00,1,6149.21,5885.86
2020-11-16 04:00:00,1,6163.31,5971.1
2020-11-16 12:30:00,1,7149.6,8798.86
2020-11-16 13:00:00,1,7166.82,9034.49
2020-11-16 13:30:00,1,7182.09,9349.87
2020-11-16 14:00:00,1,7278.46,9643.95
2020-11-16 14:30:00,1,7349.61,9988.91
2020-11-16 15:00:00,1,7442.32,10289.14
2020-11-16 15:30:00,1,7639.02,10542.79
2020-11-16 16:00:00,1,7756.3,10682.96
2020-11-16 16:30:00,1,7986.06,10802.09
2020-11-16 17:00:00,1,8139.07,10887.99
2020-11-16 17:30:00,1,8334.07,10859.81
2020-11-16 18:00:00,1,8338.27,10753.3
2020-11-16 18:30:00,1,8269.01,10492.04
2020-11-16 19:00:00,1,8204.59,10244.83
2020-11-16 19:30:00,1,8164.92,10048.22
2020-11-16 20:00:00,1,8147.93,9738.68
2020-11-16 20:30:00,1,7932.43,9434.84
2020-11-16 21:00:00,1,7760.82,9074.32
2020-11-16 21:30:00,1,7512.03,8787.28
2020-11-16 22:00:00,1,7436.21,8482.31
2020-11-16 22:30:00,1,7302.41,8234.95
2020-11-16 23:00:00,1,7247.57,7966.81
2020-11-16 23:30:00,1,7164.52,7679.38
2020-11-17 00:00:00,0,7096.99,7454.09
2020-11-17 00:30:00,0,7013.23,7199.01
2020-11-17 01:00:00,0,6840.17,6965.69
2020-11-17 01:30:00,0,6609.95,6690.93
2020-11-17 02:00:00,0,6372.42,6493.62
2020-11-17 02:30:00,0,6188.14,6364.45
2020-11-17 03:00:00,0,6004.98,6292.77
2020-11-17 03:30:00,0,5962.22,6281.07
2020-11-17 04:00:00,0,5974.64,6339.71
2020-11-17 12:30:00,0,6767.74,6793.04
2020-11-17 13:00:00,0,6711.27,6781.11
2020-11-17 13:30:00,0,6748.17,6844.15
2020-11-17 14:00:00,0,6771.11,6953.56
2020-11-17 14:30:00,0,6810.93,7047.76
2020-11-17 15:00:00,0,6850.86,7193.77
2020-11-17 15:30:00,0,7055.12,7369.62
2020-11-17 16:00:00,0,7272.01,7598.91
2020-11-17 16:30:00,0,7545.88,7811.37
2020-11-17 17:00:00,0,7843.64,8068.67
2020-11-17 17:30:00,0,8131.55,8246.66
2020-11-17 18:00:00,0,8265.02,8383.47
2020-11-17 18:30:00,0,8352.72,8357.91
2020-11-17 19:00:00,0,8319.29,8351.79
2020-11-17 19:30:00,0,8304.94,8375.28
2020-11-17 20:00:00,0,8244.13,8264.62
2020-11-17 20:30:00,0,8003.79,8092.49
2020-11-17 21:00:00,0,7884.19,7889.93
2020-11-17 21:30:00,0,7617.9,7762.78
2020-11-17 22:00:00,0,7597.61,7631.53
2020-11-17 22:30:00,0,7527.07,7556.21
2020-11-17 23:00:00,0,7425.79,7417.34
2020-11-17 23:30:00,0,7268.46,7259.9
2020-11-18 00:00:00,0,7127.85,7114.46
2020-11-18 00:30:00,0,7034.44,6900.45
2020-11-18 01:00:00,0,6878.47,6703.74
2020-11-18 01:30:00,0,6686.43,6431.86
2020-11-18 02:00:00,0,6422.21,6210.28
2020-11-18 02:30:00,0,6194.62,6091.93
2020-11-18 03:00:00,0,6068.27,6027.35
2020-11-18 03:30:00,0,5993.61,6022.15
2020-11-18 04:00:00,0,5989.09,6098.6
2020-11-18 12:30:00,0,6844.66,6589.41
2020-11-18 13:00:00,0,6999.31,6638.37
2020-11-18 13:30:00,0,7018.58,6700.96
2020-11-18 14:00:00,0,7168.31,6796.32
2020-11-18 14:30:00,0,7352.56,6861.74
2020-11-18 15:00:00,0,7438.66,7039.65
2020-11-18 15:30:00,0,7731.51,7259.49
2020-11-18 16:00:00,0,8005.85,7502.76
2020-11-18 16:30:00,0,8335.09,7740.52
2020-11-18 17:00:00,0,8610.63,8007.14
2020-11-18 17:30:00,0,8959.01,8155.76
2020-11-18 18:00:00,0,8964.45,8233.45
2020-11-18 18:30:00,0,8998.05,8273.23
2020-11-18 19:00:00,0,8941.55,8303.61
2020-11-18 19:30:00,0,8798.02,8312.14
2020-11-18 20:00:00,0,8750.03,8180.64
2020-11-18 20:30:00,0,8587.85,7965.03
2020-11-18 21:00:00,0,8264.37,7715.19
2020-11-18 21:30:00,0,7977.48,7608.27
2020-11-18 22:00:00,0,7849.3,7490.97
2020-11-18 22:30:00,0,7714.91,7425.31
2020-11-18 23:00:00,0,7598.88,7312.23
2020-11-18 23:30:00,0,7164.96,7190.82
2020-11-19 00:00:00,0,7022.84,7072.3
2020-11-19 00:30:00,0,7128.77,6909.79
2020-11-19 01:00:00,0,7013.6,6716.47
2020-11-19 01:30:00,0,6773.53,6457.96
2020-11-19 02:00:00,0,6524.27,6251.56
2020-11-19 02:30:00,0,6275.03,6112.92
2020-11-19 03:00:00,0,6153.38,6032.76
2020-11-19 03:30:00,0,6070.31,6015.53
2020-11-19 04:00:00,0,6072.76,6083.73
2020-11-19 12:30:00,0,8375.97,6981.69
2020-11-19 13:00:00,0,8589.61,7084.7
2020-11-19 13:30:00,0,8889.61,7208.92
2020-11-19 14:00:00,0,9161.94,7314.13
2020-11-19 14:30:00,0,9487.42,7456.35
2020-11-19 15:00:00,0,9934.06,7718.53
2020-11-19 15:30:00,0,10110.25,7983.9
2020-11-19 16:00:00,0,10011.59,8211.2
2020-11-19 16:30:00,0,10206.59,8454.24
2020-11-19 17:00:00,0,10216.89,8686.26
2020-11-19 17:30:00,0,10404.45,8800.62
2020-11-19 18:00:00,0,10258.34,8774.75
2020-11-19 18:30:00,0,9895.31,8698.17
2020-11-19 19:00:00,0,9722.15,8660.46
2020-11-19 19:30:00,0,9649.24,8618.52
2020-11-19 20:00:00,0,9521.63,8462.09
2020-11-19 20:30:00,0,9211.74,8185.66
2020-11-19 21:00:00,0,8787.23,7911.97
2020-11-19 21:30:00,0,8400.21,7755.61
2020-11-19 22:00:00,0,8155.13,7593.99
2020-11-19 22:30:00,0,7975.05,7529.7
2020-11-19 23:00:00,0,7824.65,7395.05
2020-11-19 23:30:00,0,7606.42,7257.82
2020-11-20 00:00:00,1,7382.77,7142.63
2020-11-20 00:30:00,1,7217.01,7020.45
2020-11-20 01:00:00,1,7005.51,6824.43
2020-11-20 01:30:00,1,6771.04,6576.0
2020-11-20 02:00:00,1,6478.48,6374.01
2020-11-20 02:30:00,1,6231.08,6242.56
2020-11-20 03:00:00,1,6053.9,6158.53
2020-11-20 03:30:00,1,6051.38,6159.7
2020-11-20 04:00:00,1,6018.39,6238.43
2020-11-20 12:30:00,1,6432.2,8177.53
2020-11-20 13:00:00,1,6514.02,8430.87
2020-11-20 13:30:00,1,6574.69,8709.95
2020-11-20 14:00:00,1,6659.95,8855.77
2020-11-20 14:30:00,1,6794.83,9065.34
2020-11-20 15:00:00,1,7006.95,9420.47
2020-11-20 15:30:00,1,7316.03,9729.22
2020-11-20 16:00:00,1,7755.78,9975.58
2020-11-20 16:30:00,1,7980.53,10208.98
2020-11-20 17:00:00,1,8073.83,10338.23
2020-11-20 17:30:00,1,8086.69,10228.3
2020-11-20 18:00:00,1,8169.54,10030.16
2020-11-20 18:30:00,1,8103.98,9771.95
2020-11-20 19:00:00,1,8066.04,9531.55
2020-11-20 19:30:00,1,7974.41,9337.97
2020-11-20 20:00:00,1,7895.68,9103.92
2020-11-20 20:30:00,1,7807.76,8778.33
2020-11-20 21:00:00,1,7628.55,8470.9
2020-11-20 21:30:00,1,7440.68,8260.69
2020-11-20 22:00:00,1,7368.12,8057.21
2020-11-20 22:30:00,1,7296.61,7884.4
2020-11-20 23:00:00,1,7246.38,7709.06
2020-11-20 23:30:00,1,7044.3,7536.9
2020-11-21 00:00:00,0,6867.88,7379.2
2020-11-21 00:30:00,0,6738.19,7180.92
2020-11-21 01:00:00,0,6646.37,6951.61
2020-11-21 01:30:00,0,6446.32,6716.32
2020-11-21 02:00:00,0,6224.03,6479.22
2020-11-21 02:30:00,0,6027.17,6306.45
2020-11-21 03:00:00,0,5965.01,6198.39
2020-11-21 03:30:00,0,5859.55,6131.32
2020-11-21 04:00:00,0,5857.89,6121.78
2020-11-21 12:30:00,0,6932.35,6603.42
2020-11-21 13:00:00,0,6939.78,6688.65
2020-11-21 13:30:00,0,7293.95,6781.65
2020-11-21 14:00:00,0,7521.44,6853.25
2020-11-21 14:30:00,0,7549.15,6994.88
2020-11-21 15:00:00,0,7661.12,7192.24
2020-11-21 15:30:00,0,7733.92,7378.94
2020-11-21 16:00:00,0,8010.31,7564.87
2020-11-21 16:30:00,0,8394.96,7658.11
2020-11-21 17:00:00,0,8488.02,7897.12
2020-11-21 17:30:00,0,8682.34,8052.39
2020-11-21 18:00:00,0,8836.91,7976.84
2020-11-21 18:30:00,0,8868.73,7937.15
2020-11-21 19:00:00,0,8822.63,7917.55
2020-11-21 19:30:00,0,8737.14,7925.34
2020-11-21 20:00:00,0,8712.05,7799.12
2020-11-21 20:30:00,0,8569.2,7581.79
2020-11-21 21:00:00,0,8386.12,7438.89
2020-11-21 21:30:00,0,8107.04,7378.2
2020-11-21 22:00:00,0,7907.66,7292.07
2020-11-21 22:30:00,0,7640.45,7232.88
2020-11-21 23:00:00,0,7517.06,7110.8
2020-11-21 23:30:00,0,7317.9,6935.98
2020-11-22 00:00:00,0,7032.78,6781.75
2020-11-22 00:30:00,0,6887.05,6580.91
2020-11-22 01:00:00,0,6652.93,6382.48
2020-11-22 01:30:00,0,6430.74,6143.56
2020-11-22 02:00:00,0,6310.04,5964.21
2020-11-22 02:30:00,0,6203.89,5845.52
2020-11-22 03:00:00,0,6165.0,5798.06
2020-11-22 03:30:00,0,6083.72,5791.53
2020-11-22 04:00:00,0,6123.49,5831.78
2020-11-22 12:30:00,0,8489.89,7278.22
2020-11-22 13:00:00,0,8488.02,7424.31
2020-11-22 13:30:00,0,8410.05,7591.0
2020-11-22 14:00:00,0,8339.31,7776.38
2020-11-22 14:30:00,0,8222.49,8040.84
2020-11-22 15:00:00,0,8083.98,8292.45
2020-11-22 15:30:00,0,8160.25,8535.4
2020-11-22 16:00:00,0,8186.65,8697.16
2020-11-22 16:30:00,0,8310.75,8893.27
2020-11-22 17:00:00,0,8438.31,9079.62
2020-11-22 17:30:00,0,8624.83,9105.33
2020-11-22 18:00:00,0,8663.51,9108.8
2020-11-22 18:30:00,0,8674.59,9022.76
2020-11-22 19:00:00,0,8478.18,8904.77
2020-11-22 19:30:00,0,8361.53,8731.43
2020-11-22 20:00:00,0,8361.04,8522.01
2020-11-22 20:30:00,0,8175.94,8331.45
2020-11-22 21:00:00,0,7931.95,8105.07
2020-11-22 21:30:00,0,7700.27,7876.67
2020-11-22 22:00:00,0,7649.41,7662.36
2020-11-22 22:30:00,0,7495.11,7499.84
2020-11-22 23:00:00,0,7378.33,7265.63
2020-11-22 23:30:00,0,7328.66,7041.16
2020-11-23 00:00:00,0,7198.24,6878.36
2020-11-23 00:30:00,0,7108.2,6745.86
2020-11-23 01:00:00,0,6897.15,6596.19
2020-11-23 01:30:00,0,6684.97,6383.6
2020-11-23 02:00:00,0,6401.77,6213.47
2020-11-23 02:30:00,0,6215.02,6136.57
2020-11-23 03:00:00,0,6052.72,6107.58
2020-11-23 03:30:00,0,5999.06,6147.16
2020-11-23 04:00:00,0,6039.62,6235.74
2020-11-23 12:30:00,0,6891.79,9003.83
2020-11-23 13:00:00,0,6877.67,9068.82
2020-11-23 13:30:00,0,6807.14,9182.32
2020-11-23 14:00:00,0,6869.44,9251.84
2020-11-23 14:30:00,0,6942.75,9271.07
2020-11-23 15:00:00,0,7126.03,9340.66
2020-11-23 15:30:00,0,7249.53,9453.51
2020-11-23 16:00:00,0,7367.79,9504.2
2020-11-23 16:30:00,0,7645.13,9578.43
2020-11-23 17:00:00,0,7918.18,9562.08
2020-11-23 17:30:00,0,8109.3,9427.33
2020-11-23 18:00:00,0,8263.56,9311.02
2020-11-23 18:30:00,0,8219.48,9132.84
2020-11-23 19:00:00,0,8192.31,8972.72
2020-11-23 19:30:00,0,8166.08,8883.39
2020-11-23 20:00:00,0,8147.06,8652.34
2020-11-23 20:30:00,0,8059.96,8399.07
2020-11-23 21:00:00,0,7887.2,8115.95
2020-11-23 21:30:00,0,7621.53,7928.72
2020-11-23 22:00:00,0,7610.65,7717.45
2020-11-23 22:30:00,0,7482.88,7604.47
2020-11-23 23:00:00,0,7428.44,7477.28
2020-11-23 23:30:00,0,7338.16,7293.4
2020-11-24 00:00:00,0,7199.5,7147.58
2020-11-24 00:30:00,0,7132.19,6991.14
2020-11-24 01:00:00,0,6973.94,6775.01
2020-11-24 01:30:00,0,6721.94,6505.81
2020-11-24 02:00:00,0,6451.03,6291.62
2020-11-24 02:30:00,0,6241.11,6148.69
2020-11-24 03:00:00,0,6094.62,6091.45
2020-11-24 03:30:00,0,6015.64,6088.51
2020-11-24 04:00:00,0,6034.53,6158.43
2020-11-24 12:30:00,0,7073.77,7048.57
2020-11-24 13:00:00,0,6976.43,7111.65
2020-11-24 13:30:00,0,6947.54,7174.72
2020-11-24 14:00:00,0,6866.91,7234.72
2020-11-24 14:30:00,0,6914.81,7297.42
2020-11-24 15:00:00,0,7044.92,7453.13
2020-11-24 15:30:00,0,7298.71,7656.13
2020-11-24 16:00:00,0,7504.38,7854.43
2020-11-24 16:30:00,0,7826.4,8071.1
2020-11-24 17:00:00,0,8120.38,8284.09
2020-11-24 17:30:00,0,8368.36,8395.32
2020-11-24 18:00:00,0,8499.69,8455.54
2020-11-24 18:30:00,0,8590.29,8407.53
2020-11-24 19:00:00,0,8508.22,8354.52
2020-11-24 19:30:00,0,8475.07,8360.93
2020-11-24 20:00:00,0,8500.24,8215.87
2020-11-24 20:30:00,0,8357.01,7989.56
2020-11-24 21:00:00,0,8136.2,7752.08
2020-11-24 21:30:00,0,7872.97,7643.29
2020-11-24 22:00:00,0,7773.0,7516.65
2020-11-24 22:30:00,0,7586.54,7463.32
2020-11-24 23:00:00,0,7477.7,7349.9
2020-11-24 23:30:00,0,7358.77,7203.09
2020-11-25 00:00:00,0,7243.9,7076.24
2020-11-25 00:30:00,0,7116.61,6912.13
2020-11-25 01:00:00,0,6962.65,6719.18
2020-11-25 01:30:00,0,6757.76,6466.67
2020-11-25 02:00:00,0,6461.41,6253.57
2020-11-25 02:30:00,0,6292.09,6125.7
2020-11-25 03:00:00,0,6159.68,6055.11
2020-11-25 03:30:00,0,6101.07,6053.9
2020-11-25 04:00:00,0,6136.68,6115.2
2020-11-25 12:30:00,0,7975.36,6842.81
2020-11-25 13:00:00,0,8235.03,6903.03
2020-11-25 13:30:00,0,8463.14,6963.04
2020-11-25 14:00:00,0,8718.79,7048.88
2020-11-25 14:30:00,0,8993.94,7117.56
2020-11-25 15:00:00,0,9312.78,7298.41
2020-11-25 15:30:00,0,9674.48,7526.23
2020-11-25 16:00:00,0,10053.66,7752.11
2020-11-25 16:30:00,0,10393.59,7982.06
2020-11-25 17:00:00,0,10626.09,8239.08
2020-11-25 17:30:00,0,10785.47,8403.84
2020-11-25 18:00:00,0,10798.3,8528.77
2020-11-25 18:30:00,0,10718.55,8478.69
2020-11-25 19:00:00,0,10387.46,8404.76
2020-11-25 19:30:00,0,10051.08,8335.28
2020-11-25 20:00:00,0,9873.48,8207.81
2020-11-25 20:30:00,0,9531.62,7977.55
2020-11-25 21:00:00,0,9077.63,7736.04
2020-11-25 21:30:00,0,8591.06,7635.82
2020-11-25 22:00:00,0,8306.04,7515.88
2020-11-25 22:30:00,0,8022.92,7458.41
2020-11-25 23:00:00,0,7847.92,7346.85
2020-11-25 23:30:00,0,7672.8,7197.46
2020-11-26 00:00:00,1,7477.67,7059.39
2020-11-26 00:30:00,1,7304.31,6890.97
2020-11-26 01:00:00,1,7094.13,6686.68
2020-11-26 01:30:00,1,6810.09,6437.69
2020-11-26 02:00:00,1,6549.75,6217.68
2020-11-26 02:30:00,1,6374.77,6088.99
2020-11-26 03:00:00,1,6250.78,6016.32
2020-11-26 03:30:00,1,6206.05,6015.67
2020-11-26 04:00:00,1,6203.88,6077.83
2020-11-26 12:30:00,1,7446.25,7626.79
2020-11-26 13:00:00,1,7589.84,7840.81
2020-11-26 13:30:00,1,7689.15,8062.56
2020-11-26 14:00:00,1,7912.78,8274.57
2020-11-26 14:30:00,1,8064.41,8507.8
2020-11-26 15:00:00,1,8361.37,8807.62
2020-11-26 15:30:00,1,8738.41,9095.04
2020-11-26 16:00:00,1,9105.85,9353.69
2020-11-26 16:30:00,1,9517.1,9566.03
2020-11-26 17:00:00,1,9809.87,9771.83
2020-11-26 17:30:00,1,10031.9,9841.26
2020-11-26 18:00:00,1,10117.17,9760.7
2020-11-26 18:30:00,1,10054.45,9522.46
2020-11-26 19:00:00,1,9922.87,9306.12
2020-11-26 19:30:00,1,9701.24,9184.4
2020-11-26 20:00:00,1,9590.48,8997.28
2020-11-26 20:30:00,1,9423.15,8714.37
2020-11-26 21:00:00,1,9140.11,8397.17
2020-11-26 21:30:00,1,8835.68,8155.31
2020-11-26 22:00:00,1,8683.02,7918.46
2020-11-26 22:30:00,1,8414.84,7764.86
2020-11-26 23:00:00,1,8280.46,7602.82
2020-11-26 23:30:00,1,8009.34,7416.54
2020-11-27 00:00:00,0,7812.97,7270.64
2020-11-27 00:30:00,0,7622.38,7060.94
2020-11-27 01:00:00,0,7417.74,6835.32
2020-11-27 01:30:00,0,7170.62,6589.94
2020-11-27 02:00:00,0,6821.49,6389.25
2020-11-27 02:30:00,0,6633.96,6251.05
2020-11-27 03:00:00,0,6456.32,6176.51
2020-11-27 03:30:00,0,6396.22,6175.16
2020-11-27 04:00:00,0,6316.66,6227.3
2020-11-27 12:30:00,0,9907.26,7278.67
2020-11-27 13:00:00,0,10134.83,7353.86
2020-11-27 13:30:00,0,10349.17,7459.6
2020-11-27 14:00:00,0,10664.16,7572.96
2020-11-27 14:30:00,0,10965.12,7763.84
2020-11-27 15:00:00,0,11261.62,7855.6
2020-11-27 15:30:00,0,11471.98,8081.01
2020-11-27 16:00:00,0,11789.55,8419.12
2020-11-27 16:30:00,0,11963.41,8836.83
2020-11-27 17:00:00,0,12191.79,9067.95
2020-11-27 17:30:00,0,12401.82,9156.67
2020-11-27 18:00:00,0,12134.22,9164.89
2020-11-27 18:30:00,0,11985.06,8961.67
2020-11-27 19:00:00,0,11884.8,8825.66
2020-11-27 19:30:00,0,11788.64,8800.48
2020-11-27 20:00:00,0,11590.59,8698.77
2020-11-27 20:30:00,0,11329.93,8464.87
2020-11-27 21:00:00,0,10987.72,8181.46
2020-11-27 21:30:00,0,10611.59,8067.78
2020-11-27 22:00:00,0,10241.41,7927.85
2020-11-27 22:30:00,0,9874.25,7835.42
2020-11-27 23:00:00,0,9501.56,7700.4
2020-11-27 23:30:00,0,9066.62,7552.84
2020-11-28 00:00:00,1,8694.81,7437.85
2020-11-28 00:30:00,1,8388.52,7290.09
2020-11-28 01:00:00,1,8117.26,7108.3
2020-11-28 01:30:00,1,7830.08,6873.53
2020-11-28 02:00:00,1,7534.47,6651.29
2020-11-28 02:30:00,1,7343.85,6507.49
2020-11-28 03:00:00,1,7235.61,6396.58
2020-11-28 03:30:00,1,7184.74,6366.35
2020-11-28 04:00:00,1,7079.19,6371.67
2020-11-28 12:30:00,1,10219.28,9242.37
2020-11-28 13:00:00,1,10460.95,9447.28
2020-11-28 13:30:00,1,10650.43,9590.88
2020-11-28 14:00:00,1,10872.71,9798.66
2020-11-28 14:30:00,1,11119.76,10057.03
2020-11-28 15:00:00,1,11387.43,10485.74
2020-11-28 15:30:00,1,11545.04,10776.72
2020-11-28 16:00:00,1,11620.15,11120.68
2020-11-28 16:30:00,1,11865.01,11387.34
2020-11-28 17:00:00,1,11816.77,11696.85
2020-11-28 17:30:00,1,11620.99,11935.34
2020-11-28 18:00:00,1,11106.3,11849.6
2020-11-28 18:30:00,1,10509.97,11510.11
2020-11-28 19:00:00,1,9934.83,11153.11
2020-11-28 19:30:00,1,9471.48,10918.64
2020-11-28 20:00:00,1,9170.43,10538.24
2020-11-28 20:30:00,1,8966.72,10228.91
2020-11-28 21:00:00,1,8616.82,9868.56
2020-11-28 21:30:00,1,8285.25,9589.59
2020-11-28 22:00:00,1,8008.64,9262.94
2020-11-28 22:30:00,1,7641.57,9007.39
2020-11-28 23:00:00,1,7455.67,8675.16
2020-11-28 23:30:00,1,7151.77,8270.86
2020-11-29 00:00:00,1,6984.19,7926.96
2020-11-29 00:30:00,1,6886.84,7548.51
2020-11-29 01:00:00,1,6753.56,7200.34
2020-11-29 01:30:00,1,6617.71,6795.11
2020-11-29 02:00:00,1,6346.96,6581.22
2020-11-29 02:30:00,1,6194.85,6422.79
2020-11-29 03:00:00,1,6119.22,6373.32
2020-11-29 03:30:00,1,6116.62,6381.24
2020-11-29 04:00:00,1,6131.15,6404.84
2020-11-29 12:30:00,1,7697.32,10018.74
2020-11-29 13:00:00,1,7702.46,10215.03
2020-11-29 13:30:00,1,7661.1,10380.86
2020-11-29 14:00:00,1,7664.46,10598.66
2020-11-29 14:30:00,1,7782.37,10809.71
2020-11-29 15:00:00,1,7823.57,11036.61
2020-11-29 15:30:00,1,7987.97,11219.63
2020-11-29 16:00:00,1,8129.92,11406.17
2020-11-29 16:30:00,1,8310.83,11481.56
2020-11-29 17:00:00,1,8487.59,12041.83
2020-11-29 17:30:00,1,8658.9,12043.93
2020-11-29 18:00:00,1,8704.85,11658.21
2020-11-29 18:30:00,1,8761.81,11069.24
2020-11-29 19:00:00,1,8672.45,10519.51
2020-11-29 19:30:00,1,8610.68,10196.18
2020-11-29 20:00:00,1,8516.48,9817.78
2020-11-29 20:30:00,1,8421.93,9390.01
2020-11-29 21:00:00,1,8183.15,8970.42
2020-11-29 21:30:00,1,7938.8,8610.76
2020-11-29 22:00:00,1,7856.71,8270.86
2020-11-29 22:30:00,1,7683.51,8023.56
2020-11-29 23:00:00,1,7655.45,7745.7
2020-11-29 23:30:00,1,7533.65,7406.47
2020-11-30 00:00:00,0,7389.03,7110.0
2020-11-30 00:30:00,0,7211.19,6788.73
2020-11-30 01:00:00,0,7036.16,6513.67
2020-11-30 01:30:00,0,6839.43,6218.92
2020-11-30 02:00:00,0,6556.56,6070.66
2020-11-30 02:30:00,0,6344.78,5991.94
2020-11-30 03:00:00,0,6200.93,5976.94
2020-11-30 03:30:00,0,6177.79,6035.67
2020-11-30 04:00:00,0,6244.49,6145.68
2020-11-30 12:30:00,0,8093.04,7718.2
2020-11-30 13:00:00,0,8387.69,7746.88
2020-11-30 13:30:00,0,8616.12,7807.83
2020-11-30 14:00:00,0,8936.17,7924.26
2020-11-30 14:30:00,0,9245.45,7975.09
2020-11-30 15:00:00,0,9621.69,8124.11
2020-11-30 15:30:00,0,10045.38,8315.36
2020-11-30 16:00:00,0,10513.17,8490.73
2020-11-30 16:30:00,0,11075.07,8683.25
2020-11-30 17:00:00,0,11224.11,8860.42
2020-11-30 17:30:00,0,11050.82,8834.03
2020-11-30 18:00:00,0,10911.97,8865.93
2020-11-30 18:30:00,0,10747.53,8819.7
2020-11-30 19:00:00,0,10364.04,8756.29
2020-11-30 19:30:00,0,10037.97,8727.57
2020-11-30 20:00:00,0,9787.86,8559.21
2020-11-30 20:30:00,0,9486.06,8324.12
2020-11-30 21:00:00,0,9170.07,8075.41
2020-11-30 21:30:00,0,8766.78,7924.01
2020-11-30 22:00:00,0,8559.81,7773.29
2020-11-30 22:30:00,0,8256.91,7676.75
2020-11-30 23:00:00,0,8106.24,7553.46
2020-11-30 23:30:00,0,7896.69,7412.68
2020-12-01 00:00:00,0,7724.39,7300.31
2020-12-01 00:30:00,0,7561.76,7169.38
2020-12-01 01:00:00,0,7305.28,6958.39
2020-12-01 01:30:00,0,7058.13,6719.81
2020-12-01 02:00:00,0,6806.22,6515.68
2020-12-01 02:30:00,0,6596.69,6375.4
2020-12-01 03:00:00,0,6395.9,6301.41
2020-12-01 03:30:00,0,6356.67,6304.03
2020-12-01 04:00:00,0,6348.37,6376.18
2020-12-01 12:30:00,0,7839.78,8780.77
2020-12-01 13:00:00,0,7903.0,9100.89
2020-12-01 13:30:00,0,7961.11,9557.15
2020-12-01 14:00:00,0,7982.71,9957.39
2020-12-01 14:30:00,0,7927.11,10297.62
2020-12-01 15:00:00,0,8064.7,10728.73
2020-12-01 15:30:00,0,8262.99,11155.82
2020-12-01 16:00:00,0,8378.19,11639.06
2020-12-01 16:30:00,0,8532.92,12010.89
2020-12-01 17:00:00,0,8651.53,12234.67
2020-12-01 17:30:00,0,8707.14,12105.36
2020-12-01 18:00:00,0,8625.24,11848.04
2020-12-01 18:30:00,0,8568.88,11503.17
2020-12-01 19:00:00,0,8385.8,11143.7
2020-12-01 19:30:00,0,8252.09,10895.82
2020-12-01 20:00:00,0,8248.05,10611.77
2020-12-01 20:30:00,0,8142.22,10267.34
2020-12-01 21:00:00,0,7958.73,9833.93
2020-12-01 21:30:00,0,7734.17,9438.55
2020-12-01 22:00:00,0,7690.44,9025.09
2020-12-01 22:30:00,0,7534.91,8769.5
2020-12-01 23:00:00,0,7462.02,8460.73
2020-12-01 23:30:00,0,7364.69,8103.99
2020-12-02 00:00:00,0,7217.49,7857.83
2020-12-02 00:30:00,0,7092.74,7624.1
2020-12-02 01:00:00,0,6914.61,7333.34
2020-12-02 01:30:00,0,6728.01,6987.89
2020-12-02 02:00:00,0,6461.22,6778.99
2020-12-02 02:30:00,0,6194.73,6612.76
2020-12-02 03:00:00,0,6100.75,6547.38
2020-12-02 03:30:00,0,6074.63,6514.6
2020-12-02 04:00:00,0,6102.41,6567.99
2020-12-02 12:30:00,0,7828.89,7343.85
2020-12-02 13:00:00,0,7803.8,7392.91
2020-12-02 13:30:00,0,7830.86,7498.27
2020-12-02 14:00:00,0,7904.19,7631.39
2020-12-02 14:30:00,0,7982.13,7750.51
2020-12-02 15:00:00,0,7968.64,7902.93
2020-12-02 15:30:00,0,8065.86,8091.87
2020-12-02 16:00:00,0,8144.03,8266.2
2020-12-02 16:30:00,0,8248.26,8481.84
2020-12-02 17:00:00,0,8316.37,8672.32
2020-12-02 17:30:00,0,8467.17,8690.07
2020-12-02 18:00:00,0,8504.07,8634.86
2020-12-02 18:30:00,0,8458.77,8506.42
2020-12-02 19:00:00,0,8322.28,8400.08
2020-12-02 19:30:00,0,8344.14,8356.6
2020-12-02 20:00:00,0,8237.54,8239.25
2020-12-02 20:30:00,0,8194.48,8055.95
2020-12-02 21:00:00,0,8014.92,7838.26
2020-12-02 21:30:00,0,7804.56,7706.99
2020-12-02 22:00:00,0,7734.75,7577.95
2020-12-02 22:30:00,0,7594.56,7495.0
2020-12-02 23:00:00,0,7571.04,7379.88
2020-12-02 23:30:00,0,7531.85,7236.21
2020-12-03 00:00:00,0,7331.03,7112.27
2020-12-03 00:30:00,0,7200.55,6970.01
2020-12-03 01:00:00,0,7059.74,6786.19
2020-12-03 01:30:00,0,6799.07,6537.42
2020-12-03 02:00:00,0,6600.33,6347.59
2020-12-03 02:30:00,0,6376.74,6234.31
2020-12-03 03:00:00,0,6187.09,6175.92
2020-12-03 03:30:00,0,6130.4,6163.29
2020-12-03 04:00:00,0,6193.91,6237.83
2020-12-03 12:30:00,0,7824.7,7560.73
2020-12-03 13:00:00,0,7881.82,7610.22
2020-12-03 13:30:00,0,8077.84,7711.23
2020-12-03 14:00:00,0,8222.72,7841.04
2020-12-03 14:30:00,0,8401.33,7915.35
2020-12-03 15:00:00,0,8655.47,8120.2
2020-12-03 15:30:00,0,9009.85,8340.21
2020-12-03 16:00:00,0,9282.84,8607.78
2020-12-03 16:30:00,0,9597.73,8800.83
2020-12-03 17:00:00,0,9843.4,8927.29
2020-12-03 17:30:00,0,9760.7,8889.18
2020-12-03 18:00:00,0,9551.13,8818.35
2020-12-03 18:30:00,0,9391.72,8673.08
2020-12-03 19:00:00,0,9262.31,8564.24
2020-12-03 19:30:00,0,9016.31,8508.3
2020-12-03 20:00:00,0,9025.84,8376.66
2020-12-03 20:30:00,0,8869.94,8166.03
2020-12-03 21:00:00,0,8579.48,7959.55
2020-12-03 21:30:00,0,8298.24,7819.87
2020-12-03 22:00:00,0,8092.94,7670.59
2020-12-03 22:30:00,0,7915.34,7601.13
2020-12-03 23:00:00,0,7783.8,7490.08
2020-12-03 23:30:00,0,7660.66,7321.64
2020-12-04 00:00:00,1,7402.93,7199.94
2020-12-04 00:30:00,1,7271.08,7043.06
2020-12-04 01:00:00,1,6987.7,6827.95
2020-12-04 01:30:00,1,6826.67,6553.35
2020-12-04 02:00:00,1,6540.5,6341.95
2020-12-04 02:30:00,1,6290.63,6205.26
2020-12-04 03:00:00,1,6192.22,6148.75
2020-12-04 03:30:00,1,6116.68,6137.67
2020-12-04 04:00:00,1,6090.37,6194.02
2020-12-04 12:30:00,1,7205.54,7921.47
2020-12-04 13:00:00,1,7309.57,8147.5
2020-12-04 13:30:00,1,7548.64,8444.57
2020-12-04 14:00:00,1,7657.84,8690.3
2020-12-04 14:30:00,1,7770.2,8929.53
2020-12-04 15:00:00,1,7868.89,9200.06
2020-12-04 15:30:00,1,7875.5,9505.78
2020-12-04 16:00:00,1,7886.76,9872.14
2020-12-04 16:30:00,1,7856.59,10042.01
2020-12-04 17:00:00,1,7969.94,10124.83
2020-12-04 17:30:00,1,8013.77,10015.19
2020-12-04 18:00:00,1,8086.48,9784.96
2020-12-04 18:30:00,1,8138.07,9388.51
2020-12-04 19:00:00,1,8065.06,9038.55
2020-12-04 19:30:00,1,8044.42,8779.86
2020-12-04 20:00:00,1,8037.21,8593.63
2020-12-04 20:30:00,1,8067.83,8280.48
2020-12-04 21:00:00,1,7880.6,8021.2
2020-12-04 21:30:00,1,7628.72,7879.52
2020-12-04 22:00:00,1,7437.95,7754.97
2020-12-04 22:30:00,1,7242.55,7676.47
2020-12-04 23:00:00,1,7220.11,7552.05
2020-12-04 23:30:00,1,7075.9,7397.86
2020-12-05 00:00:00,0,6927.06,7268.0
2020-12-05 00:30:00,0,6796.54,7103.77
2020-12-05 01:00:00,0,6602.04,6880.89
2020-12-05 01:30:00,0,6395.33,6615.63
2020-12-05 02:00:00,0,6173.95,6387.38
2020-12-05 02:30:00,0,6003.87,6214.23
2020-12-05 03:00:00,0,5893.6,6140.83
2020-12-05 03:30:00,0,5834.79,6073.37
2020-12-05 04:00:00,0,5797.58,6066.57
2020-12-05 12:30:00,0,6017.65,7398.27
2020-12-05 13:00:00,0,6057.01,7566.29
2020-12-05 13:30:00,0,6160.06,7779.48
2020-12-05 14:00:00,0,6225.72,7942.22
2020-12-05 14:30:00,0,6432.15,8223.56
2020-12-05 15:00:00,0,6615.37,8465.52
2020-12-05 15:30:00,0,6941.24,8661.88
2020-12-05 16:00:00,0,7247.7,8846.68
2020-12-05 16:30:00,0,7638.3,8915.16
2020-12-05 17:00:00,0,7996.35,8959.89
2020-12-05 17:30:00,0,8318.4,8953.96
2020-12-05 18:00:00,0,8511.2,8792.68
2020-12-05 18:30:00,0,8600.69,8600.03
2020-12-05 19:00:00,0,8557.33,8407.24
2020-12-05 19:30:00,0,8460.59,8289.45
2020-12-05 20:00:00,0,8323.99,8165.5
2020-12-05 20:30:00,0,8291.58,8024.77
2020-12-05 21:00:00,0,8022.21,7837.24
2020-12-05 21:30:00,0,7760.11,7726.31
2020-12-05 22:00:00,0,7529.16,7620.93
2020-12-05 22:30:00,0,7370.76,7546.46
2020-12-05 23:00:00,0,7218.18,7399.9
2020-12-05 23:30:00,0,6962.06,7187.71
2020-12-06 00:00:00,0,6737.72,7040.51
2020-12-06 00:30:00,0,6626.31,6874.63
2020-12-06 01:00:00,0,6451.99,6659.76
2020-12-06 01:30:00,0,6284.27,6415.51
2020-12-06 02:00:00,0,6062.22,6222.12
2020-12-06 02:30:00,0,5929.11,6085.84
2020-12-06 03:00:00,0,5872.81,6057.49
2020-12-06 03:30:00,0,5818.78,6040.55
2020-12-06 04:00:00,0,5812.38,6040.22
2020-12-06 12:30:00,0,7138.69,6701.33
2020-12-06 13:00:00,0,7198.8,6790.11
2020-12-06 13:30:00,0,7244.38,6935.9
2020-12-06 14:00:00,0,7410.4,7034.6
2020-12-06 14:30:00,0,7533.33,7121.23
2020-12-06 15:00:00,0,7764.84,7370.98
2020-12-06 15:30:00,0,8066.59,7621.94
2020-12-06 16:00:00,0,8281.44,7861.66
2020-12-06 16:30:00,0,8624.73,8040.18
2020-12-06 17:00:00,0,8927.85,8266.7
2020-12-06 17:30:00,0,9183.46,8508.27
2020-12-06 18:00:00,0,9237.17,8646.75
2020-12-06 18:30:00,0,9211.22,8646.94
2020-12-06 19:00:00,0,9017.13,8613.01
2020-12-06 19:30:00,0,8824.89,8585.09
2020-12-06 20:00:00,0,8713.08,8531.5
2020-12-06 20:30:00,0,8643.32,8242.63
2020-12-06 21:00:00,0,8377.22,7916.31
2020-12-06 21:30:00,0,8134.0,7710.67
2020-12-06 22:00:00,0,7987.44,7513.0
2020-12-06 22:30:00,0,7793.04,7331.21
2020-12-06 23:00:00,0,7653.24,7111.62
2020-12-06 23:30:00,0,7474.65,6894.53
2020-12-07 00:00:00,0,7293.4,6697.34
2020-12-07 00:30:00,0,7197.66,6496.12
2020-12-07 01:00:00,0,6943.0,6284.26
2020-12-07 01:30:00,0,6679.15,6049.75
2020-12-07 02:00:00,0,6457.92,5873.35
2020-12-07 02:30:00,0,6282.05,5784.97
2020-12-07 03:00:00,0,6181.85,5769.01
2020-12-07 03:30:00,0,6112.64,5819.62
2020-12-07 04:00:00,0,6115.08,5913.12
2020-12-07 12:30:00,0,6441.67,7120.67
2020-12-07 13:00:00,0,6420.74,7228.74
2020-12-07 13:30:00,0,6376.22,7379.95
2020-12-07 14:00:00,0,6326.83,7479.71
2020-12-07 14:30:00,0,6317.32,7537.02
2020-12-07 15:00:00,0,6386.68,7716.23
2020-12-07 15:30:00,0,6496.64,7942.18
2020-12-07 16:00:00,0,6711.04,8132.3
2020-12-07 16:30:00,0,6960.39,8339.03
2020-12-07 17:00:00,0,7262.39,8517.2
2020-12-07 17:30:00,0,7621.5,8615.76
2020-12-07 18:00:00,0,7841.68,8690.07
2020-12-07 18:30:00,0,7932.34,8637.62
2020-12-07 19:00:00,0,7900.64,8549.27
2020-12-07 19:30:00,0,7869.95,8470.02
2020-12-07 20:00:00,0,7915.66,8305.89
2020-12-07 20:30:00,0,7930.37,8023.11
2020-12-07 21:00:00,0,7833.64,7771.87
2020-12-07 21:30:00,0,7620.55,7663.24
2020-12-07 22:00:00,0,7581.75,7503.73
2020-12-07 22:30:00,0,7404.16,7400.86
2020-12-07 23:00:00,0,7352.35,7289.68
2020-12-07 23:30:00,0,7269.75,7133.84
2020-12-08 00:00:00,0,7153.19,6991.38
2020-12-08 00:30:00,0,7043.02,6807.34
2020-12-08 01:00:00,0,6899.98,6598.64
2020-12-08 01:30:00,0,6692.4,6355.13
2020-12-08 02:00:00,0,6429.14,6139.07
2020-12-08 02:30:00,0,6201.88,5996.48
2020-12-08 03:00:00,0,6098.24,5938.99
2020-12-08 03:30:00,0,5988.21,5959.82
2020-12-08 04:00:00,0,5996.72,6031.4
2020-12-08 12:30:00,0,6392.22,6212.44
2020-12-08 13:00:00,0,6394.18,6239.36
2020-12-08 13:30:00,0,6455.15,6266.11
2020-12-08 14:00:00,0,6540.66,6333.25
2020-12-08 14:30:00,0,6636.65,6403.95
2020-12-08 15:00:00,0,6777.3,6539.23
2020-12-08 15:30:00,0,7085.11,6738.76
2020-12-08 16:00:00,0,7331.53,6989.0
2020-12-08 16:30:00,0,7692.15,7314.02
2020-12-08 17:00:00,0,7957.74,7618.95
2020-12-08 17:30:00,0,8249.03,7858.84
2020-12-08 18:00:00,0,8395.56,8039.82
2020-12-08 18:30:00,0,8488.24,8081.91
2020-12-08 19:00:00,0,8389.0,8092.05
2020-12-08 19:30:00,0,8295.4,8114.64
2020-12-08 20:00:00,0,8272.06,8035.21
2020-12-08 20:30:00,0,8215.47,7887.01
2020-12-08 21:00:00,0,8070.29,7677.6
2020-12-08 21:30:00,0,7778.13,7599.89
2020-12-08 22:00:00,0,7662.94,7471.09
2020-12-08 22:30:00,0,7539.18,7408.6
2020-12-08 23:00:00,0,7481.38,7302.0
2020-12-08 23:30:00,0,7327.8,7159.75
2020-12-09 00:00:00,0,7195.18,7059.08
2020-12-09 00:30:00,0,7144.91,6932.85
2020-12-09 01:00:00,0,6945.7,6770.9
2020-12-09 01:30:00,0,6716.75,6535.66
2020-12-09 02:00:00,0,6394.7,6304.62
2020-12-09 02:30:00,0,6172.14,6168.3
2020-12-09 03:00:00,0,6097.06,6080.17
2020-12-09 03:30:00,0,6076.17,6074.41
2020-12-09 04:00:00,0,6082.75,6128.33
2020-12-09 12:30:00,0,7178.73,6307.72
2020-12-09 13:00:00,0,7201.76,6369.19
2020-12-09 13:30:00,0,7250.31,6440.29
2020-12-09 14:00:00,0,7396.2,6575.54
2020-12-09 14:30:00,0,7460.04,6715.75
2020-12-09 15:00:00,0,7611.72,6905.68
2020-12-09 15:30:00,0,7818.63,7128.53
2020-12-09 16:00:00,0,8024.04,7423.12
2020-12-09 16:30:00,0,8177.85,7726.43
2020-12-09 17:00:00,0,8336.58,7990.55
2020-12-09 17:30:00,0,8514.74,8108.4
2020-12-09 18:00:00,0,8551.26,8217.19
2020-12-09 18:30:00,0,8552.09,8243.31
2020-12-09 19:00:00,0,8483.24,8209.29
2020-12-09 19:30:00,0,8359.89,8182.28
2020-12-09 20:00:00,0,8343.74,8096.65
2020-12-09 20:30:00,0,8220.13,7951.98
2020-12-09 21:00:00,0,7985.06,7765.34
2020-12-09 21:30:00,0,7705.85,7689.57
2020-12-09 22:00:00,0,7582.22,7541.12
2020-12-09 22:30:00,0,7439.77,7436.15
2020-12-09 23:00:00,0,7370.06,7309.78
2020-12-09 23:30:00,0,7211.18,7169.12
2020-12-10 00:00:00,0,7121.76,7054.98
2020-12-10 00:30:00,0,7050.12,6892.15
2020-12-10 01:00:00,0,6893.61,6721.9
2020-12-10 01:30:00,0,6651.81,6485.5
2020-12-10 02:00:00,0,6395.93,6283.58
2020-12-10 02:30:00,0,6171.63,6153.16
2020-12-10 03:00:00,0,6049.99,6070.85
2020-12-10 03:30:00,0,5993.73,6050.37
2020-12-10 04:00:00,0,6071.11,6115.04
2020-12-10 12:30:00,0,7046.32,6957.77
2020-12-10 13:00:00,0,7018.69,6990.67
2020-12-10 13:30:00,0,7039.51,7033.69
2020-12-10 14:00:00,0,7034.21,7076.47
2020-12-10 14:30:00,0,6993.41,7257.89
2020-12-10 15:00:00,0,6936.21,7395.31
2020-12-10 15:30:00,0,7127.58,7554.89
2020-12-10 16:00:00,0,7315.14,7729.39
2020-12-10 16:30:00,0,7420.45,7957.31
2020-12-10 17:00:00,0,7545.32,8145.47
2020-12-10 17:30:00,0,7621.56,8309.37
2020-12-10 18:00:00,0,7655.37,8332.52
2020-12-10 18:30:00,0,7736.62,8246.31
2020-12-10 19:00:00,0,7736.47,8162.53
2020-12-10 19:30:00,0,7722.42,8133.07
2020-12-10 20:00:00,0,7741.04,8057.99
2020-12-10 20:30:00,0,7731.9,7941.79
2020-12-10 21:00:00,0,7595.18,7746.05
2020-12-10 21:30:00,0,7470.28,7642.6
2020-12-10 22:00:00,0,7457.63,7510.34
2020-12-10 22:30:00,0,7376.79,7432.81
2020-12-10 23:00:00,0,7403.64,7305.85
2020-12-10 23:30:00,0,7282.87,7159.08
2020-12-11 00:00:00,0,7176.41,7042.19
2020-12-11 00:30:00,0,7057.86,6885.29
2020-12-11 01:00:00,0,6897.87,6707.31
2020-12-11 01:30:00,0,6644.62,6463.35
2020-12-11 02:00:00,0,6363.27,6270.73
2020-12-11 02:30:00,0,6167.3,6150.47
2020-12-11 03:00:00,0,6014.23,6073.22
2020-12-11 03:30:00,0,5927.69,6067.11
2020-12-11 04:00:00,0,5920.64,6128.02
2020-12-11 12:30:00,0,6215.11,6952.01
2020-12-11 13:00:00,0,6187.37,6923.02
2020-12-11 13:30:00,0,6161.2,6880.99
2020-12-11 14:00:00,0,6036.75,6892.09
2020-12-11 14:30:00,0,6084.33,7007.99
2020-12-11 15:00:00,0,6195.11,7118.27
2020-12-11 15:30:00,0,6312.12,7264.52
2020-12-11 16:00:00,0,6438.18,7480.73
2020-12-11 16:30:00,0,6655.83,7675.2
2020-12-11 17:00:00,0,6828.77,7841.22
2020-12-11 17:30:00,0,7089.73,7878.98
2020-12-11 18:00:00,0,7268.2,7884.42
2020-12-11 18:30:00,0,7372.92,7814.26
2020-12-11 19:00:00,0,7453.64,7764.54
2020-12-11 19:30:00,0,7488.0,7786.02
2020-12-11 20:00:00,0,7532.21,7762.74
2020-12-11 20:30:00,0,7544.04,7719.8
2020-12-11 21:00:00,0,7452.59,7578.46
2020-12-11 21:30:00,0,7306.44,7545.46
2020-12-11 22:00:00,0,7239.1,7488.12
2020-12-11 22:30:00,0,7160.44,7457.01
2020-12-11 23:00:00,0,7176.76,7366.11
2020-12-11 23:30:00,0,7006.22,7260.97
2020-12-12 00:00:00,0,6902.9,7166.6
2020-12-12 00:30:00,0,6751.07,7040.56
2020-12-12 01:00:00,0,6548.23,6849.62
2020-12-12 01:30:00,0,6389.6,6609.79
2020-12-12 02:00:00,0,6143.27,6412.7
2020-12-12 02:30:00,0,5962.35,6271.27
2020-12-12 03:00:00,0,5868.88,6170.96
2020-12-12 03:30:00,0,5854.13,6128.98
2020-12-12 04:00:00,0,5741.81,6127.08
2020-12-12 12:30:00,0,6089.11,6458.62
2020-12-12 13:00:00,0,5969.04,6394.68
2020-12-12 13:30:00,0,5957.05,6373.94
2020-12-12 14:00:00,0,5963.25,6389.57
2020-12-12 14:30:00,0,5997.36,6458.25
2020-12-12 15:00:00,0,6076.78,6591.34
2020-12-12 15:30:00,0,6260.55,6750.65
2020-12-12 16:00:00,0,6382.42,6954.01
2020-12-12 16:30:00,0,6686.02,7118.67
2020-12-12 17:00:00,0,6890.33,7330.14
2020-12-12 17:30:00,0,7197.64,7452.24
2020-12-12 18:00:00,0,7453.66,7561.94
2020-12-12 18:30:00,0,7599.94,7598.97
2020-12-12 19:00:00,0,7630.64,7591.5
2020-12-12 19:30:00,0,7660.37,7620.26
2020-12-12 20:00:00,0,7679.73,7617.67
2020-12-12 20:30:00,0,7621.55,7513.84
2020-12-12 21:00:00,0,7529.07,7388.31
2020-12-12 21:30:00,0,7399.37,7330.51
2020-12-12 22:00:00,0,7323.95,7271.47
2020-12-12 22:30:00,0,7164.13,7209.61
2020-12-12 23:00:00,0,7100.34,7096.81
2020-12-12 23:30:00,0,6906.65,6961.99
2020-12-13 00:00:00,0,6771.24,6860.63
2020-12-13 00:30:00,0,6712.15,6708.66
2020-12-13 01:00:00,0,6568.29,6522.7
2020-12-13 01:30:00,0,6423.51,6313.01
2020-12-13 02:00:00,0,6225.49,6142.77
2020-12-13 02:30:00,0,6063.32,6033.46
2020-12-13 03:00:00,0,5989.73,5976.32
2020-12-13 03:30:00,0,5914.44,5962.3
2020-12-13 04:00:00,0,5910.71,5971.37
2020-12-13 12:30:00,0,7536.43,6105.07
2020-12-13 13:00:00,0,7507.83,6091.92
2020-12-13 13:30:00,0,7449.86,6131.24
2020-12-13 14:00:00,0,7342.4,6182.39
2020-12-13 14:30:00,0,7530.52,6301.67
2020-12-13 15:00:00,0,7658.58,6506.16
2020-12-13 15:30:00,0,7738.59,6720.41
2020-12-13 16:00:00,0,7901.66,6943.94
2020-12-13 16:30:00,0,8021.96,7132.71
2020-12-13 17:00:00,0,8148.8,7365.48
2020-12-13 17:30:00,0,8320.88,7552.72
2020-12-13 18:00:00,0,8353.88,7709.23
2020-12-13 18:30:00,0,8383.6,7811.99
2020-12-13 19:00:00,0,8302.28,7851.92
2020-12-13 19:30:00,0,8263.18,7895.36
2020-12-13 20:00:00,0,8231.43,7875.58
2020-12-13 20:30:00,0,8237.7,7755.01
2020-12-13 21:00:00,0,8080.59,7570.91
2020-12-13 21:30:00,0,7888.26,7447.73
2020-12-13 22:00:00,0,7789.27,7306.43
2020-12-13 22:30:00,0,7677.68,7141.7
2020-12-13 23:00:00,0,7644.63,6962.79
2020-12-13 23:30:00,0,7528.93,6821.27
2020-12-14 00:00:00,0,7336.2,6723.48
2020-12-14 00:30:00,0,7231.59,6603.19
2020-12-14 01:00:00,0,7064.99,6443.48
2020-12-14 01:30:00,0,6860.24,6250.3
2020-12-14 02:00:00,0,6518.99,6088.13
2020-12-14 02:30:00,0,6322.44,6024.08
2020-12-14 03:00:00,0,6173.52,6008.2
2020-12-14 03:30:00,0,6116.92,6065.93
2020-12-14 04:00:00,0,6181.51,6148.77
2020-12-14 12:30:00,0,8044.96,8153.15
2020-12-14 13:00:00,0,8076.92,8202.11
2020-12-14 13:30:00,0,8169.15,8216.2
2020-12-14 14:00:00,0,8256.41,8227.18
2020-12-14 14:30:00,0,8432.48,8250.52
2020-12-14 15:00:00,0,8422.63,8400.63
2020-12-14 15:30:00,0,8515.82,8524.72
2020-12-14 16:00:00,0,8563.2,8660.41
2020-12-14 16:30:00,0,8723.79,8732.04
2020-12-14 17:00:00,0,8881.57,8786.1
2020-12-14 17:30:00,0,9017.32,8724.5
2020-12-14 18:00:00,0,8829.01,8623.6
2020-12-14 18:30:00,0,8864.34,8612.31
2020-12-14 19:00:00,0,8725.09,8513.16
2020-12-14 19:30:00,0,8653.12,8448.6
2020-12-14 20:00:00,0,8585.61,8308.82
2020-12-14 20:30:00,0,8486.74,8160.46
2020-12-14 21:00:00,0,8308.37,7951.31
2020-12-14 21:30:00,0,8080.96,7837.69
2020-12-14 22:00:00,0,7994.68,7687.9
2020-12-14 22:30:00,0,7913.93,7590.08
2020-12-14 23:00:00,0,7849.97,7474.67
2020-12-14 23:30:00,0,7694.01,7344.22
2020-12-15 00:00:00,0,7553.49,7225.85
2020-12-15 00:30:00,0,7461.32,7075.9
2020-12-15 01:00:00,0,7249.86,6887.32
2020-12-15 01:30:00,0,7068.76,6655.61
2020-12-15 02:00:00,0,6743.85,6444.18
2020-12-15 02:30:00,0,6493.32,6322.83
2020-12-15 03:00:00,0,6369.9,6276.41
2020-12-15 03:30:00,0,6278.25,6290.05
2020-12-15 04:00:00,0,6242.64,6357.04
2020-12-15 12:30:00,0,8748.02,8647.08
2020-12-15 13:00:00,0,8910.32,8705.81
2020-12-15 13:30:00,0,9054.29,8739.14
2020-12-15 14:00:00,0,9186.09,8738.33
2020-12-15 14:30:00,0,9187.33,8779.31
2020-12-15 15:00:00,0,9237.07,8898.8
2020-12-15 15:30:00,0,9536.06,9026.06
2020-12-15 16:00:00,0,9645.14,9136.12
2020-12-15 16:30:00,0,9529.39,9188.72
2020-12-15 17:00:00,0,9357.99,9233.97
2020-12-15 17:30:00,0,9471.83,9131.07
2020-12-15 18:00:00,0,9481.11,9054.39
2020-12-15 18:30:00,0,9060.88,8927.02
2020-12-15 19:00:00,0,8929.25,8848.54
2020-12-15 19:30:00,0,8963.92,8810.55
2020-12-15 20:00:00,0,9035.09,8689.57
2020-12-15 20:30:00,0,8890.0,8565.72
2020-12-15 21:00:00,0,8648.8,8338.83
2020-12-15 21:30:00,0,8391.17,8206.24
2020-12-15 22:00:00,0,8289.53,8026.37
2020-12-15 22:30:00,0,8073.62,7890.41
2020-12-15 23:00:00,0,7909.24,7714.0
2020-12-15 23:30:00,0,7734.21,7579.93
2020-12-16 00:00:00,0,7569.29,7496.44
2020-12-16 00:30:00,0,7437.06,7370.24
2020-12-16 01:00:00,0,7239.69,7212.12
2020-12-16 01:30:00,0,6983.31,6999.32
2020-12-16 02:00:00,0,6656.41,6775.7
2020-12-16 02:30:00,0,6478.19,6644.4
2020-12-16 03:00:00,0,6362.7,6563.76
2020-12-16 03:30:00,0,6294.79,6525.15
2020-12-16 04:00:00,0,6308.25,6572.24
2020-12-16 12:30:00,0,9082.91,8912.85
2020-12-16 13:00:00,0,9306.83,8992.71
2020-12-16 13:30:00,0,9500.21,9066.93
2020-12-16 14:00:00,0,9848.69,9173.94
2020-12-16 14:30:00,0,10082.05,9479.83
2020-12-16 15:00:00,0,10402.96,9599.75
2020-12-16 15:30:00,0,10528.12,9707.62
2020-12-16 16:00:00,0,10396.5,9801.45
2020-12-16 16:30:00,0,10552.67,9890.85
2020-12-16 17:00:00,0,10753.58,9936.24
2020-12-16 17:30:00,0,10670.04,9797.89
2020-12-16 18:00:00,0,10707.75,9676.17
2020-12-16 18:30:00,0,10634.09,9480.34
2020-12-16 19:00:00,0,10387.05,9310.29
2020-12-16 19:30:00,0,10379.57,9201.48
2020-12-16 20:00:00,0,10420.79,9134.03
2020-12-16 20:30:00,0,10313.97,9036.43
2020-12-16 21:00:00,0,10044.52,8789.29
2020-12-16 21:30:00,0,9694.41,8628.22
2020-12-16 22:00:00,0,9352.6,8411.79
2020-12-16 22:30:00,0,9086.72,8237.76
2020-12-16 23:00:00,0,8848.95,8010.96
2020-12-16 23:30:00,0,8518.38,7807.21
2020-12-17 00:00:00,1,8195.65,7665.35
2020-12-17 00:30:00,1,7989.6,7486.35
2020-12-17 01:00:00,1,7653.54,7300.82
2020-12-17 01:30:00,1,7408.13,7055.57
2020-12-17 02:00:00,1,7085.47,6856.96
2020-12-17 02:30:00,1,6876.75,6729.76
2020-12-17 03:00:00,1,6669.05,6632.09
2020-12-17 03:30:00,1,6594.39,6600.82
2020-12-17 04:00:00,1,6590.26,6653.5
2020-12-17 12:30:00,1,9083.29,9415.24
2020-12-17 13:00:00,1,9214.72,9562.84
2020-12-17 13:30:00,1,9300.6,9715.52
2020-12-17 14:00:00,1,9578.13,9883.32
2020-12-17 14:30:00,1,9581.88,10086.62
2020-12-17 15:00:00,1,9879.74,10273.16
2020-12-17 15:30:00,1,9970.53,10437.23
2020-12-17 16:00:00,1,9802.5,10593.11
2020-12-17 16:30:00,1,9712.76,10709.51
2020-12-17 17:00:00,1,9664.87,10747.99
2020-12-17 17:30:00,1,9706.78,10674.57
2020-12-17 18:00:00,1,9441.77,10577.07
2020-12-17 18:30:00,1,9354.03,10440.2
2020-12-17 19:00:00,1,9209.64,10231.99
2020-12-17 19:30:00,1,9012.52,10087.34
2020-12-17 20:00:00,1,8878.31,9980.88
2020-12-17 20:30:00,1,8730.76,9771.8
2020-12-17 21:00:00,1,8531.14,9487.66
2020-12-17 21:30:00,1,8267.22,9223.9
2020-12-17 22:00:00,1,8184.68,8932.29
2020-12-17 22:30:00,1,8005.35,8770.92
2020-12-17 23:00:00,1,7935.14,8473.83
2020-12-17 23:30:00,1,7718.57,8163.22
2020-12-18 00:00:00,1,7505.76,7956.72
2020-12-18 00:30:00,1,7361.24,7678.9
2020-12-18 01:00:00,1,7130.56,7405.22
2020-12-18 01:30:00,1,6885.27,7062.59
2020-12-18 02:00:00,1,6598.47,6848.79
2020-12-18 02:30:00,1,6384.51,6688.59
2020-12-18 03:00:00,1,6215.71,6595.36
2020-12-18 03:30:00,1,6173.47,6567.41
2020-12-18 04:00:00,1,6119.57,6612.98
2020-12-18 12:30:00,1,7029.14,9533.18
2020-12-18 13:00:00,1,7016.29,9663.87
2020-12-18 13:30:00,1,6963.89,9741.3
2020-12-18 14:00:00,1,6947.02,9810.16
2020-12-18 14:30:00,1,6956.46,9930.99
2020-12-18 15:00:00,1,6935.78,9871.29
2020-12-18 15:30:00,1,7048.92,9913.13
2020-12-18 16:00:00,1,7225.39,9977.29
2020-12-18 16:30:00,1,7418.53,10004.33
2020-12-18 17:00:00,1,7498.99,9963.55
2020-12-18 17:30:00,1,7574.22,9784.38
2020-12-18 18:00:00,1,7655.77,9611.36
2020-12-18 18:30:00,1,7731.91,9331.16
2020-12-18 19:00:00,1,7703.81,9139.24
2020-12-18 19:30:00,1,7705.06,9076.33
2020-12-18 20:00:00,1,7674.86,8949.09
2020-12-18 20:30:00,1,7675.0,8721.43
2020-12-18 21:00:00,1,7516.42,8482.91
2020-12-18 21:30:00,1,7396.99,8339.83
2020-12-18 22:00:00,1,7295.71,8190.14
2020-12-18 22:30:00,1,7195.82,8044.26
2020-12-18 23:00:00,1,7226.7,7855.75
2020-12-18 23:30:00,1,7077.21,7653.87
2020-12-19 00:00:00,0,6902.75,7487.74
2020-12-19 00:30:00,0,6774.59,7271.26
2020-12-19 01:00:00,0,6622.32,7012.77
2020-12-19 01:30:00,0,6488.37,6717.73
2020-12-19 02:00:00,0,6239.56,6471.98
2020-12-19 02:30:00,0,6043.53,6312.12
2020-12-19 03:00:00,0,5925.45,6197.97
2020-12-19 03:30:00,0,5851.59,6139.73
2020-12-19 04:00:00,0,5839.23,6116.45
2020-12-19 12:30:00,0,6674.71,6744.24
2020-12-19 13:00:00,0,6578.32,6735.91
2020-12-19 13:30:00,0,6595.22,6729.1
2020-12-19 14:00:00,0,6588.48,6741.28
2020-12-19 14:30:00,0,6538.43,6827.23
2020-12-19 15:00:00,0,6711.22,6907.27
2020-12-19 15:30:00,0,6854.35,6948.76
2020-12-19 16:00:00,0,7054.41,7058.76
2020-12-19 16:30:00,0,7125.37,7162.83
2020-12-19 17:00:00,0,7266.13,7324.23
2020-12-19 17:30:00,0,7556.91,7423.66
2020-12-19 18:00:00,0,7815.58,7508.69
2020-12-19 18:30:00,0,7931.83,7535.61
2020-12-19 19:00:00,0,7924.82,7530.21
2020-12-19 19:30:00,0,7890.73,7556.61
2020-12-19 20:00:00,0,7885.35,7575.84
2020-12-19 20:30:00,0,7868.15,7519.35
2020-12-19 21:00:00,0,7757.69,7433.42
2020-12-19 21:30:00,0,7592.21,7389.1
2020-12-19 22:00:00,0,7459.02,7361.24
2020-12-19 22:30:00,0,7339.18,7248.49
2020-12-19 23:00:00,0,7290.95,7116.79
2020-12-19 23:30:00,0,7049.67,6919.45
2020-12-20 00:00:00,0,6949.57,6765.15
2020-12-20 00:30:00,0,6810.37,6574.08
2020-12-20 01:00:00,0,6653.02,6337.84
2020-12-20 01:30:00,0,6466.4,6063.21
2020-12-20 02:00:00,0,6296.48,5881.49
2020-12-20 02:30:00,0,6114.07,5774.73
2020-12-20 03:00:00,0,6046.35,5722.88
2020-12-20 03:30:00,0,5972.87,5732.38
2020-12-20 04:00:00,0,5988.45,5741.7
2020-12-20 12:30:00,0,8129.97,6457.18
2020-12-20 13:00:00,0,8084.26,6474.15
2020-12-20 13:30:00,0,8189.95,6517.26
2020-12-20 14:00:00,0,8168.73,6594.32
2020-12-20 14:30:00,0,8203.25,6794.58
2020-12-20 15:00:00,0,8162.13,6912.59
2020-12-20 15:30:00,0,8200.77,7001.59
2020-12-20 16:00:00,0,8267.53,7171.96
2020-12-20 16:30:00,0,8346.47,7399.72
2020-12-20 17:00:00,0,8501.57,7663.14
2020-12-20 17:30:00,0,8646.07,7825.31
2020-12-20 18:00:00,0,8664.85,7931.14
2020-12-20 18:30:00,0,8607.09,7959.39
2020-12-20 19:00:00,0,8454.91,7928.58
2020-12-20 19:30:00,0,8294.45,7907.48
2020-12-20 20:00:00,0,8209.07,7904.54
2020-12-20 20:30:00,0,8110.28,7743.09
2020-12-20 21:00:00,0,7903.72,7577.71
2020-12-20 21:30:00,0,7788.53,7424.95
2020-12-20 22:00:00,0,7753.05,7290.13
2020-12-20 22:30:00,0,7688.63,7141.32
2020-12-20 23:00:00,0,7646.71,6949.69
2020-12-20 23:30:00,0,7512.08,6750.37
2020-12-21 00:00:00,0,7387.62,6626.26
2020-12-21 00:30:00,0,7288.33,6469.25
2020-12-21 01:00:00,0,7086.55,6271.86
2020-12-21 01:30:00,0,6840.27,6025.17
2020-12-21 02:00:00,0,6587.97,5854.05
2020-12-21 02:30:00,0,6395.51,5767.83
2020-12-21 03:00:00,0,6220.99,5743.4
2020-12-21 03:30:00,0,6150.61,5794.89
2020-12-21 04:00:00,0,6177.87,5862.89
2020-12-21 12:30:00,0,7369.54,8130.23
2020-12-21 13:00:00,0,7255.95,8162.22
2020-12-21 13:30:00,0,7179.6,8214.28
2020-12-21 14:00:00,0,7293.31,8212.79
2020-12-21 14:30:00,0,7247.53,8314.59
2020-12-21 15:00:00,0,7255.05,8369.25
2020-12-21 15:30:00,0,7340.53,8352.16
2020-12-21 16:00:00,0,7575.39,8422.66
2020-12-21 16:30:00,0,7862.03,8485.45
2020-12-21 17:00:00,0,7999.22,8531.24
2020-12-21 17:30:00,0,8052.91,8516.18
2020-12-21 18:00:00,0,8066.97,8425.78
2020-12-21 18:30:00,0,8198.66,8244.64
2020-12-21 19:00:00,0,8072.05,8141.89
2020-12-21 19:30:00,0,8063.7,8048.15
2020-12-21 20:00:00,0,8039.14,7967.49
2020-12-21 20:30:00,0,8082.84,7838.56
2020-12-21 21:00:00,0,7871.91,7678.0
2020-12-21 21:30:00,0,7735.51,7599.01
2020-12-21 22:00:00,0,7621.81,7457.56
2020-12-21 22:30:00,0,7472.6,7452.39
2020-12-21 23:00:00,0,7467.4,7360.1
2020-12-21 23:30:00,0,7405.35,7184.16
2020-12-22 00:00:00,0,7175.81,7021.78
2020-12-22 00:30:00,0,7112.6,6793.52
2020-12-22 01:00:00,0,6939.15,6575.93
2020-12-22 01:30:00,0,6673.61,6301.0
2020-12-22 02:00:00,0,6372.38,6089.85
2020-12-22 02:30:00,0,6112.69,5957.51
2020-12-22 03:00:00,0,5920.79,5897.24
2020-12-22 03:30:00,0,5905.6,5903.53
2020-12-22 04:00:00,0,5905.42,5949.75
2020-12-22 12:30:00,0,6565.92,7326.7
2020-12-22 13:00:00,0,6511.42,7387.08
2020-12-22 13:30:00,0,6468.27,7494.72
2020-12-22 14:00:00,0,6491.39,7588.36
2020-12-22 14:30:00,0,6497.12,7830.16
2020-12-22 15:00:00,0,6553.5,7990.54
2020-12-22 15:30:00,0,6702.55,8037.88
2020-12-22 16:00:00,0,6871.04,8243.0
2020-12-22 16:30:00,0,7207.67,8425.86
2020-12-22 17:00:00,0,7463.25,8592.74
2020-12-22 17:30:00,0,7743.37,8723.53
2020-12-22 18:00:00,0,7908.93,8744.62
2020-12-22 18:30:00,0,8091.53,8602.86
2020-12-22 19:00:00,0,8005.15,8508.51
2020-12-22 19:30:00,0,7911.97,8407.16
2020-12-22 20:00:00,0,7909.36,8293.64
2020-12-22 20:30:00,0,7923.48,8126.58
2020-12-22 21:00:00,0,7840.52,7910.41
2020-12-22 21:30:00,0,7634.72,7788.07
2020-12-22 22:00:00,0,7617.29,7613.55
2020-12-22 22:30:00,0,7534.41,7513.61
2020-12-22 23:00:00,0,7525.02,7369.94
2020-12-22 23:30:00,0,7399.83,7203.41
2020-12-23 00:00:00,0,7247.96,7026.99
2020-12-23 00:30:00,0,7154.43,6771.92
2020-12-23 01:00:00,0,6941.02,6550.14
2020-12-23 01:30:00,0,6706.96,6269.64
2020-12-23 02:00:00,0,6422.18,6051.09
2020-12-23 02:30:00,0,6191.46,5890.48
2020-12-23 03:00:00,0,6029.08,5815.5
2020-12-23 03:30:00,0,5946.27,5806.91
2020-12-23 04:00:00,0,5972.62,5854.07
2020-12-23 12:30:00,0,6361.61,6334.18
2020-12-23 13:00:00,0,6359.13,6365.23
2020-12-23 13:30:00,0,6488.97,6538.81
2020-12-23 14:00:00,0,6613.21,6610.36
2020-12-23 14:30:00,0,6759.25,6790.8
2020-12-23 15:00:00,0,6875.19,6867.22
2020-12-23 15:30:00,0,7070.11,7066.12
2020-12-23 16:00:00,0,7355.34,7307.72
2020-12-23 16:30:00,0,7625.97,7603.28
2020-12-23 17:00:00,0,7871.53,7889.04
2020-12-23 17:30:00,0,8129.96,8093.53
2020-12-23 18:00:00,0,8148.92,8186.73
2020-12-23 18:30:00,0,8150.75,8145.56
2020-12-23 19:00:00,0,8085.94,8131.21
2020-12-23 19:30:00,0,7995.31,8072.26
2020-12-23 20:00:00,0,7827.76,8004.55
2020-12-23 20:30:00,0,7829.1,7880.31
2020-12-23 21:00:00,0,7708.09,7716.24
2020-12-23 21:30:00,0,7501.85,7657.72
2020-12-23 22:00:00,0,7489.11,7535.69
2020-12-23 22:30:00,0,7400.18,7492.5
2020-12-23 23:00:00,0,7364.69,7373.49
2020-12-23 23:30:00,0,7221.27,7190.54
2020-12-24 00:00:00,0,7056.1,6980.15
2020-12-24 00:30:00,0,6932.8,6687.4
2020-12-24 01:00:00,0,6730.26,6455.73
2020-12-24 01:30:00,0,6496.16,6166.53
2020-12-24 02:00:00,0,6188.86,5954.58
2020-12-24 02:30:00,0,5942.35,5792.76
2020-12-24 03:00:00,0,5721.64,5710.29
2020-12-24 03:30:00,0,5622.65,5688.28
2020-12-24 04:00:00,0,5581.55,5751.36
2020-12-24 12:30:00,0,5794.87,6678.15
2020-12-24 13:00:00,0,5615.23,6713.87
2020-12-24 13:30:00,0,5421.49,6830.86
2020-12-24 14:00:00,0,5351.59,6918.8
2020-12-24 14:30:00,0,5299.66,7080.19
2020-12-24 15:00:00,0,5356.1,7244.97
2020-12-24 15:30:00,0,5500.04,7415.08
2020-12-24 16:00:00,0,5699.99,7571.01
2020-12-24 16:30:00,0,5797.68,7753.19
2020-12-24 17:00:00,0,5960.91,7912.09
2020-12-24 17:30:00,0,6125.14,7960.65
2020-12-24 18:00:00,0,6242.73,7993.96
2020-12-24 18:30:00,0,6306.96,7930.87
2020-12-24 19:00:00,0,6392.12,7812.51
2020-12-24 19:30:00,0,6426.7,7776.6
2020-12-24 20:00:00,0,6525.79,7709.97
2020-12-24 20:30:00,0,6596.17,7551.94
2020-12-24 21:00:00,0,6574.84,7405.28
2020-12-24 21:30:00,0,6510.71,7354.35
2020-12-24 22:00:00,0,6565.31,7274.04
2020-12-24 22:30:00,0,6562.06,7242.5
2020-12-24 23:00:00,0,6615.29,7112.52
2020-12-24 23:30:00,0,6612.1,6901.31
2020-12-25 00:00:00,0,6548.74,6704.0
2020-12-25 00:30:00,0,6458.33,6408.02
2020-12-25 01:00:00,0,6302.92,6175.53
2020-12-25 01:30:00,0,6105.88,5898.23
2020-12-25 02:00:00,0,5850.14,5680.92
2020-12-25 02:30:00,0,5618.2,5518.57
2020-12-25 03:00:00,0,5467.92,5428.15
2020-12-25 03:30:00,0,5434.87,5382.21
2020-12-25 04:00:00,0,5365.09,5379.88
2020-12-25 12:30:00,0,5860.33,5587.59
2020-12-25 13:00:00,0,5746.19,5384.95
2020-12-25 13:30:00,0,5644.38,5287.83
2020-12-25 14:00:00,0,5606.66,5237.4
2020-12-25 14:30:00,0,5659.52,5321.98
2020-12-25 15:00:00,0,5747.22,5443.78
2020-12-25 15:30:00,0,5938.62,5627.74
2020-12-25 16:00:00,0,6301.44,5794.32
2020-12-25 16:30:00,0,6501.74,5944.68
2020-12-25 17:00:00,0,6717.76,6088.93
2020-12-25 17:30:00,0,6871.98,6159.04
2020-12-25 18:00:00,0,6947.09,6301.71
2020-12-25 18:30:00,0,7131.91,6385.68
2020-12-25 19:00:00,0,7181.63,6439.01
2020-12-25 19:30:00,0,7214.08,6503.92
2020-12-25 20:00:00,0,7264.5,6564.22
2020-12-25 20:30:00,0,7196.64,6564.11
2020-12-25 21:00:00,0,7143.51,6532.18
2020-12-25 21:30:00,0,7030.51,6545.72
2020-12-25 22:00:00,0,6931.01,6550.81
2020-12-25 22:30:00,0,6876.22,6548.61
2020-12-25 23:00:00,0,6878.39,6503.86
2020-12-25 23:30:00,0,6752.55,6396.82
2020-12-26 00:00:00,0,6564.41,6254.29
2020-12-26 00:30:00,0,6497.69,6084.27
2020-12-26 01:00:00,0,6324.43,5922.88
2020-12-26 01:30:00,0,6141.07,5753.41
2020-12-26 02:00:00,0,5888.97,5595.87
2020-12-26 02:30:00,0,5746.47,5474.2
2020-12-26 03:00:00,0,5563.24,5442.37
2020-12-26 03:30:00,0,5553.68,5428.66
2020-12-26 04:00:00,0,5538.9,5461.76
2020-12-26 12:30:00,0,5753.81,5584.47
2020-12-26 13:00:00,0,5911.76,5527.21
2020-12-26 13:30:00,0,6068.74,5465.87
2020-12-26 14:00:00,0,6242.9,5465.41
2020-12-26 14:30:00,0,6506.74,5609.28
2020-12-26 15:00:00,0,6746.68,5761.45
2020-12-26 15:30:00,0,7011.48,5965.64
2020-12-26 16:00:00,0,7353.02,6146.02
2020-12-26 16:30:00,0,7713.43,6330.38
2020-12-26 17:00:00,0,8061.03,6510.22
2020-12-26 17:30:00,0,8444.93,6722.83
2020-12-26 18:00:00,0,8598.21,6914.1
2020-12-26 18:30:00,0,8583.85,6976.9
2020-12-26 19:00:00,0,8526.53,7000.31
2020-12-26 19:30:00,0,8392.06,7064.21
2020-12-26 20:00:00,0,8305.06,7113.53
2020-12-26 20:30:00,0,8282.67,7066.45
2020-12-26 21:00:00,0,8116.11,6959.99
2020-12-26 21:30:00,0,7882.04,6936.84
2020-12-26 22:00:00,0,7749.67,6886.5
2020-12-26 22:30:00,0,7623.16,6876.99
2020-12-26 23:00:00,0,7462.26,6816.74
2020-12-26 23:30:00,0,7232.75,6680.15
2020-12-27 00:00:00,1,6942.33,6473.6
2020-12-27 00:30:00,1,6769.06,6213.4
2020-12-27 01:00:00,1,6532.14,6017.12
2020-12-27 01:30:00,1,6374.39,5759.45
2020-12-27 02:00:00,1,6166.76,5604.33
2020-12-27 02:30:00,1,5961.52,5509.88
2020-12-27 03:00:00,1,5882.12,5489.89
2020-12-27 03:30:00,1,5852.5,5593.25
2020-12-27 04:00:00,1,5840.38,5614.21
2020-12-27 12:30:00,1,6724.15,6259.82
2020-12-27 13:00:00,1,6821.69,6473.87
2020-12-27 13:30:00,1,6907.31,6715.07
2020-12-27 14:00:00,1,6807.78,6908.52
2020-12-27 14:30:00,1,6815.47,7296.15
2020-12-27 15:00:00,1,6913.67,7537.96
2020-12-27 15:30:00,1,7005.66,7809.33
2020-12-27 16:00:00,1,7197.15,8052.27
2020-12-27 16:30:00,1,7392.36,8325.5
2020-12-27 17:00:00,1,7560.39,8636.2
2020-12-27 17:30:00,1,7766.12,8891.75
2020-12-27 18:00:00,1,7762.24,8959.4
2020-12-27 18:30:00,1,7686.62,8844.65
2020-12-27 19:00:00,1,7577.44,8657.11
2020-12-27 19:30:00,1,7426.39,8517.64
2020-12-27 20:00:00,1,7340.64,8455.28
2020-12-27 20:30:00,1,7316.9,8387.85
2020-12-27 21:00:00,1,7163.52,8189.67
2020-12-27 21:30:00,1,7064.02,7989.65
2020-12-27 22:00:00,1,7035.01,7779.49
2020-12-27 22:30:00,1,6993.7,7562.42
2020-12-27 23:00:00,1,6966.23,7310.43
2020-12-27 23:30:00,1,6867.04,7056.19
2020-12-28 00:00:00,0,6732.42,6861.42
2020-12-28 00:30:00,0,6668.89,6541.53
2020-12-28 01:00:00,0,6524.77,6292.42
2020-12-28 01:30:00,0,6345.18,6022.8
2020-12-28 02:00:00,0,6092.74,5838.8
2020-12-28 02:30:00,0,5861.84,5715.92
2020-12-28 03:00:00,0,5744.97,5661.7
2020-12-28 03:30:00,0,5682.51,5627.85
2020-12-28 04:00:00,0,5626.16,5618.64
2020-12-28 12:30:00,0,6996.82,6415.5
2020-12-28 13:00:00,0,6980.16,6416.58
2020-12-28 13:30:00,0,6965.96,6393.59
2020-12-28 14:00:00,0,6894.14,6371.99
2020-12-28 14:30:00,0,6765.49,6356.09
2020-12-28 15:00:00,0,6925.91,6339.48
2020-12-28 15:30:00,0,6989.89,6406.61
2020-12-28 16:00:00,0,7092.14,6529.55
2020-12-28 16:30:00,0,7234.32,6682.77
2020-12-28 17:00:00,0,7358.41,6822.36
2020-12-28 17:30:00,0,7615.76,6898.47
2020-12-28 18:00:00,0,7640.6,6972.11
2020-12-28 18:30:00,0,7690.68,6964.85
2020-12-28 19:00:00,0,7554.94,6963.95
2020-12-28 19:30:00,0,7489.56,7001.7
2020-12-28 20:00:00,0,7525.66,7053.14
2020-12-28 20:30:00,0,7501.87,7006.44
2020-12-28 21:00:00,0,7401.04,6916.1
2020-12-28 21:30:00,0,7271.32,6907.11
2020-12-28 22:00:00,0,7257.45,6876.57
2020-12-28 22:30:00,0,7223.89,6822.41
2020-12-28 23:00:00,0,7226.35,6755.25
2020-12-28 23:30:00,0,7109.37,6638.99
2020-12-29 00:00:00,0,6957.01,6535.08
2020-12-29 00:30:00,0,6902.49,6454.22
2020-12-29 01:00:00,0,6710.6,6293.47
2020-12-29 01:30:00,0,6494.02,6068.7
2020-12-29 02:00:00,0,6262.95,5854.86
2020-12-29 02:30:00,0,5988.45,5717.34
2020-12-29 03:00:00,0,5852.03,5663.06
2020-12-29 03:30:00,0,5799.83,5650.9
2020-12-29 04:00:00,0,5775.83,5673.26
2020-12-29 12:30:00,0,6707.6,6418.5
2020-12-29 13:00:00,0,6675.37,6410.78
2020-12-29 13:30:00,0,6710.87,6419.36
2020-12-29 14:00:00,0,6807.42,6451.03
2020-12-29 14:30:00,0,6884.25,6361.48
2020-12-29 15:00:00,0,6996.06,6410.43
2020-12-29 15:30:00,0,7032.73,6541.93
2020-12-29 16:00:00,0,7214.9,6740.89
2020-12-29 16:30:00,0,7398.63,6971.88
2020-12-29 17:00:00,0,7507.63,7179.83
2020-12-29 17:30:00,0,7625.34,7273.5
2020-12-29 18:00:00,0,7674.8,7364.49
2020-12-29 18:30:00,0,7757.12,7395.68
2020-12-29 19:00:00,0,7711.58,7419.61
2020-12-29 19:30:00,0,7623.35,7409.25
2020-12-29 20:00:00,0,7627.26,7393.84
2020-12-29 20:30:00,0,7627.05,7304.99
2020-12-29 21:00:00,0,7502.55,7179.29
2020-12-29 21:30:00,0,7324.49,7202.46
2020-12-29 22:00:00,0,7375.88,7157.37
2020-12-29 22:30:00,0,7273.39,7080.78
2020-12-29 23:00:00,0,7303.13,7009.45
2020-12-29 23:30:00,0,7178.75,6890.91
2020-12-30 00:00:00,0,7088.15,6776.55
2020-12-30 00:30:00,0,6956.36,6688.48
2020-12-30 01:00:00,0,6760.48,6518.45
2020-12-30 01:30:00,0,6574.21,6285.11
2020-12-30 02:00:00,0,6267.78,6069.43
2020-12-30 02:30:00,0,6041.38,5907.18
2020-12-30 03:00:00,0,5910.06,5823.22
2020-12-30 03:30:00,0,5845.74,5786.7
2020-12-30 04:00:00,0,5781.4,5782.92
2020-12-30 12:30:00,0,6976.75,6423.71
2020-12-30 13:00:00,0,6968.59,6423.55
2020-12-30 13:30:00,0,6929.37,6450.22
2020-12-30 14:00:00,0,6949.35,6492.29
2020-12-30 14:30:00,0,6922.05,6445.49
2020-12-30 15:00:00,0,6908.66,6495.57
2020-12-30 15:30:00,0,6993.44,6630.65
2020-12-30 16:00:00,0,7169.46,6801.22
2020-12-30 16:30:00,0,7306.54,7034.8
2020-12-30 17:00:00,0,7460.31,7294.66
2020-12-30 17:30:00,0,7598.82,7504.7
2020-12-30 18:00:00,0,7544.13,7678.5
2020-12-30 18:30:00,0,7494.23,7776.92
2020-12-30 19:00:00,0,7434.83,7745.98
2020-12-30 19:30:00,0,7353.52,7618.99
2020-12-30 20:00:00,0,7292.56,7462.42
2020-12-30 20:30:00,0,7212.6,7287.94
2020-12-30 21:00:00,0,7141.64,7159.73
2020-12-30 21:30:00,0,7033.4,7199.08
2020-12-30 22:00:00,0,7072.75,7150.05
2020-12-30 22:30:00,0,7062.97,7094.2
2020-12-30 23:00:00,0,7172.6,7019.89
2020-12-30 23:30:00,0,7125.65,6897.51
2020-12-31 00:00:00,0,7080.04,6792.05
2020-12-31 00:30:00,0,7052.58,6670.23
2020-12-31 01:00:00,0,6846.57,6499.48
2020-12-31 01:30:00,0,6610.45,6258.32
2020-12-31 02:00:00,0,6268.29,6042.64
2020-12-31 02:30:00,0,6043.2,5884.38
2020-12-31 03:00:00,0,5826.44,5818.28
2020-12-31 03:30:00,0,5718.76,5807.77
2020-12-31 04:00:00,0,5672.01,5830.67
2020-12-31 12:30:00,0,6480.05,6711.24
2020-12-31 13:00:00,0,6498.82,6697.67
2020-12-31 13:30:00,0,6454.81,6732.86
2020-12-31 14:00:00,0,6472.46,6761.7
2020-12-31 14:30:00,0,6454.1,6707.14
2020-12-31 15:00:00,0,6432.7,6809.2
2020-12-31 15:30:00,0,6473.49,6941.85
2020-12-31 16:00:00,0,6543.97,7075.38
2020-12-31 16:30:00,0,6766.8,7213.5
2020-12-31 17:00:00,0,6901.48,7338.66
2020-12-31 17:30:00,0,7129.04,7246.0
2020-12-31 18:00:00,0,7198.09,7111.88
2020-12-31 18:30:00,0,7209.93,7035.51
2020-12-31 19:00:00,0,7180.9,6984.04
2020-12-31 19:30:00,0,7139.7,6948.47
2020-12-31 20:00:00,0,7204.52,6886.62
2020-12-31 20:30:00,0,7191.28,6792.53
2020-12-31 21:00:00,0,7069.48,6773.86
2020-12-31 21:30:00,0,6956.96,6913.74
2020-12-31 22:00:00,0,6975.47,7020.36
2020-12-31 22:30:00,0,6944.0,7076.08
2020-12-31 23:00:00,0,6946.88,7085.44
2020-12-31 23:30:00,0,6876.3,6980.41
2021-01-01 00:00:00,0,6773.9,6891.67
2021-01-01 00:30:00,0,6683.78,6747.58
2021-01-01 01:00:00,0,6503.73,6565.72
2021-01-01 01:30:00,0,6331.09,6363.16
2021-01-01 02:00:00,0,6047.75,6166.78
2021-01-01 02:30:00,0,5823.83,6023.83
2021-01-01 03:00:00,0,5692.4,5925.47
2021-01-01 03:30:00,0,5596.09,5874.87
2021-01-01 04:00:00,0,5564.77,5825.9
2021-01-01 12:30:00,0,6483.52,5814.91
2021-01-01 13:00:00,0,6442.91,5815.59
2021-01-01 13:30:00,0,6488.69,5829.72
2021-01-01 14:00:00,0,6477.32,5887.37
2021-01-01 14:30:00,0,6595.2,5905.15
2021-01-01 15:00:00,0,6693.18,6055.84
2021-01-01 15:30:00,0,6793.34,6240.45
2021-01-01 16:00:00,0,6863.36,6472.32
2021-01-01 16:30:00,0,7045.92,6715.6
2021-01-01 17:00:00,0,7180.58,6986.13
2021-01-01 17:30:00,0,7326.35,7153.84
2021-01-01 18:00:00,0,7476.32,7252.13
2021-01-01 18:30:00,0,7580.57,7297.68
2021-01-01 19:00:00,0,7556.35,7312.17
2021-01-01 19:30:00,0,7505.99,7299.15
2021-01-01 20:00:00,0,7447.38,7266.31
2021-01-01 20:30:00,0,7348.5,7202.33
2021-01-01 21:00:00,0,7234.87,7116.25
2021-01-01 21:30:00,0,7112.89,7128.71
2021-01-01 22:00:00,0,7049.11,7088.1
2021-01-01 22:30:00,0,7005.6,6984.91
2021-01-01 23:00:00,0,7004.8,6903.2
2021-01-01 23:30:00,0,6883.13,6765.17
2021-01-02 00:00:00,0,6691.83,6646.25
2021-01-02 00:30:00,0,6617.58,6521.45
2021-01-02 01:00:00,0,6431.4,6350.02
2021-01-02 01:30:00,0,6270.56,6124.19
2021-01-02 02:00:00,0,6047.7,5912.5
2021-01-02 02:30:00,0,5829.74,5750.92
2021-01-02 03:00:00,0,5755.25,5673.63
2021-01-02 03:30:00,0,5706.31,5643.81
2021-01-02 04:00:00,0,5685.03,5646.89
2021-01-02 12:30:00,0,6590.39,6454.85
2021-01-02 13:00:00,0,6470.92,6456.87
2021-01-02 13:30:00,0,6358.02,6456.23
2021-01-02 14:00:00,0,6249.14,6499.0
2021-01-02 14:30:00,0,6450.78,6454.47
2021-01-02 15:00:00,0,6648.96,6529.77
2021-01-02 15:30:00,0,6935.51,6643.23
2021-01-02 16:00:00,0,7046.32,6787.6
2021-01-02 16:30:00,0,7245.42,6939.49
2021-01-02 17:00:00,0,7359.59,7110.98
2021-01-02 17:30:00,0,7658.95,7161.15
2021-01-02 18:00:00,0,7878.84,7186.18
2021-01-02 18:30:00,0,8052.25,7168.19
2021-01-02 19:00:00,0,8039.83,7136.32
2021-01-02 19:30:00,0,7983.51,7117.04
2021-01-02 20:00:00,0,7994.15,7096.53
2021-01-02 20:30:00,0,7964.03,7017.82
2021-01-02 21:00:00,0,7855.28,6923.12
2021-01-02 21:30:00,0,7610.07,6898.2
2021-01-02 22:00:00,0,7475.48,6871.63
2021-01-02 22:30:00,0,7356.31,6838.71
2021-01-02 23:00:00,0,7239.37,6750.95
2021-01-02 23:30:00,0,7093.05,6618.06
2021-01-03 00:00:00,0,6866.94,6511.95
2021-01-03 00:30:00,0,6790.47,6392.41
2021-01-03 01:00:00,0,6580.07,6241.86
2021-01-03 01:30:00,0,6417.13,6038.07
2021-01-03 02:00:00,0,6167.18,5866.98
2021-01-03 02:30:00,0,5959.08,5759.91
2021-01-03 03:00:00,0,5893.63,5717.36
2021-01-03 03:30:00,0,5898.96,5717.24
2021-01-03 04:00:00,0,5903.97,5728.69
2021-01-03 12:30:00,0,8016.89,6570.24
2021-01-03 13:00:00,0,8291.34,6616.81
2021-01-03 13:30:00,0,8355.53,6661.75
2021-01-03 14:00:00,0,8424.5,6745.64
2021-01-03 14:30:00,0,8587.05,6736.91
2021-01-03 15:00:00,0,8650.9,6853.11
2021-01-03 15:30:00,0,8836.48,6998.48
2021-01-03 16:00:00,0,8794.82,7185.75
2021-01-03 16:30:00,0,8550.04,7363.22
2021-01-03 17:00:00,0,8385.42,7600.0
2021-01-03 17:30:00,0,8455.61,7704.9
2021-01-03 18:00:00,0,8382.2,7742.7
2021-01-03 18:30:00,0,8299.86,7741.18
2021-01-03 19:00:00,0,8177.51,7719.01
2021-01-03 19:30:00,0,8097.16,7731.6
2021-01-03 20:00:00,0,8012.41,7747.44
2021-01-03 20:30:00,0,7933.13,7617.67
2021-01-03 21:00:00,0,7820.2,7464.86
2021-01-03 21:30:00,0,7640.03,7336.1
2021-01-03 22:00:00,0,7612.5,7193.55
2021-01-03 22:30:00,0,7485.91,7017.06
2021-01-03 23:00:00,0,7495.88,6833.35
2021-01-03 23:30:00,0,7387.3,6631.0
2021-01-04 00:00:00,0,7220.1,6481.35
2021-01-04 00:30:00,0,7093.37,6307.91
2021-01-04 01:00:00,0,6945.58,6101.04
2021-01-04 01:30:00,0,6746.77,5848.55
2021-01-04 02:00:00,0,6494.73,5682.33
2021-01-04 02:30:00,0,6252.59,5607.5
2021-01-04 03:00:00,0,6121.7,5610.45
2021-01-04 03:30:00,0,6065.21,5672.98
2021-01-04 04:00:00,0,6021.07,5764.15
2021-01-04 12:30:00,0,7295.63,8324.01
2021-01-04 13:00:00,0,7401.32,8403.63
2021-01-04 13:30:00,0,7501.41,8445.95
2021-01-04 14:00:00,0,7656.03,8518.97
2021-01-04 14:30:00,0,7854.1,8672.14
2021-01-04 15:00:00,0,8050.99,8729.62
2021-01-04 15:30:00,0,8135.67,8774.22
2021-01-04 16:00:00,0,8243.82,8855.88
2021-01-04 16:30:00,0,8571.91,8989.15
2021-01-04 17:00:00,0,8937.81,9067.49
2021-01-04 17:30:00,0,9197.11,9050.18
2021-01-04 18:00:00,0,9221.57,9038.95
2021-01-04 18:30:00,0,9271.53,8843.4
2021-01-04 19:00:00,0,9190.42,8664.13
2021-01-04 19:30:00,0,9079.14,8531.31
2021-01-04 20:00:00,0,8914.61,8391.33
2021-01-04 20:30:00,0,8719.57,8213.95
2021-01-04 21:00:00,0,8542.82,7990.92
2021-01-04 21:30:00,0,8261.52,7846.93
2021-01-04 22:00:00,0,8138.64,7690.44
2021-01-04 22:30:00,0,7889.05,7572.26
2021-01-04 23:00:00,0,7841.2,7414.2
2021-01-04 23:30:00,0,7645.41,7195.42
2021-01-05 00:00:00,0,7419.83,7051.45
2021-01-05 00:30:00,0,7291.93,6723.54
2021-01-05 01:00:00,0,7108.26,6493.49
2021-01-05 01:30:00,0,6878.36,6216.67
2021-01-05 02:00:00,0,6544.16,6016.24
2021-01-05 02:30:00,0,6353.5,5893.02
2021-01-05 03:00:00,0,6212.62,5818.64
2021-01-05 03:30:00,0,6135.88,5830.74
2021-01-05 04:00:00,0,6113.69,5893.01
2021-01-05 12:30:00,0,7304.94,7374.12
2021-01-05 13:00:00,0,7278.72,7390.7
2021-01-05 13:30:00,0,7233.47,7452.98
2021-01-05 14:00:00,0,7288.32,7591.34
2021-01-05 14:30:00,0,7349.95,7803.02
2021-01-05 15:00:00,0,7513.87,7966.7
2021-01-05 15:30:00,0,7645.0,8107.26
2021-01-05 16:00:00,0,7734.41,8239.76
2021-01-05 16:30:00,0,7908.17,8377.66
2021-01-05 17:00:00,0,7976.14,8582.55
2021-01-05 17:30:00,0,8047.84,8779.75
2021-01-05 18:00:00,0,8095.5,8857.55
2021-01-05 18:30:00,0,8108.64,8764.08
2021-01-05 19:00:00,0,7973.1,8628.72
2021-01-05 19:30:00,0,7876.03,8505.72
2021-01-05 20:00:00,0,7894.66,8394.36
2021-01-05 20:30:00,0,7822.4,8189.91
2021-01-05 21:00:00,0,7704.82,7919.35
2021-01-05 21:30:00,0,7500.8,7777.01
2021-01-05 22:00:00,0,7508.85,7625.46
2021-01-05 22:30:00,0,7402.9,7566.16
2021-01-05 23:00:00,0,7410.23,7419.55
2021-01-05 23:30:00,0,7303.72,7219.3
2021-01-06 00:00:00,0,7181.52,7065.79
2021-01-06 00:30:00,0,7055.85,6841.02
2021-01-06 01:00:00,0,6911.93,6604.82
2021-01-06 01:30:00,0,6724.36,6314.97
2021-01-06 02:00:00,0,6397.28,6094.18
2021-01-06 02:30:00,0,6171.8,5951.13
2021-01-06 03:00:00,0,6064.86,5871.03
2021-01-06 03:30:00,0,5959.3,5872.53
2021-01-06 04:00:00,0,5936.71,5922.4
2021-01-06 12:30:00,0,7070.63,7229.24
2021-01-06 13:00:00,0,7013.75,7197.63
2021-01-06 13:30:00,0,6972.64,7206.1
2021-01-06 14:00:00,0,6846.89,7299.9
2021-01-06 14:30:00,0,6809.25,7469.65
2021-01-06 15:00:00,0,6892.86,7584.33
2021-01-06 15:30:00,0,6941.41,7657.4
2021-01-06 16:00:00,0,7087.54,7727.58
2021-01-06 16:30:00,0,7393.53,7838.91
2021-01-06 17:00:00,0,7588.29,7999.33
2021-01-06 17:30:00,0,7746.52,8082.56
2021-01-06 18:00:00,0,7771.63,8149.33
2021-01-06 18:30:00,0,7936.65,8122.51
2021-01-06 19:00:00,0,7912.53,8051.0
2021-01-06 19:30:00,0,7886.47,7947.77
2021-01-06 20:00:00,0,7868.02,7867.93
2021-01-06 20:30:00,0,7838.4,7773.99
2021-01-06 21:00:00,0,7764.63,7594.57
2021-01-06 21:30:00,0,7492.97,7522.75
2021-01-06 22:00:00,0,7466.69,7426.77
2021-01-06 22:30:00,0,7352.77,7383.46
2021-01-06 23:00:00,0,7358.57,7282.84
2021-01-06 23:30:00,0,7277.59,7106.73
2021-01-07 00:00:00,0,7142.8,6970.74
2021-01-07 00:30:00,0,7108.66,6767.7
2021-01-07 01:00:00,0,6889.8,6544.82
2021-01-07 01:30:00,0,6718.44,6271.47
2021-01-07 02:00:00,0,6410.25,6067.36
2021-01-07 02:30:00,0,6161.57,5937.58
2021-01-07 03:00:00,0,6044.79,5870.01
2021-01-07 03:30:00,0,6032.85,5858.51
2021-01-07 04:00:00,0,5989.3,5912.61
2021-01-07 12:30:00,0,6750.38,6914.3
2021-01-07 13:00:00,0,6738.89,6902.58
2021-01-07 13:30:00,0,6701.59,6922.76
2021-01-07 14:00:00,0,6687.39,6995.55
2021-01-07 14:30:00,0,6675.1,7077.23
2021-01-07 15:00:00,0,6781.69,7157.48
2021-01-07 15:30:00,0,6859.84,7258.94
2021-01-07 16:00:00,0,6944.45,7376.97
2021-01-07 16:30:00,0,7090.54,7553.04
2021-01-07 17:00:00,0,7263.27,7775.13
2021-01-07 17:30:00,0,7441.21,7915.07
2021-01-07 18:00:00,0,7544.11,8038.24
2021-01-07 18:30:00,0,7683.92,8051.64
2021-01-07 19:00:00,0,7653.45,8026.85
2021-01-07 19:30:00,0,7647.88,8002.9
2021-01-07 20:00:00,0,7638.73,7968.48
2021-01-07 20:30:00,0,7649.88,7875.25
2021-01-07 21:00:00,0,7542.46,7718.83
2021-01-07 21:30:00,0,7384.99,7652.72
2021-01-07 22:00:00,0,7437.59,7556.0
2021-01-07 22:30:00,0,7401.14,7507.85
2021-01-07 23:00:00,0,7356.32,7398.85
2021-01-07 23:30:00,0,7220.57,7241.03
2021-01-08 00:00:00,0,7148.32,7104.79
2021-01-08 00:30:00,0,7051.89,6922.14
2021-01-08 01:00:00,0,6896.88,6712.51
2021-01-08 01:30:00,0,6724.42,6442.17
2021-01-08 02:00:00,0,6486.92,6228.7
2021-01-08 02:30:00,0,6207.93,6095.76
2021-01-08 03:00:00,0,6055.57,6022.93
2021-01-08 03:30:00,0,5968.49,5992.1
2021-01-08 04:00:00,0,5922.0,6032.86
2021-01-08 12:30:00,0,6019.24,6674.73
2021-01-08 13:00:00,0,5978.42,6645.29
2021-01-08 13:30:00,0,5986.12,6646.18
2021-01-08 14:00:00,0,5993.65,6722.91
2021-01-08 14:30:00,0,6026.81,6795.14
2021-01-08 15:00:00,0,6105.4,6876.04
2021-01-08 15:30:00,0,6242.86,6986.67
2021-01-08 16:00:00,0,6427.05,7163.08
2021-01-08 16:30:00,0,6670.15,7324.55
2021-01-08 17:00:00,0,6931.41,7506.58
2021-01-08 17:30:00,0,7146.05,7594.97
2021-01-08 18:00:00,0,7445.15,7672.02
2021-01-08 18:30:00,0,7649.84,7646.62
2021-01-08 19:00:00,0,7732.18,7620.13
2021-01-08 19:30:00,0,7777.51,7614.33
2021-01-08 20:00:00,0,7729.01,7617.47
2021-01-08 20:30:00,0,7736.92,7556.47
2021-01-08 21:00:00,0,7659.85,7451.41
2021-01-08 21:30:00,0,7492.11,7456.8
2021-01-08 22:00:00,0,7388.57,7439.17
2021-01-08 22:30:00,0,7272.64,7449.83
2021-01-08 23:00:00,0,7242.43,7383.28
2021-01-08 23:30:00,0,7093.17,7250.9
2021-01-09 00:00:00,0,6903.34,7130.11
2021-01-09 00:30:00,0,6782.71,6976.4
2021-01-09 01:00:00,0,6648.48,6771.23
2021-01-09 01:30:00,0,6460.65,6511.27
2021-01-09 02:00:00,0,6214.7,6282.5
2021-01-09 02:30:00,0,6013.51,6123.29
2021-01-09 03:00:00,0,5902.01,6039.22
2021-01-09 03:30:00,0,5842.35,5976.5
2021-01-09 04:00:00,0,5773.42,5955.63
2021-01-09 12:30:00,0,5853.0,5648.11
2021-01-09 13:00:00,0,5905.8,5603.08
2021-01-09 13:30:00,0,5986.26,5595.95
2021-01-09 14:00:00,0,6074.38,5696.8
2021-01-09 14:30:00,0,6212.54,5815.63
2021-01-09 15:00:00,0,6389.04,5975.97
2021-01-09 15:30:00,0,6624.94,6180.91
2021-01-09 16:00:00,0,6875.05,6439.44
2021-01-09 16:30:00,0,7190.09,6698.44
2021-01-09 17:00:00,0,7428.66,7023.69
2021-01-09 17:30:00,0,7804.84,7284.93
2021-01-09 18:00:00,0,8237.4,7476.1
2021-01-09 18:30:00,0,8399.97,7507.4
2021-01-09 19:00:00,0,8434.99,7501.02
2021-01-09 19:30:00,0,8354.02,7518.73
2021-01-09 20:00:00,0,8305.33,7579.89
2021-01-09 20:30:00,0,8219.71,7425.95
2021-01-09 21:00:00,0,8111.67,7304.64
2021-01-09 21:30:00,0,7845.99,7280.26
2021-01-09 22:00:00,0,7675.1,7220.31
2021-01-09 22:30:00,0,7514.56,7137.38
2021-01-09 23:00:00,0,7367.04,7009.08
2021-01-09 23:30:00,0,7165.5,6867.67
2021-01-10 00:00:00,0,6983.81,6724.77
2021-01-10 00:30:00,0,6880.33,6551.76
2021-01-10 01:00:00,0,6709.48,6371.13
2021-01-10 01:30:00,0,6532.33,6130.24
2021-01-10 02:00:00,0,6295.76,5946.42
2021-01-10 02:30:00,0,6130.86,5824.96
2021-01-10 03:00:00,0,6014.65,5772.65
2021-01-10 03:30:00,0,5957.11,5738.12
2021-01-10 04:00:00,0,5978.44,5736.82
2021-01-10 12:30:00,0,7240.26,5666.18
2021-01-10 13:00:00,0,7386.64,5731.73
2021-01-10 13:30:00,0,7460.94,5809.21
2021-01-10 14:00:00,0,7552.33,5942.25
2021-01-10 14:30:00,0,7699.63,6040.17
2021-01-10 15:00:00,0,7878.67,6211.31
2021-01-10 15:30:00,0,8118.58,6429.47
2021-01-10 16:00:00,0,8366.13,6716.83
2021-01-10 16:30:00,0,8682.67,7004.02
2021-01-10 17:00:00,0,8967.96,7357.59
2021-01-10 17:30:00,0,9318.93,7685.12
2021-01-10 18:00:00,0,9478.49,7893.89
2021-01-10 18:30:00,0,9573.7,7947.08
2021-01-10 19:00:00,0,9377.85,7959.7
2021-01-10 19:30:00,0,9170.58,7978.25
2021-01-10 20:00:00,0,8916.54,8022.01
2021-01-10 20:30:00,0,8781.29,7806.02
2021-01-10 21:00:00,0,8530.39,7601.62
2021-01-10 21:30:00,0,8285.47,7424.89
2021-01-10 22:00:00,0,8192.92,7261.66
2021-01-10 22:30:00,0,7928.27,7108.88
2021-01-10 23:00:00,0,7758.63,6917.96
2021-01-10 23:30:00,0,7588.87,6761.36
2021-01-11 00:00:00,0,7421.67,6626.96
2021-01-11 00:30:00,0,7232.09,6494.68
2021-01-11 01:00:00,0,7024.59,6348.31
2021-01-11 01:30:00,0,6832.61,6137.82
2021-01-11 02:00:00,0,6556.25,5977.83
2021-01-11 02:30:00,0,6297.55,5897.45
2021-01-11 03:00:00,0,6174.28,5867.65
2021-01-11 03:30:00,0,6105.39,5886.29
2021-01-11 04:00:00,0,6079.26,5944.59
2021-01-11 12:30:00,0,8041.83,6952.56
2021-01-11 13:00:00,0,8279.6,7028.87
2021-01-11 13:30:00,0,8460.12,7099.19
2021-01-11 14:00:00,0,8595.95,7184.19
2021-01-11 14:30:00,0,8815.55,7302.66
2021-01-11 15:00:00,0,9005.64,7467.18
2021-01-11 15:30:00,0,9283.37,7721.45
2021-01-11 16:00:00,0,9615.99,8032.82
2021-01-11 16:30:00,0,9859.39,8351.6
2021-01-11 17:00:00,0,10086.6,8576.47
2021-01-11 17:30:00,0,10317.33,8757.78
2021-01-11 18:00:00,0,10376.04,8905.46
2021-01-11 18:30:00,0,10342.35,8816.53
2021-01-11 19:00:00,0,10170.98,8713.04
2021-01-11 19:30:00,0,9906.03,8630.42
2021-01-11 20:00:00,0,9692.56,8571.73
2021-01-11 20:30:00,0,9535.06,8381.51
2021-01-11 21:00:00,0,9253.46,8114.18
2021-01-11 21:30:00,0,8930.7,7946.35
2021-01-11 22:00:00,0,8670.76,7783.92
2021-01-11 22:30:00,0,8419.96,7657.42
2021-01-11 23:00:00,0,8203.15,7501.3
2021-01-11 23:30:00,0,7880.15,7334.73
2021-01-12 00:00:00,1,7762.73,7189.77
2021-01-12 00:30:00,1,7603.96,6948.11
2021-01-12 01:00:00,1,7339.84,6737.97
2021-01-12 01:30:00,1,7120.39,6468.81
2021-01-12 02:00:00,1,6843.49,6256.2
2021-01-12 02:30:00,1,6614.3,6118.67
2021-01-12 03:00:00,1,6458.27,6043.7
2021-01-12 03:30:00,1,6394.3,6030.7
2021-01-12 04:00:00,1,6422.71,6070.2
2021-01-12 12:30:00,1,8143.71,7598.3
2021-01-12 13:00:00,1,8274.63,7809.82
2021-01-12 13:30:00,1,8451.66,8026.74
2021-01-12 14:00:00,1,8596.06,8235.87
2021-01-12 14:30:00,1,8795.35,8682.76
2021-01-12 15:00:00,1,9052.32,9016.12
2021-01-12 15:30:00,1,9256.88,9310.21
2021-01-12 16:00:00,1,9555.65,9623.78
2021-01-12 16:30:00,1,9846.97,9866.2
2021-01-12 17:00:00,1,10108.34,10026.43
2021-01-12 17:30:00,1,10391.36,10055.17
2021-01-12 18:00:00,1,10429.8,10069.28
2021-01-12 18:30:00,1,10430.48,9928.04
2021-01-12 19:00:00,1,10222.74,9664.5
2021-01-12 19:30:00,1,9966.98,9420.66
2021-01-12 20:00:00,1,9659.51,9249.98
2021-01-12 20:30:00,1,9466.76,9085.29
2021-01-12 21:00:00,1,9158.68,8751.93
2021-01-12 21:30:00,1,8855.49,8519.56
2021-01-12 22:00:00,1,8720.98,8255.53
2021-01-12 22:30:00,1,8464.03,8091.5
2021-01-12 23:00:00,1,8238.12,7850.15
2021-01-12 23:30:00,1,7975.42,7668.63
2021-01-13 00:00:00,0,7786.77,7524.54
2021-01-13 00:30:00,0,7622.58,7315.97
2021-01-13 01:00:00,0,7374.02,7129.81
2021-01-13 01:30:00,0,7146.96,6882.19
2021-01-13 02:00:00,0,6821.68,6643.48
2021-01-13 02:30:00,0,6656.12,6510.43
2021-01-13 03:00:00,0,6493.28,6424.89
2021-01-13 03:30:00,0,6392.78,6400.74
2021-01-13 04:00:00,0,6467.56,6463.99
2021-01-13 12:30:00,0,8672.67,7862.18
2021-01-13 13:00:00,0,8965.31,8008.28
2021-01-13 13:30:00,0,9363.08,8167.1
2021-01-13 14:00:00,0,9644.94,8346.54
2021-01-13 14:30:00,0,9964.59,8706.97
2021-01-13 15:00:00,0,10287.68,8986.6
2021-01-13 15:30:00,0,10647.9,9233.01
2021-01-13 16:00:00,0,10981.14,9510.92
2021-01-13 16:30:00,0,11234.59,9755.37
2021-01-13 17:00:00,0,11519.36,9964.04
2021-01-13 17:30:00,0,11721.57,10032.53
2021-01-13 18:00:00,0,11729.36,10048.28
2021-01-13 18:30:00,0,11526.64,9930.55
2021-01-13 19:00:00,0,11066.94,9705.77
2021-01-13 19:30:00,0,10603.48,9535.16
2021-01-13 20:00:00,0,10106.55,9391.31
2021-01-13 20:30:00,0,9887.35,9221.0
2021-01-13 21:00:00,0,9559.53,8916.46
2021-01-13 21:30:00,0,9074.47,8713.84
2021-01-13 22:00:00,0,8810.02,8461.39
2021-01-13 22:30:00,0,8524.0,8222.56
2021-01-13 23:00:00,0,8309.58,7993.77
2021-01-13 23:30:00,0,8085.23,7767.03
2021-01-14 00:00:00,1,7832.84,7572.65
2021-01-14 00:30:00,1,7616.09,7364.74
2021-01-14 01:00:00,1,7373.79,7146.21
2021-01-14 01:30:00,1,7137.05,6873.22
2021-01-14 02:00:00,1,6842.51,6644.87
2021-01-14 02:30:00,1,6660.74,6496.3
2021-01-14 03:00:00,1,6472.94,6403.81
2021-01-14 03:30:00,1,6460.15,6386.56
2021-01-14 04:00:00,1,6446.13,6425.42
2021-01-14 12:30:00,1,8054.28,8855.36
2021-01-14 13:00:00,1,8164.18,9034.59
2021-01-14 13:30:00,1,8369.64,9266.48
2021-01-14 14:00:00,1,8563.87,9507.79
2021-01-14 14:30:00,1,8835.55,9810.06
2021-01-14 15:00:00,1,9179.85,10247.7
2021-01-14 15:30:00,1,9168.17,10595.11
2021-01-14 16:00:00,1,9387.15,10937.15
2021-01-14 16:30:00,1,9706.5,11204.47
2021-01-14 17:00:00,1,9742.69,11389.25
2021-01-14 17:30:00,1,9918.4,11345.68
2021-01-14 18:00:00,1,9883.05,11211.94
2021-01-14 18:30:00,1,9882.04,10824.43
2021-01-14 19:00:00,1,9712.16,10432.17
2021-01-14 19:30:00,1,9511.13,10118.5
2021-01-14 20:00:00,1,9295.14,9918.3
2021-01-14 20:30:00,1,9213.52,9617.62
2021-01-14 21:00:00,1,8997.71,9269.38
2021-01-14 21:30:00,1,8669.67,8960.99
2021-01-14 22:00:00,1,8523.08,8666.14
2021-01-14 22:30:00,1,8237.14,8416.54
2021-01-14 23:00:00,1,7997.45,8139.49
2021-01-14 23:30:00,1,7677.22,7842.34
2021-01-15 00:00:00,0,7370.07,7610.13
2021-01-15 00:30:00,0,7161.9,7331.28
2021-01-15 01:00:00,0,6956.45,7057.08
2021-01-15 01:30:00,0,6675.51,6741.71
2021-01-15 02:00:00,0,6388.75,6524.23
2021-01-15 02:30:00,0,6166.43,6375.1
2021-01-15 03:00:00,0,6038.08,6228.23
2021-01-15 03:30:00,0,5967.76,6205.13
2021-01-15 04:00:00,0,5906.56,6247.04
2021-01-15 12:30:00,0,5471.44,7613.49
2021-01-15 13:00:00,0,5481.82,7649.88
2021-01-15 13:30:00,0,5457.08,7748.53
2021-01-15 14:00:00,0,5505.02,7915.1
2021-01-15 14:30:00,0,5633.69,8234.57
2021-01-15 15:00:00,0,5750.63,8492.61
2021-01-15 15:30:00,0,5913.4,8703.85
2021-01-15 16:00:00,0,6198.49,9009.82
2021-01-15 16:30:00,0,6535.03,9242.02
2021-01-15 17:00:00,0,6827.68,9470.56
2021-01-15 17:30:00,0,7180.33,9515.63
2021-01-15 18:00:00,0,7407.59,9562.89
2021-01-15 18:30:00,0,7654.8,9406.54
2021-01-15 19:00:00,0,7736.97,9185.29
2021-01-15 19:30:00,0,7677.32,8933.6
2021-01-15 20:00:00,0,7615.61,8763.69
2021-01-15 20:30:00,0,7582.64,8504.36
2021-01-15 21:00:00,0,7498.83,8283.77
2021-01-15 21:30:00,0,7348.87,8182.24
2021-01-15 22:00:00,0,7216.36,8033.85
2021-01-15 22:30:00,0,7163.91,7817.94
2021-01-15 23:00:00,0,7149.3,7651.76
2021-01-15 23:30:00,0,6998.59,7403.87
2021-01-16 00:00:00,0,6797.4,7187.7
2021-01-16 00:30:00,0,6699.16,6929.58
2021-01-16 01:00:00,0,6505.59,6665.2
2021-01-16 01:30:00,0,6325.9,6353.06
2021-01-16 02:00:00,0,6070.48,6108.08
2021-01-16 02:30:00,0,5916.06,5927.44
2021-01-16 03:00:00,0,5852.31,5856.52
2021-01-16 03:30:00,0,5777.87,5790.02
2021-01-16 04:00:00,0,5755.89,5789.41
2021-01-16 12:30:00,0,5613.33,5229.45
2021-01-16 13:00:00,0,5632.39,5165.31
2021-01-16 13:30:00,0,5686.93,5140.22
2021-01-16 14:00:00,0,5753.35,5221.0
2021-01-16 14:30:00,0,5826.89,5241.12
2021-01-16 15:00:00,0,6001.7,5444.81
2021-01-16 15:30:00,0,6184.23,5699.3
2021-01-16 16:00:00,0,6475.3,5975.3
2021-01-16 16:30:00,0,6797.41,6279.69
2021-01-16 17:00:00,0,7159.89,6749.46
2021-01-16 17:30:00,0,7497.41,7123.95
2021-01-16 18:00:00,0,7782.96,7350.8
2021-01-16 18:30:00,0,7953.18,7456.98
2021-01-16 19:00:00,0,7978.96,7491.82
2021-01-16 19:30:00,0,7913.51,7470.06
2021-01-16 20:00:00,0,7831.96,7454.89
2021-01-16 20:30:00,0,7848.25,7286.37
2021-01-16 21:00:00,0,7784.44,7187.0
2021-01-16 21:30:00,0,7545.21,7148.3
2021-01-16 22:00:00,0,7451.49,7129.8
2021-01-16 22:30:00,0,7330.31,7022.39
2021-01-16 23:00:00,0,7273.28,6933.48
2021-01-16 23:30:00,0,7127.03,6796.31
2021-01-17 00:00:00,0,6925.67,6644.27
2021-01-17 00:30:00,0,6860.82,6483.01
2021-01-17 01:00:00,0,6717.02,6279.26
2021-01-17 01:30:00,0,6555.88,6032.78
2021-01-17 02:00:00,0,6290.72,5855.76
2021-01-17 02:30:00,0,6124.47,5716.59
2021-01-17 03:00:00,0,6080.32,5679.23
2021-01-17 03:30:00,0,6048.96,5667.65
2021-01-17 04:00:00,0,6099.28,5692.54
2021-01-17 12:30:00,0,7575.26,5436.46
2021-01-17 13:00:00,0,7701.52,5459.11
2021-01-17 13:30:00,0,7887.74,5489.28
2021-01-17 14:00:00,0,8049.8,5613.6
2021-01-17 14:30:00,0,8305.54,5698.36
2021-01-17 15:00:00,0,8603.44,5847.2
2021-01-17 15:30:00,0,8843.06,6069.03
2021-01-17 16:00:00,0,9114.54,6335.2
2021-01-17 16:30:00,0,9403.28,6630.88
2021-01-17 17:00:00,0,9702.27,7016.9
2021-01-17 17:30:00,0,10015.89,7419.22
2021-01-17 18:00:00,0,10075.24,7651.78
2021-01-17 18:30:00,0,10040.19,7703.97
2021-01-17 19:00:00,0,9812.43,7686.37
2021-01-17 19:30:00,0,9570.39,7668.96
2021-01-17 20:00:00,0,9260.32,7663.61
2021-01-17 20:30:00,0,9144.33,7434.34
2021-01-17 21:00:00,0,8948.39,7235.2
2021-01-17 21:30:00,0,8655.97,7128.49
2021-01-17 22:00:00,0,8445.77,7009.56
2021-01-17 22:30:00,0,8204.08,6888.18
2021-01-17 23:00:00,0,8025.59,6724.72
2021-01-17 23:30:00,0,7804.94,6579.31
2021-01-18 00:00:00,0,7593.58,6479.72
2021-01-18 00:30:00,0,7435.84,6422.25
2021-01-18 01:00:00,0,7244.16,6281.43
2021-01-18 01:30:00,0,7016.05,6076.85
2021-01-18 02:00:00,0,6719.06,5931.64
2021-01-18 02:30:00,0,6507.98,5849.45
2021-01-18 03:00:00,0,6385.24,5844.53
2021-01-18 03:30:00,0,6325.06,5895.19
2021-01-18 04:00:00,0,6305.91,5980.4
2021-01-18 12:30:00,0,7607.44,7362.13
2021-01-18 13:00:00,0,7656.76,7470.79
2021-01-18 13:30:00,0,7710.44,7614.26
2021-01-18 14:00:00,0,7701.9,7812.54
2021-01-18 14:30:00,0,7659.43,8243.77
2021-01-18 15:00:00,0,7545.66,8456.65
2021-01-18 15:30:00,0,7612.08,8740.53
2021-01-18 16:00:00,0,7808.75,9054.76
2021-01-18 16:30:00,0,7957.18,9325.82
2021-01-18 17:00:00,0,8176.17,9587.38
2021-01-18 17:30:00,0,8334.22,9663.72
2021-01-18 18:00:00,0,8414.59,9704.43
2021-01-18 18:30:00,0,8450.77,9518.92
2021-01-18 19:00:00,0,8354.04,9266.98
2021-01-18 19:30:00,0,8230.44,9081.02
2021-01-18 20:00:00,0,8104.86,8943.4
2021-01-18 20:30:00,0,8104.21,8762.39
2021-01-18 21:00:00,0,7913.8,8478.1
2021-01-18 21:30:00,0,7691.9,8252.27
2021-01-18 22:00:00,0,7645.83,8045.29
2021-01-18 22:30:00,0,7526.01,7849.62
2021-01-18 23:00:00,0,7433.64,7643.41
2021-01-18 23:30:00,0,7322.71,7434.87
2021-01-19 00:00:00,0,7210.05,7295.53
2021-01-19 00:30:00,0,7096.24,7170.29
2021-01-19 01:00:00,0,6858.62,6977.8
2021-01-19 01:30:00,0,6676.43,6737.72
2021-01-19 02:00:00,0,6380.13,6553.2
2021-01-19 02:30:00,0,6177.01,6436.03
2021-01-19 03:00:00,0,6086.2,6388.61
2021-01-19 03:30:00,0,6026.99,6383.79
2021-01-19 04:00:00,0,6044.65,6419.51
2021-01-19 12:30:00,0,7390.21,7249.44
2021-01-19 13:00:00,0,7276.64,7238.26
2021-01-19 13:30:00,0,7246.82,7253.54
2021-01-19 14:00:00,0,7197.39,7258.76
2021-01-19 14:30:00,0,7171.16,7309.23
2021-01-19 15:00:00,0,7213.37,7332.73
2021-01-19 15:30:00,0,7323.09,7456.51
2021-01-19 16:00:00,0,7498.03,7625.36
2021-01-19 16:30:00,0,7662.1,7820.33
2021-01-19 17:00:00,0,7784.3,8022.56
2021-01-19 17:30:00,0,7974.43,8139.4
2021-01-19 18:00:00,0,8042.99,8261.01
2021-01-19 18:30:00,0,8139.66,8257.24
2021-01-19 19:00:00,0,8092.98,8223.97
2021-01-19 19:30:00,0,8034.72,8189.36
2021-01-19 20:00:00,0,7972.66,8130.27
2021-01-19 20:30:00,0,7997.14,8054.14
2021-01-19 21:00:00,0,7861.04,7864.24
2021-01-19 21:30:00,0,7682.3,7760.85
2021-01-19 22:00:00,0,7649.12,7650.02
2021-01-19 22:30:00,0,7500.51,7568.69
2021-01-19 23:00:00,0,7481.91,7431.28
2021-01-19 23:30:00,0,7402.03,7255.5
2021-01-20 00:00:00,0,7234.81,7159.12
2021-01-20 00:30:00,0,7115.07,7007.96
2021-01-20 01:00:00,0,6952.32,6826.74
2021-01-20 01:30:00,0,6704.63,6589.25
2021-01-20 02:00:00,0,6451.1,6387.42
2021-01-20 02:30:00,0,6253.45,6270.72
2021-01-20 03:00:00,0,6152.19,6200.68
2021-01-20 03:30:00,0,6104.21,6187.93
2021-01-20 04:00:00,0,6122.5,6229.21
2021-01-20 12:30:00,0,6884.65,7239.79
2021-01-20 13:00:00,0,6923.73,7274.47
2021-01-20 13:30:00,0,7033.3,7277.74
2021-01-20 14:00:00,0,7171.91,7313.23
2021-01-20 14:30:00,0,7278.78,7263.9
2021-01-20 15:00:00,0,7451.27,7329.1
2021-01-20 15:30:00,0,7709.08,7483.55
2021-01-20 16:00:00,0,7886.58,7642.74
2021-01-20 16:30:00,0,8130.3,7828.76
2021-01-20 17:00:00,0,8417.53,8023.9
2021-01-20 17:30:00,0,8802.16,8069.91
2021-01-20 18:00:00,0,9016.55,8153.18
2021-01-20 18:30:00,0,9107.78,8122.6
2021-01-20 19:00:00,0,9042.63,8080.11
2021-01-20 19:30:00,0,8910.31,8070.27
2021-01-20 20:00:00,0,8817.02,8017.68
2021-01-20 20:30:00,0,8747.36,7939.71
2021-01-20 21:00:00,0,8511.28,7773.48
2021-01-20 21:30:00,0,8195.05,7693.85
2021-01-20 22:00:00,0,8094.65,7593.1
2021-01-20 22:30:00,0,7931.38,7494.18
2021-01-20 23:00:00,0,7898.29,7383.94
2021-01-20 23:30:00,0,7699.82,7237.99
2021-01-21 00:00:00,0,7480.66,7149.59
2021-01-21 00:30:00,0,7393.99,7016.1
2021-01-21 01:00:00,0,7194.56,6849.72
2021-01-21 01:30:00,0,6972.41,6629.02
2021-01-21 02:00:00,0,6654.84,6432.22
2021-01-21 02:30:00,0,6417.13,6307.68
2021-01-21 03:00:00,0,6279.3,6233.76
2021-01-21 03:30:00,0,6211.0,6219.58
2021-01-21 04:00:00,0,6257.99,6275.59
2021-01-21 12:30:00,0,8141.77,7037.62
2021-01-21 13:00:00,0,8436.33,7136.25
2021-01-21 13:30:00,0,8754.98,7261.3
2021-01-21 14:00:00,0,9087.89,7396.51
2021-01-21 14:30:00,0,9435.59,7480.27
2021-01-21 15:00:00,0,9804.61,7700.35
2021-01-21 15:30:00,0,10197.53,7949.08
2021-01-21 16:00:00,0,10488.91,8197.87
2021-01-21 16:30:00,0,10555.14,8450.03
2021-01-21 17:00:00,0,10734.16,8691.13
2021-01-21 17:30:00,0,10926.06,8795.66
2021-01-21 18:00:00,0,10934.61,8830.88
2021-01-21 18:30:00,0,10914.66,8738.16
2021-01-21 19:00:00,0,10686.25,8638.01
2021-01-21 19:30:00,0,10483.42,8590.87
2021-01-21 20:00:00,0,10209.63,8532.5
2021-01-21 20:30:00,0,10019.15,8345.8
2021-01-21 21:00:00,0,9762.84,8113.26
2021-01-21 21:30:00,0,9433.23,7964.99
2021-01-21 22:00:00,0,9189.69,7808.42
2021-01-21 22:30:00,0,8851.64,7702.94
2021-01-21 23:00:00,0,8650.44,7562.56
2021-01-21 23:30:00,0,8356.77,7431.82
2021-01-22 00:00:00,1,8029.89,7318.84
2021-01-22 00:30:00,1,7852.38,7208.04
2021-01-22 01:00:00,1,7617.88,7023.4
2021-01-22 01:30:00,1,7246.7,6798.4
2021-01-22 02:00:00,1,6986.8,6592.83
2021-01-22 02:30:00,1,6681.09,6463.31
2021-01-22 03:00:00,1,6530.19,6367.69
2021-01-22 03:30:00,1,6441.2,6343.66
2021-01-22 04:00:00,1,6400.65,6383.64
2021-01-22 12:30:00,1,8364.08,8128.23
2021-01-22 13:00:00,1,8532.93,8424.13
2021-01-22 13:30:00,1,8723.16,8757.67
2021-01-22 14:00:00,1,8923.39,8991.97
2021-01-22 14:30:00,1,9124.55,9308.93
2021-01-22 15:00:00,1,9405.74,9688.46
2021-01-22 15:30:00,1,9714.98,9998.8
2021-01-22 16:00:00,1,10010.06,10326.53
2021-01-22 16:30:00,1,10347.62,10635.67
2021-01-22 17:00:00,1,10435.78,10806.77
2021-01-22 17:30:00,1,10571.47,10782.0
2021-01-22 18:00:00,1,10640.9,10623.8
2021-01-22 18:30:00,1,10740.75,10339.43
2021-01-22 19:00:00,1,10655.34,10023.12
2021-01-22 19:30:00,1,10416.28,9755.48
2021-01-22 20:00:00,1,10171.6,9578.52
2021-01-22 20:30:00,1,10049.72,9310.2
2021-01-22 21:00:00,1,9811.92,9013.63
2021-01-22 21:30:00,1,9498.78,8794.61
2021-01-22 22:00:00,1,9141.79,8586.55
2021-01-22 22:30:00,1,8900.01,8467.68
2021-01-22 23:00:00,1,8675.09,8282.48
2021-01-22 23:30:00,1,8356.45,7997.42
2021-01-23 00:00:00,1,8015.85,7784.24
2021-01-23 00:30:00,1,7771.49,7532.27
2021-01-23 01:00:00,1,7505.65,7249.61
2021-01-23 01:30:00,1,7252.74,6930.98
2021-01-23 02:00:00,1,6981.79,6699.25
2021-01-23 02:30:00,1,6754.61,6585.38
2021-01-23 03:00:00,1,6653.7,6483.3
2021-01-23 03:30:00,1,6557.97,6444.33
2021-01-23 04:00:00,1,6510.51,6427.6
2021-01-23 12:30:00,1,9197.5,7718.01
2021-01-23 13:00:00,1,9413.32,7928.36
2021-01-23 13:30:00,1,9638.19,8168.78
2021-01-23 14:00:00,1,9821.85,8430.79
2021-01-23 14:30:00,1,9986.0,8719.8
2021-01-23 15:00:00,1,10252.19,9037.57
2021-01-23 15:30:00,1,10531.6,9347.16
2021-01-23 16:00:00,1,10846.84,9654.27
2021-01-23 16:30:00,1,11183.29,9957.35
2021-01-23 17:00:00,1,11458.48,10299.89
2021-01-23 17:30:00,1,11633.06,10512.16
2021-01-23 18:00:00,1,11440.56,10544.34
2021-01-23 18:30:00,1,11318.32,10410.81
2021-01-23 19:00:00,1,10998.12,10135.66
2021-01-23 19:30:00,1,10702.14,9971.76
2021-01-23 20:00:00,1,10477.51,9881.44
2021-01-23 20:30:00,1,10242.4,9644.7
2021-01-23 21:00:00,1,9924.23,9366.46
2021-01-23 21:30:00,1,9613.22,9064.33
2021-01-23 22:00:00,1,9279.28,8818.79
2021-01-23 22:30:00,1,8855.94,8689.73
2021-01-23 23:00:00,1,8641.25,8393.81
2021-01-23 23:30:00,1,8259.31,8037.78
2021-01-24 00:00:00,1,7958.28,7714.54
2021-01-24 00:30:00,1,7756.25,7369.58
2021-01-24 01:00:00,1,7555.72,7060.39
2021-01-24 01:30:00,1,7326.37,6712.63
2021-01-24 02:00:00,1,7068.88,6506.24
2021-01-24 02:30:00,1,6855.51,6364.72
2021-01-24 03:00:00,1,6782.75,6315.61
2021-01-24 03:30:00,1,6683.37,6296.03
2021-01-24 04:00:00,1,6683.32,6297.26
2021-01-24 12:30:00,1,10131.73,8785.76
2021-01-24 13:00:00,1,10412.17,9036.22
2021-01-24 13:30:00,1,10604.42,9289.11
2021-01-24 14:00:00,1,10817.67,9547.97
2021-01-24 14:30:00,1,11051.23,9867.15
2021-01-24 15:00:00,1,11285.7,10145.01
2021-01-24 15:30:00,1,11519.07,10390.87
2021-01-24 16:00:00,1,11698.74,10597.81
2021-01-24 16:30:00,1,11918.42,10855.73
2021-01-24 17:00:00,1,12034.19,11098.16
2021-01-24 17:30:00,1,12197.57,11275.07
2021-01-24 18:00:00,1,12155.83,11308.74
2021-01-24 18:30:00,1,12042.87,11179.57
2021-01-24 19:00:00,1,11694.5,10881.84
2021-01-24 19:30:00,1,11362.51,10686.72
2021-01-24 20:00:00,1,10994.31,10512.39
2021-01-24 20:30:00,1,10797.1,10219.71
2021-01-24 21:00:00,1,10428.73,9829.76
2021-01-24 21:30:00,1,9981.5,9397.06
2021-01-24 22:00:00,1,9672.4,9047.6
2021-01-24 22:30:00,1,9293.59,8789.17
2021-01-24 23:00:00,1,9061.21,8398.74
2021-01-24 23:30:00,1,8694.4,7957.84
2021-01-25 00:00:00,1,8329.93,7624.32
2021-01-25 00:30:00,1,8112.92,7259.88
2021-01-25 01:00:00,1,7790.3,6976.71
2021-01-25 01:30:00,1,7500.73,6650.77
2021-01-25 02:00:00,1,7161.85,6489.39
2021-01-25 02:30:00,1,6885.5,6423.18
2021-01-25 03:00:00,1,6708.15,6395.55
2021-01-25 03:30:00,1,6581.05,6456.51
2021-01-25 04:00:00,1,6558.7,6544.77
2021-01-25 12:30:00,1,9716.41,9854.78
2021-01-25 13:00:00,1,9871.84,10139.44
2021-01-25 13:30:00,1,10147.46,10357.7
2021-01-25 14:00:00,1,10414.34,10655.53
2021-01-25 14:30:00,1,10660.18,11015.48
2021-01-25 15:00:00,1,10965.3,11400.96
2021-01-25 15:30:00,1,11204.14,11735.43
2021-01-25 16:00:00,1,11403.09,11982.6
2021-01-25 16:30:00,1,11709.11,12175.1
2021-01-25 17:00:00,1,11895.21,12335.95
2021-01-25 17:30:00,1,12059.74,12334.0
2021-01-25 18:00:00,1,11927.16,12342.15
2021-01-25 18:30:00,1,11926.42,12162.61
2021-01-25 19:00:00,1,11750.54,11832.67
2021-01-25 19:30:00,1,11558.52,11493.2
2021-01-25 20:00:00,1,11412.45,11200.95
2021-01-25 20:30:00,1,11210.47,10813.68
2021-01-25 21:00:00,1,10869.61,10355.23
2021-01-25 21:30:00,1,10444.0,9931.65
2021-01-25 22:00:00,1,9985.9,9359.5
2021-01-25 22:30:00,1,9549.88,9066.39
2021-01-25 23:00:00,1,9218.72,8767.59
2021-01-25 23:30:00,1,8881.7,8340.34
2021-01-26 00:00:00,1,8543.62,7973.99
2021-01-26 00:30:00,1,8285.31,7489.18
2021-01-26 01:00:00,1,8049.78,7150.08
2021-01-26 01:30:00,1,7773.67,6758.42
2021-01-26 02:00:00,1,7440.95,6524.68
2021-01-26 02:30:00,1,7229.94,6360.07
2021-01-26 03:00:00,1,7052.62,6290.4
2021-01-26 03:30:00,1,6978.91,6268.22
2021-01-26 04:00:00,1,6965.84,6277.3
2021-01-26 12:30:00,1,8705.72,9668.66
2021-01-26 13:00:00,1,8680.25,9922.9
2021-01-26 13:30:00,1,8710.29,10145.71
2021-01-26 14:00:00,1,8632.83,10427.56
2021-01-26 14:30:00,1,8640.48,10728.54
2021-01-26 15:00:00,1,8712.68,11110.75
2021-01-26 15:30:00,1,8698.8,11400.23
2021-01-26 16:00:00,1,8779.75,11694.05
2021-01-26 16:30:00,1,8818.12,11937.04
2021-01-26 17:00:00,1,8868.05,12146.51
2021-01-26 17:30:00,1,8993.69,12113.34
2021-01-26 18:00:00,1,9013.7,12113.2
2021-01-26 18:30:00,1,8904.29,11883.69
2021-01-26 19:00:00,1,8751.31,11586.12
2021-01-26 19:30:00,1,8598.51,11252.47
2021-01-26 20:00:00,1,8460.58,10974.61
2021-01-26 20:30:00,1,8328.03,10726.52
2021-01-26 21:00:00,1,8128.78,10346.01
2021-01-26 21:30:00,1,7867.06,10031.28
2021-01-26 22:00:00,1,7762.37,9665.58
2021-01-26 22:30:00,1,7623.42,9256.18
2021-01-26 23:00:00,1,7567.46,8875.95
2021-01-26 23:30:00,1,7439.7,8451.9
2021-01-27 00:00:00,0,7275.31,8130.32
2021-01-27 00:30:00,0,7128.05,7813.86
2021-01-27 01:00:00,0,7002.76,7506.75
2021-01-27 01:30:00,0,6802.25,7182.63
2021-01-27 02:00:00,0,6521.14,6924.83
2021-01-27 02:30:00,0,6318.92,6734.34
2021-01-27 03:00:00,0,6173.75,6653.31
2021-01-27 03:30:00,0,6150.14,6588.61
2021-01-27 04:00:00,0,6143.44,6631.96
2021-01-27 12:30:00,0,7907.56,8440.3
2021-01-27 13:00:00,0,7952.73,8405.21
2021-01-27 13:30:00,0,7888.16,8380.96
2021-01-27 14:00:00,0,7920.93,8360.54
2021-01-27 14:30:00,0,7989.12,8363.35
2021-01-27 15:00:00,0,8011.62,8444.04
2021-01-27 15:30:00,0,8009.39,8583.18
2021-01-27 16:00:00,0,8135.06,8704.93
2021-01-27 16:30:00,0,8247.32,8772.77
2021-01-27 17:00:00,0,8323.34,8910.87
2021-01-27 17:30:00,0,8552.14,8907.49
2021-01-27 18:00:00,0,8520.37,8951.31
2021-01-27 18:30:00,0,8494.06,8813.2
2021-01-27 19:00:00,0,8395.88,8690.67
2021-01-27 19:30:00,0,8294.71,8559.14
2021-01-27 20:00:00,0,8255.4,8429.54
2021-01-27 20:30:00,0,8130.07,8241.21
2021-01-27 21:00:00,0,7948.14,8008.6
2021-01-27 21:30:00,0,7690.7,7872.82
2021-01-27 22:00:00,0,7616.41,7702.89
2021-01-27 22:30:00,0,7516.37,7569.07
2021-01-27 23:00:00,0,7470.54,7400.82
2021-01-27 23:30:00,0,7333.6,7233.41
2021-01-28 00:00:00,0,7193.94,7102.39
2021-01-28 00:30:00,0,7107.85,7009.15
2021-01-28 01:00:00,0,6913.08,6806.36
2021-01-28 01:30:00,0,6720.05,6567.86
2021-01-28 02:00:00,0,6452.42,6333.72
2021-01-28 02:30:00,0,6275.09,6212.96
2021-01-28 03:00:00,0,6174.64,6139.61
2021-01-28 03:30:00,0,6171.0,6133.88
2021-01-28 04:00:00,0,6179.33,6171.55
2021-01-28 12:30:00,0,8094.22,8093.37
2021-01-28 13:00:00,0,8058.79,8042.76
2021-01-28 13:30:00,0,8003.33,8008.31
2021-01-28 14:00:00,0,7923.59,7973.34
2021-01-28 14:30:00,0,7885.48,7929.65
2021-01-28 15:00:00,0,7937.47,7988.38
2021-01-28 15:30:00,0,7994.08,8100.46
2021-01-28 16:00:00,0,8056.72,8191.83
2021-01-28 16:30:00,0,8205.26,8270.98
2021-01-28 17:00:00,0,8339.91,8378.3
2021-01-28 17:30:00,0,8445.79,8339.95
2021-01-28 18:00:00,0,8393.86,8329.87
2021-01-28 18:30:00,0,8342.25,8222.55
2021-01-28 19:00:00,0,8269.95,8159.27
2021-01-28 19:30:00,0,8207.42,8113.6
2021-01-28 20:00:00,0,8159.42,8034.11
2021-01-28 20:30:00,0,8128.5,7912.62
2021-01-28 21:00:00,0,8018.09,7746.95
2021-01-28 21:30:00,0,7798.54,7660.56
2021-01-28 22:00:00,0,7714.74,7538.01
2021-01-28 22:30:00,0,7700.0,7418.89
2021-01-28 23:00:00,0,7707.85,7307.5
2021-01-28 23:30:00,0,7551.3,7212.35
2021-01-29 00:00:00,0,7429.34,7140.4
2021-01-29 00:30:00,0,7316.13,7068.12
2021-01-29 01:00:00,0,7127.72,6899.04
2021-01-29 01:30:00,0,6920.03,6698.96
2021-01-29 02:00:00,0,6610.69,6474.78
2021-01-29 02:30:00,0,6386.0,6353.22
2021-01-29 03:00:00,0,6285.95,6274.24
2021-01-29 03:30:00,0,6174.7,6265.16
2021-01-29 04:00:00,0,6185.19,6297.15
2021-01-29 12:30:00,0,7239.02,8273.84
2021-01-29 13:00:00,0,7239.58,8229.24
2021-01-29 13:30:00,0,7050.73,8167.57
2021-01-29 14:00:00,0,7041.19,8154.24
2021-01-29 14:30:00,0,7063.84,8132.4
2021-01-29 15:00:00,0,7128.8,8171.08
2021-01-29 15:30:00,0,7302.37,8255.32
2021-01-29 16:00:00,0,7579.47,8381.34
2021-01-29 16:30:00,0,7965.66,8435.98
2021-01-29 17:00:00,0,8276.0,8516.62
2021-01-29 17:30:00,0,8615.04,8430.42
2021-01-29 18:00:00,0,8935.2,8321.33
2021-01-29 18:30:00,0,9022.3,8131.23
2021-01-29 19:00:00,0,9020.47,8009.1
2021-01-29 19:30:00,0,8857.64,7972.65
2021-01-29 20:00:00,0,8686.24,7913.42
2021-01-29 20:30:00,0,8576.6,7804.81
2021-01-29 21:00:00,0,8428.38,7669.79
2021-01-29 21:30:00,0,8200.73,7641.52
2021-01-29 22:00:00,0,8023.71,7586.75
2021-01-29 22:30:00,0,7868.0,7577.07
2021-01-29 23:00:00,0,7775.43,7502.88
2021-01-29 23:30:00,0,7571.88,7398.55
2021-01-30 00:00:00,1,7346.54,7315.44
2021-01-30 00:30:00,1,7159.46,7267.65
2021-01-30 01:00:00,1,6938.45,7071.16
2021-01-30 01:30:00,1,6751.31,6864.41
2021-01-30 02:00:00,1,6502.79,6668.79
2021-01-30 02:30:00,1,6336.89,6541.26
2021-01-30 03:00:00,1,6213.04,6449.53
2021-01-30 03:30:00,1,6144.94,6413.8
2021-01-30 04:00:00,1,6118.33,6391.35
2021-01-30 12:30:00,1,7150.31,7532.36
2021-01-30 13:00:00,1,7175.53,7575.96
2021-01-30 13:30:00,1,7118.88,7666.18
2021-01-30 14:00:00,1,7100.12,7832.12
2021-01-30 14:30:00,1,7055.73,8069.88
2021-01-30 15:00:00,1,7128.44,8264.17
2021-01-30 15:30:00,1,7208.14,8479.17
2021-01-30 16:00:00,1,7474.0,8702.41
2021-01-30 16:30:00,1,7535.81,8862.18
2021-01-30 17:00:00,1,7764.54,9130.68
2021-01-30 17:30:00,1,7983.23,9242.1
2021-01-30 18:00:00,1,8106.0,9220.19
2021-01-30 18:30:00,1,8230.0,9057.64
2021-01-30 19:00:00,1,8185.05,8831.62
2021-01-30 19:30:00,1,8124.37,8743.36
2021-01-30 20:00:00,1,8055.03,8647.13
2021-01-30 20:30:00,1,7953.32,8473.55
2021-01-30 21:00:00,1,7847.66,8266.84
2021-01-30 21:30:00,1,7612.96,8100.53
2021-01-30 22:00:00,1,7447.9,7965.35
2021-01-30 22:30:00,1,7307.91,7822.42
2021-01-30 23:00:00,1,7264.89,7628.6
2021-01-30 23:30:00,1,7095.82,7390.47
2021-01-31 00:00:00,0,6956.33,7195.18
2021-01-31 00:30:00,0,6855.82,7046.55
2021-01-31 01:00:00,0,6693.67,6801.48
2021-01-31 01:30:00,0,6511.88,6546.72
2021-01-31 02:00:00,0,6275.03,6370.96
2021-01-31 02:30:00,0,6121.26,6266.08
2021-01-31 03:00:00,0,6123.13,6220.13
2021-01-31 03:30:00,0,6064.05,6196.38
2021-01-31 04:00:00,0,6081.01,6189.55
2021-01-31 12:30:00,0,7891.88,7122.89
2021-01-31 13:00:00,0,7776.07,7135.22
2021-01-31 13:30:00,0,7929.97,7165.83
2021-01-31 14:00:00,0,8074.97,7231.45
2021-01-31 14:30:00,0,8154.18,7360.48
2021-01-31 15:00:00,0,8272.51,7465.67
2021-01-31 15:30:00,0,8570.35,7589.22
2021-01-31 16:00:00,0,8930.72,7749.9
2021-01-31 16:30:00,0,9217.09,7913.92
2021-01-31 17:00:00,0,9454.14,8155.22
2021-01-31 17:30:00,0,9653.05,8349.91
2021-01-31 18:00:00,0,9520.12,8440.05
2021-01-31 18:30:00,0,9440.21,8411.77
2021-01-31 19:00:00,0,9129.69,8328.29
2021-01-31 19:30:00,0,8932.57,8287.14
2021-01-31 20:00:00,0,8861.85,8207.8
2021-01-31 20:30:00,0,8756.44,7980.25
2021-01-31 21:00:00,0,8466.05,7755.55
2021-01-31 21:30:00,0,8157.49,7581.26
2021-01-31 22:00:00,0,8069.05,7432.84
2021-01-31 22:30:00,0,7914.58,7295.79
2021-01-31 23:00:00,0,7824.75,7119.28
2021-01-31 23:30:00,0,7626.12,6927.45
2021-02-01 00:00:00,0,7452.92,6781.68
2021-02-01 00:30:00,0,7364.16,6630.53
2021-02-01 01:00:00,0,7124.06,6451.96
2021-02-01 01:30:00,0,6925.35,6241.69
2021-02-01 02:00:00,0,6652.05,6120.42
2021-02-01 02:30:00,0,6429.09,6056.13
2021-02-01 03:00:00,0,6301.52,6049.84
2021-02-01 03:30:00,0,6228.12,6106.35
2021-02-01 04:00:00,0,6255.35,6199.84
2021-02-01 12:30:00,0,7294.75,8133.09
2021-02-01 13:00:00,0,7238.3,8167.38
2021-02-01 13:30:00,0,7279.36,8242.51
2021-02-01 14:00:00,0,7248.65,8359.56
2021-02-01 14:30:00,0,7229.9,8656.18
2021-02-01 15:00:00,0,7205.46,8901.16
2021-02-01 15:30:00,0,7359.2,9112.28
2021-02-01 16:00:00,0,7603.62,9326.18
2021-02-01 16:30:00,0,7759.36,9509.8
2021-02-01 17:00:00,0,7962.69,9697.55
2021-02-01 17:30:00,0,8173.61,9765.45
2021-02-01 18:00:00,0,8206.41,9766.6
2021-02-01 18:30:00,0,8244.71,9606.55
2021-02-01 19:00:00,0,8203.75,9395.23
2021-02-01 19:30:00,0,8164.22,9252.71
2021-02-01 20:00:00,0,8071.88,9078.11
2021-02-01 20:30:00,0,8047.76,8841.69
2021-02-01 21:00:00,0,7882.35,8542.28
2021-02-01 21:30:00,0,7643.45,8329.87
2021-02-01 22:00:00,0,7585.27,8138.17
2021-02-01 22:30:00,0,7454.0,7942.06
2021-02-01 23:00:00,0,7417.55,7759.05
2021-02-01 23:30:00,0,7291.06,7553.26
2021-02-02 00:00:00,0,7156.85,7388.69
2021-02-02 00:30:00,0,7076.33,7194.8
2021-02-02 01:00:00,0,6868.35,6958.5
2021-02-02 01:30:00,0,6729.58,6678.59
2021-02-02 02:00:00,0,6429.23,6495.62
2021-02-02 02:30:00,0,6240.0,6363.74
2021-02-02 03:00:00,0,6130.42,6302.86
2021-02-02 03:30:00,0,6119.41,6311.01
2021-02-02 04:00:00,0,6093.08,6364.02
2021-02-02 12:30:00,0,6874.7,7189.65
2021-02-02 13:00:00,0,6950.14,7119.44
2021-02-02 13:30:00,0,6967.72,7077.91
2021-02-02 14:00:00,0,6987.86,7076.86
2021-02-02 14:30:00,0,6997.44,7015.44
2021-02-02 15:00:00,0,7069.69,7114.84
2021-02-02 15:30:00,0,7172.79,7304.27
2021-02-02 16:00:00,0,7362.18,7534.04
2021-02-02 16:30:00,0,7686.3,7760.86
2021-02-02 17:00:00,0,7935.42,7988.68
2021-02-02 17:30:00,0,8204.71,8106.01
2021-02-02 18:00:00,0,8272.72,8265.98
2021-02-02 18:30:00,0,8393.53,8313.5
2021-02-02 19:00:00,0,8362.61,8312.46
2021-02-02 19:30:00,0,8351.26,8311.64
2021-02-02 20:00:00,0,8290.45,8222.73
2021-02-02 20:30:00,0,8214.19,8040.6
2021-02-02 21:00:00,0,8009.86,7807.26
2021-02-02 21:30:00,0,7787.53,7678.89
2021-02-02 22:00:00,0,7694.57,7567.1
2021-02-02 22:30:00,0,7533.49,7469.83
2021-02-02 23:00:00,0,7475.41,7357.25
2021-02-02 23:30:00,0,7352.15,7219.12
2021-02-03 00:00:00,0,7269.34,7101.18
2021-02-03 00:30:00,0,7164.37,6895.88
2021-02-03 01:00:00,0,7014.04,6699.73
2021-02-03 01:30:00,0,6752.73,6428.72
2021-02-03 02:00:00,0,6479.95,6228.77
2021-02-03 02:30:00,0,6259.74,6080.64
2021-02-03 03:00:00,0,6158.57,6009.3
2021-02-03 03:30:00,0,6114.54,6007.27
2021-02-03 04:00:00,0,6089.51,6067.79
2021-02-03 12:30:00,0,7517.31,6805.66
2021-02-03 13:00:00,0,7558.92,6811.26
2021-02-03 13:30:00,0,7859.25,6803.31
2021-02-03 14:00:00,0,8104.85,6833.55
2021-02-03 14:30:00,0,8271.09,6888.51
2021-02-03 15:00:00,0,8546.69,7088.26
2021-02-03 15:30:00,0,8828.54,7344.71
2021-02-03 16:00:00,0,9123.02,7598.46
2021-02-03 16:30:00,0,9446.12,7897.42
2021-02-03 17:00:00,0,9563.77,8151.4
2021-02-03 17:30:00,0,9764.82,8294.04
2021-02-03 18:00:00,0,9610.71,8380.86
2021-02-03 18:30:00,0,9514.62,8320.78
2021-02-03 19:00:00,0,9311.76,8277.14
2021-02-03 19:30:00,0,9205.13,8235.88
2021-02-03 20:00:00,0,9153.77,8143.94
2021-02-03 20:30:00,0,9047.81,7954.72
2021-02-03 21:00:00,0,8735.8,7761.02
2021-02-03 21:30:00,0,8367.99,7655.47
2021-02-03 22:00:00,0,8294.52,7554.91
2021-02-03 22:30:00,0,8126.79,7522.94
2021-02-03 23:00:00,0,7999.57,7396.16
2021-02-03 23:30:00,0,7852.62,7264.89
2021-02-04 00:00:00,0,7597.36,7147.45
2021-02-04 00:30:00,0,7460.48,6970.38
2021-02-04 01:00:00,0,7304.63,6771.71
2021-02-04 01:30:00,0,7069.2,6527.25
2021-02-04 02:00:00,0,6819.65,6331.23
2021-02-04 02:30:00,0,6592.78,6209.23
2021-02-04 03:00:00,0,6468.72,6137.08
2021-02-04 03:30:00,0,6438.92,6130.42
2021-02-04 04:00:00,0,6449.36,6190.22
2021-02-04 12:30:00,0,8263.92,7505.65
2021-02-04 13:00:00,0,8438.55,7604.64
2021-02-04 13:30:00,0,8543.14,7711.53
2021-02-04 14:00:00,0,8690.24,7805.89
2021-02-04 14:30:00,0,8827.2,7992.63
2021-02-04 15:00:00,0,8997.87,8288.06
2021-02-04 15:30:00,0,9372.0,8589.94
2021-02-04 16:00:00,0,9515.05,8805.71
2021-02-04 16:30:00,0,9788.24,9054.56
2021-02-04 17:00:00,0,9873.17,9221.01
2021-02-04 17:30:00,0,10102.9,9282.73
2021-02-04 18:00:00,0,9844.55,9256.81
2021-02-04 18:30:00,0,9655.7,9089.07
2021-02-04 19:00:00,0,9429.47,8943.1
2021-02-04 19:30:00,0,9221.62,8905.77
2021-02-04 20:00:00,0,9092.31,8763.82
2021-02-04 20:30:00,0,8924.54,8582.28
2021-02-04 21:00:00,0,8685.6,8322.29
2021-02-04 21:30:00,0,8481.52,8158.39
2021-02-04 22:00:00,0,8368.26,7977.06
2021-02-04 22:30:00,0,8199.44,7841.86
2021-02-04 23:00:00,0,8087.1,7662.05
2021-02-04 23:30:00,0,7883.99,7526.56
2021-02-05 00:00:00,0,7659.18,7402.32
2021-02-05 00:30:00,0,7517.75,7289.47
2021-02-05 01:00:00,0,7384.25,7095.98
2021-02-05 01:30:00,0,7098.61,6852.72
2021-02-05 02:00:00,0,6774.18,6644.26
2021-02-05 02:30:00,0,6585.17,6529.27
2021-02-05 03:00:00,0,6414.51,6450.85
2021-02-05 03:30:00,0,6306.66,6443.52
2021-02-05 04:00:00,0,6317.03,6487.59
2021-02-05 12:30:00,0,7704.7,8528.05
2021-02-05 13:00:00,0,7682.54,8682.86
2021-02-05 13:30:00,0,7628.47,8834.61
2021-02-05 14:00:00,0,7529.74,8951.43
2021-02-05 14:30:00,0,7461.29,9129.02
2021-02-05 15:00:00,0,7495.3,9352.58
2021-02-05 15:30:00,0,7628.4,9590.08
2021-02-05 16:00:00,0,7662.8,9783.18
2021-02-05 16:30:00,0,7825.45,9876.2
2021-02-05 17:00:00,0,7915.66,9930.58
2021-02-05 17:30:00,0,8065.51,9803.55
2021-02-05 18:00:00,0,8069.73,9646.4
2021-02-05 18:30:00,0,8124.84,9389.51
2021-02-05 19:00:00,0,8210.46,9165.08
2021-02-05 19:30:00,0,8136.5,9040.35
2021-02-05 20:00:00,0,8182.08,8889.03
2021-02-05 20:30:00,0,8201.09,8730.49
2021-02-05 21:00:00,0,8044.74,8504.26
2021-02-05 21:30:00,0,7842.8,8379.44
2021-02-05 22:00:00,0,7698.07,8208.06
2021-02-05 22:30:00,0,7645.81,8093.24
2021-02-05 23:00:00,0,7566.06,7927.09
2021-02-05 23:30:00,0,7343.15,7737.49
2021-02-06 00:00:00,0,7158.07,7541.27
2021-02-06 00:30:00,0,7000.84,7321.66
2021-02-06 01:00:00,0,6839.61,7071.09
2021-02-06 01:30:00,0,6659.12,6761.42
2021-02-06 02:00:00,0,6370.42,6526.52
2021-02-06 02:30:00,0,6194.77,6427.36
2021-02-06 03:00:00,0,6107.85,6342.32
2021-02-06 03:30:00,0,6073.82,6303.85
2021-02-06 04:00:00,0,6033.3,6302.91
2021-02-06 12:30:00,0,6453.45,7721.03
2021-02-06 13:00:00,0,6569.98,7787.28
2021-02-06 13:30:00,0,6573.33,7814.39
2021-02-06 14:00:00,0,6749.9,7902.71
2021-02-06 14:30:00,0,6879.38,8087.71
2021-02-06 15:00:00,0,7019.84,8249.86
2021-02-06 15:30:00,0,7219.29,8463.42
2021-02-06 16:00:00,0,7422.53,8648.74
2021-02-06 16:30:00,0,7650.64,8783.6
2021-02-06 17:00:00,0,7889.87,8944.52
2021-02-06 17:30:00,0,8221.08,8895.17
2021-02-06 18:00:00,0,8449.69,8821.03
2021-02-06 18:30:00,0,8524.88,8710.25
2021-02-06 19:00:00,0,8427.18,8554.55
2021-02-06 19:30:00,0,8307.48,8470.14
2021-02-06 20:00:00,0,8279.13,8416.33
2021-02-06 20:30:00,0,8269.57,8329.02
2021-02-06 21:00:00,0,8042.09,8050.0
2021-02-06 21:30:00,0,7792.1,7926.8
2021-02-06 22:00:00,0,7658.47,7752.77
2021-02-06 22:30:00,0,7458.04,7561.26
2021-02-06 23:00:00,0,7317.91,7453.37
2021-02-06 23:30:00,0,7139.45,7202.1
2021-02-07 00:00:00,0,6933.76,7023.22
2021-02-07 00:30:00,0,6787.98,6749.46
2021-02-07 01:00:00,0,6677.96,6510.15
2021-02-07 01:30:00,0,6511.31,6273.22
2021-02-07 02:00:00,0,6308.92,6084.45
2021-02-07 02:30:00,0,6140.43,6024.16
2021-02-07 03:00:00,0,6068.3,5983.84
2021-02-07 03:30:00,0,6064.21,5978.01
2021-02-07 04:00:00,0,6102.32,5995.48
2021-02-07 12:30:00,0,7679.91,6419.98
2021-02-07 13:00:00,0,7659.36,6520.53
2021-02-07 13:30:00,0,7635.5,6601.87
2021-02-07 14:00:00,0,7602.35,6700.86
2021-02-07 14:30:00,0,7505.12,6911.5
2021-02-07 15:00:00,0,7449.3,7137.54
2021-02-07 15:30:00,0,7634.92,7402.01
2021-02-07 16:00:00,0,7767.52,7665.77
2021-02-07 16:30:00,0,7995.46,7903.98
2021-02-07 17:00:00,0,8202.45,8189.16
2021-02-07 17:30:00,0,8440.11,8391.48
2021-02-07 18:00:00,0,8488.35,8476.62
2021-02-07 18:30:00,0,8502.99,8462.43
2021-02-07 19:00:00,0,8392.81,8399.02
2021-02-07 19:30:00,0,8305.41,8370.56
2021-02-07 20:00:00,0,8375.32,8297.63
2021-02-07 20:30:00,0,8222.53,8042.48
2021-02-07 21:00:00,0,8026.3,7806.2
2021-02-07 21:30:00,0,7767.49,7598.77
2021-02-07 22:00:00,0,7708.46,7396.52
2021-02-07 22:30:00,0,7554.3,7243.42
2021-02-07 23:00:00,0,7444.6,7058.63
2021-02-07 23:30:00,0,7326.55,6853.72
2021-02-08 00:00:00,0,7199.68,6698.04
2021-02-08 00:30:00,0,7098.7,6533.27
2021-02-08 01:00:00,0,6955.98,6334.22
2021-02-08 01:30:00,0,6719.71,6115.46
2021-02-08 02:00:00,0,6486.06,5965.16
2021-02-08 02:30:00,0,6296.3,5907.33
2021-02-08 03:00:00,0,6169.19,5911.97
2021-02-08 03:30:00,0,6094.89,5989.87
2021-02-08 04:00:00,0,6125.76,6089.9
2021-02-08 12:30:00,0,7374.9,7508.1
2021-02-08 13:00:00,0,7325.56,7502.63
2021-02-08 13:30:00,0,7300.21,7462.11
2021-02-08 14:00:00,0,7375.13,7474.71
2021-02-08 14:30:00,0,7361.58,7546.85
2021-02-08 15:00:00,0,7285.56,7696.53
2021-02-08 15:30:00,0,7421.72,7874.36
2021-02-08 16:00:00,0,7626.33,8085.58
2021-02-08 16:30:00,0,7804.01,8256.17
2021-02-08 17:00:00,0,7954.68,8455.03
2021-02-08 17:30:00,0,8207.79,8463.4
2021-02-08 18:00:00,0,8321.41,8536.02
2021-02-08 18:30:00,0,8425.34,8528.88
2021-02-08 19:00:00,0,8408.15,8488.75
2021-02-08 19:30:00,0,8296.38,8518.83
2021-02-08 20:00:00,0,8298.24,8414.37
2021-02-08 20:30:00,0,8209.63,8223.67
2021-02-08 21:00:00,0,7959.57,7988.4
2021-02-08 21:30:00,0,7742.82,7862.72
2021-02-08 22:00:00,0,7606.21,7711.54
2021-02-08 22:30:00,0,7489.78,7592.6
2021-02-08 23:00:00,0,7461.16,7463.95
2021-02-08 23:30:00,0,7326.42,7299.51
2021-02-09 00:00:00,0,7202.03,7178.27
2021-02-09 00:30:00,0,7130.5,7012.59
2021-02-09 01:00:00,0,6959.44,6808.28
2021-02-09 01:30:00,0,6731.1,6570.58
2021-02-09 02:00:00,0,6427.68,6370.41
2021-02-09 02:30:00,0,6209.12,6251.1
2021-02-09 03:00:00,0,6133.61,6194.5
2021-02-09 03:30:00,0,6099.31,6212.73
2021-02-09 04:00:00,0,6130.09,6281.07
2021-02-09 12:30:00,0,7278.16,7332.13
2021-02-09 13:00:00,0,7314.01,7309.24
2021-02-09 13:30:00,0,7227.85,7302.97
2021-02-09 14:00:00,0,7178.65,7331.28
2021-02-09 14:30:00,0,7295.91,7377.71
2021-02-09 15:00:00,0,7350.91,7512.75
2021-02-09 15:30:00,0,7449.5,7673.07
2021-02-09 16:00:00,0,7579.77,7902.11
2021-02-09 16:30:00,0,7836.91,8081.81
2021-02-09 17:00:00,0,8029.4,8280.47
2021-02-09 17:30:00,0,8242.59,8326.04
2021-02-09 18:00:00,0,8299.04,8405.44
2021-02-09 18:30:00,0,8449.08,8402.05
2021-02-09 19:00:00,0,8378.52,8365.23
2021-02-09 19:30:00,0,8278.61,8367.18
2021-02-09 20:00:00,0,8277.8,8272.16
2021-02-09 20:30:00,0,8196.44,8129.74
2021-02-09 21:00:00,0,7983.55,7917.62
2021-02-09 21:30:00,0,7756.37,7806.93
2021-02-09 22:00:00,0,7646.07,7675.03
2021-02-09 22:30:00,0,7511.92,7551.03
2021-02-09 23:00:00,0,7479.91,7427.63
2021-02-09 23:30:00,0,7347.46,7278.73
2021-02-10 00:00:00,0,7249.43,7180.73
2021-02-10 00:30:00,0,7177.04,7049.08
2021-02-10 01:00:00,0,6987.44,6862.9
2021-02-10 01:30:00,0,6754.84,6611.77
2021-02-10 02:00:00,0,6502.33,6409.88
2021-02-10 02:30:00,0,6311.35,6271.74
2021-02-10 03:00:00,0,6186.45,6193.0
2021-02-10 03:30:00,0,6149.28,6195.7
2021-02-10 04:00:00,0,6151.52,6254.92
2021-02-10 12:30:00,0,6961.09,7129.64
2021-02-10 13:00:00,0,7036.53,7113.18
2021-02-10 13:30:00,0,7216.88,7114.49
2021-02-10 14:00:00,0,7255.03,7107.73
2021-02-10 14:30:00,0,7405.25,7189.86
2021-02-10 15:00:00,0,7563.1,7331.39
2021-02-10 15:30:00,0,7933.07,7464.58
2021-02-10 16:00:00,0,8223.84,7702.29
2021-02-10 16:30:00,0,8581.77,7929.04
2021-02-10 17:00:00,0,8817.8,8210.11
2021-02-10 17:30:00,0,9130.96,8313.0
2021-02-10 18:00:00,0,9267.69,8390.2
2021-02-10 18:30:00,0,9348.66,8372.39
2021-02-10 19:00:00,0,9245.01,8323.42
2021-02-10 19:30:00,0,9084.99,8318.45
2021-02-10 20:00:00,0,9010.23,8225.26
2021-02-10 20:30:00,0,8915.02,8096.67
2021-02-10 21:00:00,0,8580.36,7888.84
2021-02-10 21:30:00,0,8275.09,7799.31
2021-02-10 22:00:00,0,8168.36,7674.1
2021-02-10 22:30:00,0,7935.74,7579.31
2021-02-10 23:00:00,0,7840.75,7452.42
2021-02-10 23:30:00,0,7646.95,7308.54
2021-02-11 00:00:00,0,7468.64,7216.05
2021-02-11 00:30:00,0,7332.2,7082.13
2021-02-11 01:00:00,0,7101.55,6883.24
2021-02-11 01:30:00,0,6898.27,6627.58
2021-02-11 02:00:00,0,6562.72,6421.34
2021-02-11 02:30:00,0,6387.66,6276.56
2021-02-11 03:00:00,0,6236.59,6205.54
2021-02-11 03:30:00,0,6197.43,6196.59
2021-02-11 04:00:00,0,6203.72,6251.29
2021-02-11 12:30:00,0,8017.17,7063.31
2021-02-11 13:00:00,0,8091.55,7116.03
2021-02-11 13:30:00,0,7996.4,7260.08
2021-02-11 14:00:00,0,7994.92,7323.76
2021-02-11 14:30:00,0,8315.27,7420.58
2021-02-11 15:00:00,0,8728.09,7659.32
2021-02-11 15:30:00,0,9292.14,7881.67
2021-02-11 16:00:00,0,9632.01,8149.6
2021-02-11 16:30:00,0,9730.1,8460.78
2021-02-11 17:00:00,0,10083.43,8794.14
2021-02-11 17:30:00,0,10177.59,9022.67
2021-02-11 18:00:00,0,9913.7,9126.02
2021-02-11 18:30:00,0,9859.45,9032.15
2021-02-11 19:00:00,0,9713.86,8924.52
2021-02-11 19:30:00,0,9560.75,8877.6
2021-02-11 20:00:00,0,9444.6,8768.8
2021-02-11 20:30:00,0,9289.34,8527.46
2021-02-11 21:00:00,0,8989.41,8266.6
2021-02-11 21:30:00,0,8720.89,8099.47
2021-02-11 22:00:00,0,8509.42,7920.71
2021-02-11 22:30:00,0,8334.24,7793.15
2021-02-11 23:00:00,0,8221.2,7629.84
2021-02-11 23:30:00,0,8087.0,7484.57
2021-02-12 00:00:00,1,7849.89,7377.78
2021-02-12 00:30:00,1,7635.97,7272.81
2021-02-12 01:00:00,1,7383.23,7092.58
2021-02-12 01:30:00,1,7157.83,6858.25
2021-02-12 02:00:00,1,6815.07,6661.95
2021-02-12 02:30:00,1,6563.88,6526.54
2021-02-12 03:00:00,1,6424.19,6451.15
2021-02-12 03:30:00,1,6376.17,6441.62
2021-02-12 04:00:00,1,6367.0,6492.35
2021-02-12 12:30:00,1,7405.05,8901.5
2021-02-12 13:00:00,1,7258.75,9000.04
2021-02-12 13:30:00,1,7191.74,9169.09
2021-02-12 14:00:00,1,7195.08,9287.47
2021-02-12 14:30:00,1,7185.86,9482.15
2021-02-12 15:00:00,1,7276.04,9684.74
2021-02-12 15:30:00,1,7292.61,9818.87
2021-02-12 16:00:00,1,7389.88,10013.32
2021-02-12 16:30:00,1,7499.31,10074.3
2021-02-12 17:00:00,1,7572.1,10133.56
2021-02-12 17:30:00,1,7741.69,10031.4
2021-02-12 18:00:00,1,7709.52,9858.71
2021-02-12 18:30:00,1,7783.4,9642.15
2021-02-12 19:00:00,1,7749.48,9403.08
2021-02-12 19:30:00,1,7670.85,9287.25
2021-02-12 20:00:00,1,7625.23,9135.27
2021-02-12 20:30:00,1,7517.09,8999.27
2021-02-12 21:00:00,1,7348.86,8818.99
2021-02-12 21:30:00,1,7215.28,8657.65
2021-02-12 22:00:00,1,7200.8,8507.8
2021-02-12 22:30:00,1,7085.83,8362.38
2021-02-12 23:00:00,1,7055.26,8180.58
2021-02-12 23:30:00,1,6927.22,7975.86
2021-02-13 00:00:00,0,6774.57,7792.3
2021-02-13 00:30:00,0,6640.57,7551.59
2021-02-13 01:00:00,0,6505.05,7276.77
2021-02-13 01:30:00,0,6334.01,6971.1
2021-02-13 02:00:00,0,6087.64,6751.42
2021-02-13 02:30:00,0,5901.42,6593.67
2021-02-13 03:00:00,0,5830.15,6517.95
2021-02-13 03:30:00,0,5765.11,6459.66
2021-02-13 04:00:00,0,5724.22,6436.43
2021-02-13 12:30:00,0,5987.52,7440.46
2021-02-13 13:00:00,0,5924.94,7345.76
2021-02-13 13:30:00,0,5842.55,7292.67
2021-02-13 14:00:00,0,5895.71,7281.53
2021-02-13 14:30:00,0,5965.86,7288.66
2021-02-13 15:00:00,0,5983.29,7394.34
2021-02-13 15:30:00,0,6039.91,7493.34
2021-02-13 16:00:00,0,6236.79,7610.39
2021-02-13 16:30:00,0,6534.05,7707.54
2021-02-13 17:00:00,0,6835.85,7855.01
2021-02-13 17:30:00,0,7254.26,7933.08
2021-02-13 18:00:00,0,7522.14,7965.92
2021-02-13 18:30:00,0,7695.4,7927.04
2021-02-13 19:00:00,0,7709.64,7835.05
2021-02-13 19:30:00,0,7688.77,7819.07
2021-02-13 20:00:00,0,7719.53,7729.87
2021-02-13 20:30:00,0,7653.7,7588.58
2021-02-13 21:00:00,0,7483.95,7455.34
2021-02-13 21:30:00,0,7305.24,7353.88
2021-02-13 22:00:00,0,7147.92,7278.57
2021-02-13 22:30:00,0,6966.24,7198.37
2021-02-13 23:00:00,0,6949.53,7073.52
2021-02-13 23:30:00,0,6859.25,6899.44
2021-02-14 00:00:00,0,6670.79,6765.12
2021-02-14 00:30:00,0,6621.88,6586.85
2021-02-14 01:00:00,0,6518.42,6384.01
2021-02-14 01:30:00,0,6298.58,6155.7
2021-02-14 02:00:00,0,6042.61,5991.55
2021-02-14 02:30:00,0,5894.43,5890.6
2021-02-14 03:00:00,0,5873.3,5858.79
2021-02-14 03:30:00,0,5845.94,5844.31
2021-02-14 04:00:00,0,5843.07,5873.74
2021-02-14 12:30:00,0,6945.76,5815.85
2021-02-14 13:00:00,0,6903.01,5723.77
2021-02-14 13:30:00,0,6923.01,5677.88
2021-02-14 14:00:00,0,6873.14,5766.83
2021-02-14 14:30:00,0,6845.71,5910.41
2021-02-14 15:00:00,0,6930.88,6171.36
2021-02-14 15:30:00,0,7061.58,6444.89
2021-02-14 16:00:00,0,7298.48,6746.85
2021-02-14 16:30:00,0,7584.56,7015.44
2021-02-14 17:00:00,0,7821.49,7323.56
2021-02-14 17:30:00,0,8094.49,7592.72
2021-02-14 18:00:00,0,8221.93,7827.53
2021-02-14 18:30:00,0,8262.79,7941.99
2021-02-14 19:00:00,0,8210.03,7976.82
2021-02-14 19:30:00,0,8127.35,8032.74
2021-02-14 20:00:00,0,8130.51,7970.53
2021-02-14 20:30:00,0,7972.86,7786.23
2021-02-14 21:00:00,0,7801.44,7592.62
2021-02-14 21:30:00,0,7585.53,7444.8
2021-02-14 22:00:00,0,7506.85,7325.92
2021-02-14 22:30:00,0,7365.59,7161.02
2021-02-14 23:00:00,0,7313.7,6982.23
2021-02-14 23:30:00,0,7270.59,6808.77
2021-02-15 00:00:00,0,7131.38,6667.54
2021-02-15 00:30:00,0,7028.39,6457.21
2021-02-15 01:00:00,0,6853.18,6277.83
2021-02-15 01:30:00,0,6649.67,6054.13
2021-02-15 02:00:00,0,6370.13,5908.67
2021-02-15 02:30:00,0,6168.38,5841.44
2021-02-15 03:00:00,0,6045.03,5841.4
2021-02-15 03:30:00,0,5970.28,5884.93
2021-02-15 04:00:00,0,5985.6,5984.78
2021-02-15 12:30:00,0,7228.69,7032.57
2021-02-15 13:00:00,0,7229.63,6965.32
2021-02-15 13:30:00,0,7269.57,6922.06
2021-02-15 14:00:00,0,7294.19,6993.8
2021-02-15 14:30:00,0,7354.83,7120.7
2021-02-15 15:00:00,0,7359.62,7303.89
2021-02-15 15:30:00,0,7487.44,7509.52
2021-02-15 16:00:00,0,7681.92,7715.2
2021-02-15 16:30:00,0,7938.84,7942.06
2021-02-15 17:00:00,0,8137.52,8144.59
2021-02-15 17:30:00,0,8390.43,8234.56
2021-02-15 18:00:00,0,8420.33,8370.75
2021-02-15 18:30:00,0,8519.14,8372.0
2021-02-15 19:00:00,0,8482.84,8344.68
2021-02-15 19:30:00,0,8398.15,8321.74
2021-02-15 20:00:00,0,8408.89,8193.9
2021-02-15 20:30:00,0,8273.13,8012.47
2021-02-15 21:00:00,0,8084.16,7806.71
2021-02-15 21:30:00,0,7849.12,7673.75
2021-02-15 22:00:00,0,7711.78,7544.54
2021-02-15 22:30:00,0,7518.74,7453.92
2021-02-15 23:00:00,0,7541.45,7339.05
2021-02-15 23:30:00,0,7434.69,7205.68
2021-02-16 00:00:00,0,7273.52,7098.6
2021-02-16 00:30:00,0,7162.3,6969.71
2021-02-16 01:00:00,0,6958.95,6810.24
2021-02-16 01:30:00,0,6755.65,6565.64
2021-02-16 02:00:00,0,6470.06,6371.29
2021-02-16 02:30:00,0,6266.12,6255.53
2021-02-16 03:00:00,0,6104.69,6208.03
2021-02-16 03:30:00,0,6038.74,6213.34
2021-02-16 04:00:00,0,6064.77,6292.9
2021-02-16 12:30:00,0,7122.19,7220.98
2021-02-16 13:00:00,0,7134.8,7175.09
2021-02-16 13:30:00,0,7154.12,7185.79
2021-02-16 14:00:00,0,7185.8,7258.16
2021-02-16 14:30:00,0,7180.07,7421.19
2021-02-16 15:00:00,0,7258.64,7604.26
2021-02-16 15:30:00,0,7399.7,7807.19
2021-02-16 16:00:00,0,7523.27,8004.03
2021-02-16 16:30:00,0,7687.91,8176.55
2021-02-16 17:00:00,0,7878.4,8440.86
2021-02-16 17:30:00,0,8124.64,8550.3
2021-02-16 18:00:00,0,8235.88,8626.96
2021-02-16 18:30:00,0,8331.57,8557.65
2021-02-16 19:00:00,0,8358.49,8514.5
2021-02-16 19:30:00,0,8322.72,8456.95
2021-02-16 20:00:00,0,8341.47,8296.4
2021-02-16 20:30:00,0,8142.48,8064.3
2021-02-16 21:00:00,0,7873.79,7838.97
2021-02-16 21:30:00,0,7686.32,7704.31
2021-02-16 22:00:00,0,7621.1,7574.55
2021-02-16 22:30:00,0,7480.46,7502.22
2021-02-16 23:00:00,0,7469.87,7406.49
2021-02-16 23:30:00,0,7355.95,7272.43
2021-02-17 00:00:00,0,7224.62,7170.06
2021-02-17 00:30:00,0,7119.66,7045.61
2021-02-17 01:00:00,0,6912.43,6880.17
2021-02-17 01:30:00,0,6728.46,6622.99
2021-02-17 02:00:00,0,6443.24,6416.83
2021-02-17 02:30:00,0,6222.05,6286.71
2021-02-17 03:00:00,0,6103.68,6215.04
2021-02-17 03:30:00,0,6029.84,6202.66
2021-02-17 04:00:00,0,6026.17,6271.4
2021-02-17 12:30:00,0,7446.6,7096.89
2021-02-17 13:00:00,0,7322.21,7073.82
2021-02-17 13:30:00,0,7332.66,7067.43
2021-02-17 14:00:00,0,7385.71,7076.2
2021-02-17 14:30:00,0,7445.9,7187.08
2021-02-17 15:00:00,0,7435.95,7327.07
2021-02-17 15:30:00,0,7544.15,7508.33
2021-02-17 16:00:00,0,7683.01,7699.11
2021-02-17 16:30:00,0,7930.1,7946.89
2021-02-17 17:00:00,0,8107.57,8151.75
2021-02-17 17:30:00,0,8397.98,8233.85
2021-02-17 18:00:00,0,8434.92,8295.9
2021-02-17 18:30:00,0,8529.18,8260.58
2021-02-17 19:00:00,0,8445.43,8278.67
2021-02-17 19:30:00,0,8390.14,8259.54
2021-02-17 20:00:00,0,8440.0,8109.9
2021-02-17 20:30:00,0,8333.27,7924.84
2021-02-17 21:00:00,0,8018.78,7716.78
2021-02-17 21:30:00,0,7837.82,7621.84
2021-02-17 22:00:00,0,7668.41,7506.16
2021-02-17 22:30:00,0,7515.68,7425.01
2021-02-17 23:00:00,0,7508.7,7343.92
2021-02-17 23:30:00,0,7371.23,7210.49
2021-02-18 00:00:00,0,7253.27,7098.46
2021-02-18 00:30:00,0,7154.54,6985.94
2021-02-18 01:00:00,0,6997.1,6806.12
2021-02-18 01:30:00,0,6822.05,6567.4
2021-02-18 02:00:00,0,6526.2,6363.3
2021-02-18 02:30:00,0,6353.72,6240.67
2021-02-18 03:00:00,0,6169.27,6158.49
2021-02-18 03:30:00,0,6131.2,6147.5
2021-02-18 04:00:00,0,6175.78,6214.23
2021-02-18 12:30:00,0,7960.1,7367.79
2021-02-18 13:00:00,0,7923.51,7364.62
2021-02-18 13:30:00,0,7922.99,7382.74
2021-02-18 14:00:00,0,7996.28,7420.26
2021-02-18 14:30:00,0,8040.24,7542.05
2021-02-18 15:00:00,0,8103.8,7681.42
2021-02-18 15:30:00,0,8199.41,7888.64
2021-02-18 16:00:00,0,8419.12,8096.51
2021-02-18 16:30:00,0,8671.23,8281.04
2021-02-18 17:00:00,0,8862.06,8492.06
2021-02-18 17:30:00,0,9015.39,8597.04
2021-02-18 18:00:00,0,9012.55,8664.2
2021-02-18 18:30:00,0,9067.48,8583.7
2021-02-18 19:00:00,0,8993.37,8511.46
2021-02-18 19:30:00,0,8886.12,8471.83
2021-02-18 20:00:00,0,8840.21,8323.76
2021-02-18 20:30:00,0,8731.89,8121.83
2021-02-18 21:00:00,0,8521.55,7889.27
2021-02-18 21:30:00,0,8249.87,7739.06
2021-02-18 22:00:00,0,8167.77,7606.54
2021-02-18 22:30:00,0,7981.77,7547.04
2021-02-18 23:00:00,0,7898.43,7449.22
2021-02-18 23:30:00,0,7738.59,7307.58
2021-02-19 00:00:00,0,7593.17,7188.11
2021-02-19 00:30:00,0,7420.66,7052.48
2021-02-19 01:00:00,0,7230.44,6858.83
2021-02-19 01:30:00,0,6928.86,6604.16
2021-02-19 02:00:00,0,6639.85,6400.3
2021-02-19 02:30:00,0,6436.63,6280.65
2021-02-19 03:00:00,0,6257.31,6199.47
2021-02-19 03:30:00,0,6185.58,6197.8
2021-02-19 04:00:00,0,6155.21,6255.16
2021-02-19 12:30:00,0,7210.16,7512.32
2021-02-19 13:00:00,0,7084.82,7541.17
2021-02-19 13:30:00,0,7240.88,7590.04
2021-02-19 14:00:00,0,7390.43,7579.5
2021-02-19 14:30:00,0,7515.3,7668.25
2021-02-19 15:00:00,0,7636.81,7813.83
2021-02-19 15:30:00,0,7760.68,8013.12
2021-02-19 16:00:00,0,8046.34,8224.75
2021-02-19 16:30:00,0,8377.08,8399.35
2021-02-19 17:00:00,0,8561.92,8568.83
2021-02-19 17:30:00,0,8893.85,8628.84
2021-02-19 18:00:00,0,9089.91,8612.89
2021-02-19 18:30:00,0,9172.89,8486.7
2021-02-19 19:00:00,0,9066.54,8398.36
2021-02-19 19:30:00,0,8951.85,8360.36
2021-02-19 20:00:00,0,8869.9,8228.3
2021-02-19 20:30:00,0,8702.34,8041.47
2021-02-19 21:00:00,0,8522.7,7864.59
2021-02-19 21:30:00,0,8299.99,7819.61
2021-02-19 22:00:00,0,8159.54,7731.65
2021-02-19 22:30:00,0,7941.59,7679.23
2021-02-19 23:00:00,0,7778.61,7603.4
2021-02-19 23:30:00,0,7589.12,7450.46
2021-02-20 00:00:00,0,7312.28,7297.0
2021-02-20 00:30:00,0,7151.93,7066.91
2021-02-20 01:00:00,0,7015.8,6820.57
2021-02-20 01:30:00,0,6798.12,6537.96
2021-02-20 02:00:00,0,6483.66,6317.21
2021-02-20 02:30:00,0,6320.94,6177.65
2021-02-20 03:00:00,0,6185.48,6087.25
2021-02-20 03:30:00,0,6176.49,6047.59
2021-02-20 04:00:00,0,6119.21,6041.25
2021-02-20 12:30:00,0,7206.75,6900.85
2021-02-20 13:00:00,0,7297.56,6948.17
2021-02-20 13:30:00,0,7550.53,6994.13
2021-02-20 14:00:00,0,7703.98,7064.32
2021-02-20 14:30:00,0,7859.01,7217.75
2021-02-20 15:00:00,0,7994.21,7372.71
2021-02-20 15:30:00,0,8209.89,7588.92
2021-02-20 16:00:00,0,8548.97,7765.0
2021-02-20 16:30:00,0,8784.91,7946.99
2021-02-20 17:00:00,0,8891.22,8215.48
2021-02-20 17:30:00,0,9196.7,8373.05
2021-02-20 18:00:00,0,9367.4,8467.97
2021-02-20 18:30:00,0,9403.37,8437.18
2021-02-20 19:00:00,0,9371.91,8389.2
2021-02-20 19:30:00,0,9299.17,8372.22
2021-02-20 20:00:00,0,9235.27,8262.3
2021-02-20 20:30:00,0,9047.84,8052.71
2021-02-20 21:00:00,0,8766.46,7880.67
2021-02-20 21:30:00,0,8420.21,7746.69
2021-02-20 22:00:00,0,8190.4,7619.83
2021-02-20 22:30:00,0,7885.81,7494.51
2021-02-20 23:00:00,0,7766.13,7341.17
2021-02-20 23:30:00,0,7568.5,7157.13
2021-02-21 00:00:00,0,7308.69,6980.4
2021-02-21 00:30:00,0,7176.24,6755.13
2021-02-21 01:00:00,0,6999.18,6521.18
2021-02-21 01:30:00,0,6797.9,6259.07
2021-02-21 02:00:00,0,6604.86,6084.05
2021-02-21 02:30:00,0,6427.78,5981.25
2021-02-21 03:00:00,0,6332.89,5931.55
2021-02-21 03:30:00,0,6253.12,5919.25
2021-02-21 04:00:00,0,6299.19,5931.4
2021-02-21 12:30:00,0,8366.65,6921.32
2021-02-21 13:00:00,0,8509.82,6965.42
2021-02-21 13:30:00,0,8691.24,7040.8
2021-02-21 14:00:00,0,8859.03,7137.09
2021-02-21 14:30:00,0,8960.34,7303.06
2021-02-21 15:00:00,0,9150.52,7511.99
2021-02-21 15:30:00,0,9397.94,7749.21
2021-02-21 16:00:00,0,9664.11,8012.72
2021-02-21 16:30:00,0,9874.32,8207.02
2021-02-21 17:00:00,0,9919.37,8476.25
2021-02-21 17:30:00,0,10043.68,8671.99
2021-02-21 18:00:00,0,9820.33,8799.65
2021-02-21 18:30:00,0,9677.62,8778.77
2021-02-21 19:00:00,0,9481.79,8757.57
2021-02-21 19:30:00,0,9198.76,8710.58
2021-02-21 20:00:00,0,9094.11,8589.82
2021-02-21 20:30:00,0,8817.18,8383.51
2021-02-21 21:00:00,0,8494.58,8151.64
2021-02-21 21:30:00,0,8220.05,7953.77
2021-02-21 22:00:00,0,8080.06,7747.46
2021-02-21 22:30:00,0,7847.96,7513.69
2021-02-21 23:00:00,0,7701.62,7290.4
2021-02-21 23:30:00,0,7536.1,7062.19
2021-02-22 00:00:00,0,7299.18,6922.23
2021-02-22 00:30:00,0,7218.22,6677.79
2021-02-22 01:00:00,0,7038.48,6481.91
2021-02-22 01:30:00,0,6851.65,6225.07
2021-02-22 02:00:00,0,6572.08,6062.27
2021-02-22 02:30:00,0,6402.29,5993.53
2021-02-22 03:00:00,0,6285.1,5981.42
2021-02-22 03:30:00,0,6233.22,6038.08
2021-02-22 04:00:00,0,6265.94,6127.76
2021-02-22 12:30:00,0,7660.08,8163.15
2021-02-22 13:00:00,0,7620.94,8266.64
2021-02-22 13:30:00,0,7566.73,8392.47
2021-02-22 14:00:00,0,7589.74,8453.06
2021-02-22 14:30:00,0,7556.84,8528.03
2021-02-22 15:00:00,0,7531.18,8662.07
2021-02-22 15:30:00,0,7636.58,8844.9
2021-02-22 16:00:00,0,7798.33,9018.36
2021-02-22 16:30:00,0,8055.05,9139.19
2021-02-22 17:00:00,0,8180.12,9296.8
2021-02-22 17:30:00,0,8398.63,9361.15
2021-02-22 18:00:00,0,8366.7,9384.83
2021-02-22 18:30:00,0,8392.62,9254.1
2021-02-22 19:00:00,0,8270.7,9122.14
2021-02-22 19:30:00,0,8248.07,8995.56
2021-02-22 20:00:00,0,8177.89,8764.76
2021-02-22 20:30:00,0,8021.82,8481.97
2021-02-22 21:00:00,0,7772.75,8205.41
2021-02-22 21:30:00,0,7571.18,8026.39
2021-02-22 22:00:00,0,7477.98,7845.04
2021-02-22 22:30:00,0,7366.82,7719.71
2021-02-22 23:00:00,0,7330.27,7541.8
2021-02-22 23:30:00,0,7216.39,7355.18
2021-02-23 00:00:00,0,7089.94,7239.85
2021-02-23 00:30:00,0,7031.18,7055.71
2021-02-23 01:00:00,0,6894.29,6847.21
2021-02-23 01:30:00,0,6617.11,6565.76
2021-02-23 02:00:00,0,6381.69,6362.87
2021-02-23 02:30:00,0,6189.27,6223.49
2021-02-23 03:00:00,0,6053.65,6167.58
2021-02-23 03:30:00,0,6011.82,6188.7
2021-02-23 04:00:00,0,6021.13,6258.63
2021-02-23 12:30:00,0,7787.45,7454.81
2021-02-23 13:00:00,0,7856.84,7456.08
2021-02-23 13:30:00,0,7600.56,7440.98
2021-02-23 14:00:00,0,7604.83,7439.42
2021-02-23 14:30:00,0,7594.93,7430.54
2021-02-23 15:00:00,0,7576.04,7501.58
2021-02-23 15:30:00,0,7829.34,7667.2
2021-02-23 16:00:00,0,7958.35,7845.68
2021-02-23 16:30:00,0,8048.08,8009.73
2021-02-23 17:00:00,0,8165.97,8214.78
2021-02-23 17:30:00,0,8325.02,8308.77
2021-02-23 18:00:00,0,8302.03,8398.23
2021-02-23 18:30:00,0,8322.12,8394.04
2021-02-23 19:00:00,0,8295.42,8392.06
2021-02-23 19:30:00,0,8289.55,8365.71
2021-02-23 20:00:00,0,8266.4,8212.4
2021-02-23 20:30:00,0,8082.38,8024.38
2021-02-23 21:00:00,0,7896.98,7788.42
2021-02-23 21:30:00,0,7684.53,7643.42
2021-02-23 22:00:00,0,7619.83,7514.75
2021-02-23 22:30:00,0,7469.15,7438.44
2021-02-23 23:00:00,0,7421.43,7336.34
2021-02-23 23:30:00,0,7374.65,7187.73
2021-02-24 00:00:00,0,7232.47,7094.97
2021-02-24 00:30:00,0,7177.02,6966.14
2021-02-24 01:00:00,0,7002.81,6771.58
2021-02-24 01:30:00,0,6880.81,6515.46
2021-02-24 02:00:00,0,6536.9,6310.4
2021-02-24 02:30:00,0,6275.88,6181.19
2021-02-24 03:00:00,0,6166.64,6125.72
2021-02-24 03:30:00,0,6123.66,6112.18
2021-02-24 04:00:00,0,6140.6,6180.91
2021-02-24 12:30:00,0,7657.75,7213.73
2021-02-24 13:00:00,0,7506.49,7250.71
2021-02-24 13:30:00,0,7786.98,7272.08
2021-02-24 14:00:00,0,7904.45,7312.15
2021-02-24 14:30:00,0,7845.41,7369.92
2021-02-24 15:00:00,0,7933.21,7541.92
2021-02-24 15:30:00,0,8035.3,7760.49
2021-02-24 16:00:00,0,8206.2,8024.09
2021-02-24 16:30:00,0,8328.5,8248.4
2021-02-24 17:00:00,0,8423.71,8446.86
2021-02-24 17:30:00,0,8651.06,8486.03
2021-02-24 18:00:00,0,8576.04,8537.25
2021-02-24 18:30:00,0,8607.41,8513.35
2021-02-24 19:00:00,0,8559.34,8472.53
2021-02-24 19:30:00,0,8550.64,8451.11
2021-02-24 20:00:00,0,8570.0,8301.47
2021-02-24 20:30:00,0,8431.11,8120.88
2021-02-24 21:00:00,0,8124.54,7886.42
2021-02-24 21:30:00,0,7850.44,7754.9
2021-02-24 22:00:00,0,7786.83,7620.9
2021-02-24 22:30:00,0,7582.13,7542.93
2021-02-24 23:00:00,0,7614.41,7445.93
2021-02-24 23:30:00,0,7517.14,7293.41
2021-02-25 00:00:00,0,7419.33,7203.7
2021-02-25 00:30:00,0,7260.73,7085.82
2021-02-25 01:00:00,0,7089.7,6899.35
2021-02-25 01:30:00,0,6871.68,6657.17
2021-02-25 02:00:00,0,6579.91,6446.17
2021-02-25 02:30:00,0,6374.19,6300.25
2021-02-25 03:00:00,0,6209.13,6243.11
2021-02-25 03:30:00,0,6173.1,6236.83
2021-02-25 04:00:00,0,6151.17,6307.92
2021-02-25 12:30:00,0,7017.01,7617.87
2021-02-25 13:00:00,0,7027.35,7678.78
2021-02-25 13:30:00,0,7142.7,7769.49
2021-02-25 14:00:00,0,7278.35,7878.05
2021-02-25 14:30:00,0,7390.07,7938.29
2021-02-25 15:00:00,0,7625.68,8187.51
2021-02-25 15:30:00,0,7879.84,8455.27
2021-02-25 16:00:00,0,8155.56,8771.16
2021-02-25 16:30:00,0,8462.66,8976.73
2021-02-25 17:00:00,0,8686.21,9173.65
2021-02-25 17:30:00,0,8930.09,9184.31
2021-02-25 18:00:00,0,8955.04,9224.86
2021-02-25 18:30:00,0,8910.38,9080.83
2021-02-25 19:00:00,0,8716.11,8993.27
2021-02-25 19:30:00,0,8606.35,8917.32
2021-02-25 20:00:00,0,8560.83,8755.7
2021-02-25 20:30:00,0,8319.52,8521.34
2021-02-25 21:00:00,0,8096.35,8273.52
2021-02-25 21:30:00,0,7851.99,8099.42
2021-02-25 22:00:00,0,7745.09,7913.77
2021-02-25 22:30:00,0,7714.08,7747.3
2021-02-25 23:00:00,0,7643.6,7600.13
2021-02-25 23:30:00,0,7527.91,7435.64
2021-02-26 00:00:00,0,7340.79,7314.88
2021-02-26 00:30:00,0,7244.45,7180.13
2021-02-26 01:00:00,0,7059.36,6973.1
2021-02-26 01:30:00,0,6802.66,6739.13
2021-02-26 02:00:00,0,6522.46,6528.55
2021-02-26 02:30:00,0,6302.48,6400.51
2021-02-26 03:00:00,0,6178.61,6334.86
2021-02-26 03:30:00,0,6090.76,6318.73
2021-02-26 04:00:00,0,6038.63,6372.91
2021-02-26 12:30:00,0,7405.19,7365.1
2021-02-26 13:00:00,0,7231.25,7361.02
2021-02-26 13:30:00,0,7125.58,7497.45
2021-02-26 14:00:00,0,7100.73,7551.92
2021-02-26 14:30:00,0,7055.47,7669.12
2021-02-26 15:00:00,0,7083.01,7943.63
2021-02-26 15:30:00,0,7168.25,8200.88
2021-02-26 16:00:00,0,7318.13,8453.15
2021-02-26 16:30:00,0,7411.57,8634.78
2021-02-26 17:00:00,0,7541.38,8804.61
2021-02-26 17:30:00,0,7661.39,8802.7
2021-02-26 18:00:00,0,7865.85,8786.31
2021-02-26 18:30:00,0,7945.38,8647.7
2021-02-26 19:00:00,0,7985.93,8533.48
2021-02-26 19:30:00,0,7977.88,8448.85
2021-02-26 20:00:00,0,7980.03,8299.82
2021-02-26 20:30:00,0,7877.57,8077.01
2021-02-26 21:00:00,0,7666.66,7865.23
2021-02-26 21:30:00,0,7555.83,7739.55
2021-02-26 22:00:00,0,7405.32,7645.34
2021-02-26 22:30:00,0,7341.5,7604.94
2021-02-26 23:00:00,0,7291.21,7510.39
2021-02-26 23:30:00,0,7136.67,7364.26
2021-02-27 00:00:00,0,7028.26,7222.42
2021-02-27 00:30:00,0,6942.18,7039.47
2021-02-27 01:00:00,0,6743.04,6797.34
2021-02-27 01:30:00,0,6605.79,6525.69
2021-02-27 02:00:00,0,6366.98,6288.1
2021-02-27 02:30:00,0,6185.58,6151.21
2021-02-27 03:00:00,0,6068.72,6073.77
2021-02-27 03:30:00,0,6008.57,6044.25
2021-02-27 04:00:00,0,5944.57,6053.37
2021-02-27 12:30:00,0,6303.25,6924.06
2021-02-27 13:00:00,0,6358.22,6923.7
2021-02-27 13:30:00,0,6476.96,6922.67
2021-02-27 14:00:00,0,6645.1,6933.35
2021-02-27 14:30:00,0,6829.01,7061.63
2021-02-27 15:00:00,0,7090.7,7237.63
2021-02-27 15:30:00,0,7409.55,7404.19
2021-02-27 16:00:00,0,7708.27,7585.84
2021-02-27 16:30:00,0,8007.3,7737.93
2021-02-27 17:00:00,0,8373.91,8000.88
2021-02-27 17:30:00,0,8767.98,8028.53
2021-02-27 18:00:00,0,9042.24,8083.4
2021-02-27 18:30:00,0,9141.37,8074.98
2021-02-27 19:00:00,0,9015.32,8052.02
2021-02-27 19:30:00,0,8849.9,8002.38
2021-02-27 20:00:00,0,8799.37,7863.3
2021-02-27 20:30:00,0,8557.68,7709.18
2021-02-27 21:00:00,0,8288.06,7546.61
2021-02-27 21:30:00,0,8072.32,7432.81
2021-02-27 22:00:00,0,7870.47,7349.34
2021-02-27 22:30:00,0,7675.4,7264.36
2021-02-27 23:00:00,0,7527.73,7140.98
2021-02-27 23:30:00,0,7301.0,6954.19
2021-02-28 00:00:00,0,7163.21,6810.7
2021-02-28 00:30:00,0,7102.38,6624.07
2021-02-28 01:00:00,0,6947.85,6406.93
2021-02-28 01:30:00,0,6769.28,6170.66
2021-02-28 02:00:00,0,6499.29,5975.02
2021-02-28 02:30:00,0,6336.15,5878.48
2021-02-28 03:00:00,0,6243.42,5830.3
2021-02-28 03:30:00,0,6205.89,5834.53
2021-02-28 04:00:00,0,6231.0,5855.53
2021-02-28 12:30:00,0,8278.88,6311.03
2021-02-28 13:00:00,0,8519.26,6418.89
2021-02-28 13:30:00,0,8812.15,6533.47
2021-02-28 14:00:00,0,9162.01,6667.15
2021-02-28 14:30:00,0,9491.93,6908.74
2021-02-28 15:00:00,0,9631.56,7199.05
2021-02-28 15:30:00,0,10002.64,7456.09
2021-02-28 16:00:00,0,10486.53,7736.31
2021-02-28 16:30:00,0,10809.26,7997.01
2021-02-28 17:00:00,0,11065.98,8334.22
2021-02-28 17:30:00,0,11404.28,8564.97
2021-02-28 18:00:00,0,11344.27,8688.37
2021-02-28 18:30:00,0,11301.92,8689.91
2021-02-28 19:00:00,0,10998.98,8685.7
2021-02-28 19:30:00,0,10694.83,8617.58
2021-02-28 20:00:00,0,10503.21,8468.8
2021-02-28 20:30:00,0,10088.74,8234.96
2021-02-28 21:00:00,0,9686.49,7982.8
2021-02-28 21:30:00,0,9221.54,7808.07
2021-02-28 22:00:00,0,8812.95,7615.95
2021-02-28 22:30:00,0,8396.63,7441.1
2021-02-28 23:00:00,0,8167.28,7233.47
2021-02-28 23:30:00,0,7951.83,7016.76
2021-03-01 00:00:00,1,7757.99,6838.82
2021-03-01 00:30:00,1,7608.8,6652.97
2021-03-01 01:00:00,1,7380.75,6448.44
2021-03-01 01:30:00,1,7149.54,6201.55
2021-03-01 02:00:00,1,6859.84,6041.52
2021-03-01 02:30:00,1,6618.76,5983.5
2021-03-01 03:00:00,1,6495.31,5967.8
2021-03-01 03:30:00,1,6434.3,6035.67
2021-03-01 04:00:00,1,6386.63,6137.35
2021-03-01 12:30:00,1,7169.48,8218.53
2021-03-01 13:00:00,1,7107.26,8440.03
2021-03-01 13:30:00,1,7111.89,8699.19
2021-03-01 14:00:00,1,7102.15,8937.36
2021-03-01 14:30:00,1,7184.91,9299.16
2021-03-01 15:00:00,1,7280.31,9639.46
2021-03-01 15:30:00,1,7456.95,9972.55
2021-03-01 16:00:00,1,7660.61,10215.93
2021-03-01 16:30:00,1,7949.06,10393.82
2021-03-01 17:00:00,1,8052.47,10616.46
2021-03-01 17:30:00,1,8329.9,10710.75
2021-03-01 18:00:00,1,8459.65,10708.83
2021-03-01 18:30:00,1,8397.76,10561.82
2021-03-01 19:00:00,1,8394.8,10386.77
2021-03-01 19:30:00,1,8420.61,10140.85
2021-03-01 20:00:00,1,8317.72,9859.9
2021-03-01 20:30:00,1,8129.39,9508.55
2021-03-01 21:00:00,1,7949.77,9136.3
2021-03-01 21:30:00,1,7642.11,8823.33
2021-03-01 22:00:00,1,7606.18,8508.11
2021-03-01 22:30:00,1,7495.2,8252.72
2021-03-01 23:00:00,1,7445.58,8000.6
2021-03-01 23:30:00,1,7316.87,7694.05
2021-03-02 00:00:00,0,7197.12,7497.78
2021-03-02 00:30:00,0,7148.14,7252.69
2021-03-02 01:00:00,0,6963.17,6992.9
2021-03-02 01:30:00,0,6756.23,6705.05
2021-03-02 02:00:00,0,6451.45,6491.58
2021-03-02 02:30:00,0,6286.25,6352.41
2021-03-02 03:00:00,0,6124.4,6283.13
2021-03-02 03:30:00,0,6083.11,6282.05
2021-03-02 04:00:00,0,6088.95,6342.77
2021-03-02 12:30:00,0,7011.85,6805.43
2021-03-02 13:00:00,0,7080.31,6759.24
2021-03-02 13:30:00,0,7097.89,6764.75
2021-03-02 14:00:00,0,7002.55,6793.71
2021-03-02 14:30:00,0,6958.34,6896.95
2021-03-02 15:00:00,0,7023.09,7034.33
2021-03-02 15:30:00,0,7193.6,7263.36
2021-03-02 16:00:00,0,7339.92,7484.46
2021-03-02 16:30:00,0,7592.09,7756.06
2021-03-02 17:00:00,0,7943.02,8049.64
2021-03-02 17:30:00,0,8129.71,8270.58
2021-03-02 18:00:00,0,8131.81,8396.05
2021-03-02 18:30:00,0,8244.87,8434.81
2021-03-02 19:00:00,0,8201.04,8449.19
2021-03-02 19:30:00,0,8154.52,8412.14
2021-03-02 20:00:00,0,8148.41,8247.83
2021-03-02 20:30:00,0,8009.5,8043.98
2021-03-02 21:00:00,0,7738.15,7809.93
2021-03-02 21:30:00,0,7567.48,7686.77
2021-03-02 22:00:00,0,7478.65,7553.32
2021-03-02 22:30:00,0,7308.01,7487.22
2021-03-02 23:00:00,0,7326.16,7390.08
2021-03-02 23:30:00,0,7248.16,7239.84
2021-03-03 00:00:00,0,7096.47,7117.24
2021-03-03 00:30:00,0,7010.79,6943.04
2021-03-03 01:00:00,0,6831.85,6733.59
2021-03-03 01:30:00,0,6641.11,6468.04
2021-03-03 02:00:00,0,6368.14,6259.78
2021-03-03 02:30:00,0,6174.93,6119.43
2021-03-03 03:00:00,0,6052.78,6056.01
2021-03-03 03:30:00,0,6024.68,6051.47
2021-03-03 04:00:00,0,6053.69,6119.42
2021-03-03 12:30:00,0,6514.09,6772.15
2021-03-03 13:00:00,0,6597.36,6778.24
2021-03-03 13:30:00,0,6659.57,6790.22
2021-03-03 14:00:00,0,6739.95,6830.0
2021-03-03 14:30:00,0,6825.77,6881.84
2021-03-03 15:00:00,0,6985.34,7006.48
2021-03-03 15:30:00,0,7273.84,7220.59
2021-03-03 16:00:00,0,7524.78,7461.36
2021-03-03 16:30:00,0,7926.54,7695.73
2021-03-03 17:00:00,0,8206.88,7988.01
2021-03-03 17:30:00,0,8581.2,8167.92
2021-03-03 18:00:00,0,8759.28,8262.97
2021-03-03 18:30:00,0,8953.9,8247.72
2021-03-03 19:00:00,0,8851.2,8246.67
2021-03-03 19:30:00,0,8791.81,8230.61
2021-03-03 20:00:00,0,8685.0,8070.69
2021-03-03 20:30:00,0,8507.28,7884.71
2021-03-03 21:00:00,0,8212.91,7666.48
2021-03-03 21:30:00,0,7876.71,7552.31
2021-03-03 22:00:00,0,7731.97,7434.16
2021-03-03 22:30:00,0,7613.25,7404.76
2021-03-03 23:00:00,0,7559.15,7329.32
2021-03-03 23:30:00,0,7355.08,7201.51
2021-03-04 00:00:00,0,7198.04,7101.96
2021-03-04 00:30:00,0,7105.3,6956.85
2021-03-04 01:00:00,0,6932.96,6756.89
2021-03-04 01:30:00,0,6754.76,6511.64
2021-03-04 02:00:00,0,6462.96,6285.35
2021-03-04 02:30:00,0,6234.41,6142.06
2021-03-04 03:00:00,0,6119.14,6074.09
2021-03-04 03:30:00,0,6086.6,6060.27
2021-03-04 04:00:00,0,6158.5,6125.81
2021-03-04 12:30:00,0,6737.74,6426.55
2021-03-04 13:00:00,0,6615.47,6476.69
2021-03-04 13:30:00,0,6596.36,6552.55
2021-03-04 14:00:00,0,6621.87,6698.07
2021-03-04 14:30:00,0,6672.77,6842.08
2021-03-04 15:00:00,0,6822.19,7113.22
2021-03-04 15:30:00,0,7062.57,7420.34
2021-03-04 16:00:00,0,7278.3,7731.55
2021-03-04 16:30:00,0,7526.55,8004.06
2021-03-04 17:00:00,0,7720.58,8317.36
2021-03-04 17:30:00,0,7982.1,8536.45
2021-03-04 18:00:00,0,8029.68,8593.38
2021-03-04 18:30:00,0,8142.32,8548.47
2021-03-04 19:00:00,0,8067.48,8498.86
2021-03-04 19:30:00,0,8077.17,8433.58
2021-03-04 20:00:00,0,7946.95,8260.62
2021-03-04 20:30:00,0,7851.11,8006.38
2021-03-04 21:00:00,0,7654.96,7758.8
2021-03-04 21:30:00,0,7481.96,7630.51
2021-03-04 22:00:00,0,7431.72,7488.36
2021-03-04 22:30:00,0,7366.77,7428.58
2021-03-04 23:00:00,0,7343.19,7335.93
2021-03-04 23:30:00,0,7231.9,7224.85
2021-03-05 00:00:00,0,7135.12,7137.56
2021-03-05 00:30:00,0,7038.97,7018.22
2021-03-05 01:00:00,0,6882.37,6812.2
2021-03-05 01:30:00,0,6635.04,6554.66
2021-03-05 02:00:00,0,6410.16,6342.1
2021-03-05 02:30:00,0,6163.17,6199.35
2021-03-05 03:00:00,0,6089.11,6130.28
2021-03-05 03:30:00,0,5976.71,6109.97
2021-03-05 04:00:00,0,5944.09,6171.61
2021-03-05 12:30:00,0,6149.75,6655.26
2021-03-05 13:00:00,0,6018.13,6631.89
2021-03-05 13:30:00,0,5934.48,6624.63
2021-03-05 14:00:00,0,5912.13,6640.31
2021-03-05 14:30:00,0,5955.61,6695.77
2021-03-05 15:00:00,0,6024.59,6856.03
2021-03-05 15:30:00,0,6207.27,7069.7
2021-03-05 16:00:00,0,6341.67,7274.99
2021-03-05 16:30:00,0,6563.07,7537.25
2021-03-05 17:00:00,0,6840.96,7765.08
2021-03-05 17:30:00,0,7254.33,7882.3
2021-03-05 18:00:00,0,7444.75,7939.74
2021-03-05 18:30:00,0,7565.19,7908.73
2021-03-05 19:00:00,0,7653.51,7904.08
2021-03-05 19:30:00,0,7662.6,7867.28
2021-03-05 20:00:00,0,7622.68,7724.89
2021-03-05 20:30:00,0,7424.83,7570.81
2021-03-05 21:00:00,0,7204.99,7393.4
2021-03-05 21:30:00,0,7093.83,7363.58
2021-03-05 22:00:00,0,7029.64,7315.0
2021-03-05 22:30:00,0,6944.5,7332.02
2021-03-05 23:00:00,0,6962.82,7276.48
2021-03-05 23:30:00,0,6863.18,7149.74
2021-03-06 00:00:00,0,6701.01,7019.32
2021-03-06 00:30:00,0,6600.71,6837.68
2021-03-06 01:00:00,0,6466.06,6613.61
2021-03-06 01:30:00,0,6324.44,6332.96
2021-03-06 02:00:00,0,6059.35,6117.91
2021-03-06 02:30:00,0,5926.47,5968.82
2021-03-06 03:00:00,0,5813.86,5887.86
2021-03-06 03:30:00,0,5782.95,5854.93
2021-03-06 04:00:00,0,5739.67,5868.94
2021-03-06 12:30:00,0,5853.48,5625.07
2021-03-06 13:00:00,0,5834.21,5566.57
2021-03-06 13:30:00,0,5816.81,5543.92
2021-03-06 14:00:00,0,5862.88,5582.58
2021-03-06 14:30:00,0,5882.1,5691.55
2021-03-06 15:00:00,0,6035.51,5883.15
2021-03-06 15:30:00,0,6231.55,6153.91
2021-03-06 16:00:00,0,6526.17,6450.49
2021-03-06 16:30:00,0,6867.74,6728.62
2021-03-06 17:00:00,0,7244.54,7039.4
2021-03-06 17:30:00,0,7742.57,7252.12
2021-03-06 18:00:00,0,8079.49,7429.55
2021-03-06 18:30:00,0,8078.4,7518.34
2021-03-06 19:00:00,0,8042.57,7567.2
2021-03-06 19:30:00,0,8046.3,7565.66
2021-03-06 20:00:00,0,8042.14,7434.09
2021-03-06 20:30:00,0,7843.09,7263.25
2021-03-06 21:00:00,0,7617.61,7100.4
2021-03-06 21:30:00,0,7388.49,7054.91
2021-03-06 22:00:00,0,7294.02,7016.06
2021-03-06 22:30:00,0,7144.78,6984.36
2021-03-06 23:00:00,0,7036.0,6887.79
2021-03-06 23:30:00,0,6883.8,6743.89
2021-03-07 00:00:00,0,6739.56,6610.34
2021-03-07 00:30:00,0,6660.81,6438.32
2021-03-07 01:00:00,0,6505.37,6230.3
2021-03-07 01:30:00,0,6373.08,5980.83
2021-03-07 02:00:00,0,6147.85,5798.33
2021-03-07 02:30:00,0,6032.27,5689.61
2021-03-07 03:00:00,0,5998.33,5674.26
2021-03-07 03:30:00,0,5995.42,5674.85
2021-03-07 04:00:00,0,5990.42,5690.57
2021-03-07 12:30:00,0,7799.48,5885.2
2021-03-07 13:00:00,0,8112.34,5914.42
2021-03-07 13:30:00,0,8448.11,5952.87
2021-03-07 14:00:00,0,8959.61,6054.61
2021-03-07 14:30:00,0,8935.9,6303.77
2021-03-07 15:00:00,0,8774.77,6584.8
2021-03-07 15:30:00,0,8837.37,6842.17
2021-03-07 16:00:00,0,8883.32,7139.76
2021-03-07 16:30:00,0,9043.62,7462.83
2021-03-07 17:00:00,0,8945.63,7813.16
2021-03-07 17:30:00,0,8913.51,8045.27
2021-03-07 18:00:00,0,8858.38,8202.13
2021-03-07 18:30:00,0,8866.27,8265.41
2021-03-07 19:00:00,0,8773.59,8255.13
2021-03-07 19:30:00,0,8787.73,8161.31
2021-03-07 20:00:00,0,8654.49,8033.92
2021-03-07 20:30:00,0,8408.49,7809.32
2021-03-07 21:00:00,0,8180.41,7562.35
2021-03-07 21:30:00,0,7915.63,7380.62
2021-03-07 22:00:00,0,7799.97,7214.91
2021-03-07 22:30:00,0,7623.65,7097.12
2021-03-07 23:00:00,0,7544.0,6933.47
2021-03-07 23:30:00,0,7442.75,6733.69
2021-03-08 00:00:00,1,7273.09,6589.06
2021-03-08 00:30:00,1,7149.11,6425.44
2021-03-08 01:00:00,1,6996.52,6229.35
2021-03-08 01:30:00,1,6769.36,5988.09
2021-03-08 02:00:00,1,6501.39,5821.17
2021-03-08 02:30:00,1,6331.33,5756.65
2021-03-08 03:00:00,1,6215.01,5754.21
2021-03-08 03:30:00,1,6167.11,5824.21
2021-03-08 04:00:00,1,6116.67,5896.03
2021-03-08 12:30:00,1,7598.12,8191.72
2021-03-08 13:00:00,1,7606.9,8247.47
2021-03-08 13:30:00,1,7723.48,8373.16
2021-03-08 14:00:00,1,7793.09,8490.8
2021-03-08 14:30:00,1,7998.16,8815.44
2021-03-08 15:00:00,1,8161.14,9058.47
2021-03-08 15:30:00,1,8439.06,9229.34
2021-03-08 16:00:00,1,8599.15,9408.39
2021-03-08 16:30:00,1,8811.84,9614.01
2021-03-08 17:00:00,1,8914.52,9696.92
2021-03-08 17:30:00,1,9206.19,9660.42
2021-03-08 18:00:00,1,9106.55,9561.76
2021-03-08 18:30:00,1,9089.7,9354.86
2021-03-08 19:00:00,1,8921.44,9178.37
2021-03-08 19:30:00,1,8833.73,8963.18
2021-03-08 20:00:00,1,8670.9,8721.77
2021-03-08 20:30:00,1,8438.67,8505.04
2021-03-08 21:00:00,1,8234.32,8215.59
2021-03-08 21:30:00,1,7963.61,8022.02
2021-03-08 22:00:00,1,7894.82,7843.19
2021-03-08 22:30:00,1,7708.14,7645.58
2021-03-08 23:00:00,1,7618.84,7486.67
2021-03-08 23:30:00,1,7529.49,7304.35
2021-03-09 00:00:00,0,7291.08,7168.88
2021-03-09 00:30:00,0,7221.96,7009.51
2021-03-09 01:00:00,0,6982.33,6822.32
2021-03-09 01:30:00,0,6756.24,6575.69
2021-03-09 02:00:00,0,6494.46,6368.05
2021-03-09 02:30:00,0,6317.77,6250.97
2021-03-09 03:00:00,0,6178.89,6200.75
2021-03-09 03:30:00,0,6134.12,6213.54
2021-03-09 04:00:00,0,6158.81,6274.15
2021-03-09 12:30:00,0,7509.53,7614.09
2021-03-09 13:00:00,0,7579.3,7646.35
2021-03-09 13:30:00,0,7590.98,7724.78
2021-03-09 14:00:00,0,7664.3,7800.0
2021-03-09 14:30:00,0,7796.87,7951.63
2021-03-09 15:00:00,0,7841.75,8146.53
2021-03-09 15:30:00,0,8087.88,8374.26
2021-03-09 16:00:00,0,8314.82,8603.83
2021-03-09 16:30:00,0,8567.98,8869.02
2021-03-09 17:00:00,0,8712.84,9074.67
2021-03-09 17:30:00,0,8841.21,9189.98
2021-03-09 18:00:00,0,8795.09,9207.57
2021-03-09 18:30:00,0,8782.34,9099.34
2021-03-09 19:00:00,0,8649.29,8989.83
2021-03-09 19:30:00,0,8589.68,8844.85
2021-03-09 20:00:00,0,8480.46,8614.84
2021-03-09 20:30:00,0,8269.43,8369.62
2021-03-09 21:00:00,0,8047.16,8098.57
2021-03-09 21:30:00,0,7817.33,7885.07
2021-03-09 22:00:00,0,7732.69,7698.79
2021-03-09 22:30:00,0,7642.24,7608.72
2021-03-09 23:00:00,0,7567.36,7479.97
2021-03-09 23:30:00,0,7461.71,7315.9
2021-03-10 00:00:00,0,7333.09,7191.3
2021-03-10 00:30:00,0,7260.08,7043.46
2021-03-10 01:00:00,0,7047.49,6859.49
2021-03-10 01:30:00,0,6824.6,6611.03
2021-03-10 02:00:00,0,6539.74,6400.98
2021-03-10 02:30:00,0,6367.79,6284.28
2021-03-10 03:00:00,0,6223.81,6213.37
2021-03-10 03:30:00,0,6179.06,6209.67
2021-03-10 04:00:00,0,6154.39,6270.57
2021-03-10 12:30:00,0,8171.49,7291.95
2021-03-10 13:00:00,0,8201.18,7324.63
2021-03-10 13:30:00,0,8134.22,7393.18
2021-03-10 14:00:00,0,8144.79,7449.21
2021-03-10 14:30:00,0,8156.89,7584.44
2021-03-10 15:00:00,0,8214.98,7731.69
2021-03-10 15:30:00,0,8265.77,7915.53
2021-03-10 16:00:00,0,8287.67,8130.71
2021-03-10 16:30:00,0,8523.72,8337.79
2021-03-10 17:00:00,0,8837.42,8546.23
2021-03-10 17:30:00,0,9088.55,8696.6
2021-03-10 18:00:00,0,9028.59,8781.96
2021-03-10 18:30:00,0,9048.94,8734.02
2021-03-10 19:00:00,0,8997.76,8692.16
2021-03-10 19:30:00,0,8928.75,8568.21
2021-03-10 20:00:00,0,8768.07,8367.41
2021-03-10 20:30:00,0,8558.39,8157.49
2021-03-10 21:00:00,0,8284.77,7920.25
2021-03-10 21:30:00,0,8027.51,7762.75
2021-03-10 22:00:00,0,7877.46,7639.38
2021-03-10 22:30:00,0,7762.95,7577.21
2021-03-10 23:00:00,0,7745.09,7459.43
2021-03-10 23:30:00,0,7629.62,7286.83
2021-03-11 00:00:00,0,7466.78,7175.25
2021-03-11 00:30:00,0,7355.94,7005.27
2021-03-11 01:00:00,0,7156.78,6814.02
2021-03-11 01:30:00,0,6990.9,6558.79
2021-03-11 02:00:00,0,6687.28,6347.33
2021-03-11 02:30:00,0,6426.36,6233.1
2021-03-11 03:00:00,0,6290.6,6172.68
2021-03-11 03:30:00,0,6278.24,6176.82
2021-03-11 04:00:00,0,6308.04,6250.9
2021-03-11 12:30:00,0,7898.41,8308.79
2021-03-11 13:00:00,0,7916.46,8367.86
2021-03-11 13:30:00,0,7939.94,8460.09
2021-03-11 14:00:00,0,8011.66,8468.52
2021-03-11 14:30:00,0,8179.38,8479.05
2021-03-11 15:00:00,0,8267.56,8566.0
2021-03-11 15:30:00,0,8436.27,8664.8
2021-03-11 16:00:00,0,8541.07,8740.63
2021-03-11 16:30:00,0,8504.92,8818.89
2021-03-11 17:00:00,0,8667.79,8922.69
2021-03-11 17:30:00,0,8778.39,8876.0
2021-03-11 18:00:00,0,8740.03,8820.49
2021-03-11 18:30:00,0,8800.87,8712.46
2021-03-11 19:00:00,0,8732.51,8668.2
2021-03-11 19:30:00,0,8659.92,8567.7
2021-03-11 20:00:00,0,8603.29,8367.94
2021-03-11 20:30:00,0,8427.34,8157.28
2021-03-11 21:00:00,0,8225.41,7936.53
2021-03-11 21:30:00,0,8014.83,7818.76
2021-03-11 22:00:00,0,7984.1,7669.45
2021-03-11 22:30:00,0,7883.96,7636.66
2021-03-11 23:00:00,0,7812.76,7540.44
2021-03-11 23:30:00,0,7689.09,7359.7
2021-03-12 00:00:00,0,7541.77,7254.06
2021-03-12 00:30:00,0,7384.5,7097.3
2021-03-12 01:00:00,0,7162.5,6906.19
2021-03-12 01:30:00,0,6881.53,6651.46
2021-03-12 02:00:00,0,6531.4,6445.5
2021-03-12 02:30:00,0,6291.9,6327.85
2021-03-12 03:00:00,0,6196.89,6263.72
2021-03-12 03:30:00,0,6141.64,6255.57
2021-03-12 04:00:00,0,6091.57,6321.9
2021-03-12 12:30:00,0,7339.66,8248.67
2021-03-12 13:00:00,0,7519.65,8298.22
2021-03-12 13:30:00,0,7628.86,8348.45
2021-03-12 14:00:00,0,7877.99,8385.28
2021-03-12 14:30:00,0,8159.49,8352.33
2021-03-12 15:00:00,0,8299.43,8489.41
2021-03-12 15:30:00,0,8543.59,8621.72
2021-03-12 16:00:00,0,8862.28,8806.33
2021-03-12 16:30:00,0,9113.19,8908.0
2021-03-12 17:00:00,0,9337.36,8995.87
2021-03-12 17:30:00,0,9522.88,8892.08
2021-03-12 18:00:00,0,9587.3,8821.85
2021-03-12 18:30:00,0,9558.61,8713.22
2021-03-12 19:00:00,0,9399.08,8665.66
2021-03-12 19:30:00,0,9318.24,8567.12
2021-03-12 20:00:00,0,9105.64,8367.76
2021-03-12 20:30:00,0,8808.7,8195.38
2021-03-12 21:00:00,0,8382.68,8004.57
2021-03-12 21:30:00,0,8138.18,7920.74
2021-03-12 22:00:00,0,8257.63,7811.97
2021-03-12 22:30:00,0,8116.97,7734.3
2021-03-12 23:00:00,0,7997.84,7639.12
2021-03-12 23:30:00,0,7709.37,7469.84
2021-03-13 00:00:00,1,7473.85,7345.7
2021-03-13 00:30:00,1,7309.07,7158.33
2021-03-13 01:00:00,1,7157.65,6934.85
2021-03-13 01:30:00,1,6941.33,6671.54
2021-03-13 02:00:00,1,6700.39,6456.96
2021-03-13 02:30:00,1,6471.08,6308.27
2021-03-13 03:00:00,1,6367.18,6225.59
2021-03-13 03:30:00,1,6319.59,6169.27
2021-03-13 04:00:00,1,6296.22,6171.36
2021-03-13 12:30:00,1,7138.29,7221.79
2021-03-13 13:00:00,1,7119.03,7366.94
2021-03-13 13:30:00,1,7037.55,7547.19
2021-03-13 14:00:00,1,7022.79,7748.92
2021-03-13 14:30:00,1,7057.33,7974.31
2021-03-13 15:00:00,1,7115.17,8221.96
2021-03-13 15:30:00,1,7172.23,8576.68
2021-03-13 16:00:00,1,7274.71,9124.61
2021-03-13 16:30:00,1,7469.26,9348.21
2021-03-13 17:00:00,1,7675.22,9586.74
2021-03-13 17:30:00,1,7888.54,9628.08
2021-03-13 18:00:00,1,8050.23,9609.4
2021-03-13 18:30:00,1,8046.18,9479.86
2021-03-13 19:00:00,1,7956.99,9371.34
2021-03-13 19:30:00,1,7907.1,9237.92
2021-03-13 20:00:00,1,7696.41,9060.28
2021-03-13 20:30:00,1,7531.51,8883.6
2021-03-13 21:00:00,1,7326.22,8640.9
2021-03-13 21:30:00,1,7137.88,8410.26
2021-03-13 22:00:00,1,6975.34,8238.3
2021-03-13 22:30:00,1,6861.63,8112.4
2021-03-13 23:00:00,1,6793.4,7891.39
2021-03-13 23:30:00,1,6679.95,7581.9
2021-03-14 00:00:00,0,6557.98,7349.52
2021-03-14 00:30:00,0,6446.8,7050.51
2021-03-14 01:00:00,0,6313.85,6780.85
2021-03-14 01:30:00,0,6186.71,6454.82
2021-03-14 02:00:00,0,5969.96,6249.88
2021-03-14 02:30:00,0,5788.12,6126.14
2021-03-14 03:00:00,0,5694.03,6061.31
2021-03-14 03:30:00,0,5682.96,6033.42
2021-03-14 04:00:00,0,5744.75,6050.81
2021-03-14 12:30:00,0,6543.2,6975.13
2021-03-14 13:00:00,0,6515.71,6912.68
2021-03-14 13:30:00,0,6452.9,6895.69
2021-03-14 14:00:00,0,6492.71,6898.93
2021-03-14 14:30:00,0,6550.99,6955.64
2021-03-14 15:00:00,0,6616.16,7061.96
2021-03-14 15:30:00,0,6833.53,7180.17
2021-03-14 16:00:00,0,6962.19,7339.09
2021-03-14 16:30:00,0,7168.18,7507.71
2021-03-14 17:00:00,0,7468.69,7744.35
2021-03-14 17:30:00,0,7817.45,7878.28
2021-03-14 18:00:00,0,8060.39,7948.7
2021-03-14 18:30:00,0,8226.74,7964.81
2021-03-14 19:00:00,0,8177.69,7944.45
2021-03-14 19:30:00,0,8193.12,7854.03
2021-03-14 20:00:00,0,8005.08,7701.1
2021-03-14 20:30:00,0,7780.0,7566.42
2021-03-14 21:00:00,0,7573.62,7382.27
2021-03-14 21:30:00,0,7374.54,7249.83
2021-03-14 22:00:00,0,7274.84,7131.4
2021-03-14 22:30:00,0,7189.56,7031.55
2021-03-14 23:00:00,0,7184.81,6884.61
2021-03-14 23:30:00,0,7067.12,6714.64
2021-03-15 00:00:00,0,6955.38,6614.84
2021-03-15 00:30:00,0,6908.59,6503.86
2021-03-15 01:00:00,0,6743.32,6333.61
2021-03-15 01:30:00,0,6613.53,6118.56
2021-03-15 02:00:00,0,6314.55,5950.92
2021-03-15 02:30:00,0,6099.16,5866.6
2021-03-15 03:00:00,0,5984.86,5848.69
2021-03-15 03:30:00,0,5896.86,5880.55
2021-03-15 04:00:00,0,5890.23,5975.97
2021-03-15 12:30:00,0,7312.93,6661.07
2021-03-15 13:00:00,0,7399.55,6631.45
2021-03-15 13:30:00,0,7401.23,6663.5
2021-03-15 14:00:00,0,7467.85,6703.4
2021-03-15 14:30:00,0,7466.8,6839.14
2021-03-15 15:00:00,0,7482.83,7026.8
2021-03-15 15:30:00,0,7559.69,7243.66
2021-03-15 16:00:00,0,7672.84,7482.11
2021-03-15 16:30:00,0,7894.69,7767.72
2021-03-15 17:00:00,0,8097.72,8076.65
2021-03-15 17:30:00,0,8365.05,8268.41
2021-03-15 18:00:00,0,8393.76,8409.54
2021-03-15 18:30:00,0,8568.28,8420.37
2021-03-15 19:00:00,0,8507.87,8432.54
2021-03-15 19:30:00,0,8375.9,8333.35
2021-03-15 20:00:00,0,8198.43,8165.88
2021-03-15 20:30:00,0,8012.27,7973.92
2021-03-15 21:00:00,0,7775.97,7750.12
2021-03-15 21:30:00,0,7519.49,7632.84
2021-03-15 22:00:00,0,7462.84,7525.05
2021-03-15 22:30:00,0,7373.83,7450.99
2021-03-15 23:00:00,0,7345.78,7346.91
2021-03-15 23:30:00,0,7218.99,7221.41
2021-03-16 00:00:00,0,7056.88,7107.54
2021-03-16 00:30:00,0,6999.23,6954.32
2021-03-16 01:00:00,0,6849.85,6751.09
2021-03-16 01:30:00,0,6618.34,6472.99
2021-03-16 02:00:00,0,6353.34,6239.68
2021-03-16 02:30:00,0,6155.11,6101.07
2021-03-16 03:00:00,0,5999.4,6036.17
2021-03-16 03:30:00,0,5964.12,6039.34
2021-03-16 04:00:00,0,5981.55,6099.9
2021-03-16 12:30:00,0,7471.58,7213.83
2021-03-16 13:00:00,0,7474.37,7199.67
2021-03-16 13:30:00,0,7408.45,7192.88
2021-03-16 14:00:00,0,7370.84,7245.73
2021-03-16 14:30:00,0,7464.73,7320.41
2021-03-16 15:00:00,0,7460.35,7448.61
2021-03-16 15:30:00,0,7657.38,7593.67
2021-03-16 16:00:00,0,7795.99,7778.93
2021-03-16 16:30:00,0,7941.81,7980.04
2021-03-16 17:00:00,0,8143.58,8187.94
2021-03-16 17:30:00,0,8367.39,8323.52
2021-03-16 18:00:00,0,8471.23,8416.19
2021-03-16 18:30:00,0,8518.35,8432.87
2021-03-16 19:00:00,0,8496.3,8380.94
2021-03-16 19:30:00,0,8397.93,8184.53
2021-03-16 20:00:00,0,8271.57,7965.85
2021-03-16 20:30:00,0,7995.89,7767.5
2021-03-16 21:00:00,0,7735.99,7547.89
2021-03-16 21:30:00,0,7560.98,7451.85
2021-03-16 22:00:00,0,7503.12,7359.87
2021-03-16 22:30:00,0,7419.77,7315.75
2021-03-16 23:00:00,0,7417.91,7222.83
2021-03-16 23:30:00,0,7287.32,7082.96
2021-03-17 00:00:00,0,7172.39,6998.33
2021-03-17 00:30:00,0,7094.51,6871.72
