timestamp,is_hot_day,true,op_latest
2010-01-09 00:00:00,1,8044.09,8161.14
2010-01-09 00:30:00,1,7746.22,7661.02
2010-01-09 01:00:00,1,7443.16,7396.79
2010-01-09 01:30:00,1,7122.84,7058.62
2010-01-09 02:00:00,1,6827.91,6757.69
2010-01-09 02:30:00,1,6613.01,6558.76
2010-01-09 03:00:00,1,6525.8,6449.49
2010-01-09 03:30:00,1,6471.51,6404.54
2010-01-09 04:00:00,1,6477.89,6393.65
2010-01-09 04:30:00,1,6547.98,6423.47
2010-01-09 05:00:00,1,6538.81,6439.17
2010-01-09 05:30:00,1,6634.89,6552.37
2010-01-09 06:00:00,1,6784.32,6715.09
2010-01-09 06:30:00,1,7109.54,7022.57
2010-01-09 07:00:00,1,7573.23,7497.56
2010-01-09 07:30:00,1,8036.33,7977.11
2010-01-09 08:00:00,1,8513.87,8507.19
2010-01-09 08:30:00,1,9003.91,8941.68
2010-01-09 09:00:00,1,9244.65,9170.26
2010-01-09 09:30:00,1,9454.39,9347.67
2010-01-09 10:00:00,1,9649.05,9462.6
2010-01-09 10:30:00,1,9884.43,9608.18
2010-01-09 11:00:00,1,10107.62,9739.3
2010-01-09 11:30:00,1,10314.69,10151.67
2010-01-09 12:00:00,1,10470.43,10254.33
2010-01-09 12:30:00,1,10675.2,10330.87
2010-01-09 13:00:00,1,10842.61,10812.8
2010-01-09 13:30:00,1,10953.88,10912.28
2010-01-09 14:00:00,1,11056.98,11013.37
2010-01-09 14:30:00,1,11188.77,11129.71
2010-01-09 15:00:00,1,11333.0,11155.79
2010-01-09 15:30:00,1,11412.45,11216.43
2010-01-09 16:00:00,1,11524.52,11196.07
2010-01-09 16:30:00,1,11430.72,11322.19
2010-01-09 17:00:00,1,11353.03,11214.81
2010-01-09 17:30:00,1,11297.6,11044.72
2010-01-09 18:00:00,1,11154.18,10994.25
2010-01-09 18:30:00,1,10969.01,10723.88
2010-01-09 19:00:00,1,10717.1,10577.42
2010-01-09 19:30:00,1,10590.9,10340.27
2010-01-09 20:00:00,1,10608.86,10579.19
2010-01-09 20:30:00,1,10465.88,10361.56
2010-01-09 21:00:00,1,10175.55,10099.44
2010-01-09 21:30:00,1,9997.75,9835.01
2010-01-09 22:00:00,1,9715.21,9578.01
2010-01-09 22:30:00,1,9417.91,9447.68
2010-01-09 23:00:00,1,8998.06,9070.76
2010-01-09 23:30:00,1,8618.35,8695.27
2010-01-12 00:00:00,1,8492.0,8491.75
2010-01-12 00:30:00,1,8257.65,8160.74
2010-01-12 01:00:00,1,8094.42,7881.38
2010-01-12 01:30:00,1,7703.3,7641.94
2010-01-12 02:00:00,1,7437.36,7454.85
2010-01-12 02:30:00,1,7280.25,7209.82
2010-01-12 03:00:00,1,7167.38,7097.39
2010-01-12 03:30:00,1,7132.5,7065.56
2010-01-12 04:00:00,1,7175.26,7126.76
2010-01-12 04:30:00,1,7362.01,7295.03
2010-01-12 05:00:00,1,7600.04,7541.89
2010-01-12 05:30:00,1,8091.83,7954.62
2010-01-12 06:00:00,1,8598.86,8465.2
2010-01-12 06:30:00,1,9042.02,8895.12
2010-01-12 07:00:00,1,9648.32,9422.28
2010-01-12 07:30:00,1,10059.74,10083.37
2010-01-12 08:00:00,1,10394.09,10561.24
2010-01-12 08:30:00,1,10755.63,11069.28
2010-01-12 09:00:00,1,11008.53,11393.59
2010-01-12 09:30:00,1,11257.75,11364.06
2010-01-12 10:00:00,1,11515.11,11571.2
2010-01-12 10:30:00,1,11799.86,11777.54
2010-01-12 11:00:00,1,12088.04,11996.38
2010-01-12 11:30:00,1,12333.92,12157.72
2010-01-12 12:00:00,1,12531.92,12345.3
2010-01-12 12:30:00,1,12818.19,12652.4
2010-01-12 13:00:00,1,13003.44,12792.63
2010-01-12 13:30:00,1,13144.98,12915.11
2010-01-12 14:00:00,1,13291.92,13167.87
2010-01-12 14:30:00,1,13396.28,13239.4
2010-01-12 15:00:00,1,13522.15,13285.98
2010-01-12 15:30:00,1,13600.6,13328.37
2010-01-12 16:00:00,1,13700.02,13480.43
2010-01-12 16:30:00,1,13637.47,13414.41
2010-01-12 17:00:00,1,13448.95,13405.2
2010-01-12 17:30:00,1,13090.28,13018.86
2010-01-12 18:00:00,1,12775.91,12627.85
2010-01-12 18:30:00,1,12459.32,12226.4
2010-01-12 19:00:00,1,12242.0,12048.38
2010-01-12 19:30:00,1,12108.67,11821.84
2010-01-12 20:00:00,1,12099.18,11798.49
2010-01-12 20:30:00,1,11844.64,11498.94
2010-01-12 21:00:00,1,11401.02,11055.05
2010-01-12 21:30:00,1,11145.31,11041.81
2010-01-12 22:00:00,1,10585.39,10647.65
2010-01-12 22:30:00,1,10138.38,10307.37
2010-01-12 23:00:00,1,9722.33,9907.76
2010-01-12 23:30:00,1,9340.24,9482.7
2010-01-20 00:00:00,1,7538.63,7705.33
2010-01-20 00:30:00,1,7389.78,7921.77
2010-01-20 01:00:00,1,7182.36,7215.02
2010-01-20 01:30:00,1,6912.21,6941.82
2010-01-20 02:00:00,1,6641.71,6712.31
2010-01-20 02:30:00,1,6449.09,6520.56
2010-01-20 03:00:00,1,6372.8,6484.48
2010-01-20 03:30:00,1,6356.3,6406.18
2010-01-20 04:00:00,1,6380.96,6456.67
2010-01-20 04:30:00,1,6533.91,6661.55
2010-01-20 05:00:00,1,6808.34,6872.97
2010-01-20 05:30:00,1,7253.3,7372.94
2010-01-20 06:00:00,1,7682.76,7782.87
2010-01-20 06:30:00,1,8075.46,8319.17
2010-01-20 07:00:00,1,8575.59,8855.76
2010-01-20 07:30:00,1,8879.05,8922.27
2010-01-20 08:00:00,1,9180.96,9241.68
2010-01-20 08:30:00,1,9559.72,9593.58
2010-01-20 09:00:00,1,9720.42,9818.83
2010-01-20 09:30:00,1,9843.95,9993.67
2010-01-20 10:00:00,1,9901.61,10145.53
2010-01-20 10:30:00,1,9970.53,10091.37
2010-01-20 11:00:00,1,10075.52,10182.62
2010-01-20 11:30:00,1,10134.68,10258.25
2010-01-20 12:00:00,1,10187.59,10360.57
2010-01-20 12:30:00,1,10257.72,10446.6
2010-01-20 13:00:00,1,10356.93,10468.54
2010-01-20 13:30:00,1,10459.27,10524.1
2010-01-20 14:00:00,1,10569.3,10548.64
2010-01-20 14:30:00,1,10602.61,10575.58
2010-01-20 15:00:00,1,10683.17,10583.43
2010-01-20 15:30:00,1,10794.51,10588.03
2010-01-20 16:00:00,1,10819.11,10555.42
2010-01-20 16:30:00,1,10752.24,10634.93
2010-01-20 17:00:00,1,10652.82,10534.49
2010-01-20 17:30:00,1,10360.92,10329.4
2010-01-20 18:00:00,1,10160.07,10096.85
2010-01-20 18:30:00,1,9959.14,9949.12
2010-01-20 19:00:00,1,9747.0,9859.37
2010-01-20 19:30:00,1,9635.98,9718.45
2010-01-20 20:00:00,1,9663.61,9734.48
2010-01-20 20:30:00,1,9445.18,9525.77
2010-01-20 21:00:00,1,9128.65,9277.36
2010-01-20 21:30:00,1,9078.63,9190.21
2010-01-20 22:00:00,1,8760.27,8889.4
2010-01-20 22:30:00,1,8632.38,8702.08
2010-01-20 23:00:00,1,8383.15,8539.71
2010-01-20 23:30:00,1,8163.56,8355.21
2010-01-21 00:00:00,1,7929.1,8185.33
2010-01-21 00:30:00,1,7731.0,7661.4
2010-01-21 01:00:00,1,7468.68,7444.35
2010-01-21 01:30:00,1,7161.73,7169.39
2010-01-21 02:00:00,1,6933.13,6883.84
2010-01-21 02:30:00,1,6750.13,6685.04
2010-01-21 03:00:00,1,6623.9,6602.64
2010-01-21 03:30:00,1,6647.71,6589.77
2010-01-21 04:00:00,1,6700.51,6655.71
2010-01-21 04:30:00,1,6896.11,6798.99
2010-01-21 05:00:00,1,7121.75,7098.63
2010-01-21 05:30:00,1,7523.57,7515.85
2010-01-21 06:00:00,1,7978.44,7963.66
2010-01-21 06:30:00,1,8393.89,8374.38
2010-01-21 07:00:00,1,8892.1,8811.99
2010-01-21 07:30:00,1,9356.12,9192.46
2010-01-21 08:00:00,1,9767.76,9541.97
2010-01-21 08:30:00,1,10134.85,10195.91
2010-01-21 09:00:00,1,10316.73,10497.36
2010-01-21 09:30:00,1,10558.5,10645.64
2010-01-21 10:00:00,1,10731.29,10638.96
2010-01-21 10:30:00,1,10869.14,10752.69
2010-01-21 11:00:00,1,11052.39,10900.8
2010-01-21 11:30:00,1,11269.69,11008.3
2010-01-21 12:00:00,1,11377.12,11304.63
2010-01-21 12:30:00,1,11667.89,11468.92
2010-01-21 13:00:00,1,11907.71,11586.14
2010-01-21 13:30:00,1,12095.82,11889.03
2010-01-21 14:00:00,1,12258.97,11965.99
2010-01-21 14:30:00,1,12381.83,12307.7
2010-01-21 15:00:00,1,12440.82,12413.78
2010-01-21 15:30:00,1,12619.15,12481.9
2010-01-21 16:00:00,1,12758.95,12517.83
2010-01-21 16:30:00,1,12684.91,12479.08
2010-01-21 17:00:00,1,12664.03,12371.72
2010-01-21 17:30:00,1,12368.97,12228.94
2010-01-21 18:00:00,1,12070.27,11965.13
2010-01-21 18:30:00,1,11680.77,11463.32
2010-01-21 19:00:00,1,11392.72,11150.67
2010-01-21 19:30:00,1,11193.91,11199.42
2010-01-21 20:00:00,1,11164.89,11097.63
2010-01-21 20:30:00,1,10754.03,10788.68
2010-01-21 21:00:00,1,10321.5,10397.86
2010-01-21 21:30:00,1,10149.68,10265.19
2010-01-21 22:00:00,1,9736.5,9850.9
2010-01-21 22:30:00,1,9476.36,9543.62
2010-01-21 23:00:00,1,9166.34,9179.38
2010-01-21 23:30:00,1,8840.3,8728.6
2010-01-22 00:00:00,1,8505.63,8442.98
2010-01-22 00:30:00,1,8195.15,8059.72
2010-01-22 01:00:00,1,7957.21,7887.33
2010-01-22 01:30:00,1,7580.13,7591.68
2010-01-22 02:00:00,1,7345.22,7238.15
2010-01-22 02:30:00,1,7119.35,7033.85
2010-01-22 03:00:00,1,7007.97,6875.6
2010-01-22 03:30:00,1,7056.66,6883.47
2010-01-22 04:00:00,1,7062.7,7053.26
2010-01-22 04:30:00,1,7210.39,7228.31
2010-01-22 05:00:00,1,7466.39,7496.09
2010-01-22 05:30:00,1,7930.6,7993.83
2010-01-22 06:00:00,1,8408.19,8514.13
2010-01-22 06:30:00,1,8949.3,8976.99
2010-01-22 07:00:00,1,9533.68,9491.37
2010-01-22 07:30:00,1,9994.01,10052.02
2010-01-22 08:00:00,1,10460.15,10471.65
2010-01-22 08:30:00,1,10910.58,10929.22
2010-01-22 09:00:00,1,11233.21,11249.25
2010-01-22 09:30:00,1,11605.36,11541.7
2010-01-22 10:00:00,1,11886.61,11715.0
2010-01-22 10:30:00,1,12152.97,11980.96
2010-01-22 11:00:00,1,12366.77,12359.55
2010-01-22 11:30:00,1,12554.47,12523.03
2010-01-22 12:00:00,1,12797.49,12643.36
2010-01-22 12:30:00,1,12927.2,12859.64
2010-01-22 13:00:00,1,13166.31,13106.81
2010-01-22 13:30:00,1,13356.87,13275.83
2010-01-22 14:00:00,1,13509.44,13375.37
2010-01-22 14:30:00,1,13636.19,13516.96
2010-01-22 15:00:00,1,13765.04,13536.32
2010-01-22 15:30:00,1,13744.83,13694.6
2010-01-22 16:00:00,1,13744.68,13700.97
2010-01-22 16:30:00,1,13547.14,13505.57
2010-01-22 17:00:00,1,13347.85,13231.03
2010-01-22 17:30:00,1,12939.29,12942.97
2010-01-22 18:00:00,1,12644.95,12558.44
2010-01-22 18:30:00,1,12375.96,12114.75
2010-01-22 19:00:00,1,12084.93,11757.62
2010-01-22 19:30:00,1,11855.34,11838.06
2010-01-22 20:00:00,1,11870.02,11616.49
2010-01-22 20:30:00,1,11609.71,11246.37
2010-01-22 21:00:00,1,11206.39,10821.65
2010-01-22 21:30:00,1,11042.93,10941.03
2010-01-22 22:00:00,1,10544.33,10415.56
2010-01-22 22:30:00,1,10258.62,10106.7
2010-01-22 23:00:00,1,9861.11,9800.55
2010-01-22 23:30:00,1,9451.05,9277.61
2010-01-23 00:00:00,1,9049.68,8828.48
2010-01-23 00:30:00,1,8693.1,8562.62
2010-01-23 01:00:00,1,8309.93,8186.57
2010-01-23 01:30:00,1,7991.33,7901.69
2010-01-23 02:00:00,1,7601.46,7674.1
2010-01-23 02:30:00,1,7452.68,7440.8
2010-01-23 03:00:00,1,7304.23,7254.05
2010-01-23 03:30:00,1,7276.18,7168.54
2010-01-23 04:00:00,1,7228.92,7142.36
2010-01-23 04:30:00,1,7308.56,7177.55
2010-01-23 05:00:00,1,7332.69,7272.73
2010-01-23 05:30:00,1,7450.16,7448.65
2010-01-23 06:00:00,1,7582.76,7602.46
2010-01-23 06:30:00,1,7994.94,7890.71
2010-01-23 07:00:00,1,8448.31,8332.52
2010-01-23 07:30:00,1,9038.23,8959.44
2010-01-23 08:00:00,1,9555.71,9642.86
2010-01-23 08:30:00,1,10159.04,10234.45
2010-01-23 09:00:00,1,10487.7,10692.24
2010-01-23 09:30:00,1,10856.44,11020.43
2010-01-23 10:00:00,1,11048.0,11074.44
2010-01-23 10:30:00,1,11382.11,11317.32
2010-01-23 11:00:00,1,11582.39,11580.8
2010-01-23 11:30:00,1,11743.79,11813.44
2010-01-23 12:00:00,1,11915.87,11965.9
2010-01-23 12:30:00,1,12080.72,12138.28
2010-01-23 13:00:00,1,12134.02,12318.68
2010-01-23 13:30:00,1,12185.84,12430.95
2010-01-23 14:00:00,1,12278.96,12333.82
2010-01-23 14:30:00,1,12257.6,12365.36
2010-01-23 15:00:00,1,12162.62,12391.8
2010-01-23 15:30:00,1,11922.12,12378.89
2010-01-23 16:00:00,1,11466.93,11958.93
2010-01-23 16:30:00,1,10927.62,11166.04
2010-01-23 17:00:00,1,10549.52,10759.81
2010-01-23 17:30:00,1,10173.65,9893.65
2010-01-23 18:00:00,1,9836.98,10070.89
2010-01-23 18:30:00,1,9605.85,9855.92
2010-01-23 19:00:00,1,9448.47,9467.94
2010-01-23 19:30:00,1,9266.01,9272.94
2010-01-23 20:00:00,1,9257.53,9279.93
2010-01-23 20:30:00,1,9055.25,9051.64
2010-01-23 21:00:00,1,8809.6,8789.45
2010-01-23 21:30:00,1,8697.43,8677.38
2010-01-23 22:00:00,1,8546.75,8530.33
2010-01-23 22:30:00,1,8358.84,8350.1
2010-01-23 23:00:00,1,8113.27,8132.13
2010-01-23 23:30:00,1,7877.23,7933.12
2010-01-26 00:00:00,1,8098.75,8178.72
2010-01-26 00:30:00,1,7843.34,7320.44
2010-01-26 01:00:00,1,7576.8,7141.22
2010-01-26 01:30:00,1,7289.67,7284.13
2010-01-26 02:00:00,1,7009.43,7000.46
2010-01-26 02:30:00,1,6852.0,6778.49
2010-01-26 03:00:00,1,6779.57,6645.39
2010-01-26 03:30:00,1,6699.96,6571.39
2010-01-26 04:00:00,1,6744.35,6684.46
2010-01-26 04:30:00,1,6819.87,6711.26
2010-01-26 05:00:00,1,6854.66,6783.78
2010-01-26 05:30:00,1,7004.93,7202.43
2010-01-26 06:00:00,1,7039.93,7471.82
2010-01-26 06:30:00,1,7301.67,7507.9
2010-01-26 07:00:00,1,7655.53,7871.83
2010-01-26 07:30:00,1,8065.71,8036.09
2010-01-26 08:00:00,1,8442.43,8409.53
2010-01-26 08:30:00,1,8861.54,8727.35
2010-01-26 09:00:00,1,9255.13,8986.1
2010-01-26 09:30:00,1,9668.15,9232.91
2010-01-26 10:00:00,1,9944.9,9802.93
2010-01-26 10:30:00,1,10168.85,9913.32
2010-01-26 11:00:00,1,10376.37,10351.78
2010-01-26 11:30:00,1,10497.69,10523.73
2010-01-26 12:00:00,1,10674.97,10662.54
2010-01-26 12:30:00,1,10787.23,10832.29
2010-01-26 13:00:00,1,10925.58,11019.84
2010-01-26 13:30:00,1,11049.17,11050.78
2010-01-26 14:00:00,1,11160.63,11127.78
2010-01-26 14:30:00,1,11260.1,11268.94
2010-01-26 15:00:00,1,11367.77,11311.8
2010-01-26 15:30:00,1,11458.18,11472.44
2010-01-26 16:00:00,1,11504.61,11512.29
2010-01-26 16:30:00,1,11430.31,11493.06
2010-01-26 17:00:00,1,11295.84,11302.02
2010-01-26 17:30:00,1,11199.19,11204.44
2010-01-26 18:00:00,1,11040.88,11025.65
2010-01-26 18:30:00,1,10730.56,10798.15
2010-01-26 19:00:00,1,10523.05,10539.26
2010-01-26 19:30:00,1,10474.2,10261.58
2010-01-26 20:00:00,1,10541.18,10260.16
2010-01-26 20:30:00,1,10271.68,10239.93
2010-01-26 21:00:00,1,9987.77,9986.15
2010-01-26 21:30:00,1,9817.7,9623.93
2010-01-26 22:00:00,1,9469.48,9330.51
2010-01-26 22:30:00,1,9115.94,9143.68
2010-01-26 23:00:00,1,8776.91,8810.73
2010-01-26 23:30:00,1,8444.44,8501.93
2010-02-11 00:00:00,1,8308.77,8291.52
2010-02-11 00:30:00,1,7989.93,8158.75
2010-02-11 01:00:00,1,7742.62,7890.65
2010-02-11 01:30:00,1,7472.49,7577.48
2010-02-11 02:00:00,1,7246.87,7275.0
2010-02-11 02:30:00,1,7079.58,7062.2
2010-02-11 03:00:00,1,6996.08,6981.1
2010-02-11 03:30:00,1,6962.71,6964.44
2010-02-11 04:00:00,1,6996.97,7032.92
2010-02-11 04:30:00,1,7168.22,7239.72
2010-02-11 05:00:00,1,7499.66,7553.57
2010-02-11 05:30:00,1,8173.11,8149.77
2010-02-11 06:00:00,1,8745.27,8726.46
2010-02-11 06:30:00,1,9265.7,9265.87
2010-02-11 07:00:00,1,9773.05,9706.84
2010-02-11 07:30:00,1,10076.07,10073.6
2010-02-11 08:00:00,1,10397.07,10419.97
2010-02-11 08:30:00,1,10782.73,10760.78
2010-02-11 09:00:00,1,11067.12,10994.55
2010-02-11 09:30:00,1,11317.61,11172.57
2010-02-11 10:00:00,1,11512.99,11341.7
2010-02-11 10:30:00,1,11654.95,11636.2
2010-02-11 11:00:00,1,11852.25,11766.08
2010-02-11 11:30:00,1,11971.65,11907.33
2010-02-11 12:00:00,1,12034.98,12011.54
2010-02-11 12:30:00,1,12199.94,12149.22
2010-02-11 13:00:00,1,12341.88,12283.59
2010-02-11 13:30:00,1,12496.27,12388.43
2010-02-11 14:00:00,1,12532.6,12494.11
2010-02-11 14:30:00,1,12522.12,12580.87
2010-02-11 15:00:00,1,12606.64,12633.11
2010-02-11 15:30:00,1,12572.39,12698.85
2010-02-11 16:00:00,1,12502.65,12723.0
2010-02-11 16:30:00,1,12177.97,12653.42
2010-02-11 17:00:00,1,11968.03,12143.12
2010-02-11 17:30:00,1,11692.36,11808.71
2010-02-11 18:00:00,1,11478.07,11537.92
2010-02-11 18:30:00,1,11228.37,11263.39
2010-02-11 19:00:00,1,11060.75,11086.62
2010-02-11 19:30:00,1,11161.94,11103.23
2010-02-11 20:00:00,1,10982.6,10972.43
2010-02-11 20:30:00,1,10515.88,10660.23
2010-02-11 21:00:00,1,10067.69,10228.19
2010-02-11 21:30:00,1,9880.0,10063.27
2010-02-11 22:00:00,1,9394.09,9566.9
2010-02-11 22:30:00,1,9281.97,9243.36
2010-02-11 23:00:00,1,8961.75,8885.89
2010-02-11 23:30:00,1,8637.83,8610.43
2010-02-12 00:00:00,1,8371.89,8314.05
2010-02-12 00:30:00,1,8165.45,8209.98
2010-02-12 01:00:00,1,7934.45,7904.79
2010-02-12 01:30:00,1,7581.81,7654.68
2010-02-12 02:00:00,1,7321.41,7230.01
2010-02-12 02:30:00,1,7185.83,7057.69
2010-02-12 03:00:00,1,7111.73,7006.36
2010-02-12 03:30:00,1,7095.4,7012.94
2010-02-12 04:00:00,1,7096.8,7028.3
2010-02-12 04:30:00,1,7286.32,7193.03
2010-02-12 05:00:00,1,7609.32,7526.89
2010-02-12 05:30:00,1,8201.32,8132.84
2010-02-12 06:00:00,1,8773.85,8678.45
2010-02-12 06:30:00,1,9319.32,9199.97
2010-02-12 07:00:00,1,9864.39,9657.15
2010-02-12 07:30:00,1,10225.84,10142.07
2010-02-12 08:00:00,1,10523.84,10760.5
2010-02-12 08:30:00,1,11033.6,11160.2
2010-02-12 09:00:00,1,11344.21,11343.7
2010-02-12 09:30:00,1,11649.29,11624.87
2010-02-12 10:00:00,1,11872.38,11853.89
2010-02-12 10:30:00,1,12103.91,12067.3
2010-02-12 11:00:00,1,12331.15,12327.87
2010-02-12 11:30:00,1,12507.56,12557.77
2010-02-12 12:00:00,1,12250.04,12797.76
2010-02-12 12:30:00,1,12374.8,12697.05
2010-02-12 13:00:00,1,12550.76,12750.55
2010-02-12 13:30:00,1,12702.98,12784.54
2010-02-12 14:00:00,1,12700.37,13015.27
2010-02-12 14:30:00,1,12745.06,13157.5
2010-02-12 15:00:00,1,13015.84,13341.75
2010-02-12 15:30:00,1,13032.78,13253.12
2010-02-12 16:00:00,1,13134.81,13288.59
2010-02-12 16:30:00,1,12992.26,12892.55
2010-02-12 17:00:00,1,12500.48,12610.37
2010-02-12 17:30:00,1,11795.66,12128.59
2010-02-12 18:00:00,1,11347.17,11772.94
2010-02-12 18:30:00,1,10937.24,10797.37
2010-02-12 19:00:00,1,10680.85,10485.15
2010-02-12 19:30:00,1,10602.75,10478.82
2010-02-12 20:00:00,1,10390.5,10416.56
2010-02-12 20:30:00,1,10103.28,10011.52
2010-02-12 21:00:00,1,9706.58,9643.36
2010-02-12 21:30:00,1,9602.54,9537.01
2010-02-12 22:00:00,1,9329.1,9248.57
2010-02-12 22:30:00,1,9180.01,9026.18
2010-02-12 23:00:00,1,8909.29,8809.82
2010-02-12 23:30:00,1,8542.59,8663.06
2010-02-15 00:00:00,1,7560.14,7391.59
2010-02-15 00:30:00,1,7397.15,7277.43
2010-02-15 01:00:00,1,7286.79,7092.29
2010-02-15 01:30:00,1,7047.01,6815.34
2010-02-15 02:00:00,1,6841.57,6593.88
2010-02-15 02:30:00,1,6766.26,6728.86
2010-02-15 03:00:00,1,6709.39,6681.02
2010-02-15 03:30:00,1,6743.46,6708.46
2010-02-15 04:00:00,1,6816.73,6804.28
2010-02-15 04:30:00,1,7057.25,7054.56
2010-02-15 05:00:00,1,7429.24,7357.9
2010-02-15 05:30:00,1,8038.69,7854.05
2010-02-15 06:00:00,1,8654.98,8458.58
2010-02-15 06:30:00,1,9166.2,9039.96
2010-02-15 07:00:00,1,9608.47,9499.86
2010-02-15 07:30:00,1,9828.23,9877.71
2010-02-15 08:00:00,1,10061.02,10162.7
2010-02-15 08:30:00,1,10333.77,10471.73
2010-02-15 09:00:00,1,10606.28,10691.95
2010-02-15 09:30:00,1,10806.11,10831.97
2010-02-15 10:00:00,1,10906.13,10933.6
2010-02-15 10:30:00,1,10917.34,11071.03
2010-02-15 11:00:00,1,11043.54,11161.26
2010-02-15 11:30:00,1,11098.33,11251.18
2010-02-15 12:00:00,1,11238.1,11240.08
2010-02-15 12:30:00,1,11348.64,11275.19
2010-02-15 13:00:00,1,11391.17,11358.64
2010-02-15 13:30:00,1,11575.5,11440.23
2010-02-15 14:00:00,1,11686.24,11485.96
2010-02-15 14:30:00,1,11680.15,11407.09
2010-02-15 15:00:00,1,11894.73,11728.47
2010-02-15 15:30:00,1,11965.73,11789.49
2010-02-15 16:00:00,1,12043.83,11729.95
2010-02-15 16:30:00,1,11979.07,11487.91
2010-02-15 17:00:00,1,11786.04,11631.28
2010-02-15 17:30:00,1,11446.39,11321.16
2010-02-15 18:00:00,1,11188.57,11093.36
2010-02-15 18:30:00,1,10861.97,10822.84
2010-02-15 19:00:00,1,10555.43,10595.85
2010-02-15 19:30:00,1,10575.22,10617.01
2010-02-15 20:00:00,1,10382.76,10468.67
2010-02-15 20:30:00,1,9950.35,10178.09
2010-02-15 21:00:00,1,9542.02,9772.87
2010-02-15 21:30:00,1,9293.97,9454.68
2010-02-15 22:00:00,1,8916.18,9171.21
2010-02-15 22:30:00,1,8657.24,8938.0
2010-02-15 23:00:00,1,8425.26,8671.89
2010-02-15 23:30:00,1,8175.01,8303.43
2010-02-21 00:00:00,1,7602.94,7733.65
2010-02-21 00:30:00,1,7433.86,7304.09
2010-02-21 01:00:00,1,7161.54,7074.91
2010-02-21 01:30:00,1,6903.43,6946.1
2010-02-21 02:00:00,1,6688.07,6740.66
2010-02-21 02:30:00,1,6553.51,6582.32
2010-02-21 03:00:00,1,6524.08,6510.24
2010-02-21 03:30:00,1,6462.58,6452.92
2010-02-21 04:00:00,1,6510.32,6497.89
2010-02-21 04:30:00,1,6492.7,6537.63
2010-02-21 05:00:00,1,6552.59,6570.37
2010-02-21 05:30:00,1,6643.77,6639.1
2010-02-21 06:00:00,1,6713.75,6761.38
2010-02-21 06:30:00,1,6914.72,6993.32
2010-02-21 07:00:00,1,7166.96,7329.05
2010-02-21 07:30:00,1,7588.42,7685.55
2010-02-21 08:00:00,1,7980.97,7935.01
2010-02-21 08:30:00,1,8334.35,8388.6
2010-02-21 09:00:00,1,8642.04,8646.51
2010-02-21 09:30:00,1,8999.45,8923.4
2010-02-21 10:00:00,1,9144.69,9041.25
2010-02-21 10:30:00,1,9316.82,9122.16
2010-02-21 11:00:00,1,9482.37,9186.31
2010-02-21 11:30:00,1,9703.94,9581.32
2010-02-21 12:00:00,1,9849.83,9701.67
2010-02-21 12:30:00,1,9943.43,9781.04
2010-02-21 13:00:00,1,10170.86,9977.19
2010-02-21 13:30:00,1,10255.29,10043.17
2010-02-21 14:00:00,1,10447.43,10506.25
2010-02-21 14:30:00,1,10603.32,10551.0
2010-02-21 15:00:00,1,10782.52,10565.29
2010-02-21 15:30:00,1,10851.85,10510.14
2010-02-21 16:00:00,1,10932.61,10939.12
2010-02-21 16:30:00,1,10950.0,10858.87
2010-02-21 17:00:00,1,10992.0,10879.71
2010-02-21 17:30:00,1,10923.77,10831.9
2010-02-21 18:00:00,1,10813.96,10686.4
2010-02-21 18:30:00,1,10508.58,10494.29
2010-02-21 19:00:00,1,10409.74,10358.17
2010-02-21 19:30:00,1,10522.14,10332.92
2010-02-21 20:00:00,1,10348.14,10408.11
2010-02-21 20:30:00,1,10045.11,10141.16
2010-02-21 21:00:00,1,9632.49,9763.21
2010-02-21 21:30:00,1,9209.64,9607.4
2010-02-21 22:00:00,1,8785.04,9343.67
2010-02-21 22:30:00,1,8499.87,8703.47
2010-02-21 23:00:00,1,8155.1,8461.18
2010-02-21 23:30:00,1,7919.18,7919.49
2010-02-22 00:00:00,1,7791.33,7721.32
2010-02-22 00:30:00,1,7533.98,7664.01
2010-02-22 01:00:00,1,7325.2,7396.11
2010-02-22 01:30:00,1,7085.68,7126.68
2010-02-22 02:00:00,1,6929.32,6896.88
2010-02-22 02:30:00,1,6860.79,6703.48
2010-02-22 03:00:00,1,6771.53,6670.87
2010-02-22 03:30:00,1,6826.39,6866.49
2010-02-22 04:00:00,1,6879.35,6993.37
2010-02-22 04:30:00,1,7145.36,7215.85
2010-02-22 05:00:00,1,7422.35,7594.94
2010-02-22 05:30:00,1,8015.84,8105.46
2010-02-22 06:00:00,1,8634.0,8495.08
2010-02-22 06:30:00,1,9208.67,8993.13
2010-02-22 07:00:00,1,9758.48,9529.41
2010-02-22 07:30:00,1,10153.97,9892.15
2010-02-22 08:00:00,1,10522.78,10457.59
2010-02-22 08:30:00,1,10943.71,10831.26
2010-02-22 09:00:00,1,11178.28,11127.58
2010-02-22 09:30:00,1,11418.0,11344.72
2010-02-22 10:00:00,1,11594.69,11593.14
2010-02-22 10:30:00,1,11732.01,11731.93
2010-02-22 11:00:00,1,12001.75,11860.88
2010-02-22 11:30:00,1,12180.08,12015.96
2010-02-22 12:00:00,1,12343.86,12191.3
2010-02-22 12:30:00,1,12576.18,12414.83
2010-02-22 13:00:00,1,12702.99,12565.58
2010-02-22 13:30:00,1,12864.87,12820.83
2010-02-22 14:00:00,1,12901.04,12949.35
2010-02-22 14:30:00,1,13003.64,13029.15
2010-02-22 15:00:00,1,13161.39,13111.35
2010-02-22 15:30:00,1,13377.27,13215.64
2010-02-22 16:00:00,1,13343.06,13269.43
2010-02-22 16:30:00,1,13375.52,13196.93
2010-02-22 17:00:00,1,13205.13,13263.23
2010-02-22 17:30:00,1,12818.45,12846.97
2010-02-22 18:00:00,1,12530.01,12432.0
2010-02-22 18:30:00,1,12117.16,11963.58
2010-02-22 19:00:00,1,11919.17,11681.22
2010-02-22 19:30:00,1,11942.75,11706.68
2010-02-22 20:00:00,1,11752.31,11483.09
2010-02-22 20:30:00,1,11355.45,11366.38
2010-02-22 21:00:00,1,10847.57,10815.15
2010-02-22 21:30:00,1,10471.91,10508.93
2010-02-22 22:00:00,1,9958.45,10059.28
2010-02-22 22:30:00,1,9538.8,9598.21
2010-02-22 23:00:00,1,9190.97,9228.04
2010-02-22 23:30:00,1,8844.52,8864.14
2010-03-08 00:00:00,1,7377.93,7265.12
2010-03-08 00:30:00,1,7196.04,7088.67
2010-03-08 01:00:00,1,7091.5,6916.16
2010-03-08 01:30:00,1,6833.73,6758.83
2010-03-08 02:00:00,1,6658.64,6692.37
2010-03-08 02:30:00,1,6600.14,6505.74
2010-03-08 03:00:00,1,6532.89,6462.23
2010-03-08 03:30:00,1,6575.26,6501.87
2010-03-08 04:00:00,1,6629.86,6567.72
2010-03-08 04:30:00,1,6881.22,6758.59
2010-03-08 05:00:00,1,7190.06,7134.05
2010-03-08 05:30:00,1,7808.1,7731.67
2010-03-08 06:00:00,1,8382.51,8343.05
2010-03-08 06:30:00,1,8822.73,8759.53
2010-03-08 07:00:00,1,9234.51,9204.22
2010-03-08 07:30:00,1,9533.28,9469.81
2010-03-08 08:00:00,1,9823.16,9679.34
2010-03-08 08:30:00,1,10111.66,9922.22
2010-03-08 09:00:00,1,10315.08,10163.49
2010-03-08 09:30:00,1,10565.27,10434.15
2010-03-08 10:00:00,1,10754.89,10524.41
2010-03-08 10:30:00,1,10746.5,10834.0
2010-03-08 11:00:00,1,10834.81,10898.12
2010-03-08 11:30:00,1,10902.97,10952.7
2010-03-08 12:00:00,1,10942.13,11085.07
2010-03-08 12:30:00,1,11031.96,11223.59
2010-03-08 13:00:00,1,11016.29,11308.16
2010-03-08 13:30:00,1,10971.04,11231.72
2010-03-08 14:00:00,1,10889.08,11037.0
2010-03-08 14:30:00,1,10837.99,11090.11
2010-03-08 15:00:00,1,10863.19,11039.08
2010-03-08 15:30:00,1,10980.9,11027.22
2010-03-08 16:00:00,1,11054.9,11077.45
2010-03-08 16:30:00,1,11003.97,10987.6
2010-03-08 17:00:00,1,10899.35,10798.76
2010-03-08 17:30:00,1,10552.76,10506.93
2010-03-08 18:00:00,1,10355.53,10359.22
2010-03-08 18:30:00,1,10093.29,10162.86
2010-03-08 19:00:00,1,10084.43,10105.36
2010-03-08 19:30:00,1,10081.49,9927.17
2010-03-08 20:00:00,1,9890.01,9579.93
2010-03-08 20:30:00,1,9468.58,9376.49
2010-03-08 21:00:00,1,9057.71,9097.88
2010-03-08 21:30:00,1,8915.57,8921.43
2010-03-08 22:00:00,1,8626.81,8637.9
2010-03-08 22:30:00,1,8398.74,8474.0
2010-03-08 23:00:00,1,8175.41,8262.26
2010-03-08 23:30:00,1,7924.58,8104.31
2010-03-19 00:00:00,1,7806.73,7958.19
2010-03-19 00:30:00,1,7611.61,7594.21
2010-03-19 01:00:00,1,7389.39,7360.56
2010-03-19 01:30:00,1,7099.61,7065.97
2010-03-19 02:00:00,1,6834.78,6834.78
2010-03-19 02:30:00,1,6687.54,6653.87
2010-03-19 03:00:00,1,6601.7,6576.24
2010-03-19 03:30:00,1,6529.37,6551.57
2010-03-19 04:00:00,1,6619.28,6614.75
2010-03-19 04:30:00,1,6856.26,6838.89
2010-03-19 05:00:00,1,7116.2,7143.04
2010-03-19 05:30:00,1,7780.94,7744.92
2010-03-19 06:00:00,1,8375.21,8326.22
2010-03-19 06:30:00,1,8725.84,8747.7
2010-03-19 07:00:00,1,9089.86,9127.6
2010-03-19 07:30:00,1,9273.27,9211.41
2010-03-19 08:00:00,1,9457.53,9306.29
2010-03-19 08:30:00,1,9694.26,9525.27
2010-03-19 09:00:00,1,9804.76,9730.78
2010-03-19 09:30:00,1,9999.26,10014.05
2010-03-19 10:00:00,1,10054.63,10105.85
2010-03-19 10:30:00,1,10093.46,10109.05
2010-03-19 11:00:00,1,10157.47,10173.18
2010-03-19 11:30:00,1,10268.6,10223.99
2010-03-19 12:00:00,1,10326.53,10238.34
2010-03-19 12:30:00,1,10437.0,10305.07
2010-03-19 13:00:00,1,10517.72,10352.35
2010-03-19 13:30:00,1,10556.68,10398.68
2010-03-19 14:00:00,1,10599.17,10567.07
2010-03-19 14:30:00,1,10590.13,10586.19
2010-03-19 15:00:00,1,10683.42,10615.04
2010-03-19 15:30:00,1,10795.67,10616.79
2010-03-19 16:00:00,1,10831.75,10607.31
2010-03-19 16:30:00,1,10701.46,10776.54
2010-03-19 17:00:00,1,10527.09,10633.99
2010-03-19 17:30:00,1,10119.06,10420.24
2010-03-19 18:00:00,1,9879.11,10187.09
2010-03-19 18:30:00,1,9740.17,9986.51
2010-03-19 19:00:00,1,9818.83,9970.62
2010-03-19 19:30:00,1,9639.86,9632.06
2010-03-19 20:00:00,1,9447.56,9367.22
2010-03-19 20:30:00,1,9137.44,9065.47
2010-03-19 21:00:00,1,8843.9,8786.79
2010-03-19 21:30:00,1,8816.58,8720.88
2010-03-19 22:00:00,1,8682.64,8616.69
2010-03-19 22:30:00,1,8636.19,8584.39
2010-03-19 23:00:00,1,8448.66,8484.07
2010-03-19 23:30:00,1,8187.42,8339.07
2010-03-20 00:00:00,1,7974.14,8179.05
2010-03-20 00:30:00,1,7722.52,7843.9
2010-03-20 01:00:00,1,7432.15,7608.4
2010-03-20 01:30:00,1,7130.85,7294.48
2010-03-20 02:00:00,1,6839.58,7000.55
2010-03-20 02:30:00,1,6662.06,6753.14
2010-03-20 03:00:00,1,6553.22,6585.09
2010-03-20 03:30:00,1,6527.28,6546.21
2010-03-20 04:00:00,1,6512.72,6549.12
2010-03-20 04:30:00,1,6570.39,6585.18
2010-03-20 05:00:00,1,6646.26,6694.78
2010-03-20 05:30:00,1,6918.01,6951.18
2010-03-20 06:00:00,1,7091.5,7073.62
2010-03-20 06:30:00,1,7275.79,7369.48
2010-03-20 07:00:00,1,7700.05,7762.84
2010-03-20 07:30:00,1,8086.28,8182.25
2010-03-20 08:00:00,1,8471.95,8642.99
2010-03-20 08:30:00,1,8862.79,9030.08
2010-03-20 09:00:00,1,8940.37,9201.94
2010-03-20 09:30:00,1,9135.69,9192.89
2010-03-20 10:00:00,1,9131.93,9242.88
2010-03-20 10:30:00,1,9259.86,9283.04
2010-03-20 11:00:00,1,9375.11,9363.3
2010-03-20 11:30:00,1,9333.78,9449.96
2010-03-20 12:00:00,1,9446.39,9497.79
2010-03-20 12:30:00,1,9462.96,9496.7
2010-03-20 13:00:00,1,9585.6,9563.78
2010-03-20 13:30:00,1,9629.84,9651.4
2010-03-20 14:00:00,1,9746.8,9735.52
2010-03-20 14:30:00,1,9813.44,9753.76
2010-03-20 15:00:00,1,9946.28,9846.97
2010-03-20 15:30:00,1,9964.83,9879.91
2010-03-20 16:00:00,1,10045.89,9905.44
2010-03-20 16:30:00,1,9928.58,9838.49
2010-03-20 17:00:00,1,9872.28,9716.02
2010-03-20 17:30:00,1,9709.46,9561.93
2010-03-20 18:00:00,1,9600.09,9607.15
2010-03-20 18:30:00,1,9465.66,9461.27
2010-03-20 19:00:00,1,9493.36,9515.02
2010-03-20 19:30:00,1,9332.94,9497.71
2010-03-20 20:00:00,1,9052.21,9336.67
2010-03-20 20:30:00,1,8772.92,8953.68
2010-03-20 21:00:00,1,8555.17,8688.19
2010-03-20 21:30:00,1,8452.45,8496.66
2010-03-20 22:00:00,1,8297.46,8243.83
2010-03-20 22:30:00,1,8221.7,8125.92
2010-03-20 23:00:00,1,7940.47,7909.11
2010-03-20 23:30:00,1,7742.13,7736.35
2010-03-21 00:00:00,1,7466.97,7582.13
2010-03-21 00:30:00,1,7227.38,7419.22
2010-03-21 01:00:00,1,7111.75,7160.35
2010-03-21 01:30:00,1,6822.22,6850.05
2010-03-21 02:00:00,1,6606.68,6650.24
2010-03-21 02:30:00,1,6468.81,6472.1
2010-03-21 03:00:00,1,6437.43,6391.47
2010-03-21 03:30:00,1,6387.74,6318.33
2010-03-21 04:00:00,1,6392.7,6299.65
2010-03-21 04:30:00,1,6423.92,6350.86
2010-03-21 05:00:00,1,6466.26,6426.63
2010-03-21 05:30:00,1,6569.37,6507.39
2010-03-21 06:00:00,1,6670.93,6642.36
2010-03-21 06:30:00,1,6844.63,6859.19
2010-03-21 07:00:00,1,7089.13,7141.3
2010-03-21 07:30:00,1,7490.94,7569.67
2010-03-21 08:00:00,1,7796.6,7986.18
2010-03-21 08:30:00,1,8118.23,8382.27
2010-03-21 09:00:00,1,8386.82,8622.9
2010-03-21 09:30:00,1,8617.69,8937.4
2010-03-21 10:00:00,1,8701.98,8761.77
2010-03-21 10:30:00,1,8795.16,8900.76
2010-03-21 11:00:00,1,8856.99,9005.2
2010-03-21 11:30:00,1,8943.89,9042.9
2010-03-21 12:00:00,1,9066.88,9161.85
2010-03-21 12:30:00,1,9167.63,9224.7
2010-03-21 13:00:00,1,9343.97,9344.25
2010-03-21 13:30:00,1,9508.07,9422.45
2010-03-21 14:00:00,1,9603.94,9534.8
2010-03-21 14:30:00,1,9648.75,9637.37
2010-03-21 15:00:00,1,9785.16,9715.54
2010-03-21 15:30:00,1,9869.67,9789.42
2010-03-21 16:00:00,1,9943.39,9851.25
2010-03-21 16:30:00,1,9903.45,9781.85
2010-03-21 17:00:00,1,9988.28,9662.56
2010-03-21 17:30:00,1,10019.53,10002.43
2010-03-21 18:00:00,1,9926.09,10014.9
2010-03-21 18:30:00,1,9954.23,9942.08
2010-03-21 19:00:00,1,10102.26,9947.99
2010-03-21 19:30:00,1,9937.44,9804.15
2010-03-21 20:00:00,1,9746.37,9584.63
2010-03-21 20:30:00,1,9342.61,9252.7
2010-03-21 21:00:00,1,8866.95,9032.03
2010-03-21 21:30:00,1,8561.45,8724.46
2010-03-21 22:00:00,1,8280.43,8297.59
2010-03-21 22:30:00,1,8085.59,8093.47
2010-03-21 23:00:00,1,7799.08,7890.06
2010-03-21 23:30:00,1,7537.04,7721.72
2010-03-26 00:00:00,1,7902.83,7948.57
2010-03-26 00:30:00,1,7611.5,7703.09
2010-03-26 01:00:00,1,7418.51,7475.29
2010-03-26 01:30:00,1,7137.12,7165.76
2010-03-26 02:00:00,1,6876.86,6932.34
2010-03-26 02:30:00,1,6718.93,6785.35
2010-03-26 03:00:00,1,6638.86,6658.03
2010-03-26 03:30:00,1,6626.67,6632.53
2010-03-26 04:00:00,1,6652.6,6693.07
2010-03-26 04:30:00,1,6888.27,6928.7
2010-03-26 05:00:00,1,7184.93,7206.35
2010-03-26 05:30:00,1,7833.93,7745.08
2010-03-26 06:00:00,1,8430.38,8354.81
2010-03-26 06:30:00,1,8817.59,8822.57
2010-03-26 07:00:00,1,9224.87,9275.4
2010-03-26 07:30:00,1,9393.58,9532.63
2010-03-26 08:00:00,1,9581.15,9710.39
2010-03-26 08:30:00,1,9869.97,9979.32
2010-03-26 09:00:00,1,10085.17,10146.98
2010-03-26 09:30:00,1,10232.75,10266.23
2010-03-26 10:00:00,1,10434.32,10343.52
2010-03-26 10:30:00,1,10544.48,10446.61
2010-03-26 11:00:00,1,10652.77,10551.76
2010-03-26 11:30:00,1,10723.36,10620.27
2010-03-26 12:00:00,1,10803.1,10696.18
2010-03-26 12:30:00,1,10988.6,10779.04
2010-03-26 13:00:00,1,11130.67,10872.87
2010-03-26 13:30:00,1,11281.35,10910.42
2010-03-26 14:00:00,1,11377.97,11224.09
2010-03-26 14:30:00,1,11369.14,11236.88
2010-03-26 15:00:00,1,11472.47,11349.81
2010-03-26 15:30:00,1,11592.51,11433.83
2010-03-26 16:00:00,1,11586.81,11539.26
2010-03-26 16:30:00,1,11421.85,11370.61
2010-03-26 17:00:00,1,11091.47,11162.4
2010-03-26 17:30:00,1,10640.83,10785.56
2010-03-26 18:00:00,1,10429.17,10467.2
2010-03-26 18:30:00,1,10350.95,10369.76
2010-03-26 19:00:00,1,10357.89,10339.74
2010-03-26 19:30:00,1,10109.62,10096.39
2010-03-26 20:00:00,1,9854.5,9729.3
2010-03-26 20:30:00,1,9528.2,9356.98
2010-03-26 21:00:00,1,9208.74,9021.77
2010-03-26 21:30:00,1,9196.16,9119.98
2010-03-26 22:00:00,1,8994.79,8921.81
2010-03-26 22:30:00,1,8862.96,8866.23
2010-03-26 23:00:00,1,8605.46,8657.1
2010-03-26 23:30:00,1,8329.25,8419.46
2010-11-13 00:00:00,1,7791.72,7969.34
2010-11-13 00:30:00,1,7599.79,7746.98
2010-11-13 01:00:00,1,7335.43,7494.82
2010-11-13 01:30:00,1,6974.33,7226.34
2010-11-13 02:00:00,1,6750.34,6859.96
2010-11-13 02:30:00,1,6552.65,6449.62
2010-11-13 03:00:00,1,6456.53,6352.65
2010-11-13 03:30:00,1,6399.15,6260.87
2010-11-13 04:00:00,1,6403.65,6274.08
2010-11-13 04:30:00,1,6477.61,6455.94
2010-11-13 05:00:00,1,6516.86,6550.18
2010-11-13 05:30:00,1,6689.41,6726.15
2010-11-13 06:00:00,1,7004.54,6927.51
2010-11-13 06:30:00,1,7329.24,7222.19
2010-11-13 07:00:00,1,7710.77,7579.0
2010-11-13 07:30:00,1,8212.53,8027.74
2010-11-13 08:00:00,1,8532.27,8405.13
2010-11-13 08:30:00,1,8920.78,8767.43
2010-11-13 09:00:00,1,9063.29,8965.26
2010-11-13 09:30:00,1,9269.28,9105.89
2010-11-13 10:00:00,1,9291.95,9170.15
2010-11-13 10:30:00,1,9335.5,9263.79
2010-11-13 11:00:00,1,9431.41,9423.16
2010-11-13 11:30:00,1,9512.85,9499.56
2010-11-13 12:00:00,1,9554.45,9560.77
2010-11-13 12:30:00,1,9678.17,9594.31
2010-11-13 13:00:00,1,9672.74,9673.4
2010-11-13 13:30:00,1,9656.15,9720.33
2010-11-13 14:00:00,1,9602.31,9774.94
2010-11-13 14:30:00,1,9545.2,9848.38
2010-11-13 15:00:00,1,9561.83,9563.81
2010-11-13 15:30:00,1,9549.93,9569.92
2010-11-13 16:00:00,1,9597.34,9575.57
2010-11-13 16:30:00,1,9431.27,9493.85
2010-11-13 17:00:00,1,9313.16,9446.19
2010-11-13 17:30:00,1,9262.74,9338.91
2010-11-13 18:00:00,1,9238.52,9194.45
2010-11-13 18:30:00,1,9103.25,9071.51
2010-11-13 19:00:00,1,9125.77,9016.04
2010-11-13 19:30:00,1,9100.48,9082.21
2010-11-13 20:00:00,1,8967.81,8921.0
2010-11-13 20:30:00,1,8803.87,8680.84
2010-11-13 21:00:00,1,8527.43,8479.74
2010-11-13 21:30:00,1,8486.77,8388.16
2010-11-13 22:00:00,1,8335.69,8271.53
2010-11-13 22:30:00,1,8163.02,8144.28
2010-11-13 23:00:00,1,7931.6,7974.41
2010-11-13 23:30:00,1,7669.42,7790.73
2010-11-14 00:00:00,1,7456.31,7621.03
2010-11-14 00:30:00,1,7242.75,7742.83
2010-11-14 01:00:00,1,7037.92,7480.36
2010-11-14 01:30:00,1,6746.96,6794.51
2010-11-14 02:00:00,1,6533.8,6562.68
2010-11-14 02:30:00,1,6406.54,6423.08
2010-11-14 03:00:00,1,6318.0,6350.08
2010-11-14 03:30:00,1,6287.17,6279.79
2010-11-14 04:00:00,1,6257.72,6305.43
2010-11-14 04:30:00,1,6325.66,6276.0
2010-11-14 05:00:00,1,6353.46,6408.57
2010-11-14 05:30:00,1,6358.96,6497.23
2010-11-14 06:00:00,1,6572.41,6548.06
2010-11-14 06:30:00,1,6790.08,6745.25
2010-11-14 07:00:00,1,7232.65,7099.92
2010-11-14 07:30:00,1,7614.35,7463.57
2010-11-14 08:00:00,1,8022.6,7761.33
2010-11-14 08:30:00,1,8372.98,8073.18
2010-11-14 09:00:00,1,8614.88,8538.34
2010-11-14 09:30:00,1,8848.65,8710.32
2010-11-14 10:00:00,1,8986.17,8853.36
2010-11-14 10:30:00,1,9146.39,9115.77
2010-11-14 11:00:00,1,9130.96,9231.44
2010-11-14 11:30:00,1,9268.2,9312.2
2010-11-14 12:00:00,1,9431.47,9394.27
2010-11-14 12:30:00,1,9442.76,9465.07
2010-11-14 13:00:00,1,9475.23,9504.35
2010-11-14 13:30:00,1,9471.7,9584.03
2010-11-14 14:00:00,1,9447.39,9626.46
2010-11-14 14:30:00,1,9531.49,9679.95
2010-11-14 15:00:00,1,9481.04,9723.56
2010-11-14 15:30:00,1,9509.25,9532.32
2010-11-14 16:00:00,1,9505.98,9496.96
2010-11-14 16:30:00,1,9490.18,9501.17
2010-11-14 17:00:00,1,9556.68,9482.1
2010-11-14 17:30:00,1,9581.36,9405.21
2010-11-14 18:00:00,1,9479.4,9361.6
2010-11-14 18:30:00,1,9367.15,9235.24
2010-11-14 19:00:00,1,9488.12,9282.65
2010-11-14 19:30:00,1,9413.52,9543.36
2010-11-14 20:00:00,1,9326.18,9304.67
2010-11-14 20:30:00,1,8973.37,9123.96
2010-11-14 21:00:00,1,8699.58,8655.24
2010-11-14 21:30:00,1,8518.79,8377.09
2010-11-14 22:00:00,1,8317.63,8270.85
2010-11-14 22:30:00,1,8076.06,8048.68
2010-11-14 23:00:00,1,7858.04,7807.58
2010-11-14 23:30:00,1,7617.99,7660.81
2010-12-09 00:00:00,1,7851.48,7894.44
2010-12-09 00:30:00,1,7690.51,7640.23
2010-12-09 01:00:00,1,7506.92,7425.02
2010-12-09 01:30:00,1,7194.91,7182.84
2010-12-09 02:00:00,1,6880.82,6858.27
2010-12-09 02:30:00,1,6697.45,6621.74
2010-12-09 03:00:00,1,6590.59,6489.64
2010-12-09 03:30:00,1,6611.04,6478.94
2010-12-09 04:00:00,1,6667.32,6579.82
2010-12-09 04:30:00,1,6994.37,6826.82
2010-12-09 05:00:00,1,7313.09,7273.54
2010-12-09 05:30:00,1,7882.93,7952.32
2010-12-09 06:00:00,1,8454.02,8515.22
2010-12-09 06:30:00,1,8989.95,8933.1
2010-12-09 07:00:00,1,9480.06,9350.11
2010-12-09 07:30:00,1,9754.4,9743.28
2010-12-09 08:00:00,1,9945.64,9938.06
2010-12-09 08:30:00,1,10205.44,10192.63
2010-12-09 09:00:00,1,10561.68,10374.65
2010-12-09 09:30:00,1,10735.26,10541.86
2010-12-09 10:00:00,1,10858.15,10630.18
2010-12-09 10:30:00,1,10972.1,10893.6
2010-12-09 11:00:00,1,11077.14,10945.07
2010-12-09 11:30:00,1,11138.77,11035.72
2010-12-09 12:00:00,1,11105.14,11084.02
2010-12-09 12:30:00,1,11229.09,11128.93
2010-12-09 13:00:00,1,11354.06,11261.88
2010-12-09 13:30:00,1,11342.74,11321.71
2010-12-09 14:00:00,1,11301.26,11414.91
2010-12-09 14:30:00,1,11240.85,11487.86
2010-12-09 15:00:00,1,11358.58,11393.87
2010-12-09 15:30:00,1,11354.11,11416.95
2010-12-09 16:00:00,1,11337.73,11362.74
2010-12-09 16:30:00,1,11077.0,11284.79
2010-12-09 17:00:00,1,10948.37,11025.61
2010-12-09 17:30:00,1,10644.45,10762.28
2010-12-09 18:00:00,1,10397.09,10479.81
2010-12-09 18:30:00,1,10175.02,10201.2
2010-12-09 19:00:00,1,10005.1,10099.11
2010-12-09 19:30:00,1,10062.6,10142.67
2010-12-09 20:00:00,1,9950.54,10046.63
2010-12-09 20:30:00,1,9583.81,9636.47
2010-12-09 21:00:00,1,9215.56,9185.78
2010-12-09 21:30:00,1,9072.67,9017.91
2010-12-09 22:00:00,1,8819.12,8756.06
2010-12-09 22:30:00,1,8642.37,8589.08
2010-12-09 23:00:00,1,8404.12,8411.08
2010-12-09 23:30:00,1,8150.69,8173.91
2010-12-12 00:00:00,1,7107.15,7220.55
2010-12-12 00:30:00,1,6905.44,7074.63
2010-12-12 01:00:00,1,6685.05,6776.02
2010-12-12 01:30:00,1,6420.49,6562.18
2010-12-12 02:00:00,1,6235.78,6318.46
2010-12-12 02:30:00,1,6065.24,6161.36
2010-12-12 03:00:00,1,5992.03,6102.89
2010-12-12 03:30:00,1,5974.2,6011.82
2010-12-12 04:00:00,1,5968.51,5985.03
2010-12-12 04:30:00,1,6016.01,5977.07
2010-12-12 05:00:00,1,6005.39,6047.33
2010-12-12 05:30:00,1,6104.04,6168.79
2010-12-12 06:00:00,1,6310.36,6426.76
2010-12-12 06:30:00,1,6617.23,6572.2
2010-12-12 07:00:00,1,6986.72,6923.9
2010-12-12 07:30:00,1,7313.32,7314.88
2010-12-12 08:00:00,1,7618.65,7551.82
2010-12-12 08:30:00,1,7902.21,7890.31
2010-12-12 09:00:00,1,8118.4,8081.5
2010-12-12 09:30:00,1,8240.1,8320.15
2010-12-12 10:00:00,1,8269.32,8452.31
2010-12-12 10:30:00,1,8339.51,8554.42
2010-12-12 11:00:00,1,8393.03,8316.5
2010-12-12 11:30:00,1,8496.69,8308.7
2010-12-12 12:00:00,1,8481.54,8301.66
2010-12-12 12:30:00,1,8521.15,8530.97
2010-12-12 13:00:00,1,8493.49,8542.05
2010-12-12 13:30:00,1,8519.37,8570.77
2010-12-12 14:00:00,1,8552.41,8591.2
2010-12-12 14:30:00,1,8632.61,8599.61
2010-12-12 15:00:00,1,8756.16,8670.09
2010-12-12 15:30:00,1,8774.66,8674.64
2010-12-12 16:00:00,1,8778.73,8703.41
2010-12-12 16:30:00,1,8775.16,8708.35
2010-12-12 17:00:00,1,8886.59,8779.44
2010-12-12 17:30:00,1,8863.23,8789.47
2010-12-12 18:00:00,1,8849.15,8744.3
2010-12-12 18:30:00,1,8777.13,8680.9
2010-12-12 19:00:00,1,8628.47,8737.19
2010-12-12 19:30:00,1,8714.02,8864.66
2010-12-12 20:00:00,1,8820.83,8752.92
2010-12-12 20:30:00,1,8704.29,8558.57
2010-12-12 21:00:00,1,8432.96,8304.71
2010-12-12 21:30:00,1,8294.08,8275.88
2010-12-12 22:00:00,1,8008.26,8103.53
2010-12-12 22:30:00,1,7824.74,7947.59
2010-12-12 23:00:00,1,7572.87,7763.41
2010-12-12 23:30:00,1,7315.62,7541.94
2010-12-23 00:00:00,1,7706.32,7814.63
2010-12-23 00:30:00,1,7531.92,7497.98
2010-12-23 01:00:00,1,7285.75,7291.28
2010-12-23 01:30:00,1,6988.65,6993.22
2010-12-23 02:00:00,1,6711.59,6723.17
2010-12-23 02:30:00,1,6540.52,6547.68
2010-12-23 03:00:00,1,6226.4,6474.29
2010-12-23 03:30:00,1,6106.01,6421.52
2010-12-23 04:00:00,1,6174.38,6486.28
2010-12-23 04:30:00,1,6659.3,6396.68
2010-12-23 05:00:00,1,6850.84,6637.97
2010-12-23 05:30:00,1,7237.6,7208.06
2010-12-23 06:00:00,1,7625.57,7600.84
2010-12-23 06:30:00,1,7951.15,8032.2
2010-12-23 07:00:00,1,8322.68,8360.69
2010-12-23 07:30:00,1,8375.77,8646.96
2010-12-23 08:00:00,1,8535.33,8875.1
2010-12-23 08:30:00,1,9052.81,9042.41
2010-12-23 09:00:00,1,9284.71,9131.17
2010-12-23 09:30:00,1,9382.74,9226.16
2010-12-23 10:00:00,1,9414.29,9266.54
2010-12-23 10:30:00,1,9395.24,9407.25
2010-12-23 11:00:00,1,9446.03,9440.59
2010-12-23 11:30:00,1,9492.09,9462.57
2010-12-23 12:00:00,1,9417.24,9473.64
2010-12-23 12:30:00,1,9462.73,9499.59
2010-12-23 13:00:00,1,9571.0,9530.59
2010-12-23 13:30:00,1,9678.82,9613.61
2010-12-23 14:00:00,1,9752.48,9648.38
2010-12-23 14:30:00,1,9795.83,9694.73
2010-12-23 15:00:00,1,9902.1,9707.96
2010-12-23 15:30:00,1,9983.67,9706.89
2010-12-23 16:00:00,1,10022.04,9970.91
2010-12-23 16:30:00,1,9852.85,9879.46
2010-12-23 17:00:00,1,9692.01,9561.92
2010-12-23 17:30:00,1,9377.38,9336.17
2010-12-23 18:00:00,1,9160.68,9301.71
2010-12-23 18:30:00,1,8884.48,9004.58
2010-12-23 19:00:00,1,8762.61,8837.37
2010-12-23 19:30:00,1,8779.73,8850.68
2010-12-23 20:00:00,1,8803.41,8941.25
2010-12-23 20:30:00,1,8581.93,8800.16
2010-12-23 21:00:00,1,8344.19,8527.44
2010-12-23 21:30:00,1,8337.73,8371.24
2010-12-23 22:00:00,1,8159.43,8193.81
2010-12-23 22:30:00,1,8183.59,8097.03
2010-12-23 23:00:00,1,7990.73,7902.87
2010-12-23 23:30:00,1,7710.7,7652.46
2010-12-26 00:00:00,1,6889.6,6886.99
2010-12-26 00:30:00,1,6738.69,6711.84
2010-12-26 01:00:00,1,6527.42,6437.75
2010-12-26 01:30:00,1,6273.82,6191.34
2010-12-26 02:00:00,1,6089.68,5954.24
2010-12-26 02:30:00,1,5960.58,5815.97
2010-12-26 03:00:00,1,5856.78,5864.77
2010-12-26 03:30:00,1,5835.59,5773.12
2010-12-26 04:00:00,1,5840.12,5741.17
2010-12-26 04:30:00,1,5880.34,5755.11
2010-12-26 05:00:00,1,5887.42,5778.87
2010-12-26 05:30:00,1,5914.26,5880.83
2010-12-26 06:00:00,1,6009.45,6028.78
2010-12-26 06:30:00,1,6283.77,6225.94
2010-12-26 07:00:00,1,6521.74,6465.82
2010-12-26 07:30:00,1,6802.18,6742.16
2010-12-26 08:00:00,1,7082.23,7022.23
2010-12-26 08:30:00,1,7389.64,7257.6
2010-12-26 09:00:00,1,7530.16,7469.88
2010-12-26 09:30:00,1,7657.37,7678.99
2010-12-26 10:00:00,1,7683.65,7829.37
2010-12-26 10:30:00,1,7672.93,7943.58
2010-12-26 11:00:00,1,7608.41,8014.75
2010-12-26 11:30:00,1,7638.66,7629.63
2010-12-26 12:00:00,1,7649.64,7595.81
2010-12-26 12:30:00,1,7578.5,7587.62
2010-12-26 13:00:00,1,7546.46,7574.2
2010-12-26 13:30:00,1,7561.52,7610.96
2010-12-26 14:00:00,1,7648.72,7621.65
2010-12-26 14:30:00,1,7789.5,7679.17
2010-12-26 15:00:00,1,7900.1,7723.36
2010-12-26 15:30:00,1,7949.53,7760.9
2010-12-26 16:00:00,1,8028.38,7946.14
2010-12-26 16:30:00,1,8018.38,7961.48
2010-12-26 17:00:00,1,8090.36,7982.47
2010-12-26 17:30:00,1,8042.96,8001.51
2010-12-26 18:00:00,1,8075.99,7975.97
2010-12-26 18:30:00,1,7997.56,7898.4
2010-12-26 19:00:00,1,7960.86,7837.08
2010-12-26 19:30:00,1,7920.99,7917.15
2010-12-26 20:00:00,1,7809.85,8020.79
2010-12-26 20:30:00,1,7669.21,7955.92
2010-12-26 21:00:00,1,7457.21,7749.74
2010-12-26 21:30:00,1,7371.42,7606.65
2010-12-26 22:00:00,1,7301.89,7337.7
2010-12-26 22:30:00,1,7288.96,7297.03
2010-12-26 23:00:00,1,7122.84,7162.62
2010-12-26 23:30:00,1,6899.06,7060.8
2011-01-01 00:00:00,1,8063.36,8286.35
2011-01-01 00:30:00,1,7844.62,7882.11
2011-01-01 01:00:00,1,7545.29,7598.89
2011-01-01 01:30:00,1,7206.58,7257.41
2011-01-01 02:00:00,1,6824.75,6889.21
2011-01-01 02:30:00,1,6568.15,6608.99
2011-01-01 03:00:00,1,6435.1,6380.41
2011-01-01 03:30:00,1,6288.31,6257.51
2011-01-01 04:00:00,1,6227.71,6208.47
2011-01-01 04:30:00,1,6229.65,6179.49
2011-01-01 05:00:00,1,6149.11,6158.86
2011-01-01 05:30:00,1,6161.9,6208.46
2011-01-01 06:00:00,1,6228.32,6303.91
2011-01-01 06:30:00,1,6397.96,6476.38
2011-01-01 07:00:00,1,6658.93,6755.37
2011-01-01 07:30:00,1,7065.25,7074.63
2011-01-01 08:00:00,1,7418.77,7340.24
2011-01-01 08:30:00,1,7790.48,7738.79
2011-01-01 09:00:00,1,8072.07,8193.62
2011-01-01 09:30:00,1,8459.32,8618.11
2011-01-01 10:00:00,1,8726.87,9026.04
2011-01-01 10:30:00,1,9027.54,9264.8
2011-01-01 11:00:00,1,9280.72,9447.21
2011-01-01 11:30:00,1,9434.15,9711.09
2011-01-01 12:00:00,1,9560.59,9816.04
2011-01-01 12:30:00,1,9710.49,9713.55
2011-01-01 13:00:00,1,9793.79,9820.13
2011-01-01 13:30:00,1,9870.56,9910.87
2011-01-01 14:00:00,1,9934.23,9976.85
2011-01-01 14:30:00,1,10032.39,10021.48
2011-01-01 15:00:00,1,10099.57,10053.5
2011-01-01 15:30:00,1,10150.9,10093.86
2011-01-01 16:00:00,1,10203.4,10099.83
2011-01-01 16:30:00,1,10178.79,10102.57
2011-01-01 17:00:00,1,10148.61,10104.3
2011-01-01 17:30:00,1,10044.81,10048.37
2011-01-01 18:00:00,1,9872.53,9974.61
2011-01-01 18:30:00,1,9634.45,9808.81
2011-01-01 19:00:00,1,9430.4,9661.81
2011-01-01 19:30:00,1,9289.07,9591.07
2011-01-01 20:00:00,1,9308.65,9501.12
2011-01-01 20:30:00,1,9161.67,9407.82
2011-01-01 21:00:00,1,8901.69,9269.69
2011-01-01 21:30:00,1,8774.66,8811.57
2011-01-01 22:00:00,1,8505.94,8652.62
2011-01-01 22:30:00,1,8293.96,8415.18
2011-01-01 23:00:00,1,7939.15,8144.02
2011-01-01 23:30:00,1,7577.36,7962.12
2011-01-15 00:00:00,1,8047.18,7982.75
2011-01-15 00:30:00,1,7782.75,7775.92
2011-01-15 01:00:00,1,7523.07,7487.31
2011-01-15 01:30:00,1,7241.26,7164.03
2011-01-15 02:00:00,1,6994.06,6895.69
2011-01-15 02:30:00,1,6790.92,6690.04
2011-01-15 03:00:00,1,6623.53,6613.67
2011-01-15 03:30:00,1,6569.31,6572.37
2011-01-15 04:00:00,1,6638.63,6546.04
2011-01-15 04:30:00,1,6694.6,6579.82
2011-01-15 05:00:00,1,6799.42,6675.13
2011-01-15 05:30:00,1,6867.62,6793.94
2011-01-15 06:00:00,1,7087.11,6978.79
2011-01-15 06:30:00,1,7427.12,7238.15
2011-01-15 07:00:00,1,7782.89,7627.96
2011-01-15 07:30:00,1,8165.33,8034.61
2011-01-15 08:00:00,1,8544.19,8625.18
2011-01-15 08:30:00,1,8958.85,9008.42
2011-01-15 09:00:00,1,9104.47,9259.34
2011-01-15 09:30:00,1,9241.31,9502.87
2011-01-15 10:00:00,1,9285.5,9403.59
2011-01-15 10:30:00,1,9282.91,9445.46
2011-01-15 11:00:00,1,9322.63,9565.71
2011-01-15 11:30:00,1,9293.2,9338.81
2011-01-15 12:00:00,1,9337.81,9344.59
2011-01-15 12:30:00,1,9465.1,9401.44
2011-01-15 13:00:00,1,9481.4,9452.58
2011-01-15 13:30:00,1,9552.75,9512.06
2011-01-15 14:00:00,1,9620.27,9561.07
2011-01-15 14:30:00,1,9776.0,9612.48
2011-01-15 15:00:00,1,9874.56,9681.92
2011-01-15 15:30:00,1,9949.04,9950.12
2011-01-15 16:00:00,1,10061.82,10018.48
2011-01-15 16:30:00,1,10043.48,9933.64
2011-01-15 17:00:00,1,9991.43,9850.99
2011-01-15 17:30:00,1,9887.19,9653.59
2011-01-15 18:00:00,1,9751.35,9627.51
2011-01-15 18:30:00,1,9584.68,9383.61
2011-01-15 19:00:00,1,9513.33,9357.72
2011-01-15 19:30:00,1,9444.51,9273.15
2011-01-15 20:00:00,1,9436.74,9277.24
2011-01-15 20:30:00,1,9312.08,9231.44
2011-01-15 21:00:00,1,9071.68,8996.49
2011-01-15 21:30:00,1,8936.84,8821.24
2011-01-15 22:00:00,1,8690.01,8638.88
2011-01-15 22:30:00,1,8510.7,8400.79
2011-01-15 23:00:00,1,8208.85,8083.76
2011-01-15 23:30:00,1,7937.57,7853.41
2011-01-17 00:00:00,1,7580.09,7672.23
2011-01-17 00:30:00,1,7419.04,7409.54
2011-01-17 01:00:00,1,7188.37,7198.89
2011-01-17 01:30:00,1,6897.37,6953.89
2011-01-17 02:00:00,1,6720.03,6706.05
2011-01-17 02:30:00,1,6584.93,6584.22
2011-01-17 03:00:00,1,6506.29,6479.46
2011-01-17 03:30:00,1,6560.63,6528.9
2011-01-17 04:00:00,1,6601.93,6623.19
2011-01-17 04:30:00,1,6844.92,6874.08
2011-01-17 05:00:00,1,7140.49,7162.55
2011-01-17 05:30:00,1,7612.42,7621.87
2011-01-17 06:00:00,1,8079.91,8110.89
2011-01-17 06:30:00,1,8572.0,8608.29
2011-01-17 07:00:00,1,9138.28,9156.22
2011-01-17 07:30:00,1,9544.61,9526.71
2011-01-17 08:00:00,1,10015.27,9941.34
2011-01-17 08:30:00,1,10355.73,10180.9
2011-01-17 09:00:00,1,10582.07,10356.54
2011-01-17 09:30:00,1,10824.21,10795.92
2011-01-17 10:00:00,1,11061.37,10935.52
2011-01-17 10:30:00,1,11272.09,11028.6
2011-01-17 11:00:00,1,11432.89,11135.35
2011-01-17 11:30:00,1,11544.93,11658.08
2011-01-17 12:00:00,1,11614.76,11816.6
2011-01-17 12:30:00,1,11729.11,11876.46
2011-01-17 13:00:00,1,11776.12,11863.65
2011-01-17 13:30:00,1,11802.28,11944.14
2011-01-17 14:00:00,1,11776.85,12008.25
2011-01-17 14:30:00,1,11658.95,11833.45
2011-01-17 15:00:00,1,11645.85,11609.14
2011-01-17 15:30:00,1,11547.48,11529.8
2011-01-17 16:00:00,1,11495.22,11427.94
2011-01-17 16:30:00,1,11343.8,11303.31
2011-01-17 17:00:00,1,11072.01,11206.23
2011-01-17 17:30:00,1,10706.7,11028.18
2011-01-17 18:00:00,1,10416.32,10809.41
2011-01-17 18:30:00,1,10051.29,10233.78
2011-01-17 19:00:00,1,9764.31,9954.38
2011-01-17 19:30:00,1,9621.05,9884.0
2011-01-17 20:00:00,1,9519.04,9945.95
2011-01-17 20:30:00,1,9303.53,9409.65
2011-01-17 21:00:00,1,8975.36,9106.02
2011-01-17 21:30:00,1,8880.29,9084.3
2011-01-17 22:00:00,1,8579.68,8928.12
2011-01-17 22:30:00,1,8443.55,8585.27
2011-01-17 23:00:00,1,8291.87,8394.43
2011-01-17 23:30:00,1,8065.11,8236.76
2011-01-23 00:00:00,1,7610.85,7614.67
2011-01-23 00:30:00,1,7419.51,7464.29
2011-01-23 01:00:00,1,7159.77,7226.2
2011-01-23 01:30:00,1,6983.11,6963.65
2011-01-23 02:00:00,1,6738.8,6700.91
2011-01-23 02:30:00,1,6606.3,6530.38
2011-01-23 03:00:00,1,6495.7,6419.64
2011-01-23 03:30:00,1,6441.21,6475.46
2011-01-23 04:00:00,1,6417.9,6467.74
2011-01-23 04:30:00,1,6484.44,6489.01
2011-01-23 05:00:00,1,6517.38,6588.97
2011-01-23 05:30:00,1,6507.24,6586.41
2011-01-23 06:00:00,1,6517.0,6630.96
2011-01-23 06:30:00,1,6754.85,6793.98
2011-01-23 07:00:00,1,7048.79,7131.87
2011-01-23 07:30:00,1,7319.45,7500.0
2011-01-23 08:00:00,1,7674.18,7897.61
2011-01-23 08:30:00,1,8041.51,8097.14
2011-01-23 09:00:00,1,8314.25,8371.0
2011-01-23 09:30:00,1,8610.55,8654.12
2011-01-23 10:00:00,1,8781.05,8848.01
2011-01-23 10:30:00,1,8832.94,9006.34
2011-01-23 11:00:00,1,8981.13,9139.21
2011-01-23 11:30:00,1,9103.31,9167.07
2011-01-23 12:00:00,1,9221.19,9240.28
2011-01-23 12:30:00,1,9354.6,9320.04
2011-01-23 13:00:00,1,9372.9,9454.24
2011-01-23 13:30:00,1,9387.2,9500.58
2011-01-23 14:00:00,1,9441.86,9684.69
2011-01-23 14:30:00,1,9558.43,9804.21
2011-01-23 15:00:00,1,9648.81,9720.16
2011-01-23 15:30:00,1,9626.38,9807.12
2011-01-23 16:00:00,1,9626.74,9858.37
2011-01-23 16:30:00,1,9516.02,9741.14
2011-01-23 17:00:00,1,9525.36,9776.96
2011-01-23 17:30:00,1,9525.75,9780.39
2011-01-23 18:00:00,1,9453.1,9523.71
2011-01-23 18:30:00,1,9266.84,9388.76
2011-01-23 19:00:00,1,9139.99,9129.87
2011-01-23 19:30:00,1,9153.18,9144.64
2011-01-23 20:00:00,1,9178.11,9126.32
2011-01-23 20:30:00,1,9070.83,8923.74
2011-01-23 21:00:00,1,8797.48,8703.01
2011-01-23 21:30:00,1,8655.33,8700.2
2011-01-23 22:00:00,1,8290.81,8471.01
2011-01-23 22:30:00,1,8153.35,8289.52
2011-01-23 23:00:00,1,7816.67,7908.3
2011-01-23 23:30:00,1,7636.0,7636.05
2011-01-24 00:00:00,1,7494.88,7440.68
2011-01-24 00:30:00,1,7347.46,7297.4
2011-01-24 01:00:00,1,7170.11,7068.1
2011-01-24 01:30:00,1,6906.06,6901.59
2011-01-24 02:00:00,1,6758.29,6693.65
2011-01-24 02:30:00,1,6651.27,6594.48
2011-01-24 03:00:00,1,6568.2,6504.88
2011-01-24 03:30:00,1,6604.61,6526.75
2011-01-24 04:00:00,1,6634.53,6624.39
2011-01-24 04:30:00,1,6814.62,6874.24
2011-01-24 05:00:00,1,7117.21,7201.6
2011-01-24 05:30:00,1,7600.44,7677.71
2011-01-24 06:00:00,1,8074.78,8298.59
2011-01-24 06:30:00,1,8604.27,8692.33
2011-01-24 07:00:00,1,9157.82,9120.95
2011-01-24 07:30:00,1,9563.54,9643.6
2011-01-24 08:00:00,1,9984.72,10099.49
2011-01-24 08:30:00,1,10294.61,10565.25
2011-01-24 09:00:00,1,10536.85,10866.77
2011-01-24 09:30:00,1,10679.92,11161.05
2011-01-24 10:00:00,1,10801.57,11045.84
2011-01-24 10:30:00,1,10898.9,11174.08
2011-01-24 11:00:00,1,11086.52,10887.05
2011-01-24 11:30:00,1,11290.65,10957.58
2011-01-24 12:00:00,1,11437.5,11089.35
2011-01-24 12:30:00,1,11618.77,11581.06
2011-01-24 13:00:00,1,11658.3,11698.68
2011-01-24 13:30:00,1,11656.46,11821.97
2011-01-24 14:00:00,1,11685.52,11898.7
2011-01-24 14:30:00,1,11665.46,12078.08
2011-01-24 15:00:00,1,11665.35,11889.59
2011-01-24 15:30:00,1,11642.38,11972.33
2011-01-24 16:00:00,1,11664.12,11831.58
2011-01-24 16:30:00,1,11563.46,11840.48
2011-01-24 17:00:00,1,11523.85,11612.26
2011-01-24 17:30:00,1,11346.03,11219.42
2011-01-24 18:00:00,1,11270.75,11034.15
2011-01-24 18:30:00,1,11030.81,10854.85
2011-01-24 19:00:00,1,10854.99,10632.44
2011-01-24 19:30:00,1,10765.54,10742.94
2011-01-24 20:00:00,1,10662.41,10549.4
2011-01-24 20:30:00,1,10285.49,10126.7
2011-01-24 21:00:00,1,9787.87,9692.89
2011-01-24 21:30:00,1,9541.29,9588.95
2011-01-24 22:00:00,1,9193.13,9254.67
2011-01-24 22:30:00,1,8952.56,9009.85
2011-01-24 23:00:00,1,8694.21,8767.63
2011-01-24 23:30:00,1,8378.99,8494.88
2011-01-25 00:00:00,1,8158.25,8250.39
2011-01-25 00:30:00,1,7961.49,7656.08
2011-01-25 01:00:00,1,7672.46,7416.66
2011-01-25 01:30:00,1,7382.03,7418.15
2011-01-25 02:00:00,1,7164.18,7205.54
2011-01-25 02:30:00,1,6988.3,7023.8
2011-01-25 03:00:00,1,6908.18,6937.63
2011-01-25 03:30:00,1,6893.19,6866.18
2011-01-25 04:00:00,1,6981.12,6942.82
2011-01-25 04:30:00,1,7258.8,7090.9
2011-01-25 05:00:00,1,7497.29,7362.0
2011-01-25 05:30:00,1,7955.77,7794.12
2011-01-25 06:00:00,1,8377.77,8246.79
2011-01-25 06:30:00,1,8885.06,8706.02
2011-01-25 07:00:00,1,9386.48,9233.18
2011-01-25 07:30:00,1,9726.94,9651.95
2011-01-25 08:00:00,1,10122.55,9960.94
2011-01-25 08:30:00,1,10446.47,10274.56
2011-01-25 09:00:00,1,10687.69,10555.31
2011-01-25 09:30:00,1,10857.54,11033.27
2011-01-25 10:00:00,1,10910.39,11222.06
2011-01-25 10:30:00,1,11060.16,11231.81
2011-01-25 11:00:00,1,11168.0,11329.97
2011-01-25 11:30:00,1,11337.23,11353.32
2011-01-25 12:00:00,1,11461.44,11506.57
2011-01-25 12:30:00,1,11719.17,11604.29
2011-01-25 13:00:00,1,11842.02,11706.1
2011-01-25 13:30:00,1,12090.36,11792.66
2011-01-25 14:00:00,1,12216.3,12087.26
2011-01-25 14:30:00,1,12364.89,12098.4
2011-01-25 15:00:00,1,12483.05,12249.48
2011-01-25 15:30:00,1,12532.07,12499.15
2011-01-25 16:00:00,1,12596.04,12515.32
2011-01-25 16:30:00,1,12520.37,12393.55
2011-01-25 17:00:00,1,12286.79,12152.32
2011-01-25 17:30:00,1,11888.28,11842.78
2011-01-25 18:00:00,1,11611.71,11646.29
2011-01-25 18:30:00,1,11310.99,11265.8
2011-01-25 19:00:00,1,11033.69,10955.12
2011-01-25 19:30:00,1,10861.4,10828.86
2011-01-25 20:00:00,1,10830.74,10764.14
2011-01-25 20:30:00,1,10619.87,10499.09
2011-01-25 21:00:00,1,10257.45,10043.4
2011-01-25 21:30:00,1,10110.91,9824.03
2011-01-25 22:00:00,1,9702.82,9682.62
2011-01-25 22:30:00,1,9499.56,9490.57
2011-01-25 23:00:00,1,9143.65,9051.6
2011-01-25 23:30:00,1,8795.38,8720.55
2011-01-26 00:00:00,1,8557.16,8410.57
2011-01-26 00:30:00,1,8269.68,8190.75
2011-01-26 01:00:00,1,7949.77,7928.53
2011-01-26 01:30:00,1,7621.59,7642.99
2011-01-26 02:00:00,1,7304.0,7334.58
2011-01-26 02:30:00,1,7119.51,7111.43
2011-01-26 03:00:00,1,6987.52,6984.08
2011-01-26 03:30:00,1,6937.55,6893.11
2011-01-26 04:00:00,1,6893.76,6863.47
2011-01-26 04:30:00,1,6950.48,6884.04
2011-01-26 05:00:00,1,6993.13,6966.53
2011-01-26 05:30:00,1,7117.66,7104.6
2011-01-26 06:00:00,1,7256.25,7294.58
2011-01-26 06:30:00,1,7504.61,7622.83
2011-01-26 07:00:00,1,7848.89,8006.59
2011-01-26 07:30:00,1,8245.9,8457.36
2011-01-26 08:00:00,1,8715.06,8609.06
2011-01-26 08:30:00,1,9201.95,9011.41
2011-01-26 09:00:00,1,9567.84,9407.41
2011-01-26 09:30:00,1,10047.48,9863.51
2011-01-26 10:00:00,1,10417.98,10152.41
2011-01-26 10:30:00,1,10684.72,10725.15
2011-01-26 11:00:00,1,10859.19,11011.41
2011-01-26 11:30:00,1,10899.9,11215.61
2011-01-26 12:00:00,1,10937.98,10974.42
2011-01-26 12:30:00,1,10956.56,11152.41
2011-01-26 13:00:00,1,10879.37,11347.53
2011-01-26 13:30:00,1,10972.68,10981.34
2011-01-26 14:00:00,1,11115.53,11179.52
2011-01-26 14:30:00,1,11318.78,11244.74
2011-01-26 15:00:00,1,11522.69,11351.23
2011-01-26 15:30:00,1,11580.97,11451.68
2011-01-26 16:00:00,1,11721.29,11606.78
2011-01-26 16:30:00,1,11799.41,11608.99
2011-01-26 17:00:00,1,11907.13,11657.65
2011-01-26 17:30:00,1,11861.94,11540.78
2011-01-26 18:00:00,1,11730.55,11667.48
2011-01-26 18:30:00,1,11465.62,11323.39
2011-01-26 19:00:00,1,11126.6,10873.17
2011-01-26 19:30:00,1,11165.1,10797.98
2011-01-26 20:00:00,1,11121.69,10845.59
2011-01-26 20:30:00,1,10776.87,10602.72
2011-01-26 21:00:00,1,10362.23,10452.52
2011-01-26 21:30:00,1,10015.49,10169.48
2011-01-26 22:00:00,1,9573.71,9761.16
2011-01-26 22:30:00,1,9233.02,9376.58
2011-01-26 23:00:00,1,8954.63,8931.87
2011-01-26 23:30:00,1,8623.76,8574.47
2011-01-27 00:00:00,1,8357.38,8241.87
2011-01-27 00:30:00,1,8143.92,7881.51
2011-01-27 01:00:00,1,7848.57,7566.77
2011-01-27 01:30:00,1,7529.68,7244.54
2011-01-27 02:00:00,1,7311.7,7186.09
2011-01-27 02:30:00,1,7159.53,6951.62
2011-01-27 03:00:00,1,7070.69,6825.05
2011-01-27 03:30:00,1,7060.96,6974.29
2011-01-27 04:00:00,1,7127.41,7011.17
2011-01-27 04:30:00,1,7348.66,7177.1
2011-01-27 05:00:00,1,7613.7,7490.18
2011-01-27 05:30:00,1,8171.58,8018.14
2011-01-27 06:00:00,1,8620.46,8477.7
2011-01-27 06:30:00,1,9071.82,8905.81
2011-01-27 07:00:00,1,9581.75,9323.36
2011-01-27 07:30:00,1,10036.16,9917.69
2011-01-27 08:00:00,1,10390.63,10300.08
2011-01-27 08:30:00,1,10749.62,10643.16
2011-01-27 09:00:00,1,11004.17,10896.43
2011-01-27 09:30:00,1,11253.14,11142.8
2011-01-27 10:00:00,1,11512.38,11321.48
2011-01-27 10:30:00,1,11726.81,11486.82
2011-01-27 11:00:00,1,12001.64,11882.5
2011-01-27 11:30:00,1,12096.68,12024.46
2011-01-27 12:00:00,1,12200.11,12161.84
2011-01-27 12:30:00,1,12322.34,12326.67
2011-01-27 13:00:00,1,12469.95,12434.61
2011-01-27 13:30:00,1,12481.65,12293.14
2011-01-27 14:00:00,1,12520.76,12442.97
2011-01-27 14:30:00,1,12633.95,12610.36
2011-01-27 15:00:00,1,12663.69,12676.35
2011-01-27 15:30:00,1,12690.57,12675.78
2011-01-27 16:00:00,1,12668.04,12595.47
2011-01-27 16:30:00,1,12537.87,12540.24
2011-01-27 17:00:00,1,12630.45,12417.92
2011-01-27 17:30:00,1,12188.59,12141.94
2011-01-27 18:00:00,1,11900.0,12087.79
2011-01-27 18:30:00,1,11495.19,11444.56
2011-01-27 19:00:00,1,11230.07,11175.01
2011-01-27 19:30:00,1,11041.77,11089.65
2011-01-27 20:00:00,1,10953.66,10987.73
2011-01-27 20:30:00,1,10483.34,10582.39
2011-01-27 21:00:00,1,10086.63,10203.71
2011-01-27 21:30:00,1,9939.01,9965.43
2011-01-27 22:00:00,1,9574.55,9668.96
2011-01-27 22:30:00,1,9287.74,9325.58
2011-01-27 23:00:00,1,8955.7,8956.04
2011-01-27 23:30:00,1,8606.89,8670.98
2011-01-30 00:00:00,1,7439.17,7431.32
2011-01-30 00:30:00,1,7198.8,7250.7
2011-01-30 01:00:00,1,7024.97,7012.22
2011-01-30 01:30:00,1,6743.08,6800.85
2011-01-30 02:00:00,1,6497.65,6625.97
2011-01-30 02:30:00,1,6342.79,6422.51
2011-01-30 03:00:00,1,6318.1,6367.12
2011-01-30 03:30:00,1,6280.46,6305.68
2011-01-30 04:00:00,1,6280.7,6325.53
2011-01-30 04:30:00,1,6326.53,6362.31
2011-01-30 05:00:00,1,6386.26,6422.01
2011-01-30 05:30:00,1,6376.68,6533.02
2011-01-30 06:00:00,1,6480.82,6627.43
2011-01-30 06:30:00,1,6669.94,6856.8
2011-01-30 07:00:00,1,7015.5,7206.4
2011-01-30 07:30:00,1,7334.98,7420.76
2011-01-30 08:00:00,1,7693.01,7820.58
2011-01-30 08:30:00,1,7941.58,8264.25
2011-01-30 09:00:00,1,8234.42,8480.12
2011-01-30 09:30:00,1,8478.28,8810.45
2011-01-30 10:00:00,1,8661.71,8995.38
2011-01-30 10:30:00,1,8781.5,8893.48
2011-01-30 11:00:00,1,8887.32,8998.23
2011-01-30 11:30:00,1,9033.63,9160.55
2011-01-30 12:00:00,1,9154.25,9287.15
2011-01-30 12:30:00,1,9311.38,9390.02
2011-01-30 13:00:00,1,9428.2,9569.63
2011-01-30 13:30:00,1,9623.46,9680.57
2011-01-30 14:00:00,1,9869.11,9697.06
2011-01-30 14:30:00,1,10088.08,9809.26
2011-01-30 15:00:00,1,10230.81,10113.91
2011-01-30 15:30:00,1,10368.95,10233.1
2011-01-30 16:00:00,1,10578.6,10325.54
2011-01-30 16:30:00,1,10596.52,10523.46
2011-01-30 17:00:00,1,10673.74,10532.0
2011-01-30 17:30:00,1,10772.16,10467.05
2011-01-30 18:00:00,1,10675.14,10436.03
2011-01-30 18:30:00,1,10550.92,10510.99
2011-01-30 19:00:00,1,10277.69,10416.3
2011-01-30 19:30:00,1,10268.87,10193.93
2011-01-30 20:00:00,1,10299.29,10071.65
2011-01-30 20:30:00,1,9928.42,10070.18
2011-01-30 21:00:00,1,9632.53,9671.47
2011-01-30 21:30:00,1,9348.42,9255.48
2011-01-30 22:00:00,1,8993.86,8868.15
2011-01-30 22:30:00,1,8690.44,8550.22
2011-01-30 23:00:00,1,8316.75,8254.23
2011-01-30 23:30:00,1,8045.3,8028.3
2011-01-31 00:00:00,1,7826.17,7709.66
2011-01-31 00:30:00,1,7618.24,7363.92
2011-01-31 01:00:00,1,7426.29,7370.89
2011-01-31 01:30:00,1,7196.79,7161.41
2011-01-31 02:00:00,1,6982.01,7024.97
2011-01-31 02:30:00,1,6872.54,6877.54
2011-01-31 03:00:00,1,6803.21,6837.44
2011-01-31 03:30:00,1,6796.82,6861.35
2011-01-31 04:00:00,1,6898.11,6955.13
2011-01-31 04:30:00,1,7049.58,7204.42
2011-01-31 05:00:00,1,7412.6,7452.49
2011-01-31 05:30:00,1,7964.53,7976.41
2011-01-31 06:00:00,1,8542.81,8524.08
2011-01-31 06:30:00,1,9087.11,9060.91
2011-01-31 07:00:00,1,9628.55,9585.87
2011-01-31 07:30:00,1,10044.87,9989.2
2011-01-31 08:00:00,1,10428.99,10407.08
2011-01-31 08:30:00,1,10825.63,10770.27
2011-01-31 09:00:00,1,11172.3,11068.44
2011-01-31 09:30:00,1,11452.51,11372.61
2011-01-31 10:00:00,1,11756.78,11643.03
2011-01-31 10:30:00,1,12028.06,11865.88
2011-01-31 11:00:00,1,12327.21,12074.14
2011-01-31 11:30:00,1,12586.66,12268.55
2011-01-31 12:00:00,1,12815.65,12711.98
2011-01-31 12:30:00,1,13075.18,12940.29
2011-01-31 13:00:00,1,13243.46,13134.51
2011-01-31 13:30:00,1,13377.58,13335.98
2011-01-31 14:00:00,1,13536.45,13462.16
2011-01-31 14:30:00,1,13613.36,13607.55
2011-01-31 15:00:00,1,13712.78,13717.72
2011-01-31 15:30:00,1,13774.69,13780.31
2011-01-31 16:00:00,1,13786.2,13776.83
2011-01-31 16:30:00,1,13717.44,13560.95
2011-01-31 17:00:00,1,13740.7,13375.73
2011-01-31 17:30:00,1,13372.58,13179.28
2011-01-31 18:00:00,1,13181.92,13201.36
2011-01-31 18:30:00,1,12726.7,12841.68
2011-01-31 19:00:00,1,12431.99,12391.83
2011-01-31 19:30:00,1,12192.21,12325.19
2011-01-31 20:00:00,1,12096.41,12130.9
2011-01-31 20:30:00,1,11657.51,11665.98
2011-01-31 21:00:00,1,11080.46,11290.1
2011-01-31 21:30:00,1,10773.13,10904.57
2011-01-31 22:00:00,1,10198.74,10456.81
2011-01-31 22:30:00,1,9844.68,9955.59
2011-01-31 23:00:00,1,9445.48,9491.08
2011-01-31 23:30:00,1,9029.73,9156.52
2011-02-01 00:00:00,1,8810.84,8860.9
2011-02-01 00:30:00,1,8570.16,8351.18
2011-02-01 01:00:00,1,8274.67,8059.03
2011-02-01 01:30:00,1,7983.9,8000.05
2011-02-01 02:00:00,1,7678.44,7756.08
2011-02-01 02:30:00,1,7534.45,7536.25
2011-02-01 03:00:00,1,7357.01,7391.3
2011-02-01 03:30:00,1,7271.65,7327.78
2011-02-01 04:00:00,1,7336.88,7329.6
2011-02-01 04:30:00,1,7581.13,7542.54
2011-02-01 05:00:00,1,7839.99,7877.37
2011-02-01 05:30:00,1,8422.92,8521.22
2011-02-01 06:00:00,1,9001.65,9109.74
2011-02-01 06:30:00,1,9536.45,9531.18
2011-02-01 07:00:00,1,10117.97,9995.09
2011-02-01 07:30:00,1,10456.2,10469.46
2011-02-01 08:00:00,1,10827.47,10908.24
2011-02-01 08:30:00,1,11221.25,11338.73
2011-02-01 09:00:00,1,11578.03,11664.07
2011-02-01 09:30:00,1,11918.04,11941.13
2011-02-01 10:00:00,1,12163.01,12165.77
2011-02-01 10:30:00,1,12412.33,12397.94
2011-02-01 11:00:00,1,12695.93,12632.65
2011-02-01 11:30:00,1,13041.19,12836.13
2011-02-01 12:00:00,1,13271.12,13060.03
2011-02-01 12:30:00,1,13496.56,13450.06
2011-02-01 13:00:00,1,13619.15,13624.26
2011-02-01 13:30:00,1,13746.88,13782.87
2011-02-01 14:00:00,1,13835.45,13887.53
2011-02-01 14:30:00,1,13966.11,14011.07
2011-02-01 15:00:00,1,14041.31,14080.24
2011-02-01 15:30:00,1,14337.52,14152.64
2011-02-01 16:00:00,1,14525.73,14140.38
2011-02-01 16:30:00,1,14579.86,14258.84
2011-02-01 17:00:00,1,14440.04,14177.35
2011-02-01 17:30:00,1,14090.95,14074.13
2011-02-01 18:00:00,1,13989.88,13801.83
2011-02-01 18:30:00,1,13730.92,13388.16
2011-02-01 19:00:00,1,13573.14,13272.76
2011-02-01 19:30:00,1,13453.43,13201.26
2011-02-01 20:00:00,1,13443.85,12996.18
2011-02-01 20:30:00,1,13055.29,13015.64
2011-02-01 21:00:00,1,12490.71,12404.13
2011-02-01 21:30:00,1,12005.27,11788.83
2011-02-01 22:00:00,1,11383.85,11408.06
2011-02-01 22:30:00,1,10827.57,10878.41
2011-02-01 23:00:00,1,10347.97,10306.81
2011-02-01 23:30:00,1,9838.4,9811.06
2011-02-02 00:00:00,1,9509.29,9301.54
2011-02-02 00:30:00,1,9196.43,9127.53
2011-02-02 01:00:00,1,8891.88,8761.14
2011-02-02 01:30:00,1,8531.52,8369.36
2011-02-02 02:00:00,1,8311.5,8234.18
2011-02-02 02:30:00,1,8149.37,8112.69
2011-02-02 03:00:00,1,8042.79,7935.17
2011-02-02 03:30:00,1,8057.52,7947.14
2011-02-02 04:00:00,1,8142.44,8156.01
2011-02-02 04:30:00,1,8291.96,8367.51
2011-02-02 05:00:00,1,8544.32,8659.44
2011-02-02 05:30:00,1,9067.48,9082.9
2011-02-02 06:00:00,1,9586.97,9582.09
2011-02-02 06:30:00,1,10254.7,10051.07
2011-02-02 07:00:00,1,10862.13,10521.69
2011-02-02 07:30:00,1,11268.91,11199.99
2011-02-02 08:00:00,1,11542.66,11533.61
2011-02-02 08:30:00,1,11966.77,11942.56
2011-02-02 09:00:00,1,12288.83,12260.6
2011-02-02 09:30:00,1,12510.01,12448.62
2011-02-02 10:00:00,1,12706.4,12744.06
2011-02-02 10:30:00,1,12943.85,12867.89
2011-02-02 11:00:00,1,13167.2,13069.2
2011-02-02 11:30:00,1,13281.99,13184.17
2011-02-02 12:00:00,1,13475.44,13389.27
2011-02-02 12:30:00,1,13697.85,13622.66
2011-02-02 13:00:00,1,13788.69,13816.52
2011-02-02 13:30:00,1,13872.01,13916.85
2011-02-02 14:00:00,1,13923.98,14007.89
2011-02-02 14:30:00,1,14055.21,14089.89
2011-02-02 15:00:00,1,14241.39,14100.73
2011-02-02 15:30:00,1,14403.24,14156.42
2011-02-02 16:00:00,1,14417.03,14336.52
2011-02-02 16:30:00,1,14201.36,14486.7
2011-02-02 17:00:00,1,13923.12,14281.34
2011-02-02 17:30:00,1,13505.98,13830.02
2011-02-02 18:00:00,1,13282.76,13406.26
2011-02-02 18:30:00,1,12869.11,12834.36
2011-02-02 19:00:00,1,12726.13,12370.99
2011-02-02 19:30:00,1,12726.66,12448.97
2011-02-02 20:00:00,1,12636.68,12492.07
2011-02-02 20:30:00,1,12286.99,12185.86
2011-02-02 21:00:00,1,11818.36,11668.28
2011-02-02 21:30:00,1,11548.93,11257.73
2011-02-02 22:00:00,1,11043.21,10926.18
2011-02-02 22:30:00,1,10596.34,10470.22
2011-02-02 23:00:00,1,10108.94,10132.95
2011-02-02 23:30:00,1,9644.91,9709.59
2011-02-03 00:00:00,1,9363.67,9279.9
2011-02-03 00:30:00,1,9097.63,9096.21
2011-02-03 01:00:00,1,8731.45,8762.29
2011-02-03 01:30:00,1,8418.74,8452.96
2011-02-03 02:00:00,1,8167.84,8260.24
2011-02-03 02:30:00,1,8030.46,8036.82
2011-02-03 03:00:00,1,7969.14,7947.97
2011-02-03 03:30:00,1,7952.16,7967.27
2011-02-03 04:00:00,1,7938.0,8032.2
2011-02-03 04:30:00,1,8030.1,8197.07
2011-02-03 05:00:00,1,8374.99,8395.67
2011-02-03 05:30:00,1,9039.47,8788.58
2011-02-03 06:00:00,1,9600.21,9432.87
2011-02-03 06:30:00,1,10217.6,9996.5
2011-02-03 07:00:00,1,10802.97,10600.6
2011-02-03 07:30:00,1,11086.65,11103.19
2011-02-03 08:00:00,1,11253.99,11495.97
2011-02-03 08:30:00,1,11593.5,11893.04
2011-02-03 09:00:00,1,11854.25,12171.95
2011-02-03 09:30:00,1,12144.45,12311.74
2011-02-03 10:00:00,1,12413.75,12628.28
2011-02-03 10:30:00,1,12701.36,12694.3
2011-02-03 11:00:00,1,12902.28,12851.44
2011-02-03 11:30:00,1,12932.26,13045.88
2011-02-03 12:00:00,1,12967.14,13247.11
2011-02-03 12:30:00,1,13205.23,13388.55
2011-02-03 13:00:00,1,13472.59,13211.45
2011-02-03 13:30:00,1,13710.36,13384.67
2011-02-03 14:00:00,1,13801.64,13569.77
2011-02-03 14:30:00,1,13924.87,13773.81
2011-02-03 15:00:00,1,14189.54,13904.4
2011-02-03 15:30:00,1,14408.45,14180.82
2011-02-03 16:00:00,1,14449.88,14160.22
2011-02-03 16:30:00,1,14333.12,14261.71
2011-02-03 17:00:00,1,14315.54,14008.55
2011-02-03 17:30:00,1,13814.92,13542.77
2011-02-03 18:00:00,1,13458.95,13282.64
2011-02-03 18:30:00,1,12922.72,12871.89
2011-02-03 19:00:00,1,12480.12,12584.71
2011-02-03 19:30:00,1,12266.39,12365.01
2011-02-03 20:00:00,1,12152.05,12208.87
2011-02-03 20:30:00,1,11622.85,11817.31
2011-02-03 21:00:00,1,11126.81,11334.87
2011-02-03 21:30:00,1,10881.87,11053.49
2011-02-03 22:00:00,1,10348.42,10551.99
2011-02-03 22:30:00,1,10056.92,10135.84
2011-02-03 23:00:00,1,9662.59,9646.55
2011-02-03 23:30:00,1,9247.91,9292.58
2011-02-04 00:00:00,1,8981.46,8937.68
2011-02-04 00:30:00,1,8756.67,8657.94
2011-02-04 01:00:00,1,8483.72,8386.54
2011-02-04 01:30:00,1,8132.14,8017.31
2011-02-04 02:00:00,1,7886.63,7767.95
2011-02-04 02:30:00,1,7726.68,7673.8
2011-02-04 03:00:00,1,7671.26,7775.6
2011-02-04 03:30:00,1,7629.53,7729.92
2011-02-04 04:00:00,1,7715.5,7809.98
2011-02-04 04:30:00,1,7895.58,8038.66
2011-02-04 05:00:00,1,8156.28,8419.29
2011-02-04 05:30:00,1,8733.57,9083.51
2011-02-04 06:00:00,1,9316.01,9532.73
2011-02-04 06:30:00,1,9966.43,9918.23
2011-02-04 07:00:00,1,10596.59,10435.24
2011-02-04 07:30:00,1,10940.66,10931.98
2011-02-04 08:00:00,1,11290.42,11285.94
2011-02-04 08:30:00,1,11744.76,11740.78
2011-02-04 09:00:00,1,12090.8,12042.42
2011-02-04 09:30:00,1,12352.61,12328.42
2011-02-04 10:00:00,1,12651.37,12583.8
2011-02-04 10:30:00,1,12788.27,12836.27
2011-02-04 11:00:00,1,12938.83,13066.12
2011-02-04 11:30:00,1,13128.42,13235.79
2011-02-04 12:00:00,1,13309.51,13307.46
2011-02-04 12:30:00,1,13402.31,13541.86
2011-02-04 13:00:00,1,13512.67,13763.64
2011-02-04 13:30:00,1,13615.73,13914.45
2011-02-04 14:00:00,1,13688.54,13845.99
2011-02-04 14:30:00,1,13633.35,13975.06
2011-02-04 15:00:00,1,13733.79,14070.48
2011-02-04 15:30:00,1,13810.3,14266.89
2011-02-04 16:00:00,1,13786.9,13889.07
2011-02-04 16:30:00,1,13611.36,13834.68
2011-02-04 17:00:00,1,13374.32,13795.54
2011-02-04 17:30:00,1,12915.21,13000.91
2011-02-04 18:00:00,1,12572.86,12714.5
2011-02-04 18:30:00,1,12237.33,12274.68
2011-02-04 19:00:00,1,12010.01,11954.86
2011-02-04 19:30:00,1,11943.39,11880.72
2011-02-04 20:00:00,1,11895.06,11778.07
2011-02-04 20:30:00,1,11494.81,11389.26
2011-02-04 21:00:00,1,11197.27,10978.37
2011-02-04 21:30:00,1,11007.68,10699.41
2011-02-04 22:00:00,1,10576.56,10389.59
2011-02-04 22:30:00,1,10372.7,10048.22
2011-02-04 23:00:00,1,9930.1,9735.87
2011-02-04 23:30:00,1,9510.0,9580.8
2011-02-05 00:00:00,1,9165.38,9278.17
2011-02-05 00:30:00,1,8867.09,8770.64
2011-02-05 01:00:00,1,8566.54,8444.97
2011-02-05 01:30:00,1,8229.02,8142.95
2011-02-05 02:00:00,1,7942.83,7952.43
2011-02-05 02:30:00,1,7744.08,7752.25
2011-02-05 03:00:00,1,7675.54,7597.49
2011-02-05 03:30:00,1,7642.46,7504.51
2011-02-05 04:00:00,1,7571.93,7505.63
2011-02-05 04:30:00,1,7618.87,7537.59
2011-02-05 05:00:00,1,7717.35,7626.07
2011-02-05 05:30:00,1,7890.4,7756.41
2011-02-05 06:00:00,1,8049.44,7997.33
2011-02-05 06:30:00,1,8425.39,8227.9
2011-02-05 07:00:00,1,8994.07,8653.99
2011-02-05 07:30:00,1,9604.0,9538.56
2011-02-05 08:00:00,1,10233.28,10057.23
2011-02-05 08:30:00,1,10823.44,10519.27
2011-02-05 09:00:00,1,11232.36,11089.45
2011-02-05 09:30:00,1,11622.38,11388.86
2011-02-05 10:00:00,1,11876.83,11582.16
2011-02-05 10:30:00,1,12132.01,12022.9
2011-02-05 11:00:00,1,12319.83,12173.23
2011-02-05 11:30:00,1,12443.33,12336.44
2011-02-05 12:00:00,1,12558.79,12610.82
2011-02-05 12:30:00,1,12686.65,12738.37
2011-02-05 13:00:00,1,12753.72,12831.91
2011-02-05 13:30:00,1,12794.31,12887.81
2011-02-05 14:00:00,1,12806.61,12957.41
2011-02-05 14:30:00,1,12907.67,12993.13
2011-02-05 15:00:00,1,12995.84,13036.27
2011-02-05 15:30:00,1,13086.73,13031.22
2011-02-05 16:00:00,1,13078.67,13007.64
2011-02-05 16:30:00,1,13121.52,12955.82
2011-02-05 17:00:00,1,13036.76,12785.2
2011-02-05 17:30:00,1,12798.7,12720.83
2011-02-05 18:00:00,1,12632.09,12372.95
2011-02-05 18:30:00,1,12442.82,11919.28
2011-02-05 19:00:00,1,12228.45,11968.06
2011-02-05 19:30:00,1,12166.38,11836.64
2011-02-05 20:00:00,1,12148.95,11738.35
2011-02-05 20:30:00,1,11941.87,11590.83
2011-02-05 21:00:00,1,11705.52,11058.8
2011-02-05 21:30:00,1,11510.38,11132.87
2011-02-05 22:00:00,1,11081.79,10810.29
2011-02-05 22:30:00,1,10706.84,10287.31
2011-02-05 23:00:00,1,10288.53,10143.79
2011-02-05 23:30:00,1,9799.79,9695.1
2011-02-06 00:00:00,1,9499.25,9418.26
2011-02-06 00:30:00,1,9155.84,9149.68
2011-02-06 01:00:00,1,8735.62,8800.44
2011-02-06 01:30:00,1,8427.32,8395.2
2011-02-06 02:00:00,1,8223.06,8171.38
2011-02-06 02:30:00,1,8018.62,7964.83
2011-02-06 03:00:00,1,7807.57,7874.1
2011-02-06 03:30:00,1,7501.25,7817.48
2011-02-06 04:00:00,1,7324.63,7798.84
2011-02-06 04:30:00,1,7397.62,7620.9
2011-02-06 05:00:00,1,7344.41,7830.62
2011-02-06 05:30:00,1,7660.1,7664.04
2011-02-06 06:00:00,1,7668.6,8015.62
2011-02-06 06:30:00,1,7980.0,8205.56
2011-02-06 07:00:00,1,8268.03,8261.17
2011-02-06 07:30:00,1,8690.23,8598.0
2011-02-06 08:00:00,1,9062.6,8996.43
2011-02-06 08:30:00,1,9531.49,9322.54
2011-02-06 09:00:00,1,9893.24,9651.04
2011-02-06 09:30:00,1,10264.97,10240.3
2011-02-06 10:00:00,1,10556.89,10473.99
2011-02-06 10:30:00,1,10727.88,10680.24
2011-02-06 11:00:00,1,10833.01,10850.8
2011-02-06 11:30:00,1,11028.06,10952.04
2011-02-06 12:00:00,1,11160.58,11041.89
2011-02-06 12:30:00,1,11103.9,11063.2
2011-02-06 13:00:00,1,11103.81,10998.02
2011-02-06 13:30:00,1,10696.15,11005.52
2011-02-06 14:00:00,1,10164.78,10974.76
2011-02-06 14:30:00,1,9676.38,10008.49
2011-02-06 15:00:00,1,9497.89,9882.56
2011-02-06 15:30:00,1,9315.67,9423.91
2011-02-06 16:00:00,1,9210.83,9405.0
2011-02-06 16:30:00,1,9068.67,9392.57
2011-02-06 17:00:00,1,8943.89,8973.1
2011-02-06 17:30:00,1,8921.19,8850.69
2011-02-06 18:00:00,1,8804.32,8787.7
2011-02-06 18:30:00,1,8722.06,8766.67
2011-02-06 19:00:00,1,8706.91,8760.83
2011-02-06 19:30:00,1,8693.21,8858.25
2011-02-06 20:00:00,1,8597.66,8850.32
2011-02-06 20:30:00,1,8339.61,8714.38
2011-02-06 21:00:00,1,8118.41,8176.73
2011-02-06 21:30:00,1,7938.71,8032.14
2011-02-06 22:00:00,1,7707.48,7838.27
2011-02-06 22:30:00,1,7603.52,7688.13
2011-02-06 23:00:00,1,7390.18,7474.37
2011-02-06 23:30:00,1,7150.35,7245.17
2011-02-11 00:00:00,1,7867.15,7984.12
2011-02-11 00:30:00,1,7683.51,7824.74
2011-02-11 01:00:00,1,7477.38,7558.86
2011-02-11 01:30:00,1,7188.16,7264.98
2011-02-11 02:00:00,1,6970.36,6983.14
2011-02-11 02:30:00,1,6789.5,6803.52
2011-02-11 03:00:00,1,6712.58,6718.76
2011-02-11 03:30:00,1,6687.86,6701.94
2011-02-11 04:00:00,1,6752.14,6761.86
2011-02-11 04:30:00,1,6940.26,6946.39
2011-02-11 05:00:00,1,7231.35,7237.77
2011-02-11 05:30:00,1,7788.66,7905.43
2011-02-11 06:00:00,1,8281.49,8462.25
2011-02-11 06:30:00,1,8807.85,8935.98
2011-02-11 07:00:00,1,9252.57,9291.04
2011-02-11 07:30:00,1,9516.36,9568.93
2011-02-11 08:00:00,1,9757.32,9827.87
2011-02-11 08:30:00,1,10009.23,10131.79
2011-02-11 09:00:00,1,10287.45,10292.27
2011-02-11 09:30:00,1,10494.5,10453.65
2011-02-11 10:00:00,1,10631.36,10583.13
2011-02-11 10:30:00,1,10790.38,10768.78
2011-02-11 11:00:00,1,11004.68,10762.71
2011-02-11 11:30:00,1,11115.23,10838.8
2011-02-11 12:00:00,1,11161.42,11089.29
2011-02-11 12:30:00,1,11193.66,11126.34
2011-02-11 13:00:00,1,11336.53,11162.09
2011-02-11 13:30:00,1,11420.3,11190.75
2011-02-11 14:00:00,1,11498.9,11327.4
2011-02-11 14:30:00,1,11664.53,11527.45
2011-02-11 15:00:00,1,11893.66,11615.84
2011-02-11 15:30:00,1,11956.97,11877.95
2011-02-11 16:00:00,1,12002.93,11823.58
2011-02-11 16:30:00,1,11738.05,11665.88
2011-02-11 17:00:00,1,11404.78,11349.89
2011-02-11 17:30:00,1,10963.91,10902.24
2011-02-11 18:00:00,1,10702.21,10613.83
2011-02-11 18:30:00,1,10388.63,10267.02
2011-02-11 19:00:00,1,10215.02,9987.34
2011-02-11 19:30:00,1,10253.11,10043.86
2011-02-11 20:00:00,1,10104.54,10029.0
2011-02-11 20:30:00,1,9829.99,9785.71
2011-02-11 21:00:00,1,9552.05,9432.24
2011-02-11 21:30:00,1,9497.49,9385.48
2011-02-11 22:00:00,1,9247.8,9162.7
2011-02-11 22:30:00,1,9100.54,8989.44
2011-02-11 23:00:00,1,8826.38,8778.03
2011-02-11 23:30:00,1,8492.74,8476.96
2011-02-17 00:00:00,1,7929.25,7833.55
2011-02-17 00:30:00,1,7752.62,7675.99
2011-02-17 01:00:00,1,7546.76,7536.54
2011-02-17 01:30:00,1,7238.32,7246.27
2011-02-17 02:00:00,1,6964.16,6924.37
2011-02-17 02:30:00,1,6795.37,6689.79
2011-02-17 03:00:00,1,6726.97,6601.21
2011-02-17 03:30:00,1,6751.58,6596.19
2011-02-17 04:00:00,1,6824.54,6679.76
2011-02-17 04:30:00,1,7042.96,7039.08
2011-02-17 05:00:00,1,7311.13,7325.52
2011-02-17 05:30:00,1,7942.72,7829.18
2011-02-17 06:00:00,1,8475.08,8373.73
2011-02-17 06:30:00,1,8947.33,8850.77
2011-02-17 07:00:00,1,9369.35,9259.59
2011-02-17 07:30:00,1,9652.16,9479.11
2011-02-17 08:00:00,1,9808.32,9693.56
2011-02-17 08:30:00,1,10021.49,9940.65
2011-02-17 09:00:00,1,10188.29,10137.3
2011-02-17 09:30:00,1,10350.74,10269.47
2011-02-17 10:00:00,1,10480.38,10386.87
2011-02-17 10:30:00,1,10577.75,10461.29
2011-02-17 11:00:00,1,10743.54,10543.27
2011-02-17 11:30:00,1,10844.22,10637.44
2011-02-17 12:00:00,1,10865.83,10884.32
2011-02-17 12:30:00,1,11000.24,10937.07
2011-02-17 13:00:00,1,11049.49,11030.51
2011-02-17 13:30:00,1,11099.12,11081.31
2011-02-17 14:00:00,1,11077.98,11139.59
2011-02-17 14:30:00,1,10941.31,11193.07
2011-02-17 15:00:00,1,10947.89,11227.97
2011-02-17 15:30:00,1,10961.72,10899.05
2011-02-17 16:00:00,1,11046.48,10841.86
2011-02-17 16:30:00,1,11023.71,10808.37
2011-02-17 17:00:00,1,10911.67,10737.46
2011-02-17 17:30:00,1,10713.8,10608.47
2011-02-17 18:00:00,1,10540.65,10384.94
2011-02-17 18:30:00,1,10327.56,10145.71
2011-02-17 19:00:00,1,10171.93,10112.4
2011-02-17 19:30:00,1,10302.31,10147.27
2011-02-17 20:00:00,1,10225.2,10012.11
2011-02-17 20:30:00,1,9795.64,9657.52
2011-02-17 21:00:00,1,9398.75,9444.72
2011-02-17 21:30:00,1,9137.26,9270.81
2011-02-17 22:00:00,1,8874.92,8924.05
2011-02-17 22:30:00,1,8653.88,8661.51
2011-02-17 23:00:00,1,8424.85,8436.92
2011-02-17 23:30:00,1,8215.48,8188.95
2011-02-19 00:00:00,1,8096.66,8113.89
2011-02-19 00:30:00,1,7908.96,7829.14
2011-02-19 01:00:00,1,7587.15,7587.77
2011-02-19 01:30:00,1,7280.59,7306.27
2011-02-19 02:00:00,1,7000.67,7081.48
2011-02-19 02:30:00,1,6835.94,6897.9
2011-02-19 03:00:00,1,6721.04,6783.83
2011-02-19 03:30:00,1,6634.59,6714.07
2011-02-19 04:00:00,1,6653.31,6735.24
2011-02-19 04:30:00,1,6727.94,6794.64
2011-02-19 05:00:00,1,6836.32,6949.99
2011-02-19 05:30:00,1,7099.6,7168.61
2011-02-19 06:00:00,1,7230.54,7398.74
2011-02-19 06:30:00,1,7547.82,7709.63
2011-02-19 07:00:00,1,8017.67,8154.94
2011-02-19 07:30:00,1,8448.6,8585.97
2011-02-19 08:00:00,1,8781.0,9080.01
2011-02-19 08:30:00,1,9142.88,9325.52
2011-02-19 09:00:00,1,9246.49,9462.93
2011-02-19 09:30:00,1,9446.23,9818.64
2011-02-19 10:00:00,1,9555.98,10058.44
2011-02-19 10:30:00,1,9636.38,9855.41
2011-02-19 11:00:00,1,9801.33,10089.41
2011-02-19 11:30:00,1,9857.72,10018.86
2011-02-19 12:00:00,1,9974.21,10131.37
2011-02-19 12:30:00,1,10135.73,10269.19
2011-02-19 13:00:00,1,10366.77,10431.64
2011-02-19 13:30:00,1,10560.16,10519.29
2011-02-19 14:00:00,1,10718.42,10616.59
2011-02-19 14:30:00,1,10849.13,10724.1
2011-02-19 15:00:00,1,11056.37,10810.75
2011-02-19 15:30:00,1,11182.31,10940.55
2011-02-19 16:00:00,1,11298.29,11165.69
2011-02-19 16:30:00,1,11222.46,11056.23
2011-02-19 17:00:00,1,11157.86,10922.91
2011-02-19 17:30:00,1,11095.3,10868.03
2011-02-19 18:00:00,1,10936.17,10664.09
2011-02-19 18:30:00,1,10700.65,10645.77
2011-02-19 19:00:00,1,10602.28,10403.95
2011-02-19 19:30:00,1,10578.15,10302.0
2011-02-19 20:00:00,1,10508.38,10452.69
2011-02-19 20:30:00,1,10260.52,10269.09
2011-02-19 21:00:00,1,9962.24,9968.66
2011-02-19 21:30:00,1,9760.86,9759.81
2011-02-19 22:00:00,1,9528.33,9478.32
2011-02-19 22:30:00,1,9287.41,9165.46
2011-02-19 23:00:00,1,8962.22,8815.35
2011-02-19 23:30:00,1,8613.06,8504.18
2011-02-20 00:00:00,1,8356.48,8207.12
2011-02-20 00:30:00,1,8120.52,8134.75
2011-02-20 01:00:00,1,7815.57,7776.25
2011-02-20 01:30:00,1,7549.9,7487.08
2011-02-20 02:00:00,1,7287.27,7283.06
2011-02-20 02:30:00,1,7170.77,7034.43
2011-02-20 03:00:00,1,7028.86,6916.68
2011-02-20 03:30:00,1,6998.31,6917.23
2011-02-20 04:00:00,1,6960.3,6919.13
2011-02-20 04:30:00,1,6971.32,6936.56
2011-02-20 05:00:00,1,6993.57,7004.88
2011-02-20 05:30:00,1,7179.1,7040.28
2011-02-20 06:00:00,1,7173.73,7199.98
2011-02-20 06:30:00,1,7472.14,7475.44
2011-02-20 07:00:00,1,7863.09,7851.87
2011-02-20 07:30:00,1,8278.52,8262.87
2011-02-20 08:00:00,1,8720.18,8639.71
2011-02-20 08:30:00,1,9176.13,9021.07
2011-02-20 09:00:00,1,9551.43,9293.41
2011-02-20 09:30:00,1,9878.94,9788.73
2011-02-20 10:00:00,1,10073.69,10131.89
2011-02-20 10:30:00,1,10294.81,10417.84
2011-02-20 11:00:00,1,10430.41,10549.03
2011-02-20 11:30:00,1,10633.55,10790.53
2011-02-20 12:00:00,1,10778.74,11032.56
2011-02-20 12:30:00,1,10823.32,11212.54
2011-02-20 13:00:00,1,10871.98,11085.21
2011-02-20 13:30:00,1,10998.06,10938.39
2011-02-20 14:00:00,1,11039.49,10994.1
2011-02-20 14:30:00,1,11086.24,11028.46
2011-02-20 15:00:00,1,11158.41,11023.86
2011-02-20 15:30:00,1,11129.2,11036.58
2011-02-20 16:00:00,1,11131.42,11032.26
2011-02-20 16:30:00,1,11028.62,10903.03
2011-02-20 17:00:00,1,11009.32,10849.51
2011-02-20 17:30:00,1,10903.85,10745.39
2011-02-20 18:00:00,1,10760.49,10630.2
2011-02-20 18:30:00,1,10602.05,10511.63
2011-02-20 19:00:00,1,10500.17,10471.95
2011-02-20 19:30:00,1,10497.59,10425.39
2011-02-20 20:00:00,1,10354.09,10375.31
2011-02-20 20:30:00,1,9994.82,10080.07
2011-02-20 21:00:00,1,9638.15,9772.55
2011-02-20 21:30:00,1,9378.8,9226.11
2011-02-20 22:00:00,1,8983.27,8896.14
2011-02-20 22:30:00,1,8650.32,8659.1
2011-02-20 23:00:00,1,8346.22,8231.96
2011-02-20 23:30:00,1,8033.1,7951.78
2011-02-27 00:00:00,1,7622.86,7582.67
2011-02-27 00:30:00,1,7404.47,7468.93
2011-02-27 01:00:00,1,7220.1,7251.48
2011-02-27 01:30:00,1,6949.79,7014.94
2011-02-27 02:00:00,1,6726.92,6786.36
2011-02-27 02:30:00,1,6583.75,6621.63
2011-02-27 03:00:00,1,6479.9,6479.01
2011-02-27 03:30:00,1,6449.1,6430.49
2011-02-27 04:00:00,1,6391.53,6452.57
2011-02-27 04:30:00,1,6453.27,6483.84
2011-02-27 05:00:00,1,6504.76,6586.35
2011-02-27 05:30:00,1,6603.17,6735.11
2011-02-27 06:00:00,1,6603.96,6799.98
2011-02-27 06:30:00,1,6742.33,6929.24
2011-02-27 07:00:00,1,7135.13,7032.72
2011-02-27 07:30:00,1,7438.3,7413.29
2011-02-27 08:00:00,1,7822.02,7726.96
2011-02-27 08:30:00,1,8148.56,7974.79
2011-02-27 09:00:00,1,8327.03,8285.32
2011-02-27 09:30:00,1,8530.52,8582.08
2011-02-27 10:00:00,1,8577.52,8796.47
2011-02-27 10:30:00,1,8609.69,8929.73
2011-02-27 11:00:00,1,8602.09,8764.62
2011-02-27 11:30:00,1,8671.47,8732.26
2011-02-27 12:00:00,1,8754.21,8897.86
2011-02-27 12:30:00,1,8649.47,8832.37
2011-02-27 13:00:00,1,8694.98,8859.69
2011-02-27 13:30:00,1,8800.87,8785.73
2011-02-27 14:00:00,1,8826.54,8892.65
2011-02-27 14:30:00,1,8825.25,8906.0
2011-02-27 15:00:00,1,8904.14,8979.25
2011-02-27 15:30:00,1,8965.72,8964.81
2011-02-27 16:00:00,1,9058.38,8961.78
2011-02-27 16:30:00,1,9090.54,8991.67
2011-02-27 17:00:00,1,9213.44,9120.38
2011-02-27 17:30:00,1,9301.37,9091.77
2011-02-27 18:00:00,1,9346.63,9234.6
2011-02-27 18:30:00,1,9248.64,9160.73
2011-02-27 19:00:00,1,9328.66,9143.32
2011-02-27 19:30:00,1,9390.94,9170.78
2011-02-27 20:00:00,1,9229.1,9231.31
2011-02-27 20:30:00,1,8994.84,8989.79
2011-02-27 21:00:00,1,8672.0,8701.21
2011-02-27 21:30:00,1,8592.68,8539.03
2011-02-27 22:00:00,1,8289.43,8280.17
2011-02-27 22:30:00,1,8145.99,8012.29
2011-02-27 23:00:00,1,7867.2,7782.38
2011-02-27 23:30:00,1,7676.55,7663.2
2011-03-01 00:00:00,1,8003.38,7986.89
2011-03-01 00:30:00,1,7762.52,7727.78
2011-03-01 01:00:00,1,7492.4,7484.65
2011-03-01 01:30:00,1,7243.4,7197.91
2011-03-01 02:00:00,1,7004.64,6980.67
2011-03-01 02:30:00,1,6817.86,6742.48
2011-03-01 03:00:00,1,6709.56,6637.41
2011-03-01 03:30:00,1,6743.94,6733.88
2011-03-01 04:00:00,1,6776.0,6785.19
2011-03-01 04:30:00,1,6948.1,6878.22
2011-03-01 05:00:00,1,7315.77,7230.35
2011-03-01 05:30:00,1,8055.31,7854.49
2011-03-01 06:00:00,1,8569.46,8425.74
2011-03-01 06:30:00,1,9175.26,9137.15
2011-03-01 07:00:00,1,9537.07,9635.25
2011-03-01 07:30:00,1,9877.29,9931.23
2011-03-01 08:00:00,1,10083.14,10213.53
2011-03-01 08:30:00,1,10416.21,10495.0
2011-03-01 09:00:00,1,10634.38,10724.34
2011-03-01 09:30:00,1,10701.35,10892.9
2011-03-01 10:00:00,1,10810.82,11005.15
2011-03-01 10:30:00,1,10800.03,10962.3
2011-03-01 11:00:00,1,10830.17,11159.72
2011-03-01 11:30:00,1,10857.33,10981.74
2011-03-01 12:00:00,1,10892.93,10993.31
2011-03-01 12:30:00,1,10928.34,11038.23
2011-03-01 13:00:00,1,10970.91,11067.36
2011-03-01 13:30:00,1,11104.67,11153.9
2011-03-01 14:00:00,1,11207.8,11260.49
2011-03-01 14:30:00,1,11231.19,11351.99
2011-03-01 15:00:00,1,11313.99,11391.57
2011-03-01 15:30:00,1,11124.74,11474.9
2011-03-01 16:00:00,1,11001.49,11526.27
2011-03-01 16:30:00,1,10817.2,11539.39
2011-03-01 17:00:00,1,10592.86,10730.87
2011-03-01 17:30:00,1,10164.56,10507.96
2011-03-01 18:00:00,1,10010.76,10192.61
2011-03-01 18:30:00,1,9697.67,9781.43
2011-03-01 19:00:00,1,9756.07,9607.23
2011-03-01 19:30:00,1,9764.43,9763.18
2011-03-01 20:00:00,1,9576.18,9756.91
2011-03-01 20:30:00,1,9267.08,9410.68
2011-03-01 21:00:00,1,8917.3,8990.26
2011-03-01 21:30:00,1,8857.08,8962.82
2011-03-01 22:00:00,1,8514.65,8699.91
2011-03-01 22:30:00,1,8472.33,8420.14
2011-03-01 23:00:00,1,8265.23,8210.15
2011-03-01 23:30:00,1,8047.57,8014.1
2011-03-03 00:00:00,1,7705.23,7720.63
2011-03-03 00:30:00,1,7536.01,7487.64
2011-03-03 01:00:00,1,7250.76,7310.12
2011-03-03 01:30:00,1,6962.58,7038.33
2011-03-03 02:00:00,1,6673.83,6808.78
2011-03-03 02:30:00,1,6530.0,6638.48
2011-03-03 03:00:00,1,6431.5,6554.96
2011-03-03 03:30:00,1,6454.83,6460.12
2011-03-03 04:00:00,1,6539.69,6559.84
2011-03-03 04:30:00,1,6766.0,6810.15
2011-03-03 05:00:00,1,7077.16,7091.37
2011-03-03 05:30:00,1,7717.55,7680.08
2011-03-03 06:00:00,1,8277.3,8283.45
2011-03-03 06:30:00,1,8673.9,8844.9
2011-03-03 07:00:00,1,9036.99,9172.43
2011-03-03 07:30:00,1,9171.29,9208.49
2011-03-03 08:00:00,1,9271.5,9379.55
2011-03-03 08:30:00,1,9498.32,9570.81
2011-03-03 09:00:00,1,9568.24,9728.0
2011-03-03 09:30:00,1,9638.23,9785.05
2011-03-03 10:00:00,1,9668.27,9882.09
2011-03-03 10:30:00,1,9667.01,9836.63
2011-03-03 11:00:00,1,9741.7,9941.53
2011-03-03 11:30:00,1,9776.03,9812.44
2011-03-03 12:00:00,1,9803.86,9859.87
2011-03-03 12:30:00,1,9839.58,9961.02
2011-03-03 13:00:00,1,9923.0,10011.54
2011-03-03 13:30:00,1,9958.45,9977.59
2011-03-03 14:00:00,1,10009.3,10058.48
2011-03-03 14:30:00,1,9988.4,10114.56
2011-03-03 15:00:00,1,10064.23,10177.43
2011-03-03 15:30:00,1,10127.41,10220.74
2011-03-03 16:00:00,1,10111.05,10189.66
2011-03-03 16:30:00,1,10021.77,10132.09
2011-03-03 17:00:00,1,9952.68,10040.12
2011-03-03 17:30:00,1,9702.57,9788.17
2011-03-03 18:00:00,1,9555.97,9710.2
2011-03-03 18:30:00,1,9386.64,9669.86
2011-03-03 19:00:00,1,9438.27,9634.84
2011-03-03 19:30:00,1,9515.66,9546.36
2011-03-03 20:00:00,1,9325.69,9276.25
2011-03-03 20:30:00,1,9001.31,9050.5
2011-03-03 21:00:00,1,8675.44,8730.8
2011-03-03 21:30:00,1,8571.9,8694.75
2011-03-03 22:00:00,1,8342.38,8470.0
2011-03-03 22:30:00,1,8308.17,8354.21
2011-03-03 23:00:00,1,8118.84,8229.93
2011-03-03 23:30:00,1,7939.95,8058.72
2011-03-09 00:00:00,1,7827.12,7790.14
2011-03-09 00:30:00,1,7680.69,7649.49
2011-03-09 01:00:00,1,7421.71,7405.54
2011-03-09 01:30:00,1,7121.63,7135.75
2011-03-09 02:00:00,1,6844.57,6900.83
2011-03-09 02:30:00,1,6650.32,6677.38
2011-03-09 03:00:00,1,6585.29,6581.66
2011-03-09 03:30:00,1,6554.77,6584.15
2011-03-09 04:00:00,1,6653.76,6666.7
2011-03-09 04:30:00,1,6871.62,6854.7
2011-03-09 05:00:00,1,7171.8,7228.14
2011-03-09 05:30:00,1,7816.9,7784.34
2011-03-09 06:00:00,1,8441.31,8292.63
2011-03-09 06:30:00,1,8862.2,8696.26
2011-03-09 07:00:00,1,9260.42,9219.15
2011-03-09 07:30:00,1,9365.22,9431.3
2011-03-09 08:00:00,1,9434.57,9527.73
2011-03-09 08:30:00,1,9593.82,9732.87
2011-03-09 09:00:00,1,9656.97,9797.22
2011-03-09 09:30:00,1,9845.67,9992.71
2011-03-09 10:00:00,1,9874.33,10078.5
2011-03-09 10:30:00,1,9859.3,10017.65
2011-03-09 11:00:00,1,9940.81,10066.04
2011-03-09 11:30:00,1,9968.84,10118.09
2011-03-09 12:00:00,1,10004.7,10039.3
2011-03-09 12:30:00,1,10034.22,10074.27
2011-03-09 13:00:00,1,9968.04,10154.07
2011-03-09 13:30:00,1,10098.44,10149.39
2011-03-09 14:00:00,1,10134.16,10156.42
2011-03-09 14:30:00,1,10123.53,10126.7
2011-03-09 15:00:00,1,10195.04,10145.28
2011-03-09 15:30:00,1,10247.13,10283.89
2011-03-09 16:00:00,1,10295.09,10306.24
2011-03-09 16:30:00,1,10233.25,10225.07
2011-03-09 17:00:00,1,10103.71,10058.6
2011-03-09 17:30:00,1,9846.17,9895.06
2011-03-09 18:00:00,1,9775.05,9720.96
2011-03-09 18:30:00,1,9687.91,9576.69
2011-03-09 19:00:00,1,9737.77,9619.86
2011-03-09 19:30:00,1,9701.55,9571.29
2011-03-09 20:00:00,1,9559.63,9340.34
2011-03-09 20:30:00,1,9255.59,9069.05
2011-03-09 21:00:00,1,8929.51,8939.23
2011-03-09 21:30:00,1,8900.98,8811.61
2011-03-09 22:00:00,1,8613.82,8558.84
2011-03-09 22:30:00,1,8564.5,8436.81
2011-03-09 23:00:00,1,8346.13,8272.68
2011-03-09 23:30:00,1,8118.55,8057.4
2011-03-13 00:00:00,1,7582.72,7556.72
2011-03-13 00:30:00,1,7398.16,7378.28
2011-03-13 01:00:00,1,7189.87,7181.94
2011-03-13 01:30:00,1,6931.45,6891.84
2011-03-13 02:00:00,1,6738.96,6666.57
2011-03-13 02:30:00,1,6544.0,6537.86
2011-03-13 03:00:00,1,6520.36,6446.21
2011-03-13 03:30:00,1,6463.81,6396.27
2011-03-13 04:00:00,1,6449.8,6393.54
2011-03-13 04:30:00,1,6524.33,6418.71
2011-03-13 05:00:00,1,6566.53,6495.55
2011-03-13 05:30:00,1,6662.01,6585.84
2011-03-13 06:00:00,1,6754.55,6747.54
2011-03-13 06:30:00,1,6923.21,6867.88
2011-03-13 07:00:00,1,7263.83,7158.86
2011-03-13 07:30:00,1,7656.44,7528.02
2011-03-13 08:00:00,1,8019.54,7798.95
2011-03-13 08:30:00,1,8317.72,8165.86
2011-03-13 09:00:00,1,8536.4,8520.9
2011-03-13 09:30:00,1,8781.36,8716.15
2011-03-13 10:00:00,1,8862.35,8878.4
2011-03-13 10:30:00,1,8975.44,8981.34
2011-03-13 11:00:00,1,9088.88,9090.03
2011-03-13 11:30:00,1,9169.84,9193.28
2011-03-13 12:00:00,1,9343.56,9290.42
2011-03-13 12:30:00,1,9447.76,9370.8
2011-03-13 13:00:00,1,9521.94,9428.98
2011-03-13 13:30:00,1,9637.7,9492.83
2011-03-13 14:00:00,1,9738.42,9545.08
2011-03-13 14:30:00,1,9799.14,9596.56
2011-03-13 15:00:00,1,9930.04,9847.18
2011-03-13 15:30:00,1,9906.57,9864.21
2011-03-13 16:00:00,1,9960.3,9820.31
2011-03-13 16:30:00,1,9829.64,9746.81
2011-03-13 17:00:00,1,9865.91,9661.25
2011-03-13 17:30:00,1,9744.98,9593.79
2011-03-13 18:00:00,1,9643.78,9668.95
2011-03-13 18:30:00,1,9553.17,9626.08
2011-03-13 19:00:00,1,9710.95,9729.2
2011-03-13 19:30:00,1,9637.44,9637.08
2011-03-13 20:00:00,1,9468.4,9421.42
2011-03-13 20:30:00,1,9163.46,9153.37
2011-03-13 21:00:00,1,8884.9,8848.24
2011-03-13 21:30:00,1,8662.46,8589.17
2011-03-13 22:00:00,1,8414.81,8388.65
2011-03-13 22:30:00,1,8230.44,8195.01
2011-03-13 23:00:00,1,7964.24,7927.12
2011-03-13 23:30:00,1,7703.09,7695.89
2011-03-23 00:00:00,1,8107.22,7971.5
2011-03-23 00:30:00,1,7911.6,7767.97
2011-03-23 01:00:00,1,7636.91,7539.4
2011-03-23 01:30:00,1,7278.38,7374.46
2011-03-23 02:00:00,1,7034.61,7065.77
2011-03-23 02:30:00,1,6729.5,6825.61
2011-03-23 03:00:00,1,6668.96,6693.57
2011-03-23 03:30:00,1,6686.1,6682.63
2011-03-23 04:00:00,1,6730.11,6752.89
2011-03-23 04:30:00,1,6874.64,6949.9
2011-03-23 05:00:00,1,7195.27,7246.68
2011-03-23 05:30:00,1,7875.26,7860.94
2011-03-23 06:00:00,1,8495.32,8550.61
2011-03-23 06:30:00,1,8877.94,9042.71
2011-03-23 07:00:00,1,9275.01,9455.99
2011-03-23 07:30:00,1,9425.3,9436.47
2011-03-23 08:00:00,1,9569.57,9588.86
2011-03-23 08:30:00,1,9810.88,9869.91
2011-03-23 09:00:00,1,9931.29,10060.87
2011-03-23 09:30:00,1,10075.71,10169.16
2011-03-23 10:00:00,1,10156.75,10308.56
2011-03-23 10:30:00,1,10180.6,10378.57
2011-03-23 11:00:00,1,10284.12,10429.6
2011-03-23 11:30:00,1,10291.5,10503.88
2011-03-23 12:00:00,1,10301.57,10380.06
2011-03-23 12:30:00,1,10371.52,10413.42
2011-03-23 13:00:00,1,10415.09,10479.3
2011-03-23 13:30:00,1,10432.72,10553.86
2011-03-23 14:00:00,1,10436.39,10592.32
2011-03-23 14:30:00,1,10395.09,10579.21
2011-03-23 15:00:00,1,10448.39,10409.74
2011-03-23 15:30:00,1,10472.73,10458.98
2011-03-23 16:00:00,1,10462.45,10463.11
2011-03-23 16:30:00,1,10324.6,10452.26
2011-03-23 17:00:00,1,10172.92,10358.14
2011-03-23 17:30:00,1,9887.98,9906.77
2011-03-23 18:00:00,1,9762.49,9801.88
2011-03-23 18:30:00,1,9701.45,9757.36
2011-03-23 19:00:00,1,9712.26,9787.11
2011-03-23 19:30:00,1,9489.42,9614.74
2011-03-23 20:00:00,1,9223.6,9359.05
2011-03-23 20:30:00,1,8928.13,9007.69
2011-03-23 21:00:00,1,8660.05,8745.53
2011-03-23 21:30:00,1,8607.17,8645.8
2011-03-23 22:00:00,1,8381.24,8468.67
2011-03-23 22:30:00,1,8357.85,8391.22
2011-03-23 23:00:00,1,8120.8,8196.03
2011-03-23 23:30:00,1,7887.36,8022.37
2011-09-23 00:00:00,1,8133.97,8159.61
2011-09-23 00:30:00,1,7905.34,7902.29
2011-09-23 01:00:00,1,7668.81,7706.88
2011-09-23 01:30:00,1,7518.13,7516.92
2011-09-23 02:00:00,1,7251.55,7283.93
2011-09-23 02:30:00,1,6916.77,6962.08
2011-09-23 03:00:00,1,6676.74,6669.71
2011-09-23 03:30:00,1,6496.74,6473.38
2011-09-23 04:00:00,1,6389.14,6369.17
2011-09-23 04:30:00,1,6374.61,6368.34
2011-09-23 05:00:00,1,6474.1,6469.95
2011-09-23 05:30:00,1,6763.68,6774.83
2011-09-23 06:00:00,1,7079.41,7097.25
2011-09-23 06:30:00,1,7746.95,7708.58
2011-09-23 07:00:00,1,8309.57,8273.1
2011-09-23 07:30:00,1,8513.09,8594.5
2011-09-23 08:00:00,1,8768.98,8859.54
2011-09-23 08:30:00,1,8891.63,9007.41
2011-09-23 09:00:00,1,8932.86,9129.38
2011-09-23 09:30:00,1,9059.99,9267.83
2011-09-23 10:00:00,1,9128.07,9191.35
2011-09-23 10:30:00,1,9163.87,9348.41
2011-09-23 11:00:00,1,9226.71,9431.2
2011-09-23 11:30:00,1,9174.93,9293.1
2011-09-23 12:00:00,1,9150.27,9343.71
2011-09-23 12:30:00,1,9244.41,9376.9
2011-09-23 13:00:00,1,9249.13,9386.74
2011-09-23 13:30:00,1,9179.27,9336.51
2011-09-23 14:00:00,1,9184.28,9342.59
2011-09-23 14:30:00,1,9163.47,9114.06
2011-09-23 15:00:00,1,9170.37,9088.36
2011-09-23 15:30:00,1,9098.16,9077.4
2011-09-23 16:00:00,1,9127.27,9085.29
2011-09-23 16:30:00,1,9094.87,9079.66
2011-09-23 17:00:00,1,9001.15,9102.48
2011-09-23 17:30:00,1,8882.57,9132.03
2011-09-23 18:00:00,1,8984.74,9138.87
2011-09-23 18:30:00,1,9272.15,9366.87
2011-09-23 19:00:00,1,9210.24,9376.72
2011-09-23 19:30:00,1,8986.66,9147.1
2011-09-23 20:00:00,1,8770.34,8792.02
2011-09-23 20:30:00,1,8562.29,8646.4
2011-09-23 21:00:00,1,8368.41,8469.58
2011-09-23 21:30:00,1,8198.97,8315.54
2011-09-23 22:00:00,1,8067.76,8189.79
2011-09-23 22:30:00,1,8242.1,8195.97
2011-09-23 23:00:00,1,8159.35,8190.47
2011-09-23 23:30:00,1,8152.02,8159.97
2011-10-21 00:00:00,1,7717.85,7799.2
2011-10-21 00:30:00,1,7575.39,7637.77
2011-10-21 01:00:00,1,7386.23,7426.16
2011-10-21 01:30:00,1,7093.32,7185.28
2011-10-21 02:00:00,1,6781.87,6856.89
2011-10-21 02:30:00,1,6550.82,6624.94
2011-10-21 03:00:00,1,6449.72,6502.5
2011-10-21 03:30:00,1,6411.44,6441.18
2011-10-21 04:00:00,1,6454.33,6508.93
2011-10-21 04:30:00,1,6676.54,6727.6
2011-10-21 05:00:00,1,7010.56,7152.77
2011-10-21 05:30:00,1,7552.31,7643.72
2011-10-21 06:00:00,1,8119.39,8217.21
2011-10-21 06:30:00,1,8498.11,8655.36
2011-10-21 07:00:00,1,8833.34,9041.83
2011-10-21 07:30:00,1,8943.21,8977.79
2011-10-21 08:00:00,1,9048.1,9054.2
2011-10-21 08:30:00,1,9152.64,9163.52
2011-10-21 09:00:00,1,9262.51,9216.55
2011-10-21 09:30:00,1,9343.27,9244.2
2011-10-21 10:00:00,1,9408.56,9234.41
2011-10-21 10:30:00,1,9424.2,9263.41
2011-10-21 11:00:00,1,9452.45,9619.09
2011-10-21 11:30:00,1,9453.44,9615.94
2011-10-21 12:00:00,1,9390.75,9534.54
2011-10-21 12:30:00,1,9413.26,9601.02
2011-10-21 13:00:00,1,9380.71,9640.91
2011-10-21 13:30:00,1,9401.86,9409.56
2011-10-21 14:00:00,1,9407.54,9399.59
2011-10-21 14:30:00,1,9384.39,9388.6
2011-10-21 15:00:00,1,9441.95,9456.84
2011-10-21 15:30:00,1,9483.25,9460.63
2011-10-21 16:00:00,1,9535.75,9479.3
2011-10-21 16:30:00,1,9471.56,9498.43
2011-10-21 17:00:00,1,9324.21,9538.05
2011-10-21 17:30:00,1,9038.8,9441.82
2011-10-21 18:00:00,1,8903.07,9194.54
2011-10-21 18:30:00,1,8890.84,8915.48
2011-10-21 19:00:00,1,8922.62,8934.51
2011-10-21 19:30:00,1,8770.86,8871.91
2011-10-21 20:00:00,1,8657.3,8719.29
2011-10-21 20:30:00,1,8389.74,8529.93
2011-10-21 21:00:00,1,8212.2,8283.49
2011-10-21 21:30:00,1,8179.9,8230.78
2011-10-21 22:00:00,1,8138.35,8031.1
2011-10-21 22:30:00,1,8164.45,8043.6
2011-10-21 23:00:00,1,8077.13,7989.98
2011-10-21 23:30:00,1,7908.08,7955.55
2011-10-24 00:00:00,1,7073.33,7166.51
2011-10-24 00:30:00,1,6995.9,7135.47
2011-10-24 01:00:00,1,6778.29,6981.81
2011-10-24 01:30:00,1,6574.56,6723.68
2011-10-24 02:00:00,1,6393.55,6308.95
2011-10-24 02:30:00,1,6279.58,6192.28
2011-10-24 03:00:00,1,6102.83,6164.14
2011-10-24 03:30:00,1,6158.77,6217.85
2011-10-24 04:00:00,1,6237.67,6342.65
2011-10-24 04:30:00,1,6383.65,6599.04
2011-10-24 05:00:00,1,6721.7,6907.04
2011-10-24 05:30:00,1,7240.76,7432.43
2011-10-24 06:00:00,1,7840.33,8048.58
2011-10-24 06:30:00,1,8261.22,8286.91
2011-10-24 07:00:00,1,8697.54,8767.21
2011-10-24 07:30:00,1,8893.27,8865.98
2011-10-24 08:00:00,1,9067.79,9084.82
2011-10-24 08:30:00,1,9303.05,9347.72
2011-10-24 09:00:00,1,9480.9,9577.05
2011-10-24 09:30:00,1,9601.5,9716.55
2011-10-24 10:00:00,1,9684.11,9860.22
2011-10-24 10:30:00,1,9667.62,9870.17
2011-10-24 11:00:00,1,9720.33,9948.98
2011-10-24 11:30:00,1,9751.87,9884.14
2011-10-24 12:00:00,1,9831.87,9918.21
2011-10-24 12:30:00,1,9911.14,10002.88
2011-10-24 13:00:00,1,9966.13,10045.58
2011-10-24 13:30:00,1,10028.56,10089.29
2011-10-24 14:00:00,1,10028.49,10134.46
2011-10-24 14:30:00,1,10091.26,10144.29
2011-10-24 15:00:00,1,10182.12,10150.16
2011-10-24 15:30:00,1,10297.02,10179.45
2011-10-24 16:00:00,1,10337.52,10168.31
2011-10-24 16:30:00,1,10330.33,10197.4
2011-10-24 17:00:00,1,10223.93,10054.6
2011-10-24 17:30:00,1,9944.13,9821.56
2011-10-24 18:00:00,1,9870.67,9595.95
2011-10-24 18:30:00,1,9723.86,9583.97
2011-10-24 19:00:00,1,9778.6,9663.68
2011-10-24 19:30:00,1,9568.33,9650.06
2011-10-24 20:00:00,1,9358.25,9485.94
2011-10-24 20:30:00,1,9098.92,9225.81
2011-10-24 21:00:00,1,8729.23,8925.91
2011-10-24 21:30:00,1,8583.69,8730.76
2011-10-24 22:00:00,1,8380.8,8576.95
2011-10-24 22:30:00,1,8274.65,8434.23
2011-10-24 23:00:00,1,8067.01,8184.59
2011-10-24 23:30:00,1,7830.88,7926.14
2011-11-06 00:00:00,1,7186.41,7243.84
2011-11-06 00:30:00,1,7004.65,7138.43
2011-11-06 01:00:00,1,6833.76,6965.91
2011-11-06 01:30:00,1,6603.42,6691.64
2011-11-06 02:00:00,1,6335.93,6459.56
2011-11-06 02:30:00,1,6207.19,6287.04
2011-11-06 03:00:00,1,6082.24,6151.37
2011-11-06 03:30:00,1,6084.6,6082.95
2011-11-06 04:00:00,1,6032.53,6116.45
2011-11-06 04:30:00,1,6121.12,6139.31
2011-11-06 05:00:00,1,6151.3,6222.37
2011-11-06 05:30:00,1,6214.29,6302.65
2011-11-06 06:00:00,1,6357.78,6438.76
2011-11-06 06:30:00,1,6672.53,6686.06
2011-11-06 07:00:00,1,7004.27,6980.2
2011-11-06 07:30:00,1,7291.77,7353.93
2011-11-06 08:00:00,1,7604.31,7721.98
2011-11-06 08:30:00,1,7851.69,8035.98
2011-11-06 09:00:00,1,8059.93,8123.14
2011-11-06 09:30:00,1,8215.36,8216.2
2011-11-06 10:00:00,1,8283.82,8301.33
2011-11-06 10:30:00,1,8349.78,8346.93
2011-11-06 11:00:00,1,8444.71,8403.95
2011-11-06 11:30:00,1,8421.03,8423.04
2011-11-06 12:00:00,1,8514.42,8469.45
2011-11-06 12:30:00,1,8465.62,8485.97
2011-11-06 13:00:00,1,8468.89,8520.1
2011-11-06 13:30:00,1,8537.81,8538.35
2011-11-06 14:00:00,1,8504.48,8597.81
2011-11-06 14:30:00,1,8480.36,8635.32
2011-11-06 15:00:00,1,8511.15,8651.41
2011-11-06 15:30:00,1,8475.84,8773.53
2011-11-06 16:00:00,1,8533.94,8644.65
2011-11-06 16:30:00,1,8485.02,8617.69
2011-11-06 17:00:00,1,8609.03,8745.83
2011-11-06 17:30:00,1,8700.94,8850.98
2011-11-06 18:00:00,1,8659.57,8764.98
2011-11-06 18:30:00,1,8664.27,8738.9
2011-11-06 19:00:00,1,8734.81,8719.25
2011-11-06 19:30:00,1,8761.23,8744.33
2011-11-06 20:00:00,1,8612.29,8730.93
2011-11-06 20:30:00,1,8352.71,8536.69
2011-11-06 21:00:00,1,8025.95,8116.23
2011-11-06 21:30:00,1,7920.17,7907.71
2011-11-06 22:00:00,1,7688.9,7784.11
2011-11-06 22:30:00,1,7624.87,7744.66
2011-11-06 23:00:00,1,7454.94,7613.98
2011-11-06 23:30:00,1,7228.48,7482.76
2011-11-08 00:00:00,1,7714.3,7825.05
2011-11-08 00:30:00,1,7493.62,7723.29
2011-11-08 01:00:00,1,7299.19,7473.05
2011-11-08 01:30:00,1,6987.32,7101.6
2011-11-08 02:00:00,1,6798.49,6834.73
2011-11-08 02:30:00,1,6615.17,6649.92
2011-11-08 03:00:00,1,6563.4,6569.14
2011-11-08 03:30:00,1,6527.18,6526.19
2011-11-08 04:00:00,1,6604.19,6590.98
2011-11-08 04:30:00,1,6836.62,6744.83
2011-11-08 05:00:00,1,7073.47,6972.64
2011-11-08 05:30:00,1,7624.05,7420.47
2011-11-08 06:00:00,1,8154.83,7982.67
2011-11-08 06:30:00,1,8623.99,8583.2
2011-11-08 07:00:00,1,9001.95,9041.59
2011-11-08 07:30:00,1,9209.37,9258.54
2011-11-08 08:00:00,1,9338.55,9485.47
2011-11-08 08:30:00,1,9612.64,9710.53
2011-11-08 09:00:00,1,9700.99,9892.19
2011-11-08 09:30:00,1,9905.34,9972.48
2011-11-08 10:00:00,1,10041.54,9977.53
2011-11-08 10:30:00,1,10125.89,10059.88
2011-11-08 11:00:00,1,10254.63,10151.05
2011-11-08 11:30:00,1,10295.54,10231.18
2011-11-08 12:00:00,1,10377.11,10367.01
2011-11-08 12:30:00,1,10522.27,10430.23
2011-11-08 13:00:00,1,10660.33,10489.81
2011-11-08 13:30:00,1,10722.57,10696.87
2011-11-08 14:00:00,1,10831.63,10741.14
2011-11-08 14:30:00,1,10813.61,10846.34
2011-11-08 15:00:00,1,10972.9,10861.92
2011-11-08 15:30:00,1,11038.81,11057.94
2011-11-08 16:00:00,1,10974.0,11055.99
2011-11-08 16:30:00,1,10679.91,10923.67
2011-11-08 17:00:00,1,10479.34,10668.65
2011-11-08 17:30:00,1,10056.24,10219.77
2011-11-08 18:00:00,1,9948.69,9876.39
2011-11-08 18:30:00,1,9803.85,9693.33
2011-11-08 19:00:00,1,9802.02,9667.09
2011-11-08 19:30:00,1,9653.99,9751.4
2011-11-08 20:00:00,1,9402.04,9561.2
2011-11-08 20:30:00,1,9152.23,9105.41
2011-11-08 21:00:00,1,8776.9,8830.95
2011-11-08 21:30:00,1,8726.75,8717.63
2011-11-08 22:00:00,1,8452.42,8609.22
2011-11-08 22:30:00,1,8376.72,8466.19
2011-11-08 23:00:00,1,8203.88,8263.41
2011-11-08 23:30:00,1,7945.02,8004.11
2011-11-09 00:00:00,1,7736.47,7855.97
2011-11-09 00:30:00,1,7594.52,7609.12
2011-11-09 01:00:00,1,7397.72,7346.76
2011-11-09 01:30:00,1,7109.07,7124.12
2011-11-09 02:00:00,1,6837.3,6903.81
2011-11-09 02:30:00,1,6600.23,6721.98
2011-11-09 03:00:00,1,6515.31,6652.67
2011-11-09 03:30:00,1,6522.58,6608.86
2011-11-09 04:00:00,1,6612.45,6702.38
2011-11-09 04:30:00,1,6865.09,6910.86
2011-11-09 05:00:00,1,7135.43,7115.33
2011-11-09 05:30:00,1,7682.65,7666.1
2011-11-09 06:00:00,1,8249.98,8242.96
2011-11-09 06:30:00,1,8688.05,8639.49
2011-11-09 07:00:00,1,9128.34,9093.34
2011-11-09 07:30:00,1,9384.1,9296.66
2011-11-09 08:00:00,1,9571.89,9492.35
2011-11-09 08:30:00,1,9886.79,9755.85
2011-11-09 09:00:00,1,10039.71,9914.9
2011-11-09 09:30:00,1,10148.34,10086.92
2011-11-09 10:00:00,1,10077.76,10216.59
2011-11-09 10:30:00,1,10142.85,10307.23
2011-11-09 11:00:00,1,10303.0,10463.41
2011-11-09 11:30:00,1,10435.58,10521.34
2011-11-09 12:00:00,1,10434.27,10423.41
2011-11-09 12:30:00,1,10678.11,10615.07
2011-11-09 13:00:00,1,10877.78,10820.94
2011-11-09 13:30:00,1,11024.34,10900.69
2011-11-09 14:00:00,1,11073.56,10949.98
2011-11-09 14:30:00,1,11118.25,10971.22
2011-11-09 15:00:00,1,11388.8,11013.01
2011-11-09 15:30:00,1,11492.71,11161.3
2011-11-09 16:00:00,1,11464.87,11368.36
2011-11-09 16:30:00,1,11446.4,11130.3
2011-11-09 17:00:00,1,11261.61,10882.43
2011-11-09 17:30:00,1,10912.6,10890.46
2011-11-09 18:00:00,1,10790.75,10641.39
2011-11-09 18:30:00,1,10557.32,10388.12
2011-11-09 19:00:00,1,10533.7,10167.51
2011-11-09 19:30:00,1,10421.61,10076.2
2011-11-09 20:00:00,1,10133.92,10173.09
2011-11-09 20:30:00,1,9845.9,9815.94
2011-11-09 21:00:00,1,9423.56,9439.3
2011-11-09 21:30:00,1,9185.72,9303.71
2011-11-09 22:00:00,1,8854.78,9028.58
2011-11-09 22:30:00,1,8588.79,8839.39
2011-11-09 23:00:00,1,8330.53,8427.89
2011-11-09 23:30:00,1,8053.86,8235.33
2011-11-14 00:00:00,1,7159.78,7155.49
2011-11-14 00:30:00,1,7076.21,6954.96
2011-11-14 01:00:00,1,6907.02,6773.86
2011-11-14 01:30:00,1,6687.12,6735.58
2011-11-14 02:00:00,1,6462.57,6451.36
2011-11-14 02:30:00,1,6344.36,6387.85
2011-11-14 03:00:00,1,6312.13,6352.06
2011-11-14 03:30:00,1,6325.45,6394.03
2011-11-14 04:00:00,1,6415.89,6500.61
2011-11-14 04:30:00,1,6656.54,6746.57
2011-11-14 05:00:00,1,6900.42,7078.25
2011-11-14 05:30:00,1,7480.31,7407.37
2011-11-14 06:00:00,1,8070.06,7996.65
2011-11-14 06:30:00,1,8501.53,8654.97
2011-11-14 07:00:00,1,8971.21,9076.96
2011-11-14 07:30:00,1,9248.57,9258.45
2011-11-14 08:00:00,1,9472.57,9490.27
2011-11-14 08:30:00,1,9697.19,9790.09
2011-11-14 09:00:00,1,9885.47,9988.31
2011-11-14 09:30:00,1,9955.16,10138.95
2011-11-14 10:00:00,1,10031.89,10107.61
2011-11-14 10:30:00,1,10174.01,10362.35
2011-11-14 11:00:00,1,10436.77,10418.25
2011-11-14 11:30:00,1,10625.59,10426.49
2011-11-14 12:00:00,1,10750.95,10738.53
2011-11-14 12:30:00,1,10846.4,10890.21
2011-11-14 13:00:00,1,11022.47,10979.04
2011-11-14 13:30:00,1,11171.74,11112.78
2011-11-14 14:00:00,1,11265.43,11222.73
2011-11-14 14:30:00,1,11299.79,11478.43
2011-11-14 15:00:00,1,11443.92,11651.03
2011-11-14 15:30:00,1,11580.61,11642.76
2011-11-14 16:00:00,1,11716.76,11731.98
2011-11-14 16:30:00,1,11702.67,11664.68
2011-11-14 17:00:00,1,11690.24,11536.11
2011-11-14 17:30:00,1,11405.49,11262.08
2011-11-14 18:00:00,1,11262.2,11139.67
2011-11-14 18:30:00,1,11009.49,10896.99
2011-11-14 19:00:00,1,10908.37,10854.64
2011-11-14 19:30:00,1,10811.05,10755.01
2011-11-14 20:00:00,1,10609.43,10569.17
2011-11-14 20:30:00,1,10235.36,10268.38
2011-11-14 21:00:00,1,9679.72,9931.59
2011-11-14 21:30:00,1,9292.65,9771.59
2011-11-14 22:00:00,1,8781.65,9190.74
2011-11-14 22:30:00,1,8507.38,8779.39
2011-11-14 23:00:00,1,8211.91,8422.85
2011-11-14 23:30:00,1,7977.06,8255.46
2011-11-19 00:00:00,1,7795.51,7845.1
2011-11-19 00:30:00,1,7613.61,7625.22
2011-11-19 01:00:00,1,7262.14,7284.33
2011-11-19 01:30:00,1,7045.73,7069.82
2011-11-19 02:00:00,1,6710.94,6697.0
2011-11-19 02:30:00,1,6513.9,6552.87
2011-11-19 03:00:00,1,6389.0,6408.98
2011-11-19 03:30:00,1,6382.79,6369.96
2011-11-19 04:00:00,1,6327.06,6384.64
2011-11-19 04:30:00,1,6441.21,6439.68
2011-11-19 05:00:00,1,6498.06,6443.63
2011-11-19 05:30:00,1,6709.29,6630.25
2011-11-19 06:00:00,1,6893.19,6859.21
2011-11-19 06:30:00,1,7255.26,7182.42
2011-11-19 07:00:00,1,7653.14,7470.67
2011-11-19 07:30:00,1,8047.37,8187.82
2011-11-19 08:00:00,1,8364.74,8450.26
2011-11-19 08:30:00,1,8605.78,8735.75
2011-11-19 09:00:00,1,8675.74,8868.21
2011-11-19 09:30:00,1,8858.34,8761.12
2011-11-19 10:00:00,1,8872.9,8815.8
2011-11-19 10:30:00,1,8938.74,8897.42
2011-11-19 11:00:00,1,9054.39,8973.85
2011-11-19 11:30:00,1,9075.78,9095.92
2011-11-19 12:00:00,1,9136.87,9171.35
2011-11-19 12:30:00,1,9269.8,9191.74
2011-11-19 13:00:00,1,9348.22,9274.48
2011-11-19 13:30:00,1,9453.14,9405.5
2011-11-19 14:00:00,1,9574.89,9480.88
2011-11-19 14:30:00,1,9605.92,9608.97
2011-11-19 15:00:00,1,9712.69,9821.45
2011-11-19 15:30:00,1,9751.44,9877.35
2011-11-19 16:00:00,1,9873.39,9899.81
2011-11-19 16:30:00,1,9754.66,9742.46
2011-11-19 17:00:00,1,9744.48,9807.08
2011-11-19 17:30:00,1,9676.3,9662.26
2011-11-19 18:00:00,1,9533.38,9566.53
2011-11-19 18:30:00,1,9350.74,9386.03
2011-11-19 19:00:00,1,9293.33,9370.64
2011-11-19 19:30:00,1,9337.81,9412.59
2011-11-19 20:00:00,1,9218.01,9225.28
2011-11-19 20:30:00,1,9043.49,9055.86
2011-11-19 21:00:00,1,8772.98,8842.34
2011-11-19 21:30:00,1,8764.15,8773.79
2011-11-19 22:00:00,1,8525.76,8537.19
2011-11-19 22:30:00,1,8424.38,8469.76
2011-11-19 23:00:00,1,8131.42,8144.12
2011-11-19 23:30:00,1,7817.94,7890.65
2011-11-20 00:00:00,1,7658.13,7682.02
2011-11-20 00:30:00,1,7365.88,7433.65
2011-11-20 01:00:00,1,7139.67,7162.77
2011-11-20 01:30:00,1,6862.8,6898.13
2011-11-20 02:00:00,1,6595.08,6643.11
2011-11-20 02:30:00,1,6468.4,6473.81
2011-11-20 03:00:00,1,6389.01,6381.03
2011-11-20 03:30:00,1,6364.89,6377.87
2011-11-20 04:00:00,1,6374.18,6322.63
2011-11-20 04:30:00,1,6352.63,6380.1
2011-11-20 05:00:00,1,6364.06,6460.62
2011-11-20 05:30:00,1,6447.91,6404.13
2011-11-20 06:00:00,1,6609.12,6493.88
2011-11-20 06:30:00,1,6850.83,6777.84
2011-11-20 07:00:00,1,7215.96,7088.53
2011-11-20 07:30:00,1,7539.93,7608.63
2011-11-20 08:00:00,1,7934.4,8022.72
2011-11-20 08:30:00,1,8125.46,8150.58
2011-11-20 09:00:00,1,8282.43,8508.05
2011-11-20 09:30:00,1,8528.24,8539.79
2011-11-20 10:00:00,1,8689.48,8550.36
2011-11-20 10:30:00,1,8787.09,8737.35
2011-11-20 11:00:00,1,8987.17,8780.82
2011-11-20 11:30:00,1,9107.8,9019.77
2011-11-20 12:00:00,1,9147.49,9253.52
2011-11-20 12:30:00,1,9139.0,9221.12
2011-11-20 13:00:00,1,9282.73,9195.15
2011-11-20 13:30:00,1,9280.78,9196.36
2011-11-20 14:00:00,1,9272.51,9288.32
2011-11-20 14:30:00,1,9176.22,9345.41
2011-11-20 15:00:00,1,9182.78,9319.8
2011-11-20 15:30:00,1,9023.21,9154.78
2011-11-20 16:00:00,1,9004.57,9092.85
2011-11-20 16:30:00,1,8826.17,8838.39
2011-11-20 17:00:00,1,8839.0,8860.32
2011-11-20 17:30:00,1,8881.06,8835.26
2011-11-20 18:00:00,1,8749.42,8745.26
2011-11-20 18:30:00,1,8716.97,8661.47
2011-11-20 19:00:00,1,8766.06,8696.09
2011-11-20 19:30:00,1,8724.4,8795.21
2011-11-20 20:00:00,1,8557.33,8659.33
2011-11-20 20:30:00,1,8298.56,8431.87
2011-11-20 21:00:00,1,8056.81,8069.97
2011-11-20 21:30:00,1,7945.11,7961.15
2011-11-20 22:00:00,1,7685.27,7783.46
2011-11-20 22:30:00,1,7589.14,7612.4
2011-11-20 23:00:00,1,7361.52,7370.99
2011-11-20 23:30:00,1,7178.07,7167.99
2011-11-30 00:00:00,1,7805.01,7690.0
2011-11-30 00:30:00,1,7569.4,7557.13
2011-11-30 01:00:00,1,7363.93,7179.61
2011-11-30 01:30:00,1,7115.72,7153.32
2011-11-30 02:00:00,1,6844.78,6858.41
2011-11-30 02:30:00,1,6655.8,6669.71
2011-11-30 03:00:00,1,6573.72,6570.65
2011-11-30 03:30:00,1,6554.05,6532.78
2011-11-30 04:00:00,1,6629.77,6589.61
2011-11-30 04:30:00,1,6820.7,6829.44
2011-11-30 05:00:00,1,7095.3,7080.5
2011-11-30 05:30:00,1,7665.73,7599.19
2011-11-30 06:00:00,1,8223.08,8146.2
2011-11-30 06:30:00,1,8674.73,8717.96
2011-11-30 07:00:00,1,9121.73,9235.44
2011-11-30 07:30:00,1,9363.64,9341.41
2011-11-30 08:00:00,1,9436.44,9560.32
2011-11-30 08:30:00,1,9687.57,9758.84
2011-11-30 09:00:00,1,9882.18,9838.15
2011-11-30 09:30:00,1,10014.39,9977.77
2011-11-30 10:00:00,1,10130.14,10071.04
2011-11-30 10:30:00,1,10248.04,10209.11
2011-11-30 11:00:00,1,10343.59,10332.97
2011-11-30 11:30:00,1,10300.66,10391.81
2011-11-30 12:00:00,1,10228.1,10418.84
2011-11-30 12:30:00,1,10225.69,10306.02
2011-11-30 13:00:00,1,10227.53,10243.67
2011-11-30 13:30:00,1,10257.57,10179.52
2011-11-30 14:00:00,1,10225.88,10165.2
2011-11-30 14:30:00,1,10193.56,10148.69
2011-11-30 15:00:00,1,10318.37,10141.37
2011-11-30 15:30:00,1,10371.48,10227.5
2011-11-30 16:00:00,1,10364.08,10422.63
2011-11-30 16:30:00,1,10283.41,10362.43
2011-11-30 17:00:00,1,10212.21,10138.92
2011-11-30 17:30:00,1,9768.99,9903.36
2011-11-30 18:00:00,1,9588.86,9737.13
2011-11-30 18:30:00,1,9429.61,9323.48
2011-11-30 19:00:00,1,9345.95,9264.2
2011-11-30 19:30:00,1,9373.65,9459.43
2011-11-30 20:00:00,1,9261.7,9308.15
2011-11-30 20:30:00,1,9059.77,9015.1
2011-11-30 21:00:00,1,8752.27,8738.4
2011-11-30 21:30:00,1,8675.34,8703.41
2011-11-30 22:00:00,1,8386.37,8476.44
2011-11-30 22:30:00,1,8232.13,8320.23
2011-11-30 23:00:00,1,8034.86,8056.24
2011-11-30 23:30:00,1,7814.19,7810.85
2012-01-04 00:00:00,1,7743.52,7867.86
2012-01-04 00:30:00,1,7531.87,7661.75
2012-01-04 01:00:00,1,7299.43,7740.3
2012-01-04 01:30:00,1,7000.83,6965.77
2012-01-04 02:00:00,1,6757.41,6742.55
2012-01-04 02:30:00,1,6600.66,6611.99
2012-01-04 03:00:00,1,6488.94,6561.51
2012-01-04 03:30:00,1,6462.67,6542.84
2012-01-04 04:00:00,1,6507.49,6508.61
2012-01-04 04:30:00,1,6632.4,6637.3
2012-01-04 05:00:00,1,6742.4,6806.07
2012-01-04 05:30:00,1,7076.66,7104.43
2012-01-04 06:00:00,1,7429.07,7371.58
2012-01-04 06:30:00,1,7875.22,7847.58
2012-01-04 07:00:00,1,8367.72,8326.92
2012-01-04 07:30:00,1,8781.8,8730.25
2012-01-04 08:00:00,1,9163.91,9210.7
2012-01-04 08:30:00,1,9504.18,9470.01
2012-01-04 09:00:00,1,9674.13,9704.39
2012-01-04 09:30:00,1,9867.67,9926.72
2012-01-04 10:00:00,1,10064.51,10003.33
2012-01-04 10:30:00,1,10240.65,10196.91
2012-01-04 11:00:00,1,10473.48,10440.22
2012-01-04 11:30:00,1,10637.55,10610.59
2012-01-04 12:00:00,1,10792.23,10806.33
2012-01-04 12:30:00,1,10965.21,10972.49
2012-01-04 13:00:00,1,11044.68,11110.36
2012-01-04 13:30:00,1,11125.3,11224.4
2012-01-04 14:00:00,1,11220.06,11315.23
2012-01-04 14:30:00,1,11204.05,11317.94
2012-01-04 15:00:00,1,11180.89,11357.18
2012-01-04 15:30:00,1,11144.67,11284.0
2012-01-04 16:00:00,1,11215.58,11159.0
2012-01-04 16:30:00,1,11049.41,11021.69
2012-01-04 17:00:00,1,10722.67,10956.49
2012-01-04 17:30:00,1,10355.52,10495.52
2012-01-04 18:00:00,1,10048.89,10103.15
2012-01-04 18:30:00,1,9650.32,9814.9
2012-01-04 19:00:00,1,9365.7,9430.4
2012-01-04 19:30:00,1,9230.62,9256.86
2012-01-04 20:00:00,1,9241.0,9173.14
2012-01-04 20:30:00,1,9018.57,9004.34
2012-01-04 21:00:00,1,8747.35,8753.83
2012-01-04 21:30:00,1,8703.39,8663.79
2012-01-04 22:00:00,1,8466.48,8506.42
2012-01-04 22:30:00,1,8341.55,8344.37
2012-01-04 23:00:00,1,8136.25,8087.98
2012-01-04 23:30:00,1,7819.63,7871.16
2012-01-30 00:00:00,1,7457.94,7592.72
2012-01-30 00:30:00,1,7327.28,7387.35
2012-01-30 01:00:00,1,7161.37,6924.3
2012-01-30 01:30:00,1,6921.26,6913.64
2012-01-30 02:00:00,1,6702.36,6741.87
2012-01-30 02:30:00,1,6605.12,6690.55
2012-01-30 03:00:00,1,6537.37,6634.93
2012-01-30 03:30:00,1,6520.95,6678.64
2012-01-30 04:00:00,1,6569.15,6662.98
2012-01-30 04:30:00,1,6871.69,6758.96
2012-01-30 05:00:00,1,7145.16,7012.12
2012-01-30 05:30:00,1,7696.02,7672.02
2012-01-30 06:00:00,1,8194.95,8179.5
2012-01-30 06:30:00,1,8709.17,8763.1
2012-01-30 07:00:00,1,9186.91,9236.33
2012-01-30 07:30:00,1,9554.98,9585.58
2012-01-30 08:00:00,1,9821.62,9798.5
2012-01-30 08:30:00,1,10082.53,10081.4
2012-01-30 09:00:00,1,10267.64,10278.08
2012-01-30 09:30:00,1,10433.66,10397.82
2012-01-30 10:00:00,1,10549.91,10540.41
2012-01-30 10:30:00,1,10614.4,10721.96
2012-01-30 11:00:00,1,10680.61,10817.64
2012-01-30 11:30:00,1,10732.57,10776.85
2012-01-30 12:00:00,1,10827.95,10760.49
2012-01-30 12:30:00,1,10958.66,10939.01
2012-01-30 13:00:00,1,11121.37,11139.38
2012-01-30 13:30:00,1,11289.38,11246.93
2012-01-30 14:00:00,1,11320.19,11371.66
2012-01-30 14:30:00,1,11413.55,11541.42
2012-01-30 15:00:00,1,11503.58,11485.5
2012-01-30 15:30:00,1,11668.33,11587.07
2012-01-30 16:00:00,1,11848.82,11717.1
2012-01-30 16:30:00,1,11885.53,11798.16
2012-01-30 17:00:00,1,11728.21,11769.49
2012-01-30 17:30:00,1,11356.83,11647.72
2012-01-30 18:00:00,1,11197.45,11242.74
2012-01-30 18:30:00,1,10906.15,10824.11
2012-01-30 19:00:00,1,10736.13,10774.63
2012-01-30 19:30:00,1,10736.89,10617.04
2012-01-30 20:00:00,1,10737.75,10625.63
2012-01-30 20:30:00,1,10401.82,10436.28
2012-01-30 21:00:00,1,10054.22,10092.22
2012-01-30 21:30:00,1,9880.25,9900.46
2012-01-30 22:00:00,1,9348.42,9569.65
2012-01-30 22:30:00,1,9097.99,9189.06
2012-01-30 23:00:00,1,8789.83,8734.0
2012-01-30 23:30:00,1,8496.77,8471.37
2012-02-28 00:00:00,1,7975.8,8043.45
2012-02-28 00:30:00,1,7757.14,7844.37
2012-02-28 01:00:00,1,7448.74,7748.07
2012-02-28 01:30:00,1,7156.97,7256.16
2012-02-28 02:00:00,1,6918.03,6930.74
2012-02-28 02:30:00,1,6776.02,6762.96
2012-02-28 03:00:00,1,6687.35,6706.66
2012-02-28 03:30:00,1,6691.18,6723.57
2012-02-28 04:00:00,1,6806.1,6772.89
2012-02-28 04:30:00,1,6971.99,6959.87
2012-02-28 05:00:00,1,7311.31,7287.94
2012-02-28 05:30:00,1,7929.93,7841.5
2012-02-28 06:00:00,1,8486.47,8452.51
2012-02-28 06:30:00,1,9007.11,9038.87
2012-02-28 07:00:00,1,9458.81,9514.62
2012-02-28 07:30:00,1,9685.43,9769.6
2012-02-28 08:00:00,1,9890.27,9953.51
2012-02-28 08:30:00,1,10118.65,10155.61
2012-02-28 09:00:00,1,10398.08,10353.64
2012-02-28 09:30:00,1,10629.41,10500.55
2012-02-28 10:00:00,1,10721.3,10789.13
2012-02-28 10:30:00,1,10767.58,10906.19
2012-02-28 11:00:00,1,10906.57,10953.35
2012-02-28 11:30:00,1,10986.96,10987.55
2012-02-28 12:00:00,1,11064.4,11072.4
2012-02-28 12:30:00,1,11168.01,11155.52
2012-02-28 13:00:00,1,11284.31,11283.87
2012-02-28 13:30:00,1,11283.22,11350.25
2012-02-28 14:00:00,1,11302.35,11360.17
2012-02-28 14:30:00,1,11313.81,11223.02
2012-02-28 15:00:00,1,11392.34,11272.84
2012-02-28 15:30:00,1,11486.81,11353.89
2012-02-28 16:00:00,1,11520.04,11461.48
2012-02-28 16:30:00,1,11403.44,11493.24
2012-02-28 17:00:00,1,11283.26,11295.76
2012-02-28 17:30:00,1,10982.88,11001.3
2012-02-28 18:00:00,1,10778.66,10855.34
2012-02-28 18:30:00,1,10521.61,10522.05
2012-02-28 19:00:00,1,10542.75,10483.52
2012-02-28 19:30:00,1,10488.77,10300.97
2012-02-28 20:00:00,1,10204.15,10307.07
2012-02-28 20:30:00,1,9823.25,9968.29
2012-02-28 21:00:00,1,9427.88,9498.36
2012-02-28 21:30:00,1,9256.07,9289.12
2012-02-28 22:00:00,1,8879.24,8951.79
2012-02-28 22:30:00,1,8701.52,8700.76
2012-02-28 23:00:00,1,8434.78,8354.12
2012-02-28 23:30:00,1,8118.28,8115.15
2012-09-28 00:00:00,1,7463.55,7393.36
2012-09-28 00:30:00,1,7306.68,7236.97
2012-09-28 01:00:00,1,7090.19,7051.96
2012-09-28 01:30:00,1,6883.16,6911.1
2012-09-28 02:00:00,1,6617.24,6674.52
2012-09-28 02:30:00,1,6326.5,6378.66
2012-09-28 03:00:00,1,6086.45,6154.71
2012-09-28 03:30:00,1,5918.44,6009.8
2012-09-28 04:00:00,1,5844.75,5881.16
2012-09-28 04:30:00,1,5816.39,5826.45
2012-09-28 05:00:00,1,5897.68,5894.31
2012-09-28 05:30:00,1,6105.26,6078.65
2012-09-28 06:00:00,1,6359.08,6304.69
2012-09-28 06:30:00,1,6829.56,6781.13
2012-09-28 07:00:00,1,7197.51,7236.19
2012-09-28 07:30:00,1,7351.5,7505.62
2012-09-28 08:00:00,1,7673.44,7715.78
2012-09-28 08:30:00,1,7982.75,7944.95
2012-09-28 09:00:00,1,8171.46,8212.98
2012-09-28 09:30:00,1,8450.05,8384.25
2012-09-28 10:00:00,1,8547.82,8515.42
2012-09-28 10:30:00,1,8594.64,8639.74
2012-09-28 11:00:00,1,8601.19,8670.0
2012-09-28 11:30:00,1,8593.14,8699.95
2012-09-28 12:00:00,1,8581.85,8676.84
2012-09-28 12:30:00,1,8611.19,8674.41
2012-09-28 13:00:00,1,8646.96,8608.95
2012-09-28 13:30:00,1,8603.16,8628.59
2012-09-28 14:00:00,1,8630.77,8649.89
2012-09-28 14:30:00,1,8694.84,8596.24
2012-09-28 15:00:00,1,8713.89,8643.28
2012-09-28 15:30:00,1,8678.52,8789.19
2012-09-28 16:00:00,1,8703.61,8735.85
2012-09-28 16:30:00,1,8636.04,8596.25
2012-09-28 17:00:00,1,8658.37,8539.43
2012-09-28 17:30:00,1,8687.44,8415.71
2012-09-28 18:00:00,1,8772.34,8673.99
2012-09-28 18:30:00,1,8862.64,9108.98
2012-09-28 19:00:00,1,8736.9,9004.83
2012-09-28 19:30:00,1,8443.3,8554.73
2012-09-28 20:00:00,1,8118.54,8170.56
2012-09-28 20:30:00,1,7965.87,7963.67
2012-09-28 21:00:00,1,7813.24,7720.4
2012-09-28 21:30:00,1,7564.23,7657.38
2012-09-28 22:00:00,1,7387.41,7496.74
2012-09-28 22:30:00,1,7567.44,7479.47
2012-09-28 23:00:00,1,7439.3,7447.22
2012-09-28 23:30:00,1,7472.37,7362.66
2012-10-04 00:00:00,1,7452.92,7497.3
2012-10-04 00:30:00,1,7210.93,7333.03
2012-10-04 01:00:00,1,7006.64,7092.74
2012-10-04 01:30:00,1,6825.42,6897.45
2012-10-04 02:00:00,1,6642.22,6663.02
2012-10-04 02:30:00,1,6354.57,6363.01
2012-10-04 03:00:00,1,6069.46,6130.85
2012-10-04 03:30:00,1,5975.07,6006.31
2012-10-04 04:00:00,1,5896.44,5888.99
2012-10-04 04:30:00,1,5857.7,5977.2
2012-10-04 05:00:00,1,5946.88,6070.08
2012-10-04 05:30:00,1,6139.42,6213.38
2012-10-04 06:00:00,1,6335.2,6400.52
2012-10-04 06:30:00,1,6856.22,6854.8
2012-10-04 07:00:00,1,7292.31,7316.13
2012-10-04 07:30:00,1,7482.38,7454.24
2012-10-04 08:00:00,1,7758.64,7704.63
2012-10-04 08:30:00,1,7924.97,7922.49
2012-10-04 09:00:00,1,8051.89,8188.18
2012-10-04 09:30:00,1,8192.92,8255.68
2012-10-04 10:00:00,1,8279.56,8244.78
2012-10-04 10:30:00,1,8378.48,8346.46
2012-10-04 11:00:00,1,8429.09,8428.89
2012-10-04 11:30:00,1,8412.34,8441.72
2012-10-04 12:00:00,1,8426.0,8521.0
2012-10-04 12:30:00,1,8359.07,8574.76
2012-10-04 13:00:00,1,8262.6,8584.33
2012-10-04 13:30:00,1,8481.03,8494.53
2012-10-04 14:00:00,1,8552.09,8441.08
2012-10-04 14:30:00,1,8627.22,8489.54
2012-10-04 15:00:00,1,8687.03,8693.93
2012-10-04 15:30:00,1,8719.06,8758.05
2012-10-04 16:00:00,1,8737.31,8781.13
2012-10-04 16:30:00,1,8748.09,8743.29
2012-10-04 17:00:00,1,8767.9,8788.72
2012-10-04 17:30:00,1,8686.14,8737.76
2012-10-04 18:00:00,1,8767.46,8988.85
2012-10-04 18:30:00,1,8871.76,9216.38
2012-10-04 19:00:00,1,9037.95,8970.32
2012-10-04 19:30:00,1,8803.49,8706.21
2012-10-04 20:00:00,1,8480.75,8674.7
2012-10-04 20:30:00,1,8297.1,8394.31
2012-10-04 21:00:00,1,8076.99,8074.11
2012-10-04 21:30:00,1,7778.29,7902.9
2012-10-04 22:00:00,1,7577.0,7664.83
2012-10-04 22:30:00,1,7695.34,7573.17
2012-10-04 23:00:00,1,7521.14,7534.01
2012-10-04 23:30:00,1,7477.57,7555.27
2012-10-05 00:00:00,1,7431.78,7455.7
2012-10-05 00:30:00,1,7243.62,7259.36
2012-10-05 01:00:00,1,7059.19,7082.84
2012-10-05 01:30:00,1,6847.46,6902.65
2012-10-05 02:00:00,1,6635.25,6654.57
2012-10-05 02:30:00,1,6345.63,6381.51
2012-10-05 03:00:00,1,6119.41,6165.06
2012-10-05 03:30:00,1,5959.43,6007.72
2012-10-05 04:00:00,1,5879.5,5978.87
2012-10-05 04:30:00,1,5906.27,5992.48
2012-10-05 05:00:00,1,6023.87,6064.31
2012-10-05 05:30:00,1,6197.95,6295.68
2012-10-05 06:00:00,1,6408.56,6459.26
2012-10-05 06:30:00,1,6918.67,6846.45
2012-10-05 07:00:00,1,7327.95,7228.85
2012-10-05 07:30:00,1,7558.59,7608.52
2012-10-05 08:00:00,1,7974.47,7957.21
2012-10-05 08:30:00,1,8281.43,8284.71
2012-10-05 09:00:00,1,8486.66,8588.2
2012-10-05 09:30:00,1,8677.1,8795.96
2012-10-05 10:00:00,1,8816.75,8800.21
2012-10-05 10:30:00,1,8904.04,8900.21
2012-10-05 11:00:00,1,8929.67,9066.58
2012-10-05 11:30:00,1,9005.46,9065.82
2012-10-05 12:00:00,1,9064.91,9124.76
2012-10-05 12:30:00,1,9102.02,9221.37
2012-10-05 13:00:00,1,9094.63,9218.99
2012-10-05 13:30:00,1,9068.92,9163.04
2012-10-05 14:00:00,1,9099.96,9191.28
2012-10-05 14:30:00,1,9008.02,9069.59
2012-10-05 15:00:00,1,9005.7,9070.64
2012-10-05 15:30:00,1,8973.46,8986.23
2012-10-05 16:00:00,1,8844.67,9004.07
2012-10-05 16:30:00,1,8738.37,8872.2
2012-10-05 17:00:00,1,8721.06,8563.95
2012-10-05 17:30:00,1,8579.28,8401.78
2012-10-05 18:00:00,1,8590.19,8654.78
2012-10-05 18:30:00,1,8577.44,8877.86
2012-10-05 19:00:00,1,8658.38,8628.33
2012-10-05 19:30:00,1,8439.09,8279.67
2012-10-05 20:00:00,1,8239.79,8221.69
2012-10-05 20:30:00,1,8053.46,8050.12
2012-10-05 21:00:00,1,7918.67,7933.91
2012-10-05 21:30:00,1,7771.38,7770.41
2012-10-05 22:00:00,1,7556.11,7666.6
2012-10-05 22:30:00,1,7736.82,7726.22
2012-10-05 23:00:00,1,7583.64,7640.97
2012-10-05 23:30:00,1,7602.07,7666.22
2012-10-16 00:00:00,1,7210.75,7202.41
2012-10-16 00:30:00,1,7068.99,7042.0
2012-10-16 01:00:00,1,6833.1,6890.09
2012-10-16 01:30:00,1,6542.75,6650.18
2012-10-16 02:00:00,1,6273.15,6294.07
2012-10-16 02:30:00,1,6071.29,6117.57
2012-10-16 03:00:00,1,5937.29,5993.68
2012-10-16 03:30:00,1,5906.39,5935.03
2012-10-16 04:00:00,1,5929.36,5930.37
2012-10-16 04:30:00,1,6113.5,6111.28
2012-10-16 05:00:00,1,6450.88,6376.81
2012-10-16 05:30:00,1,7015.37,6899.26
2012-10-16 06:00:00,1,7514.39,7434.65
2012-10-16 06:30:00,1,7899.45,7968.96
2012-10-16 07:00:00,1,8236.71,8303.24
2012-10-16 07:30:00,1,8218.1,8417.3
2012-10-16 08:00:00,1,8235.03,8361.23
2012-10-16 08:30:00,1,8299.58,8262.72
2012-10-16 09:00:00,1,8327.3,8360.69
2012-10-16 09:30:00,1,8328.44,8422.17
2012-10-16 10:00:00,1,8353.81,8362.63
2012-10-16 10:30:00,1,8393.19,8349.19
2012-10-16 11:00:00,1,8414.26,8359.29
2012-10-16 11:30:00,1,8454.89,8442.44
2012-10-16 12:00:00,1,8535.46,8499.07
2012-10-16 12:30:00,1,8588.34,8573.32
2012-10-16 13:00:00,1,8660.99,8671.66
2012-10-16 13:30:00,1,8665.69,8733.66
2012-10-16 14:00:00,1,8708.31,8822.65
2012-10-16 14:30:00,1,8682.3,8755.01
2012-10-16 15:00:00,1,8800.3,8802.87
2012-10-16 15:30:00,1,8856.86,8859.35
2012-10-16 16:00:00,1,8887.83,8959.42
2012-10-16 16:30:00,1,8909.02,8912.75
2012-10-16 17:00:00,1,8912.52,8877.54
2012-10-16 17:30:00,1,8723.95,8764.59
2012-10-16 18:00:00,1,8693.52,8801.15
2012-10-16 18:30:00,1,8677.28,8757.3
2012-10-16 19:00:00,1,8628.14,8791.31
2012-10-16 19:30:00,1,8412.9,8676.25
2012-10-16 20:00:00,1,8244.45,8306.79
2012-10-16 20:30:00,1,7853.6,7984.47
2012-10-16 21:00:00,1,7597.72,7713.41
2012-10-16 21:30:00,1,7691.12,7574.94
2012-10-16 22:00:00,1,7558.09,7358.45
2012-10-16 22:30:00,1,7539.33,7434.35
2012-10-16 23:00:00,1,7365.22,7369.64
2012-10-16 23:30:00,1,7216.12,7204.77
2012-10-20 00:00:00,1,7195.69,7233.33
2012-10-20 00:30:00,1,7022.86,7038.99
2012-10-20 01:00:00,1,6752.37,6835.55
2012-10-20 01:30:00,1,6427.03,6457.19
2012-10-20 02:00:00,1,6197.07,6166.77
2012-10-20 02:30:00,1,5947.92,5954.14
2012-10-20 03:00:00,1,5830.33,5909.65
2012-10-20 03:30:00,1,5755.51,5797.19
2012-10-20 04:00:00,1,5799.73,5795.86
2012-10-20 04:30:00,1,5911.0,5873.76
2012-10-20 05:00:00,1,5987.58,6071.24
2012-10-20 05:30:00,1,6187.39,6316.35
2012-10-20 06:00:00,1,6323.26,6425.6
2012-10-20 06:30:00,1,6582.82,6557.96
2012-10-20 07:00:00,1,6913.32,6753.59
2012-10-20 07:30:00,1,7285.15,7164.13
2012-10-20 08:00:00,1,7535.85,7517.03
2012-10-20 08:30:00,1,7788.66,7815.79
2012-10-20 09:00:00,1,7886.9,7931.18
2012-10-20 09:30:00,1,7976.82,7999.67
2012-10-20 10:00:00,1,7913.33,8022.17
2012-10-20 10:30:00,1,7881.69,7979.07
2012-10-20 11:00:00,1,7897.04,7892.19
2012-10-20 11:30:00,1,7902.0,7988.96
2012-10-20 12:00:00,1,7920.83,7984.75
2012-10-20 12:30:00,1,7920.36,7984.17
2012-10-20 13:00:00,1,7944.79,8019.36
2012-10-20 13:30:00,1,7905.43,7944.05
2012-10-20 14:00:00,1,7930.11,7967.52
2012-10-20 14:30:00,1,7920.07,7913.08
2012-10-20 15:00:00,1,7939.35,8019.46
2012-10-20 15:30:00,1,7932.68,8014.06
2012-10-20 16:00:00,1,7925.97,7963.27
2012-10-20 16:30:00,1,7867.64,7887.43
2012-10-20 17:00:00,1,7832.55,7790.23
2012-10-20 17:30:00,1,7766.57,7731.85
2012-10-20 18:00:00,1,7682.35,7713.58
2012-10-20 18:30:00,1,7687.74,7725.52
2012-10-20 19:00:00,1,7824.09,7746.16
2012-10-20 19:30:00,1,7676.69,7646.57
2012-10-20 20:00:00,1,7575.36,7558.27
2012-10-20 20:30:00,1,7414.72,7360.01
2012-10-20 21:00:00,1,7345.18,7243.17
2012-10-20 21:30:00,1,7254.99,7300.24
2012-10-20 22:00:00,1,7163.7,7300.36
2012-10-20 22:30:00,1,7230.83,7170.98
2012-10-20 23:00:00,1,6972.23,6979.46
2012-10-20 23:30:00,1,6760.14,6895.4
2012-11-01 00:00:00,1,7159.64,7153.07
2012-11-01 00:30:00,1,6933.74,6998.95
2012-11-01 01:00:00,1,6692.53,6805.82
2012-11-01 01:30:00,1,6411.83,6436.38
2012-11-01 02:00:00,1,6138.41,6138.19
2012-11-01 02:30:00,1,5933.37,6001.11
2012-11-01 03:00:00,1,5874.32,5897.7
2012-11-01 03:30:00,1,5839.67,5853.52
2012-11-01 04:00:00,1,5915.34,5883.34
2012-11-01 04:30:00,1,6108.73,6112.79
2012-11-01 05:00:00,1,6371.94,6380.86
2012-11-01 05:30:00,1,6884.07,6880.2
2012-11-01 06:00:00,1,7381.41,7431.91
2012-11-01 06:30:00,1,7746.52,7819.39
2012-11-01 07:00:00,1,8090.75,8096.41
2012-11-01 07:30:00,1,8274.85,8103.47
2012-11-01 08:00:00,1,8358.72,8257.5
2012-11-01 08:30:00,1,8558.67,8476.99
2012-11-01 09:00:00,1,8669.1,8642.18
2012-11-01 09:30:00,1,8795.65,8843.68
2012-11-01 10:00:00,1,8851.4,8900.92
2012-11-01 10:30:00,1,8932.35,8983.7
2012-11-01 11:00:00,1,9023.75,9022.26
2012-11-01 11:30:00,1,9006.57,9083.35
2012-11-01 12:00:00,1,9006.36,9153.53
2012-11-01 12:30:00,1,9027.81,9070.77
2012-11-01 13:00:00,1,8982.48,9082.46
2012-11-01 13:30:00,1,9066.01,9049.74
2012-11-01 14:00:00,1,9117.7,8976.28
2012-11-01 14:30:00,1,9033.72,9037.46
2012-11-01 15:00:00,1,9079.43,9139.02
2012-11-01 15:30:00,1,9089.56,9168.92
2012-11-01 16:00:00,1,9073.45,9090.63
2012-11-01 16:30:00,1,8989.77,9017.18
2012-11-01 17:00:00,1,8964.11,8867.81
2012-11-01 17:30:00,1,8815.35,8673.41
2012-11-01 18:00:00,1,8712.09,8743.91
2012-11-01 18:30:00,1,8611.63,8659.47
2012-11-01 19:00:00,1,8690.09,8674.54
2012-11-01 19:30:00,1,8643.62,8596.41
2012-11-01 20:00:00,1,8372.84,8488.3
2012-11-01 20:30:00,1,8046.21,8182.11
2012-11-01 21:00:00,1,7735.16,7800.73
2012-11-01 21:30:00,1,7698.22,7678.94
2012-11-01 22:00:00,1,7483.69,7518.48
2012-11-01 22:30:00,1,7477.05,7470.43
2012-11-01 23:00:00,1,7356.64,7332.65
2012-11-01 23:30:00,1,7175.7,7159.01
2012-11-25 00:00:00,1,6837.65,6822.45
2012-11-25 00:30:00,1,6698.69,6662.23
2012-11-25 01:00:00,1,6496.69,6492.61
2012-11-25 01:30:00,1,6231.89,6288.1
2012-11-25 02:00:00,1,6019.47,6049.28
2012-11-25 02:30:00,1,5894.23,5921.69
2012-11-25 03:00:00,1,5810.02,5871.44
2012-11-25 03:30:00,1,5811.31,5828.6
2012-11-25 04:00:00,1,5816.65,5811.88
2012-11-25 04:30:00,1,5848.66,5861.76
2012-11-25 05:00:00,1,5822.86,5907.55
2012-11-25 05:30:00,1,5908.4,5926.26
2012-11-25 06:00:00,1,6095.37,5959.8
2012-11-25 06:30:00,1,6321.48,6206.25
2012-11-25 07:00:00,1,6647.94,6534.6
2012-11-25 07:30:00,1,6986.45,6997.02
2012-11-25 08:00:00,1,7276.4,7367.08
2012-11-25 08:30:00,1,7571.15,7631.13
2012-11-25 09:00:00,1,7782.04,7778.0
2012-11-25 09:30:00,1,7992.18,8006.38
2012-11-25 10:00:00,1,8110.85,8059.45
2012-11-25 10:30:00,1,8255.29,8166.28
2012-11-25 11:00:00,1,8417.2,8381.01
2012-11-25 11:30:00,1,8534.36,8501.84
2012-11-25 12:00:00,1,8610.56,8635.91
2012-11-25 12:30:00,1,8704.71,8765.98
2012-11-25 13:00:00,1,8753.31,8807.62
2012-11-25 13:30:00,1,8806.04,8952.37
2012-11-25 14:00:00,1,8855.43,9038.03
2012-11-25 14:30:00,1,8933.69,9055.01
2012-11-25 15:00:00,1,9060.8,9049.22
2012-11-25 15:30:00,1,9098.3,9099.56
2012-11-25 16:00:00,1,9154.11,9190.58
2012-11-25 16:30:00,1,9204.19,9113.79
2012-11-25 17:00:00,1,9240.74,9186.23
2012-11-25 17:30:00,1,9222.97,9264.12
2012-11-25 18:00:00,1,9155.48,9139.03
2012-11-25 18:30:00,1,8962.1,8959.16
2012-11-25 19:00:00,1,8833.69,8999.3
2012-11-25 19:30:00,1,8929.95,8980.2
2012-11-25 20:00:00,1,8846.84,8752.05
2012-11-25 20:30:00,1,8599.07,8607.3
2012-11-25 21:00:00,1,8267.98,8330.14
2012-11-25 21:30:00,1,8028.13,8110.37
2012-11-25 22:00:00,1,7776.59,7833.3
2012-11-25 22:30:00,1,7603.7,7582.15
2012-11-25 23:00:00,1,7315.56,7287.58
2012-11-25 23:30:00,1,7076.55,7081.63
2012-11-30 00:00:00,1,7663.88,7647.82
2012-11-30 00:30:00,1,7437.78,7476.2
2012-11-30 01:00:00,1,7163.5,7232.72
2012-11-30 01:30:00,1,6866.07,6907.1
2012-11-30 02:00:00,1,6606.31,6619.87
2012-11-30 02:30:00,1,6461.14,6459.0
2012-11-30 03:00:00,1,6409.36,6393.25
2012-11-30 03:30:00,1,6405.0,6382.01
2012-11-30 04:00:00,1,6483.37,6474.44
2012-11-30 04:30:00,1,6667.9,6696.9
2012-11-30 05:00:00,1,6844.35,6968.28
2012-11-30 05:30:00,1,7333.74,7419.15
2012-11-30 06:00:00,1,7940.52,7917.44
2012-11-30 06:30:00,1,8360.57,8422.39
2012-11-30 07:00:00,1,8905.77,8897.23
2012-11-30 07:30:00,1,9220.36,9099.3
2012-11-30 08:00:00,1,9544.82,9474.75
2012-11-30 08:30:00,1,9933.3,9804.35
2012-11-30 09:00:00,1,10182.01,10117.71
2012-11-30 09:30:00,1,10445.66,10463.21
2012-11-30 10:00:00,1,10681.45,10600.93
2012-11-30 10:30:00,1,10851.42,10807.94
2012-11-30 11:00:00,1,11068.7,11089.35
2012-11-30 11:30:00,1,11151.36,11196.82
2012-11-30 12:00:00,1,11247.07,11410.7
2012-11-30 12:30:00,1,11378.95,11460.51
2012-11-30 13:00:00,1,11476.03,11507.92
2012-11-30 13:30:00,1,11562.43,11619.98
2012-11-30 14:00:00,1,11627.54,11660.76
2012-11-30 14:30:00,1,11652.53,11687.49
2012-11-30 15:00:00,1,11766.86,11843.24
2012-11-30 15:30:00,1,11899.49,11873.59
2012-11-30 16:00:00,1,11913.49,11896.82
2012-11-30 16:30:00,1,11753.33,11881.72
2012-11-30 17:00:00,1,11540.63,11564.15
2012-11-30 17:30:00,1,11087.94,11030.69
2012-11-30 18:00:00,1,10850.48,10721.25
2012-11-30 18:30:00,1,10596.4,10364.89
2012-11-30 19:00:00,1,10564.56,10407.51
2012-11-30 19:30:00,1,10553.63,10534.97
2012-11-30 20:00:00,1,10303.02,10458.5
2012-11-30 20:30:00,1,9937.39,10078.91
2012-11-30 21:00:00,1,9546.06,9618.16
2012-11-30 21:30:00,1,9346.7,9359.87
2012-11-30 22:00:00,1,9069.7,9064.51
2012-11-30 22:30:00,1,8938.0,8849.92
2012-11-30 23:00:00,1,8625.8,8584.02
2012-11-30 23:30:00,1,8231.47,8351.01
2012-12-01 00:00:00,1,8002.0,8083.49
2012-12-01 00:30:00,1,7747.17,7742.24
2012-12-01 01:00:00,1,7417.82,7429.31
2012-12-01 01:30:00,1,7103.65,7072.7
2012-12-01 02:00:00,1,6818.53,6791.02
2012-12-01 02:30:00,1,6645.94,6677.68
2012-12-01 03:00:00,1,6544.02,6552.6
2012-12-01 03:30:00,1,6551.82,6543.69
2012-12-01 04:00:00,1,6557.77,6556.05
2012-12-01 04:30:00,1,6619.04,6638.87
2012-12-01 05:00:00,1,6667.53,6709.58
2012-12-01 05:30:00,1,6811.89,6868.78
2012-12-01 06:00:00,1,6965.35,7027.78
2012-12-01 06:30:00,1,7295.21,7292.85
2012-12-01 07:00:00,1,7778.52,7524.18
2012-12-01 07:30:00,1,8142.37,8025.2
2012-12-01 08:00:00,1,8466.15,8635.77
2012-12-01 08:30:00,1,8723.92,8950.17
2012-12-01 09:00:00,1,8850.08,9097.14
2012-12-01 09:30:00,1,9024.02,8974.94
2012-12-01 10:00:00,1,9046.16,9036.2
2012-12-01 10:30:00,1,9153.22,9159.89
2012-12-01 11:00:00,1,9345.98,9178.39
2012-12-01 11:30:00,1,9500.37,9335.9
2012-12-01 12:00:00,1,9656.29,9549.82
2012-12-01 12:30:00,1,9821.34,9792.65
2012-12-01 13:00:00,1,9954.9,10017.94
2012-12-01 13:30:00,1,10122.39,10098.51
2012-12-01 14:00:00,1,10293.49,10163.29
2012-12-01 14:30:00,1,10399.74,10364.57
2012-12-01 15:00:00,1,10451.33,10520.12
2012-12-01 15:30:00,1,10530.54,10518.17
2012-12-01 16:00:00,1,10641.0,10440.52
2012-12-01 16:30:00,1,10603.41,10473.46
2012-12-01 17:00:00,1,10659.26,10493.5
2012-12-01 17:30:00,1,10473.36,10479.06
2012-12-01 18:00:00,1,10272.46,10255.98
2012-12-01 18:30:00,1,10062.74,9889.89
2012-12-01 19:00:00,1,9939.82,9936.61
2012-12-01 19:30:00,1,9952.43,9991.31
2012-12-01 20:00:00,1,9773.03,9865.22
2012-12-01 20:30:00,1,9501.56,9659.97
2012-12-01 21:00:00,1,9198.35,9273.62
2012-12-01 21:30:00,1,8995.56,9072.32
2012-12-01 22:00:00,1,8785.42,8745.43
2012-12-01 22:30:00,1,8549.9,8526.12
2012-12-01 23:00:00,1,8161.29,8199.69
2012-12-01 23:30:00,1,7792.35,7856.09
2012-12-16 00:00:00,1,6774.38,6823.84
2012-12-16 00:30:00,1,6596.82,6628.82
2012-12-16 01:00:00,1,6423.07,6388.89
2012-12-16 01:30:00,1,6133.11,6202.78
2012-12-16 02:00:00,1,5948.75,6007.29
2012-12-16 02:30:00,1,5833.09,5855.63
2012-12-16 03:00:00,1,5780.15,5803.76
2012-12-16 03:30:00,1,5758.18,5797.19
2012-12-16 04:00:00,1,5746.38,5779.82
2012-12-16 04:30:00,1,5834.62,5822.26
2012-12-16 05:00:00,1,5785.87,5831.63
2012-12-16 05:30:00,1,5902.74,5932.52
2012-12-16 06:00:00,1,6045.74,5987.81
2012-12-16 06:30:00,1,6346.99,6216.44
2012-12-16 07:00:00,1,6646.47,6478.81
2012-12-16 07:30:00,1,7017.15,7054.93
2012-12-16 08:00:00,1,7306.14,7301.94
2012-12-16 08:30:00,1,7598.9,7571.51
2012-12-16 09:00:00,1,7867.09,7740.82
2012-12-16 09:30:00,1,8053.39,7954.77
2012-12-16 10:00:00,1,8153.54,8135.15
2012-12-16 10:30:00,1,8275.87,8262.76
2012-12-16 11:00:00,1,8449.95,8363.27
2012-12-16 11:30:00,1,8580.16,8530.48
2012-12-16 12:00:00,1,8690.77,8684.85
2012-12-16 12:30:00,1,8772.14,8818.25
2012-12-16 13:00:00,1,8856.33,8905.09
2012-12-16 13:30:00,1,8901.6,8981.65
2012-12-16 14:00:00,1,8943.17,9112.4
2012-12-16 14:30:00,1,8991.62,9201.98
2012-12-16 15:00:00,1,9053.77,9170.45
2012-12-16 15:30:00,1,9114.92,9129.14
2012-12-16 16:00:00,1,9160.25,9114.85
2012-12-16 16:30:00,1,9169.01,9157.88
2012-12-16 17:00:00,1,9269.43,9156.35
2012-12-16 17:30:00,1,9164.66,9222.8
2012-12-16 18:00:00,1,9092.94,9128.44
2012-12-16 18:30:00,1,8911.46,8846.14
2012-12-16 19:00:00,1,8877.63,8880.6
2012-12-16 19:30:00,1,8973.33,8852.79
2012-12-16 20:00:00,1,9011.85,8968.07
2012-12-16 20:30:00,1,8863.96,8843.18
2012-12-16 21:00:00,1,8487.44,8540.27
2012-12-16 21:30:00,1,8166.72,8331.91
2012-12-16 22:00:00,1,7784.91,7938.87
2012-12-16 22:30:00,1,7553.97,7638.83
2012-12-16 23:00:00,1,7252.39,7252.47
2012-12-16 23:30:00,1,6982.92,6921.94
2012-12-20 00:00:00,1,7608.06,7641.89
2012-12-20 00:30:00,1,7327.04,7401.02
2012-12-20 01:00:00,1,7075.89,7142.4
2012-12-20 01:30:00,1,6703.76,6807.47
2012-12-20 02:00:00,1,6461.24,6504.09
2012-12-20 02:30:00,1,6310.89,6307.01
2012-12-20 03:00:00,1,6274.79,6236.48
2012-12-20 03:30:00,1,6295.2,6249.89
2012-12-20 04:00:00,1,6403.95,6355.19
2012-12-20 04:30:00,1,6558.36,6577.23
2012-12-20 05:00:00,1,6815.43,6789.27
2012-12-20 05:30:00,1,7331.71,7220.09
2012-12-20 06:00:00,1,7822.61,7725.71
2012-12-20 06:30:00,1,8242.68,8168.82
2012-12-20 07:00:00,1,8749.65,8638.52
2012-12-20 07:30:00,1,9192.51,9051.03
2012-12-20 08:00:00,1,9616.81,9477.0
2012-12-20 08:30:00,1,9904.44,9831.19
2012-12-20 09:00:00,1,10073.73,10150.64
2012-12-20 09:30:00,1,10223.01,10302.75
2012-12-20 10:00:00,1,10209.04,10358.91
2012-12-20 10:30:00,1,10192.99,10392.17
2012-12-20 11:00:00,1,10086.4,10383.65
2012-12-20 11:30:00,1,10054.6,10252.16
2012-12-20 12:00:00,1,10062.59,10051.03
2012-12-20 12:30:00,1,10118.13,10047.27
2012-12-20 13:00:00,1,10202.41,10177.64
2012-12-20 13:30:00,1,10225.79,10271.98
2012-12-20 14:00:00,1,10132.77,10312.48
2012-12-20 14:30:00,1,10092.36,10193.95
2012-12-20 15:00:00,1,10023.59,10094.97
2012-12-20 15:30:00,1,10040.62,10037.21
2012-12-20 16:00:00,1,9953.07,9958.79
2012-12-20 16:30:00,1,9851.22,9915.41
2012-12-20 17:00:00,1,9701.37,9738.32
2012-12-20 17:30:00,1,9301.59,9471.01
2012-12-20 18:00:00,1,8989.67,9193.51
2012-12-20 18:30:00,1,8796.54,8836.76
2012-12-20 19:00:00,1,8673.53,8564.43
2012-12-20 19:30:00,1,8675.62,8669.81
2012-12-20 20:00:00,1,8636.15,8708.29
2012-12-20 20:30:00,1,8439.72,8503.32
2012-12-20 21:00:00,1,8184.17,8219.52
2012-12-20 21:30:00,1,8195.28,8120.09
2012-12-20 22:00:00,1,8008.16,7953.51
2012-12-20 22:30:00,1,7913.92,7908.65
2012-12-20 23:00:00,1,7734.56,7750.67
2012-12-20 23:30:00,1,7503.51,7501.69
2012-12-23 00:00:00,1,7039.55,7067.16
2012-12-23 00:30:00,1,6854.5,6850.92
2012-12-23 01:00:00,1,6656.7,6625.47
2012-12-23 01:30:00,1,6384.47,6406.46
2012-12-23 02:00:00,1,6228.3,6229.7
2012-12-23 02:30:00,1,6051.97,6103.16
2012-12-23 03:00:00,1,6028.08,6037.1
2012-12-23 03:30:00,1,5944.04,5987.09
2012-12-23 04:00:00,1,5929.45,5984.15
2012-12-23 04:30:00,1,6021.27,6021.67
2012-12-23 05:00:00,1,5968.12,5979.07
2012-12-23 05:30:00,1,6099.6,6013.99
2012-12-23 06:00:00,1,6262.64,6113.28
2012-12-23 06:30:00,1,6565.33,6382.26
2012-12-23 07:00:00,1,6842.23,6762.14
2012-12-23 07:30:00,1,7188.41,7347.95
2012-12-23 08:00:00,1,7538.69,7541.82
2012-12-23 08:30:00,1,7854.53,7796.33
2012-12-23 09:00:00,1,8102.31,8013.92
2012-12-23 09:30:00,1,8330.73,8244.98
2012-12-23 10:00:00,1,8539.82,8451.77
2012-12-23 10:30:00,1,8697.98,8572.54
2012-12-23 11:00:00,1,8848.6,8806.85
2012-12-23 11:30:00,1,9045.37,8971.51
2012-12-23 12:00:00,1,9172.37,9101.72
2012-12-23 12:30:00,1,9216.86,9238.87
2012-12-23 13:00:00,1,9362.6,9334.7
2012-12-23 13:30:00,1,9493.37,9424.28
2012-12-23 14:00:00,1,9530.81,9623.4
2012-12-23 14:30:00,1,9626.44,9753.29
2012-12-23 15:00:00,1,9679.33,9746.12
2012-12-23 15:30:00,1,9659.06,9742.0
2012-12-23 16:00:00,1,9501.7,9716.55
2012-12-23 16:30:00,1,9265.24,9574.48
2012-12-23 17:00:00,1,9235.88,9368.28
2012-12-23 17:30:00,1,9115.91,9179.18
2012-12-23 18:00:00,1,8959.47,9006.77
2012-12-23 18:30:00,1,8746.97,8748.73
2012-12-23 19:00:00,1,8756.39,8634.24
2012-12-23 19:30:00,1,8836.13,8652.68
2012-12-23 20:00:00,1,8813.84,8858.67
2012-12-23 20:30:00,1,8601.83,8766.29
2012-12-23 21:00:00,1,8297.03,8346.68
2012-12-23 21:30:00,1,8198.5,8171.18
2012-12-23 22:00:00,1,7961.01,7872.87
2012-12-23 22:30:00,1,7786.6,7731.94
2012-12-23 23:00:00,1,7467.83,7471.73
2012-12-23 23:30:00,1,7179.88,7194.96
2012-12-24 00:00:00,1,6953.44,7049.29
2012-12-24 00:30:00,1,6718.72,6840.19
2012-12-24 01:00:00,1,6532.24,6520.35
2012-12-24 01:30:00,1,6259.65,6239.22
2012-12-24 02:00:00,1,6110.99,6026.05
2012-12-24 02:30:00,1,5978.36,5971.2
2012-12-24 03:00:00,1,5937.69,6046.1
2012-12-24 03:30:00,1,5888.03,6034.69
2012-12-24 04:00:00,1,5843.55,5984.79
2012-12-24 04:30:00,1,5996.09,6080.13
2012-12-24 05:00:00,1,6118.7,6056.37
2012-12-24 05:30:00,1,6416.34,6363.78
2012-12-24 06:00:00,1,6788.71,6708.33
2012-12-24 06:30:00,1,7140.7,7097.87
2012-12-24 07:00:00,1,7640.08,7534.22
2012-12-24 07:30:00,1,8009.13,7822.6
2012-12-24 08:00:00,1,8424.72,8311.96
2012-12-24 08:30:00,1,8776.08,8604.24
2012-12-24 09:00:00,1,8994.89,8955.56
2012-12-24 09:30:00,1,9246.18,9217.54
2012-12-24 10:00:00,1,9427.16,9216.68
2012-12-24 10:30:00,1,9540.68,9545.94
2012-12-24 11:00:00,1,9732.02,9867.94
2012-12-24 11:30:00,1,9890.29,9940.26
2012-12-24 12:00:00,1,10075.46,10045.11
2012-12-24 12:30:00,1,10259.01,10216.71
2012-12-24 13:00:00,1,10379.49,10366.82
2012-12-24 13:30:00,1,10444.6,10605.77
2012-12-24 14:00:00,1,10501.92,10690.82
2012-12-24 14:30:00,1,10543.27,10575.99
2012-12-24 15:00:00,1,10477.48,10647.56
2012-12-24 15:30:00,1,10288.08,10661.91
2012-12-24 16:00:00,1,10113.03,10401.84
2012-12-24 16:30:00,1,9941.84,9999.52
2012-12-24 17:00:00,1,9736.13,9651.94
2012-12-24 17:30:00,1,9292.18,9281.3
2012-12-24 18:00:00,1,8992.37,8928.35
2012-12-24 18:30:00,1,8612.68,8662.21
2012-12-24 19:00:00,1,8497.74,8452.21
2012-12-24 19:30:00,1,8521.76,8277.1
2012-12-24 20:00:00,1,8451.07,8537.42
2012-12-24 20:30:00,1,8263.37,8459.93
2012-12-24 21:00:00,1,7986.47,8023.52
2012-12-24 21:30:00,1,8034.17,8036.84
2012-12-24 22:00:00,1,7847.35,7796.6
2012-12-24 22:30:00,1,7782.98,7686.84
2012-12-24 23:00:00,1,7519.82,7475.98
2012-12-24 23:30:00,1,7236.47,7192.55
2012-12-28 00:00:00,1,6784.73,6805.35
2012-12-28 00:30:00,1,6586.08,6623.32
2012-12-28 01:00:00,1,6384.37,6414.66
2012-12-28 01:30:00,1,6093.62,6109.33
2012-12-28 02:00:00,1,5845.5,5849.75
2012-12-28 02:30:00,1,5660.55,5684.19
2012-12-28 03:00:00,1,5596.71,5623.12
2012-12-28 03:30:00,1,5549.37,5588.27
2012-12-28 04:00:00,1,5549.62,5595.67
2012-12-28 04:30:00,1,5648.86,5661.38
2012-12-28 05:00:00,1,5706.14,5717.73
2012-12-28 05:30:00,1,5932.98,5897.77
2012-12-28 06:00:00,1,6131.32,6036.46
2012-12-28 06:30:00,1,6369.94,6273.39
2012-12-28 07:00:00,1,6701.84,6616.71
2012-12-28 07:30:00,1,6985.35,6970.81
2012-12-28 08:00:00,1,7223.49,7308.0
2012-12-28 08:30:00,1,7500.78,7562.13
2012-12-28 09:00:00,1,7651.22,7707.62
2012-12-28 09:30:00,1,7763.54,7793.94
2012-12-28 10:00:00,1,7835.26,7781.38
2012-12-28 10:30:00,1,7934.6,7835.08
2012-12-28 11:00:00,1,8000.95,7972.73
2012-12-28 11:30:00,1,8094.54,8131.33
2012-12-28 12:00:00,1,8235.98,8207.77
2012-12-28 12:30:00,1,8173.66,8330.61
2012-12-28 13:00:00,1,8153.74,8436.53
2012-12-28 13:30:00,1,8178.05,8257.05
2012-12-28 14:00:00,1,8052.22,8193.41
2012-12-28 14:30:00,1,7960.63,8146.38
2012-12-28 15:00:00,1,8052.09,8004.04
2012-12-28 15:30:00,1,8037.45,8017.15
2012-12-28 16:00:00,1,7931.59,8102.57
2012-12-28 16:30:00,1,7916.17,8070.19
2012-12-28 17:00:00,1,7855.78,7883.66
2012-12-28 17:30:00,1,7659.49,7666.0
2012-12-28 18:00:00,1,7516.55,7498.23
2012-12-28 18:30:00,1,7359.5,7338.7
2012-12-28 19:00:00,1,7273.25,7291.08
2012-12-28 19:30:00,1,7280.63,7322.7
2012-12-28 20:00:00,1,7370.99,7336.53
2012-12-28 20:30:00,1,7238.87,7266.64
2012-12-28 21:00:00,1,7077.92,7136.36
2012-12-28 21:30:00,1,7170.01,7189.89
2012-12-28 22:00:00,1,7134.95,7166.63
2012-12-28 22:30:00,1,7176.64,7230.85
2012-12-28 23:00:00,1,7069.83,7129.99
2012-12-28 23:30:00,1,6902.92,6946.26
2013-01-05 00:00:00,1,7520.61,7576.34
2013-01-05 00:30:00,1,7277.36,7301.57
2013-01-05 01:00:00,1,7009.46,7036.52
2013-01-05 01:30:00,1,6712.22,6688.66
2013-01-05 02:00:00,1,6456.99,6429.41
2013-01-05 02:30:00,1,6267.7,6330.32
2013-01-05 03:00:00,1,6168.06,6245.41
2013-01-05 03:30:00,1,6146.25,6151.22
2013-01-05 04:00:00,1,6127.34,6115.29
2013-01-05 04:30:00,1,6160.06,6185.02
2013-01-05 05:00:00,1,6134.57,6216.25
2013-01-05 05:30:00,1,6241.09,6197.84
2013-01-05 06:00:00,1,6414.37,6289.41
2013-01-05 06:30:00,1,6655.06,6620.84
2013-01-05 07:00:00,1,7031.28,6988.65
2013-01-05 07:30:00,1,7411.07,7382.44
2013-01-05 08:00:00,1,7771.97,7818.7
2013-01-05 08:30:00,1,8093.53,8101.56
2013-01-05 09:00:00,1,8209.46,8241.84
2013-01-05 09:30:00,1,8400.39,8421.62
2013-01-05 10:00:00,1,8523.19,8487.94
2013-01-05 10:30:00,1,8716.41,8643.05
2013-01-05 11:00:00,1,8890.24,8793.55
2013-01-05 11:30:00,1,9002.93,8964.41
2013-01-05 12:00:00,1,9110.05,9196.12
2013-01-05 12:30:00,1,9275.09,9304.13
2013-01-05 13:00:00,1,9442.63,9384.68
2013-01-05 13:30:00,1,9586.75,9508.52
2013-01-05 14:00:00,1,9753.01,9669.33
2013-01-05 14:30:00,1,9877.74,9873.2
2013-01-05 15:00:00,1,10038.2,9990.58
2013-01-05 15:30:00,1,10122.22,10089.61
2013-01-05 16:00:00,1,10203.36,10166.06
2013-01-05 16:30:00,1,10161.06,10129.66
2013-01-05 17:00:00,1,10163.08,10138.04
2013-01-05 17:30:00,1,9958.07,10022.05
2013-01-05 18:00:00,1,9876.84,9916.58
2013-01-05 18:30:00,1,9590.77,9508.1
2013-01-05 19:00:00,1,9331.39,9480.0
2013-01-05 19:30:00,1,9171.9,9315.62
2013-01-05 20:00:00,1,9162.51,9200.17
2013-01-05 20:30:00,1,9004.42,9053.14
2013-01-05 21:00:00,1,8766.26,8762.14
2013-01-05 21:30:00,1,8572.35,8585.95
2013-01-05 22:00:00,1,8297.33,8406.92
2013-01-05 22:30:00,1,8114.99,8156.1
2013-01-05 23:00:00,1,7722.1,7768.15
2013-01-05 23:30:00,1,7375.39,7437.35
2013-01-08 00:00:00,1,7649.79,7705.52
2013-01-08 00:30:00,1,7397.06,7477.39
2013-01-08 01:00:00,1,7116.3,7180.42
2013-01-08 01:30:00,1,6754.66,6854.49
2013-01-08 02:00:00,1,6601.27,6561.5
2013-01-08 02:30:00,1,6489.93,6382.0
2013-01-08 03:00:00,1,6445.16,6386.57
2013-01-08 03:30:00,1,6468.75,6415.52
2013-01-08 04:00:00,1,6430.26,6492.67
2013-01-08 04:30:00,1,6623.86,6703.79
2013-01-08 05:00:00,1,6776.43,6849.32
2013-01-08 05:30:00,1,7138.21,7266.85
2013-01-08 06:00:00,1,7520.03,7539.86
2013-01-08 06:30:00,1,7985.22,7964.79
2013-01-08 07:00:00,1,8550.53,8388.32
2013-01-08 07:30:00,1,8979.96,8772.47
2013-01-08 08:00:00,1,9400.96,9308.97
2013-01-08 08:30:00,1,9822.94,9728.68
2013-01-08 09:00:00,1,10130.47,10041.07
2013-01-08 09:30:00,1,10420.31,10366.51
2013-01-08 10:00:00,1,10641.19,10594.79
2013-01-08 10:30:00,1,10867.35,10935.06
2013-01-08 11:00:00,1,11112.34,11167.54
2013-01-08 11:30:00,1,11388.18,11352.49
2013-01-08 12:00:00,1,11704.42,11549.0
2013-01-08 12:30:00,1,11940.88,11890.87
2013-01-08 13:00:00,1,12131.69,12190.87
2013-01-08 13:30:00,1,12322.57,12330.09
2013-01-08 14:00:00,1,12498.08,12498.12
2013-01-08 14:30:00,1,12644.55,12640.45
2013-01-08 15:00:00,1,12738.72,12748.77
2013-01-08 15:30:00,1,12917.3,12827.22
2013-01-08 16:00:00,1,12972.78,12811.79
2013-01-08 16:30:00,1,12904.05,12703.98
2013-01-08 17:00:00,1,12811.76,12538.03
2013-01-08 17:30:00,1,12559.38,12213.58
2013-01-08 18:00:00,1,12444.38,12070.15
2013-01-08 18:30:00,1,12136.3,11764.83
2013-01-08 19:00:00,1,11979.6,11891.58
2013-01-08 19:30:00,1,11861.29,11818.27
2013-01-08 20:00:00,1,11826.67,11883.01
2013-01-08 20:30:00,1,11567.32,11616.43
2013-01-08 21:00:00,1,11121.37,11072.58
2013-01-08 21:30:00,1,10870.22,10758.28
2013-01-08 22:00:00,1,10325.99,10303.39
2013-01-08 22:30:00,1,9859.08,9953.77
2013-01-08 23:00:00,1,9400.41,9426.41
2013-01-08 23:30:00,1,8992.48,8962.01
2013-01-09 00:00:00,1,8748.8,8733.84
2013-01-09 00:30:00,1,8380.53,8433.2
2013-01-09 01:00:00,1,8071.83,8135.58
2013-01-09 01:30:00,1,7684.1,7750.14
2013-01-09 02:00:00,1,7343.57,7474.12
2013-01-09 02:30:00,1,7143.88,7282.56
2013-01-09 03:00:00,1,6977.72,7139.81
2013-01-09 03:30:00,1,6881.66,7016.13
2013-01-09 04:00:00,1,6888.18,6899.74
2013-01-09 04:30:00,1,6972.44,7008.37
2013-01-09 05:00:00,1,7076.5,7192.35
2013-01-09 05:30:00,1,7382.94,7474.47
2013-01-09 06:00:00,1,7646.57,7795.16
2013-01-09 06:30:00,1,8022.24,8194.34
2013-01-09 07:00:00,1,8444.17,8605.84
2013-01-09 07:30:00,1,8678.28,8562.61
2013-01-09 08:00:00,1,8923.58,8958.45
2013-01-09 08:30:00,1,9152.42,9234.18
2013-01-09 09:00:00,1,9297.87,9327.5
2013-01-09 09:30:00,1,9256.36,9266.53
2013-01-09 10:00:00,1,9301.88,9302.48
2013-01-09 10:30:00,1,9314.95,9244.09
2013-01-09 11:00:00,1,9296.23,9242.02
2013-01-09 11:30:00,1,9229.4,9269.22
2013-01-09 12:00:00,1,9207.18,9171.91
2013-01-09 12:30:00,1,9233.66,9189.62
2013-01-09 13:00:00,1,9270.6,9225.39
2013-01-09 13:30:00,1,9193.07,9188.04
2013-01-09 14:00:00,1,9190.07,9217.16
2013-01-09 14:30:00,1,9134.35,9146.26
2013-01-09 15:00:00,1,9150.18,9112.25
2013-01-09 15:30:00,1,9130.97,9110.38
2013-01-09 16:00:00,1,9134.4,9127.32
2013-01-09 16:30:00,1,9044.22,9045.57
2013-01-09 17:00:00,1,8996.16,8926.68
2013-01-09 17:30:00,1,8725.38,8820.54
2013-01-09 18:00:00,1,8653.81,8748.35
2013-01-09 18:30:00,1,8430.67,8445.74
2013-01-09 19:00:00,1,8297.6,8316.67
2013-01-09 19:30:00,1,8265.01,8244.98
2013-01-09 20:00:00,1,8234.29,8248.15
2013-01-09 20:30:00,1,8074.11,8179.84
2013-01-09 21:00:00,1,7866.36,7889.21
2013-01-09 21:30:00,1,7881.53,7857.17
2013-01-09 22:00:00,1,7717.27,7758.64
2013-01-09 22:30:00,1,7669.15,7655.31
2013-01-09 23:00:00,1,7494.92,7460.28
2013-01-09 23:30:00,1,7343.39,7300.11
2013-01-11 00:00:00,1,7347.49,7313.96
2013-01-11 00:30:00,1,7144.31,7190.74
2013-01-11 01:00:00,1,6850.64,6947.57
2013-01-11 01:30:00,1,6577.84,6662.6
2013-01-11 02:00:00,1,6356.29,6323.07
2013-01-11 02:30:00,1,6233.0,6185.39
2013-01-11 03:00:00,1,6162.76,6140.68
2013-01-11 03:30:00,1,6175.92,6170.32
2013-01-11 04:00:00,1,6203.64,6223.3
2013-01-11 04:30:00,1,6322.0,6416.95
2013-01-11 05:00:00,1,6551.64,6600.22
2013-01-11 05:30:00,1,6932.92,6843.61
2013-01-11 06:00:00,1,7279.56,7291.34
2013-01-11 06:30:00,1,7709.98,7708.74
2013-01-11 07:00:00,1,8186.91,8059.57
2013-01-11 07:30:00,1,8523.87,8448.45
2013-01-11 08:00:00,1,8893.13,8808.35
2013-01-11 08:30:00,1,9252.31,9132.88
2013-01-11 09:00:00,1,9408.85,9436.71
2013-01-11 09:30:00,1,9605.73,9643.9
2013-01-11 10:00:00,1,9752.01,9660.63
2013-01-11 10:30:00,1,9929.33,9833.41
2013-01-11 11:00:00,1,10166.43,10046.48
2013-01-11 11:30:00,1,10359.66,10235.16
2013-01-11 12:00:00,1,10486.45,10461.65
2013-01-11 12:30:00,1,10598.08,10675.16
2013-01-11 13:00:00,1,10837.59,10770.2
2013-01-11 13:30:00,1,11019.52,10892.22
2013-01-11 14:00:00,1,11196.55,11123.49
2013-01-11 14:30:00,1,11374.76,11326.98
2013-01-11 15:00:00,1,11535.96,11525.92
2013-01-11 15:30:00,1,11691.16,11709.74
2013-01-11 16:00:00,1,11841.88,11763.17
2013-01-11 16:30:00,1,11829.88,11709.98
2013-01-11 17:00:00,1,11746.01,11637.33
2013-01-11 17:30:00,1,11440.5,11370.61
2013-01-11 18:00:00,1,11347.52,11126.75
2013-01-11 18:30:00,1,11072.29,10773.9
2013-01-11 19:00:00,1,10702.61,10875.16
2013-01-11 19:30:00,1,10592.87,10745.4
2013-01-11 20:00:00,1,10595.83,10626.21
2013-01-11 20:30:00,1,10356.92,10458.01
2013-01-11 21:00:00,1,10100.7,10031.38
2013-01-11 21:30:00,1,9907.77,9847.0
2013-01-11 22:00:00,1,9499.23,9633.87
2013-01-11 22:30:00,1,9232.53,9339.3
2013-01-11 23:00:00,1,8854.14,8940.98
2013-01-11 23:30:00,1,8469.5,8552.6
2013-01-12 00:00:00,1,8192.46,8258.15
2013-01-12 00:30:00,1,7846.16,7927.54
2013-01-12 01:00:00,1,7530.3,7594.65
2013-01-12 01:30:00,1,7139.96,7211.62
2013-01-12 02:00:00,1,6821.91,6897.08
2013-01-12 02:30:00,1,6609.57,6677.24
2013-01-12 03:00:00,1,6516.24,6546.55
2013-01-12 03:30:00,1,6497.2,6431.77
2013-01-12 04:00:00,1,6399.17,6377.25
2013-01-12 04:30:00,1,6454.18,6492.45
2013-01-12 05:00:00,1,6471.2,6512.94
2013-01-12 05:30:00,1,6504.71,6601.81
2013-01-12 06:00:00,1,6693.33,6677.56
2013-01-12 06:30:00,1,7028.04,6947.81
2013-01-12 07:00:00,1,7431.0,7337.25
2013-01-12 07:30:00,1,7945.56,7886.11
2013-01-12 08:00:00,1,8468.12,8290.29
2013-01-12 08:30:00,1,9021.3,8720.63
2013-01-12 09:00:00,1,9269.12,9078.57
2013-01-12 09:30:00,1,9551.54,9563.47
2013-01-12 10:00:00,1,9708.55,9743.82
2013-01-12 10:30:00,1,9843.72,10002.75
2013-01-12 11:00:00,1,9875.53,10077.59
2013-01-12 11:30:00,1,9835.2,10026.88
2013-01-12 12:00:00,1,9831.55,10011.01
2013-01-12 12:30:00,1,9856.44,9919.83
2013-01-12 13:00:00,1,9958.25,9852.69
2013-01-12 13:30:00,1,10068.62,9822.33
2013-01-12 14:00:00,1,10160.6,10001.63
2013-01-12 14:30:00,1,10186.12,10208.64
2013-01-12 15:00:00,1,10073.22,10352.78
2013-01-12 15:30:00,1,9880.19,10205.53
2013-01-12 16:00:00,1,9855.16,9899.04
2013-01-12 16:30:00,1,9535.75,9580.59
2013-01-12 17:00:00,1,9328.82,9438.79
2013-01-12 17:30:00,1,9153.56,9052.51
2013-01-12 18:00:00,1,8859.21,8946.91
2013-01-12 18:30:00,1,8649.73,8749.8
2013-01-12 19:00:00,1,8362.4,8470.59
2013-01-12 19:30:00,1,8436.08,8415.62
2013-01-12 20:00:00,1,8514.19,8320.81
2013-01-12 20:30:00,1,8409.25,8400.71
2013-01-12 21:00:00,1,8247.81,8250.22
2013-01-12 21:30:00,1,8153.37,8145.01
2013-01-12 22:00:00,1,7993.85,8037.34
2013-01-12 22:30:00,1,7799.95,7885.38
2013-01-12 23:00:00,1,7584.74,7601.35
2013-01-12 23:30:00,1,7299.81,7299.6
2013-01-18 00:00:00,1,8006.83,8084.49
2013-01-18 00:30:00,1,7726.66,7828.57
2013-01-18 01:00:00,1,7386.78,7503.38
2013-01-18 01:30:00,1,7058.1,7163.8
2013-01-18 02:00:00,1,6821.85,6814.77
2013-01-18 02:30:00,1,6741.42,6645.05
2013-01-18 03:00:00,1,6653.08,6598.68
2013-01-18 03:30:00,1,6667.42,6657.1
2013-01-18 04:00:00,1,6726.13,6721.73
2013-01-18 04:30:00,1,6897.89,6920.94
2013-01-18 05:00:00,1,7150.06,7197.97
2013-01-18 05:30:00,1,7559.17,7590.2
2013-01-18 06:00:00,1,7957.59,7983.07
2013-01-18 06:30:00,1,8460.16,8398.64
2013-01-18 07:00:00,1,9014.8,8748.51
2013-01-18 07:30:00,1,9494.39,9301.59
2013-01-18 08:00:00,1,9982.35,9812.96
2013-01-18 08:30:00,1,10501.14,10250.49
2013-01-18 09:00:00,1,10888.73,10648.52
2013-01-18 09:30:00,1,11309.39,11101.6
2013-01-18 10:00:00,1,11746.63,11533.24
2013-01-18 10:30:00,1,12150.14,11969.5
2013-01-18 11:00:00,1,12519.05,12541.19
2013-01-18 11:30:00,1,12636.48,12886.62
2013-01-18 12:00:00,1,12972.33,13140.44
2013-01-18 12:30:00,1,13079.22,13148.76
2013-01-18 13:00:00,1,13269.38,13409.1
2013-01-18 13:30:00,1,13421.29,13336.61
2013-01-18 14:00:00,1,13507.53,13336.06
2013-01-18 14:30:00,1,13624.48,13620.28
2013-01-18 15:00:00,1,13670.75,13726.4
2013-01-18 15:30:00,1,13787.85,13846.72
2013-01-18 16:00:00,1,13750.09,13790.69
2013-01-18 16:30:00,1,13622.05,13590.13
2013-01-18 17:00:00,1,13422.89,13200.67
2013-01-18 17:30:00,1,12963.06,12770.69
2013-01-18 18:00:00,1,12725.22,12526.49
2013-01-18 18:30:00,1,12373.57,12088.32
2013-01-18 19:00:00,1,12036.01,12029.47
2013-01-18 19:30:00,1,11380.6,11997.67
2013-01-18 20:00:00,1,10928.28,11840.48
2013-01-18 20:30:00,1,10383.57,10926.01
2013-01-18 21:00:00,1,9874.78,9948.88
2013-01-18 21:30:00,1,9627.19,9588.92
2013-01-18 22:00:00,1,9173.37,9157.07
2013-01-18 22:30:00,1,8917.14,8928.19
2013-01-18 23:00:00,1,8604.66,8591.26
2013-01-18 23:30:00,1,8208.98,8244.37
2013-01-22 00:00:00,1,7632.97,7687.8
2013-01-22 00:30:00,1,7378.83,7465.59
2013-01-22 01:00:00,1,7166.1,7192.46
2013-01-22 01:30:00,1,6904.31,6906.0
2013-01-22 02:00:00,1,6684.85,6662.82
2013-01-22 02:30:00,1,6534.77,6550.95
2013-01-22 03:00:00,1,6427.27,6480.32
2013-01-22 03:30:00,1,6453.81,6446.02
2013-01-22 04:00:00,1,6485.55,6454.76
2013-01-22 04:30:00,1,6650.56,6668.06
2013-01-22 05:00:00,1,6845.67,6895.36
2013-01-22 05:30:00,1,7268.82,7266.25
2013-01-22 06:00:00,1,7639.39,7610.67
2013-01-22 06:30:00,1,8087.02,8003.54
2013-01-22 07:00:00,1,8595.46,8422.9
2013-01-22 07:30:00,1,8917.7,8798.37
2013-01-22 08:00:00,1,9216.13,9233.52
2013-01-22 08:30:00,1,9489.28,9532.14
2013-01-22 09:00:00,1,9725.37,9722.12
2013-01-22 09:30:00,1,9883.63,9836.64
2013-01-22 10:00:00,1,10018.41,9992.8
2013-01-22 10:30:00,1,10187.44,10111.83
2013-01-22 11:00:00,1,10358.76,10278.41
2013-01-22 11:30:00,1,10502.84,10494.12
2013-01-22 12:00:00,1,10704.18,10675.43
2013-01-22 12:30:00,1,10903.71,10823.17
2013-01-22 13:00:00,1,11044.9,11038.95
2013-01-22 13:30:00,1,11033.53,11234.27
2013-01-22 14:00:00,1,10881.81,11343.31
2013-01-22 14:30:00,1,10693.23,11137.65
2013-01-22 15:00:00,1,10620.31,10823.55
2013-01-22 15:30:00,1,10574.35,10618.94
2013-01-22 16:00:00,1,10584.47,10463.9
2013-01-22 16:30:00,1,10419.82,10328.75
2013-01-22 17:00:00,1,10209.91,10262.65
2013-01-22 17:30:00,1,9904.08,9920.31
2013-01-22 18:00:00,1,9724.45,9714.07
2013-01-22 18:30:00,1,9405.96,9408.42
2013-01-22 19:00:00,1,9275.44,9299.54
2013-01-22 19:30:00,1,9206.93,9169.8
2013-01-22 20:00:00,1,9197.62,9182.35
2013-01-22 20:30:00,1,8985.54,9035.63
2013-01-22 21:00:00,1,8714.75,8700.95
2013-01-22 21:30:00,1,8650.88,8608.69
2013-01-22 22:00:00,1,8280.5,8413.99
2013-01-22 22:30:00,1,8117.8,8217.26
2013-01-22 23:00:00,1,7870.89,7888.94
2013-01-22 23:30:00,1,7625.21,7624.27
2013-01-25 00:00:00,1,7718.06,7788.18
2013-01-25 00:30:00,1,7532.14,7560.04
2013-01-25 01:00:00,1,7236.46,7277.37
2013-01-25 01:30:00,1,6932.23,7003.49
2013-01-25 02:00:00,1,6726.04,6717.26
2013-01-25 02:30:00,1,6629.52,6569.96
2013-01-25 03:00:00,1,6541.4,6521.09
2013-01-25 03:30:00,1,6525.59,6525.32
2013-01-25 04:00:00,1,6611.94,6571.66
2013-01-25 04:30:00,1,6784.32,6750.03
2013-01-25 05:00:00,1,6978.02,7033.36
2013-01-25 05:30:00,1,7452.68,7442.96
2013-01-25 06:00:00,1,7813.56,7813.39
2013-01-25 06:30:00,1,8307.25,8230.71
2013-01-25 07:00:00,1,8818.05,8601.85
2013-01-25 07:30:00,1,9220.65,9088.32
2013-01-25 08:00:00,1,9560.88,9505.85
2013-01-25 08:30:00,1,9858.66,9870.11
2013-01-25 09:00:00,1,10035.59,10063.53
2013-01-25 09:30:00,1,10255.89,10145.17
2013-01-25 10:00:00,1,10392.97,10274.39
2013-01-25 10:30:00,1,10465.35,10475.75
2013-01-25 11:00:00,1,10539.47,10569.32
2013-01-25 11:30:00,1,10608.7,10655.87
2013-01-25 12:00:00,1,10744.63,10648.58
2013-01-25 12:30:00,1,10806.46,10743.27
2013-01-25 13:00:00,1,10933.27,10950.06
2013-01-25 13:30:00,1,11032.86,11010.24
2013-01-25 14:00:00,1,11066.7,11057.16
2013-01-25 14:30:00,1,11117.05,11134.76
2013-01-25 15:00:00,1,11245.3,11193.8
2013-01-25 15:30:00,1,11308.03,11268.64
2013-01-25 16:00:00,1,11367.57,11341.29
2013-01-25 16:30:00,1,11266.54,11239.88
2013-01-25 17:00:00,1,11027.61,11099.92
2013-01-25 17:30:00,1,10572.74,10712.63
2013-01-25 18:00:00,1,10349.72,10362.03
2013-01-25 18:30:00,1,9954.66,9934.93
2013-01-25 19:00:00,1,9651.06,9846.6
2013-01-25 19:30:00,1,9566.04,9644.53
2013-01-25 20:00:00,1,9555.33,9569.7
2013-01-25 20:30:00,1,9339.09,9443.29
2013-01-25 21:00:00,1,9078.54,9044.87
2013-01-25 21:30:00,1,9062.63,8996.28
2013-01-25 22:00:00,1,8810.19,8847.98
2013-01-25 22:30:00,1,8658.19,8720.92
2013-01-25 23:00:00,1,8409.42,8449.14
2013-01-25 23:30:00,1,8043.97,8198.25
2013-03-22 00:00:00,1,7230.94,7283.01
2013-03-22 00:30:00,1,7079.99,7037.65
2013-03-22 01:00:00,1,6789.05,6823.94
2013-03-22 01:30:00,1,6482.22,6591.13
2013-03-22 02:00:00,1,6205.52,6266.65
2013-03-22 02:30:00,1,6039.32,6098.23
2013-03-22 03:00:00,1,5970.89,6008.04
2013-03-22 03:30:00,1,5971.29,5997.28
2013-03-22 04:00:00,1,6035.97,6039.14
2013-03-22 04:30:00,1,6274.62,6238.61
2013-03-22 05:00:00,1,6636.25,6580.35
2013-03-22 05:30:00,1,7211.92,7177.14
2013-03-22 06:00:00,1,7730.77,7745.82
2013-03-22 06:30:00,1,8115.3,8154.29
2013-03-22 07:00:00,1,8485.95,8553.92
2013-03-22 07:30:00,1,8636.39,8603.96
2013-03-22 08:00:00,1,8738.21,8798.48
2013-03-22 08:30:00,1,8921.77,8999.42
2013-03-22 09:00:00,1,9088.46,9082.82
2013-03-22 09:30:00,1,9198.53,9168.12
2013-03-22 10:00:00,1,9177.05,9320.69
2013-03-22 10:30:00,1,9189.76,9377.37
2013-03-22 11:00:00,1,9264.14,9298.79
2013-03-22 11:30:00,1,9318.48,9307.21
2013-03-22 12:00:00,1,9393.98,9379.81
2013-03-22 12:30:00,1,9427.54,9479.84
2013-03-22 13:00:00,1,9489.23,9556.65
2013-03-22 13:30:00,1,9529.93,9596.96
2013-03-22 14:00:00,1,9579.43,9593.76
2013-03-22 14:30:00,1,9560.71,9583.62
2013-03-22 15:00:00,1,9697.01,9648.56
2013-03-22 15:30:00,1,9709.58,9740.0
2013-03-22 16:00:00,1,9660.9,9862.44
2013-03-22 16:30:00,1,9552.08,9644.59
2013-03-22 17:00:00,1,9433.85,9364.46
2013-03-22 17:30:00,1,9145.21,9080.27
2013-03-22 18:00:00,1,9144.14,8975.76
2013-03-22 18:30:00,1,9113.47,8975.31
2013-03-22 19:00:00,1,9164.71,9130.26
2013-03-22 19:30:00,1,8959.05,9036.87
2013-03-22 20:00:00,1,8782.97,8790.07
2013-03-22 20:30:00,1,8591.66,8512.94
2013-03-22 21:00:00,1,8258.64,8280.62
2013-03-22 21:30:00,1,8270.33,8277.13
2013-03-22 22:00:00,1,8111.25,8084.66
2013-03-22 22:30:00,1,8061.59,8088.2
2013-03-22 23:00:00,1,7880.71,7934.87
2013-03-22 23:30:00,1,7659.63,7704.53
2013-03-24 00:00:00,1,6999.47,7102.64
2013-03-24 00:30:00,1,6802.67,6887.31
2013-03-24 01:00:00,1,6667.94,6662.2
2013-03-24 01:30:00,1,6412.67,6417.97
2013-03-24 02:00:00,1,6166.33,6220.8
2013-03-24 02:30:00,1,6079.2,6118.15
2013-03-24 03:00:00,1,6041.73,6014.12
2013-03-24 03:30:00,1,5995.17,5985.65
2013-03-24 04:00:00,1,6040.93,6033.85
2013-03-24 04:30:00,1,6079.36,6054.9
2013-03-24 05:00:00,1,6087.58,6185.78
2013-03-24 05:30:00,1,6257.78,6341.8
2013-03-24 06:00:00,1,6365.59,6347.68
2013-03-24 06:30:00,1,6544.09,6552.92
2013-03-24 07:00:00,1,6809.71,6714.49
2013-03-24 07:30:00,1,7113.1,6939.52
2013-03-24 08:00:00,1,7394.0,7280.54
2013-03-24 08:30:00,1,7675.83,7581.03
2013-03-24 09:00:00,1,7838.93,7794.46
2013-03-24 09:30:00,1,7985.98,7998.9
2013-03-24 10:00:00,1,7974.79,8030.75
2013-03-24 10:30:00,1,8005.84,8080.62
2013-03-24 11:00:00,1,8078.34,8008.18
2013-03-24 11:30:00,1,8123.73,8115.19
2013-03-24 12:00:00,1,8229.95,8230.26
2013-03-24 12:30:00,1,8287.06,8296.78
2013-03-24 13:00:00,1,8357.68,8317.7
2013-03-24 13:30:00,1,8380.59,8383.68
2013-03-24 14:00:00,1,8421.88,8480.8
2013-03-24 14:30:00,1,8628.12,8554.94
2013-03-24 15:00:00,1,8782.34,8642.88
2013-03-24 15:30:00,1,8930.39,8905.93
2013-03-24 16:00:00,1,9028.25,8990.68
2013-03-24 16:30:00,1,9017.66,9057.78
2013-03-24 17:00:00,1,9093.61,9142.38
2013-03-24 17:30:00,1,9099.88,9143.42
2013-03-24 18:00:00,1,9060.33,9021.56
2013-03-24 18:30:00,1,9068.88,9048.4
2013-03-24 19:00:00,1,9203.29,9062.17
2013-03-24 19:30:00,1,9058.07,8951.09
2013-03-24 20:00:00,1,8847.39,8875.67
2013-03-24 20:30:00,1,8576.21,8593.86
2013-03-24 21:00:00,1,8276.05,8272.54
2013-03-24 21:30:00,1,8081.2,8116.48
2013-03-24 22:00:00,1,7762.46,7839.36
2013-03-24 22:30:00,1,7672.49,7719.78
2013-03-24 23:00:00,1,7423.48,7358.69
2013-03-24 23:30:00,1,7220.36,7164.51
2013-03-28 00:00:00,1,7541.34,7522.05
2013-03-28 00:30:00,1,7344.25,7334.67
2013-03-28 01:00:00,1,7056.25,7124.91
2013-03-28 01:30:00,1,6772.55,6852.86
2013-03-28 02:00:00,1,6561.57,6567.11
2013-03-28 02:30:00,1,6363.78,6403.16
2013-03-28 03:00:00,1,6315.09,6335.66
2013-03-28 03:30:00,1,6298.03,6300.67
2013-03-28 04:00:00,1,6361.95,6376.51
2013-03-28 04:30:00,1,6587.97,6595.51
2013-03-28 05:00:00,1,6916.31,6902.84
2013-03-28 05:30:00,1,7497.03,7479.33
2013-03-28 06:00:00,1,7972.4,8060.92
2013-03-28 06:30:00,1,8336.96,8436.51
2013-03-28 07:00:00,1,8686.3,8791.54
2013-03-28 07:30:00,1,8848.2,8783.55
2013-03-28 08:00:00,1,9017.35,8967.1
2013-03-28 08:30:00,1,9214.08,9166.0
2013-03-28 09:00:00,1,9334.8,9373.99
2013-03-28 09:30:00,1,9431.86,9424.97
2013-03-28 10:00:00,1,9564.38,9515.21
2013-03-28 10:30:00,1,9599.73,9567.48
2013-03-28 11:00:00,1,9770.97,9756.6
2013-03-28 11:30:00,1,9805.58,9789.38
2013-03-28 12:00:00,1,9842.59,9933.19
2013-03-28 12:30:00,1,9977.76,10018.47
2013-03-28 13:00:00,1,10006.22,10010.01
2013-03-28 13:30:00,1,10068.48,10124.71
2013-03-28 14:00:00,1,9992.93,10136.85
2013-03-28 14:30:00,1,9888.72,10036.24
2013-03-28 15:00:00,1,9921.94,9957.55
2013-03-28 15:30:00,1,9978.02,9909.64
2013-03-28 16:00:00,1,9994.25,9940.44
2013-03-28 16:30:00,1,9897.4,9898.25
2013-03-28 17:00:00,1,9849.44,9835.18
2013-03-28 17:30:00,1,9625.27,9596.5
2013-03-28 18:00:00,1,9539.39,9519.97
2013-03-28 18:30:00,1,9451.65,9447.53
2013-03-28 19:00:00,1,9257.19,9487.89
2013-03-28 19:30:00,1,8991.16,9206.28
2013-03-28 20:00:00,1,8722.46,8680.44
2013-03-28 20:30:00,1,8400.93,8395.78
2013-03-28 21:00:00,1,8037.83,8071.9
2013-03-28 21:30:00,1,8008.22,7956.63
2013-03-28 22:00:00,1,7791.98,7786.1
2013-03-28 22:30:00,1,7733.14,7750.25
2013-03-28 23:00:00,1,7588.86,7553.23
2013-03-28 23:30:00,1,7355.26,7355.6
2013-09-07 00:00:00,1,7612.95,7563.34
2013-09-07 00:30:00,1,7446.88,7460.28
2013-09-07 01:00:00,1,7241.46,7232.36
2013-09-07 01:30:00,1,7079.65,7083.07
2013-09-07 02:00:00,1,6825.13,6836.76
2013-09-07 02:30:00,1,6472.64,6547.81
2013-09-07 03:00:00,1,6225.96,6259.65
2013-09-07 03:30:00,1,5989.18,6053.96
2013-09-07 04:00:00,1,5917.78,5925.68
2013-09-07 04:30:00,1,5831.16,5780.09
2013-09-07 05:00:00,1,5894.2,5852.51
2013-09-07 05:30:00,1,5978.88,5905.87
2013-09-07 06:00:00,1,6105.43,6032.08
2013-09-07 06:30:00,1,6275.17,6328.67
2013-09-07 07:00:00,1,6485.12,6654.29
2013-09-07 07:30:00,1,6851.1,6710.33
2013-09-07 08:00:00,1,7114.15,7019.3
2013-09-07 08:30:00,1,7384.21,7475.74
2013-09-07 09:00:00,1,7514.79,7397.45
2013-09-07 09:30:00,1,7594.91,7581.43
2013-09-07 10:00:00,1,7558.3,7694.52
2013-09-07 10:30:00,1,7542.82,7618.09
2013-09-07 11:00:00,1,7456.59,7568.04
2013-09-07 11:30:00,1,7376.19,7411.59
2013-09-07 12:00:00,1,7308.16,7343.66
2013-09-07 12:30:00,1,7297.09,7316.36
2013-09-07 13:00:00,1,7255.97,7243.31
2013-09-07 13:30:00,1,7198.54,7260.93
2013-09-07 14:00:00,1,7162.45,7307.74
2013-09-07 14:30:00,1,7203.37,7271.23
2013-09-07 15:00:00,1,7184.07,7241.06
2013-09-07 15:30:00,1,7262.21,7252.04
2013-09-07 16:00:00,1,7299.85,7253.18
2013-09-07 16:30:00,1,7396.93,7419.0
2013-09-07 17:00:00,1,7459.31,7452.58
2013-09-07 17:30:00,1,7547.97,7701.19
2013-09-07 18:00:00,1,7938.59,7933.09
2013-09-07 18:30:00,1,8295.42,8280.69
2013-09-07 19:00:00,1,8181.39,8283.98
2013-09-07 19:30:00,1,7924.69,8032.76
2013-09-07 20:00:00,1,7693.88,7763.66
2013-09-07 20:30:00,1,7624.84,7645.09
2013-09-07 21:00:00,1,7487.66,7585.25
2013-09-07 21:30:00,1,7391.41,7366.4
2013-09-07 22:00:00,1,7257.57,7209.21
2013-09-07 22:30:00,1,7311.62,7356.55
2013-09-07 23:00:00,1,7268.11,7206.82
2013-09-07 23:30:00,1,7246.95,7126.17
2013-09-10 00:00:00,1,7298.03,7258.46
2013-09-10 00:30:00,1,7110.49,7163.87
2013-09-10 01:00:00,1,6974.37,6977.37
2013-09-10 01:30:00,1,6794.99,6802.13
2013-09-10 02:00:00,1,6631.95,6600.68
2013-09-10 02:30:00,1,6237.85,6337.74
2013-09-10 03:00:00,1,6023.7,6111.47
2013-09-10 03:30:00,1,5810.18,5925.1
2013-09-10 04:00:00,1,5760.82,5838.48
2013-09-10 04:30:00,1,5718.87,5823.14
2013-09-10 05:00:00,1,5841.86,5904.13
2013-09-10 05:30:00,1,6097.21,6100.94
2013-09-10 06:00:00,1,6421.29,6422.31
2013-09-10 06:30:00,1,6970.0,6977.45
2013-09-10 07:00:00,1,7446.84,7518.69
2013-09-10 07:30:00,1,7673.98,7671.32
2013-09-10 08:00:00,1,7969.87,7943.36
2013-09-10 08:30:00,1,8107.25,8149.91
2013-09-10 09:00:00,1,8081.65,8265.06
2013-09-10 09:30:00,1,8192.55,8310.16
2013-09-10 10:00:00,1,8317.46,8278.22
2013-09-10 10:30:00,1,8342.29,8357.28
2013-09-10 11:00:00,1,8370.34,8453.3
2013-09-10 11:30:00,1,8314.66,8473.7
2013-09-10 12:00:00,1,8322.27,8430.07
2013-09-10 12:30:00,1,8326.97,8362.93
2013-09-10 13:00:00,1,8348.51,8370.55
2013-09-10 13:30:00,1,8421.09,8422.58
2013-09-10 14:00:00,1,8442.23,8385.23
2013-09-10 14:30:00,1,8497.47,8532.47
2013-09-10 15:00:00,1,8485.68,8504.06
2013-09-10 15:30:00,1,8446.05,8540.88
2013-09-10 16:00:00,1,8513.16,8530.01
2013-09-10 16:30:00,1,8549.57,8444.81
2013-09-10 17:00:00,1,8641.62,8526.16
2013-09-10 17:30:00,1,8701.82,8529.67
2013-09-10 18:00:00,1,8837.49,8939.09
2013-09-10 18:30:00,1,9031.59,9199.16
2013-09-10 19:00:00,1,8967.62,9237.4
2013-09-10 19:30:00,1,8677.42,8757.16
2013-09-10 20:00:00,1,8416.03,8453.79
2013-09-10 20:30:00,1,8180.39,8224.81
2013-09-10 21:00:00,1,8002.21,8020.47
2013-09-10 21:30:00,1,7773.31,7818.57
2013-09-10 22:00:00,1,7576.86,7592.81
2013-09-10 22:30:00,1,7623.75,7589.52
2013-09-10 23:00:00,1,7480.68,7497.25
2013-09-10 23:30:00,1,7424.25,7429.64
2013-09-24 00:00:00,1,7286.12,7337.56
2013-09-24 00:30:00,1,7221.05,7184.08
2013-09-24 01:00:00,1,7055.19,6979.69
2013-09-24 01:30:00,1,6891.93,6877.38
2013-09-24 02:00:00,1,6672.78,6700.29
2013-09-24 02:30:00,1,6334.65,6399.58
2013-09-24 03:00:00,1,6115.67,6188.43
2013-09-24 03:30:00,1,5965.1,6025.39
2013-09-24 04:00:00,1,5878.57,5927.59
2013-09-24 04:30:00,1,5907.9,5923.38
2013-09-24 05:00:00,1,5979.25,5961.56
2013-09-24 05:30:00,1,6231.67,6205.54
2013-09-24 06:00:00,1,6539.44,6414.58
2013-09-24 06:30:00,1,6948.53,6875.06
2013-09-24 07:00:00,1,7419.46,7277.34
2013-09-24 07:30:00,1,7569.77,7449.93
2013-09-24 08:00:00,1,7822.61,7843.68
2013-09-24 08:30:00,1,8031.07,8031.76
2013-09-24 09:00:00,1,8062.65,8133.21
2013-09-24 09:30:00,1,8201.52,8238.5
2013-09-24 10:00:00,1,8267.24,8229.32
2013-09-24 10:30:00,1,8385.74,8272.72
2013-09-24 11:00:00,1,8358.21,8305.51
2013-09-24 11:30:00,1,8276.98,8355.84
2013-09-24 12:00:00,1,8204.14,8353.54
2013-09-24 12:30:00,1,8252.64,8349.96
2013-09-24 13:00:00,1,8261.38,8155.41
2013-09-24 13:30:00,1,8244.33,8210.37
2013-09-24 14:00:00,1,8312.09,8260.95
2013-09-24 14:30:00,1,8317.41,8282.2
2013-09-24 15:00:00,1,8402.18,8433.8
2013-09-24 15:30:00,1,8352.07,8474.0
2013-09-24 16:00:00,1,8402.96,8441.84
2013-09-24 16:30:00,1,8424.24,8465.06
2013-09-24 17:00:00,1,8457.6,8352.61
2013-09-24 17:30:00,1,8425.5,8328.72
2013-09-24 18:00:00,1,8516.45,8626.49
2013-09-24 18:30:00,1,8736.41,8929.46
2013-09-24 19:00:00,1,8763.9,8957.72
2013-09-24 19:30:00,1,8449.35,8545.37
2013-09-24 20:00:00,1,8227.42,8307.26
2013-09-24 20:30:00,1,8018.32,8143.26
2013-09-24 21:00:00,1,7832.45,7900.09
2013-09-24 21:30:00,1,7723.18,7712.54
2013-09-24 22:00:00,1,7567.48,7497.83
2013-09-24 22:30:00,1,7628.92,7566.14
2013-09-24 23:00:00,1,7503.36,7559.1
2013-09-24 23:30:00,1,7473.14,7503.51
2013-09-25 00:00:00,1,7405.05,7432.72
2013-09-25 00:30:00,1,7203.29,7300.42
2013-09-25 01:00:00,1,7059.34,7039.75
2013-09-25 01:30:00,1,6898.11,6844.52
2013-09-25 02:00:00,1,6680.76,6700.15
2013-09-25 02:30:00,1,6335.92,6429.23
2013-09-25 03:00:00,1,6115.76,6201.83
2013-09-25 03:30:00,1,5946.71,5980.82
2013-09-25 04:00:00,1,5908.13,5901.75
2013-09-25 04:30:00,1,5870.28,5902.12
2013-09-25 05:00:00,1,6008.1,5963.63
2013-09-25 05:30:00,1,6274.45,6193.03
2013-09-25 06:00:00,1,6518.23,6450.26
2013-09-25 06:30:00,1,6976.85,6920.35
2013-09-25 07:00:00,1,7399.6,7318.56
2013-09-25 07:30:00,1,7512.63,7500.12
2013-09-25 08:00:00,1,7778.71,7732.62
2013-09-25 08:30:00,1,7911.71,8010.2
2013-09-25 09:00:00,1,8031.28,8126.88
2013-09-25 09:30:00,1,8211.53,8173.5
2013-09-25 10:00:00,1,8312.05,8200.2
2013-09-25 10:30:00,1,8371.86,8353.57
2013-09-25 11:00:00,1,8418.54,8435.39
2013-09-25 11:30:00,1,8378.4,8432.86
2013-09-25 12:00:00,1,8348.04,8513.86
2013-09-25 12:30:00,1,8385.03,8564.91
2013-09-25 13:00:00,1,8474.57,8474.91
2013-09-25 13:30:00,1,8528.87,8529.94
2013-09-25 14:00:00,1,8607.78,8567.47
2013-09-25 14:30:00,1,8679.94,8712.66
2013-09-25 15:00:00,1,8742.8,8752.27
2013-09-25 15:30:00,1,8744.62,8808.44
2013-09-25 16:00:00,1,8792.78,8801.52
2013-09-25 16:30:00,1,8825.96,8702.82
2013-09-25 17:00:00,1,8878.55,8674.36
2013-09-25 17:30:00,1,8814.67,8695.92
2013-09-25 18:00:00,1,8881.22,8952.09
2013-09-25 18:30:00,1,9013.36,9236.07
2013-09-25 19:00:00,1,9081.59,9044.03
2013-09-25 19:30:00,1,8746.43,8812.43
2013-09-25 20:00:00,1,8516.26,8577.06
2013-09-25 20:30:00,1,8303.58,8407.28
2013-09-25 21:00:00,1,8073.23,8138.58
2013-09-25 21:30:00,1,7890.69,7950.05
2013-09-25 22:00:00,1,7654.22,7687.81
2013-09-25 22:30:00,1,7762.79,7742.83
2013-09-25 23:00:00,1,7593.15,7620.82
2013-09-25 23:30:00,1,7554.79,7547.07
2013-09-26 00:00:00,1,7464.21,7468.88
2013-09-26 00:30:00,1,7247.54,7325.05
2013-09-26 01:00:00,1,7079.16,7135.13
2013-09-26 01:30:00,1,6915.98,6861.02
2013-09-26 02:00:00,1,6682.08,6728.43
2013-09-26 02:30:00,1,6289.0,6432.75
2013-09-26 03:00:00,1,6102.52,6205.74
2013-09-26 03:30:00,1,5932.88,5949.88
2013-09-26 04:00:00,1,5833.17,5873.03
2013-09-26 04:30:00,1,5827.41,5896.74
2013-09-26 05:00:00,1,5869.12,5925.93
2013-09-26 05:30:00,1,6137.16,6147.8
2013-09-26 06:00:00,1,6326.86,6389.3
2013-09-26 06:30:00,1,6813.56,6787.32
2013-09-26 07:00:00,1,7192.03,7156.89
2013-09-26 07:30:00,1,7363.62,7374.92
2013-09-26 08:00:00,1,7657.34,7628.62
2013-09-26 08:30:00,1,7910.7,7841.91
2013-09-26 09:00:00,1,8100.16,7996.54
2013-09-26 09:30:00,1,8227.04,8119.55
2013-09-26 10:00:00,1,8400.5,8343.95
2013-09-26 10:30:00,1,8582.75,8441.43
2013-09-26 11:00:00,1,8657.99,8477.13
2013-09-26 11:30:00,1,8646.27,8576.8
2013-09-26 12:00:00,1,8625.19,8641.18
2013-09-26 12:30:00,1,8596.01,8694.77
2013-09-26 13:00:00,1,8542.63,8667.07
2013-09-26 13:30:00,1,8514.92,8574.03
2013-09-26 14:00:00,1,8525.5,8432.96
2013-09-26 14:30:00,1,8558.62,8382.33
2013-09-26 15:00:00,1,8554.12,8325.91
2013-09-26 15:30:00,1,8541.51,8379.72
2013-09-26 16:00:00,1,8462.68,8494.63
2013-09-26 16:30:00,1,8455.17,8472.46
2013-09-26 17:00:00,1,8454.01,8466.32
2013-09-26 17:30:00,1,8366.07,8431.84
2013-09-26 18:00:00,1,8495.4,8551.22
2013-09-26 18:30:00,1,8744.51,8855.69
2013-09-26 19:00:00,1,8808.32,8880.06
2013-09-26 19:30:00,1,8562.87,8540.28
2013-09-26 20:00:00,1,8334.11,8276.04
2013-09-26 20:30:00,1,8135.97,8184.82
2013-09-26 21:00:00,1,8017.62,7960.72
2013-09-26 21:30:00,1,7820.76,7793.01
2013-09-26 22:00:00,1,7580.38,7621.14
2013-09-26 22:30:00,1,7670.38,7712.47
2013-09-26 23:00:00,1,7545.8,7587.35
2013-09-26 23:30:00,1,7470.36,7490.03
2013-10-01 00:00:00,1,7361.88,7269.45
2013-10-01 00:30:00,1,7165.14,7205.14
2013-10-01 01:00:00,1,6992.42,7016.26
2013-10-01 01:30:00,1,6851.01,6844.91
2013-10-01 02:00:00,1,6622.91,6620.22
2013-10-01 02:30:00,1,6340.91,6367.45
2013-10-01 03:00:00,1,6087.26,6121.07
2013-10-01 03:30:00,1,5890.11,5962.45
2013-10-01 04:00:00,1,5859.89,5925.24
2013-10-01 04:30:00,1,5831.88,5946.5
2013-10-01 05:00:00,1,5936.58,5987.64
2013-10-01 05:30:00,1,6174.43,6113.6
2013-10-01 06:00:00,1,6372.72,6330.27
2013-10-01 06:30:00,1,6870.0,6818.75
2013-10-01 07:00:00,1,7261.98,7209.07
2013-10-01 07:30:00,1,7546.9,7526.9
2013-10-01 08:00:00,1,7813.47,7846.69
2013-10-01 08:30:00,1,8064.96,8121.74
2013-10-01 09:00:00,1,8238.41,8347.53
2013-10-01 09:30:00,1,8322.62,8455.44
2013-10-01 10:00:00,1,8457.13,8517.74
2013-10-01 10:30:00,1,8599.68,8437.37
2013-10-01 11:00:00,1,8627.78,8473.12
2013-10-01 11:30:00,1,8697.94,8704.85
2013-10-01 12:00:00,1,8826.56,8766.66
2013-10-01 12:30:00,1,9007.87,8822.48
2013-10-01 13:00:00,1,8973.31,8895.21
2013-10-01 13:30:00,1,8978.26,9101.31
2013-10-01 14:00:00,1,8949.04,9130.66
2013-10-01 14:30:00,1,8927.61,8980.4
2013-10-01 15:00:00,1,8784.2,8808.15
2013-10-01 15:30:00,1,8757.44,8762.79
2013-10-01 16:00:00,1,8643.44,8617.67
2013-10-01 16:30:00,1,8603.41,8589.16
2013-10-01 17:00:00,1,8568.9,8501.77
2013-10-01 17:30:00,1,8654.63,8499.08
2013-10-01 18:00:00,1,8755.04,8621.7
2013-10-01 18:30:00,1,8917.67,9065.33
2013-10-01 19:00:00,1,8886.87,8957.27
2013-10-01 19:30:00,1,8613.46,8623.81
2013-10-01 20:00:00,1,8400.76,8330.94
2013-10-01 20:30:00,1,8208.15,8134.29
2013-10-01 21:00:00,1,7984.44,8076.64
2013-10-01 21:30:00,1,7777.94,7823.37
2013-10-01 22:00:00,1,7611.43,7594.24
2013-10-01 22:30:00,1,7648.58,7608.38
2013-10-01 23:00:00,1,7516.3,7537.39
2013-10-01 23:30:00,1,7493.19,7474.6
2013-10-06 00:00:00,1,6931.63,6968.0
2013-10-06 00:30:00,1,6725.26,6806.42
2013-10-06 01:00:00,1,6575.46,6553.44
2013-10-06 01:30:00,1,6430.56,6273.09
2013-10-06 02:00:00,1,6279.33,6071.08
2013-10-06 02:30:00,1,5993.33,6077.96
2013-10-06 03:00:00,1,5780.67,6057.09
2013-10-06 03:30:00,1,5669.16,5914.14
2013-10-06 04:00:00,1,5702.12,5775.12
2013-10-06 04:30:00,1,5710.18,5715.48
2013-10-06 05:00:00,1,5739.11,5814.81
2013-10-06 05:30:00,1,5811.41,5841.38
2013-10-06 06:00:00,1,5829.39,5916.24
2013-10-06 06:30:00,1,5966.98,5973.02
2013-10-06 07:00:00,1,6140.67,6048.0
2013-10-06 07:30:00,1,6369.2,6407.76
2013-10-06 08:00:00,1,6634.75,6602.65
2013-10-06 08:30:00,1,6820.78,6764.8
2013-10-06 09:00:00,1,6922.67,7053.58
2013-10-06 09:30:00,1,7012.46,6991.46
2013-10-06 10:00:00,1,7013.07,6949.48
2013-10-06 10:30:00,1,7015.88,6912.69
2013-10-06 11:00:00,1,6979.22,6962.02
2013-10-06 11:30:00,1,6957.55,7054.43
2013-10-06 12:00:00,1,6950.39,7060.25
2013-10-06 12:30:00,1,6929.59,7001.79
2013-10-06 13:00:00,1,6925.43,6940.51
2013-10-06 13:30:00,1,6889.12,6992.61
2013-10-06 14:00:00,1,6971.2,7048.37
2013-10-06 14:30:00,1,7005.69,6963.54
2013-10-06 15:00:00,1,7101.45,7114.43
2013-10-06 15:30:00,1,7163.61,7240.08
2013-10-06 16:00:00,1,7311.14,7284.75
2013-10-06 16:30:00,1,7319.87,7316.07
2013-10-06 17:00:00,1,7423.08,7460.76
2013-10-06 17:30:00,1,7432.42,7481.68
2013-10-06 18:00:00,1,7448.94,7559.95
2013-10-06 18:30:00,1,7620.24,7670.92
2013-10-06 19:00:00,1,7672.24,7738.06
2013-10-06 19:30:00,1,7569.95,7612.63
2013-10-06 20:00:00,1,7388.08,7385.23
2013-10-06 20:30:00,1,7157.2,7245.37
2013-10-06 21:00:00,1,7058.23,6938.26
2013-10-06 21:30:00,1,7089.69,6852.04
2013-10-06 22:00:00,1,6974.1,6949.4
2013-10-06 22:30:00,1,6982.91,7012.9
2013-10-06 23:00:00,1,6800.36,6786.35
2013-10-06 23:30:00,1,6552.0,6668.82
2013-10-10 00:00:00,1,7115.21,7093.21
2013-10-10 00:30:00,1,6956.03,7005.64
2013-10-10 01:00:00,1,6761.65,6789.78
2013-10-10 01:30:00,1,6489.22,6489.68
2013-10-10 02:00:00,1,6227.88,6235.62
2013-10-10 02:30:00,1,6033.51,6055.18
2013-10-10 03:00:00,1,5933.31,5957.92
2013-10-10 03:30:00,1,5940.67,5944.33
2013-10-10 04:00:00,1,5977.92,5969.75
2013-10-10 04:30:00,1,6230.12,6186.69
2013-10-10 05:00:00,1,6454.18,6484.61
2013-10-10 05:30:00,1,6961.27,7025.66
2013-10-10 06:00:00,1,7416.89,7434.49
2013-10-10 06:30:00,1,7825.38,7814.77
2013-10-10 07:00:00,1,8139.65,8167.18
2013-10-10 07:30:00,1,8208.35,8327.66
2013-10-10 08:00:00,1,8239.25,8344.36
2013-10-10 08:30:00,1,8340.77,8434.77
2013-10-10 09:00:00,1,8462.1,8569.76
2013-10-10 09:30:00,1,8563.55,8519.83
2013-10-10 10:00:00,1,8662.9,8662.31
2013-10-10 10:30:00,1,8760.0,8783.3
2013-10-10 11:00:00,1,8826.97,8911.35
2013-10-10 11:30:00,1,8871.29,9029.51
2013-10-10 12:00:00,1,8996.39,9167.48
2013-10-10 12:30:00,1,9075.51,9174.25
2013-10-10 13:00:00,1,9163.09,9175.29
2013-10-10 13:30:00,1,9290.32,9280.54
2013-10-10 14:00:00,1,9376.21,9368.53
2013-10-10 14:30:00,1,9457.76,9427.43
2013-10-10 15:00:00,1,9606.47,9580.64
2013-10-10 15:30:00,1,9764.48,9739.61
2013-10-10 16:00:00,1,9934.97,9848.54
2013-10-10 16:30:00,1,9971.55,9885.35
2013-10-10 17:00:00,1,9968.43,9941.68
2013-10-10 17:30:00,1,9763.35,9803.56
2013-10-10 18:00:00,1,9623.34,9750.82
2013-10-10 18:30:00,1,9565.33,9703.95
2013-10-10 19:00:00,1,9582.8,9605.79
2013-10-10 19:30:00,1,9370.17,9419.43
2013-10-10 20:00:00,1,9092.45,9192.57
2013-10-10 20:30:00,1,8688.05,8865.73
2013-10-10 21:00:00,1,8352.56,8410.88
2013-10-10 21:30:00,1,8208.85,8168.64
2013-10-10 22:00:00,1,7947.61,7974.21
2013-10-10 22:30:00,1,7849.35,7860.53
2013-10-10 23:00:00,1,7646.86,7652.79
2013-10-10 23:30:00,1,7404.68,7453.72
2013-10-13 00:00:00,1,6915.66,6932.26
2013-10-13 00:30:00,1,6761.4,6750.88
2013-10-13 01:00:00,1,6621.19,6564.76
2013-10-13 01:30:00,1,6334.83,6315.28
2013-10-13 02:00:00,1,6103.62,6098.71
2013-10-13 02:30:00,1,5930.06,5946.04
2013-10-13 03:00:00,1,5860.54,5881.41
2013-10-13 03:30:00,1,5795.48,5893.58
2013-10-13 04:00:00,1,5789.48,5897.88
2013-10-13 04:30:00,1,5776.47,5885.43
2013-10-13 05:00:00,1,5874.77,5918.69
2013-10-13 05:30:00,1,5936.6,5967.37
2013-10-13 06:00:00,1,6005.26,6062.81
2013-10-13 06:30:00,1,6209.26,6151.03
2013-10-13 07:00:00,1,6438.92,6282.37
2013-10-13 07:30:00,1,6748.35,6693.49
2013-10-13 08:00:00,1,7043.99,6929.02
2013-10-13 08:30:00,1,7220.88,7186.0
2013-10-13 09:00:00,1,7363.8,7390.58
2013-10-13 09:30:00,1,7513.85,7417.5
2013-10-13 10:00:00,1,7495.6,7506.3
2013-10-13 10:30:00,1,7522.09,7590.82
2013-10-13 11:00:00,1,7649.02,7561.23
2013-10-13 11:30:00,1,7686.71,7664.89
2013-10-13 12:00:00,1,7774.58,7873.05
2013-10-13 12:30:00,1,7788.55,7811.8
2013-10-13 13:00:00,1,7830.56,7863.74
2013-10-13 13:30:00,1,7907.75,7942.89
2013-10-13 14:00:00,1,7963.07,8013.66
2013-10-13 14:30:00,1,8055.02,8102.81
2013-10-13 15:00:00,1,8179.6,8189.5
2013-10-13 15:30:00,1,8300.62,8270.92
2013-10-13 16:00:00,1,8497.43,8378.73
2013-10-13 16:30:00,1,8556.06,8417.86
2013-10-13 17:00:00,1,8694.04,8613.31
2013-10-13 17:30:00,1,8616.63,8681.82
2013-10-13 18:00:00,1,8628.56,8743.53
2013-10-13 18:30:00,1,8649.68,8590.33
2013-10-13 19:00:00,1,8660.13,8730.34
2013-10-13 19:30:00,1,8431.2,8578.83
2013-10-13 20:00:00,1,8277.59,8293.57
2013-10-13 20:30:00,1,7989.78,8010.05
2013-10-13 21:00:00,1,7561.39,7712.74
2013-10-13 21:30:00,1,7377.41,7541.52
2013-10-13 22:00:00,1,7088.89,7226.35
2013-10-13 22:30:00,1,7002.79,7047.05
2013-10-13 23:00:00,1,6866.7,6779.32
2013-10-13 23:30:00,1,6745.94,6646.76
2013-10-17 00:00:00,1,7001.59,7035.88
2013-10-17 00:30:00,1,6848.48,6874.1
2013-10-17 01:00:00,1,6634.58,6670.78
2013-10-17 01:30:00,1,6315.27,6375.71
2013-10-17 02:00:00,1,6030.87,6085.97
2013-10-17 02:30:00,1,5870.12,5906.01
2013-10-17 03:00:00,1,5773.2,5791.08
2013-10-17 03:30:00,1,5736.48,5781.65
2013-10-17 04:00:00,1,5828.03,5853.51
2013-10-17 04:30:00,1,6041.43,6074.31
2013-10-17 05:00:00,1,6361.01,6316.1
2013-10-17 05:30:00,1,6883.89,6815.5
2013-10-17 06:00:00,1,7359.04,7319.81
2013-10-17 06:30:00,1,7711.98,7709.56
2013-10-17 07:00:00,1,7979.74,8065.81
2013-10-17 07:30:00,1,8024.07,8102.86
2013-10-17 08:00:00,1,8085.95,8131.0
2013-10-17 08:30:00,1,8237.18,8245.37
2013-10-17 09:00:00,1,8344.59,8463.93
2013-10-17 09:30:00,1,8448.91,8477.46
2013-10-17 10:00:00,1,8511.94,8536.1
2013-10-17 10:30:00,1,8594.62,8606.76
2013-10-17 11:00:00,1,8653.22,8702.82
2013-10-17 11:30:00,1,8682.42,8737.55
2013-10-17 12:00:00,1,8726.04,8798.82
2013-10-17 12:30:00,1,8812.68,8802.88
2013-10-17 13:00:00,1,8808.22,8844.32
2013-10-17 13:30:00,1,8804.62,8934.25
2013-10-17 14:00:00,1,8859.2,8846.59
2013-10-17 14:30:00,1,8886.54,8762.64
2013-10-17 15:00:00,1,8952.56,8902.29
2013-10-17 15:30:00,1,8971.53,8993.67
2013-10-17 16:00:00,1,8998.59,9023.25
2013-10-17 16:30:00,1,8884.94,8966.69
2013-10-17 17:00:00,1,8850.06,8869.68
2013-10-17 17:30:00,1,8688.82,8580.52
2013-10-17 18:00:00,1,8607.23,8593.07
2013-10-17 18:30:00,1,8526.66,8596.84
2013-10-17 19:00:00,1,8560.91,8640.85
2013-10-17 19:30:00,1,8426.61,8455.55
2013-10-17 20:00:00,1,8221.51,8196.55
2013-10-17 20:30:00,1,7982.43,7961.56
2013-10-17 21:00:00,1,7725.72,7665.28
2013-10-17 21:30:00,1,7665.79,7634.94
2013-10-17 22:00:00,1,7481.66,7496.26
2013-10-17 22:30:00,1,7398.14,7482.41
2013-10-17 23:00:00,1,7335.79,7325.17
2013-10-17 23:30:00,1,7225.63,7159.03
2013-10-21 00:00:00,1,6634.1,6671.47
2013-10-21 00:30:00,1,6533.53,6531.74
2013-10-21 01:00:00,1,6396.23,6360.44
2013-10-21 01:30:00,1,6164.75,6120.25
2013-10-21 02:00:00,1,5983.79,5976.45
2013-10-21 02:30:00,1,5842.63,5878.5
2013-10-21 03:00:00,1,5808.73,5850.27
2013-10-21 03:30:00,1,5852.39,5887.54
2013-10-21 04:00:00,1,5921.09,5966.47
2013-10-21 04:30:00,1,6124.58,6171.41
2013-10-21 05:00:00,1,6469.7,6373.04
2013-10-21 05:30:00,1,6950.97,6831.87
2013-10-21 06:00:00,1,7392.56,7437.15
2013-10-21 06:30:00,1,7760.49,7793.05
2013-10-21 07:00:00,1,8109.76,8129.51
2013-10-21 07:30:00,1,8192.95,8237.45
2013-10-21 08:00:00,1,8261.57,8326.23
2013-10-21 08:30:00,1,8410.47,8405.13
2013-10-21 09:00:00,1,8591.64,8612.45
2013-10-21 09:30:00,1,8729.75,8582.91
2013-10-21 10:00:00,1,8824.58,8788.95
2013-10-21 10:30:00,1,8895.29,8923.86
2013-10-21 11:00:00,1,9015.03,9008.0
2013-10-21 11:30:00,1,9120.33,9069.83
2013-10-21 12:00:00,1,9196.43,9211.95
2013-10-21 12:30:00,1,9340.46,9332.4
2013-10-21 13:00:00,1,9417.15,9418.43
2013-10-21 13:30:00,1,9573.95,9570.02
2013-10-21 14:00:00,1,9673.12,9641.52
2013-10-21 14:30:00,1,9708.38,9721.51
2013-10-21 15:00:00,1,9914.64,9881.64
2013-10-21 15:30:00,1,10010.98,10012.75
2013-10-21 16:00:00,1,10085.15,10128.26
2013-10-21 16:30:00,1,10072.41,10087.21
2013-10-21 17:00:00,1,10011.76,10010.06
2013-10-21 17:30:00,1,9715.9,9801.53
2013-10-21 18:00:00,1,9632.99,9644.92
2013-10-21 18:30:00,1,9511.72,9484.24
2013-10-21 19:00:00,1,9468.74,9493.62
2013-10-21 19:30:00,1,9233.99,9307.7
2013-10-21 20:00:00,1,8886.09,9079.89
2013-10-21 20:30:00,1,8591.37,8683.98
2013-10-21 21:00:00,1,8189.89,8213.47
2013-10-21 21:30:00,1,8029.51,8093.41
2013-10-21 22:00:00,1,7804.49,7876.75
2013-10-21 22:30:00,1,7759.57,7701.68
2013-10-21 23:00:00,1,7611.37,7532.28
2013-10-21 23:30:00,1,7433.7,7386.52
2013-10-23 00:00:00,1,7163.64,7162.45
2013-10-23 00:30:00,1,6974.69,6993.27
2013-10-23 01:00:00,1,6808.89,6815.41
2013-10-23 01:30:00,1,6439.93,6523.87
2013-10-23 02:00:00,1,6186.42,6227.93
2013-10-23 02:30:00,1,5974.91,6003.19
2013-10-23 03:00:00,1,5872.0,5891.92
2013-10-23 03:30:00,1,5817.66,5865.6
2013-10-23 04:00:00,1,5966.9,5933.73
2013-10-23 04:30:00,1,6174.75,6166.5
2013-10-23 05:00:00,1,6415.28,6528.89
2013-10-23 05:30:00,1,6934.68,7017.86
2013-10-23 06:00:00,1,7450.49,7407.19
2013-10-23 06:30:00,1,7877.66,7870.9
2013-10-23 07:00:00,1,8203.96,8257.47
2013-10-23 07:30:00,1,8365.37,8377.86
2013-10-23 08:00:00,1,8485.66,8523.04
2013-10-23 08:30:00,1,8719.19,8682.74
2013-10-23 09:00:00,1,8913.77,8917.17
2013-10-23 09:30:00,1,9072.0,9090.73
2013-10-23 10:00:00,1,9154.05,9217.36
2013-10-23 10:30:00,1,9212.09,9307.83
2013-10-23 11:00:00,1,9309.72,9328.07
2013-10-23 11:30:00,1,9400.66,9349.37
2013-10-23 12:00:00,1,9356.95,9464.05
2013-10-23 12:30:00,1,9361.54,9561.85
2013-10-23 13:00:00,1,9505.99,9425.37
2013-10-23 13:30:00,1,9565.2,9457.41
2013-10-23 14:00:00,1,9585.47,9579.35
2013-10-23 14:30:00,1,9651.17,9606.59
2013-10-23 15:00:00,1,9752.89,9692.45
2013-10-23 15:30:00,1,9877.57,9822.23
2013-10-23 16:00:00,1,9909.27,9860.64
2013-10-23 16:30:00,1,9849.24,9867.7
2013-10-23 17:00:00,1,9700.24,9776.71
2013-10-23 17:30:00,1,9432.08,9496.55
2013-10-23 18:00:00,1,9229.13,9253.66
2013-10-23 18:30:00,1,9024.49,9107.88
2013-10-23 19:00:00,1,8995.5,9076.47
2013-10-23 19:30:00,1,8741.82,8829.79
2013-10-23 20:00:00,1,8529.64,8583.78
2013-10-23 20:30:00,1,8224.62,8272.44
2013-10-23 21:00:00,1,7936.52,7953.18
2013-10-23 21:30:00,1,7849.49,7841.43
2013-10-23 22:00:00,1,7628.38,7702.37
2013-10-23 22:30:00,1,7539.01,7583.82
2013-10-23 23:00:00,1,7351.31,7379.61
2013-10-23 23:30:00,1,7182.55,7185.83
2013-11-02 00:00:00,1,7309.67,7323.58
2013-11-02 00:30:00,1,7114.38,7107.2
2013-11-02 01:00:00,1,6880.09,6895.2
2013-11-02 01:30:00,1,6525.72,6608.66
2013-11-02 02:00:00,1,6269.56,6274.4
2013-11-02 02:30:00,1,6063.3,6072.2
2013-11-02 03:00:00,1,5976.86,5955.48
2013-11-02 03:30:00,1,5898.67,5895.41
2013-11-02 04:00:00,1,5909.19,5935.19
2013-11-02 04:30:00,1,5932.49,6023.38
2013-11-02 05:00:00,1,6023.99,6146.65
2013-11-02 05:30:00,1,6177.54,6200.35
2013-11-02 06:00:00,1,6382.65,6329.93
2013-11-02 06:30:00,1,6677.33,6499.44
2013-11-02 07:00:00,1,6989.0,6763.36
2013-11-02 07:30:00,1,7285.75,7251.21
2013-11-02 08:00:00,1,7472.47,7550.87
2013-11-02 08:30:00,1,7684.51,7753.44
2013-11-02 09:00:00,1,7671.7,7736.29
2013-11-02 09:30:00,1,7747.04,7717.09
2013-11-02 10:00:00,1,7696.39,7654.28
2013-11-02 10:30:00,1,7652.29,7700.87
2013-11-02 11:00:00,1,7660.98,7683.63
2013-11-02 11:30:00,1,7636.28,7648.15
2013-11-02 12:00:00,1,7589.38,7650.78
2013-11-02 12:30:00,1,7611.0,7641.11
2013-11-02 13:00:00,1,7635.24,7630.04
2013-11-02 13:30:00,1,7683.47,7690.26
2013-11-02 14:00:00,1,7730.88,7732.92
2013-11-02 14:30:00,1,7778.14,7820.76
2013-11-02 15:00:00,1,7895.48,7913.17
2013-11-02 15:30:00,1,7910.33,8004.06
2013-11-02 16:00:00,1,8038.61,7990.8
2013-11-02 16:30:00,1,8001.82,7888.75
2013-11-02 17:00:00,1,8065.91,7966.51
2013-11-02 17:30:00,1,8068.44,7970.16
2013-11-02 18:00:00,1,8029.59,7939.09
2013-11-02 18:30:00,1,8077.51,7965.72
2013-11-02 19:00:00,1,8131.02,8111.73
2013-11-02 19:30:00,1,8034.07,8100.37
2013-11-02 20:00:00,1,7878.92,7958.29
2013-11-02 20:30:00,1,7697.54,7657.7
2013-11-02 21:00:00,1,7511.79,7474.99
2013-11-02 21:30:00,1,7511.32,7485.56
2013-11-02 22:00:00,1,7366.45,7372.07
2013-11-02 22:30:00,1,7344.1,7360.76
2013-11-02 23:00:00,1,7155.52,7138.04
2013-11-02 23:30:00,1,6955.86,6909.23
2013-11-03 00:00:00,1,6809.88,6858.3
2013-11-03 00:30:00,1,6694.46,6675.25
2013-11-03 01:00:00,1,6503.45,6448.13
2013-11-03 01:30:00,1,6137.57,6227.41
2013-11-03 02:00:00,1,6008.69,6005.1
2013-11-03 02:30:00,1,5852.05,5839.18
2013-11-03 03:00:00,1,5746.58,5828.22
2013-11-03 03:30:00,1,5709.05,5805.63
2013-11-03 04:00:00,1,5738.68,5747.21
2013-11-03 04:30:00,1,5748.9,5793.92
2013-11-03 05:00:00,1,5772.56,5843.78
2013-11-03 05:30:00,1,5755.75,5853.84
2013-11-03 06:00:00,1,5882.76,5922.47
2013-11-03 06:30:00,1,6186.79,6032.02
2013-11-03 07:00:00,1,6397.93,6242.96
2013-11-03 07:30:00,1,6722.72,6667.73
2013-11-03 08:00:00,1,6934.55,6962.84
2013-11-03 08:30:00,1,7186.16,7219.07
2013-11-03 09:00:00,1,7405.75,7424.17
2013-11-03 09:30:00,1,7531.75,7592.91
2013-11-03 10:00:00,1,7589.57,7722.02
2013-11-03 10:30:00,1,7618.76,7711.84
2013-11-03 11:00:00,1,7668.01,7740.37
2013-11-03 11:30:00,1,7654.97,7742.63
2013-11-03 12:00:00,1,7763.66,7747.34
2013-11-03 12:30:00,1,7862.17,7706.32
2013-11-03 13:00:00,1,7838.41,7835.3
2013-11-03 13:30:00,1,7860.44,8049.69
2013-11-03 14:00:00,1,7852.48,7953.03
2013-11-03 14:30:00,1,7889.79,7949.57
2013-11-03 15:00:00,1,7964.87,7966.4
2013-11-03 15:30:00,1,7973.18,7998.68
2013-11-03 16:00:00,1,7989.74,7994.57
2013-11-03 16:30:00,1,7863.58,7925.35
2013-11-03 17:00:00,1,7862.41,7987.12
2013-11-03 17:30:00,1,7726.32,7872.73
2013-11-03 18:00:00,1,7692.51,7676.19
2013-11-03 18:30:00,1,7661.13,7519.96
2013-11-03 19:00:00,1,7826.99,7716.36
2013-11-03 19:30:00,1,7865.57,7684.22
2013-11-03 20:00:00,1,7660.57,7591.01
2013-11-03 20:30:00,1,7469.08,7466.11
2013-11-03 21:00:00,1,7291.21,7226.33
2013-11-03 21:30:00,1,7238.47,7161.81
2013-11-03 22:00:00,1,7097.87,7096.02
2013-11-03 22:30:00,1,7053.74,7034.61
2013-11-03 23:00:00,1,6860.81,6870.16
2013-11-03 23:30:00,1,6759.65,6746.85
2013-11-07 00:00:00,1,7188.85,7187.67
2013-11-07 00:30:00,1,7007.06,7068.86
2013-11-07 01:00:00,1,6867.31,6834.67
2013-11-07 01:30:00,1,6552.44,6584.1
2013-11-07 02:00:00,1,6301.93,6356.19
2013-11-07 02:30:00,1,6105.97,6152.62
2013-11-07 03:00:00,1,6009.23,6034.03
2013-11-07 03:30:00,1,6028.02,5998.83
2013-11-07 04:00:00,1,6082.3,6045.32
2013-11-07 04:30:00,1,6331.4,6282.08
2013-11-07 05:00:00,1,6554.84,6566.3
2013-11-07 05:30:00,1,7096.32,7070.41
2013-11-07 06:00:00,1,7548.63,7516.13
2013-11-07 06:30:00,1,7824.13,7970.21
2013-11-07 07:00:00,1,8063.68,8266.79
2013-11-07 07:30:00,1,8197.24,8119.85
2013-11-07 08:00:00,1,8226.85,8114.7
2013-11-07 08:30:00,1,8377.33,8257.92
2013-11-07 09:00:00,1,8422.96,8431.16
2013-11-07 09:30:00,1,8491.86,8535.48
2013-11-07 10:00:00,1,8511.4,8503.2
2013-11-07 10:30:00,1,8536.29,8580.11
2013-11-07 11:00:00,1,8603.67,8671.35
2013-11-07 11:30:00,1,8686.99,8676.44
2013-11-07 12:00:00,1,8761.2,8734.19
2013-11-07 12:30:00,1,8823.2,8828.54
2013-11-07 13:00:00,1,8982.47,8947.01
2013-11-07 13:30:00,1,9141.14,9074.36
2013-11-07 14:00:00,1,9163.65,9202.27
2013-11-07 14:30:00,1,9209.91,9306.86
2013-11-07 15:00:00,1,9345.96,9343.51
2013-11-07 15:30:00,1,9445.94,9459.28
2013-11-07 16:00:00,1,9524.84,9504.48
2013-11-07 16:30:00,1,9502.06,9498.07
2013-11-07 17:00:00,1,9490.21,9454.28
2013-11-07 17:30:00,1,9295.99,9319.95
2013-11-07 18:00:00,1,9211.71,9223.21
2013-11-07 18:30:00,1,9010.27,9058.2
2013-11-07 19:00:00,1,9109.66,9096.87
2013-11-07 19:30:00,1,9088.7,8954.92
2013-11-07 20:00:00,1,8850.85,8914.21
2013-11-07 20:30:00,1,8516.22,8629.31
2013-11-07 21:00:00,1,8200.3,8213.58
2013-11-07 21:30:00,1,8133.64,8090.72
2013-11-07 22:00:00,1,7905.88,7891.61
2013-11-07 22:30:00,1,7788.44,7822.17
2013-11-07 23:00:00,1,7628.23,7633.5
2013-11-07 23:30:00,1,7407.04,7396.29
2013-11-08 00:00:00,1,7286.64,7298.41
2013-11-08 00:30:00,1,7127.14,7105.19
2013-11-08 01:00:00,1,6890.77,6873.58
2013-11-08 01:30:00,1,6522.4,6640.75
2013-11-08 02:00:00,1,6275.85,6362.17
2013-11-08 02:30:00,1,6104.19,6150.95
2013-11-08 03:00:00,1,6063.86,6049.22
2013-11-08 03:30:00,1,6015.03,6037.27
2013-11-08 04:00:00,1,6075.32,6129.49
2013-11-08 04:30:00,1,6330.02,6287.71
2013-11-08 05:00:00,1,6542.46,6529.83
2013-11-08 05:30:00,1,7028.6,7016.76
2013-11-08 06:00:00,1,7510.19,7438.81
2013-11-08 06:30:00,1,7761.23,7845.54
2013-11-08 07:00:00,1,8162.17,8185.48
2013-11-08 07:30:00,1,8309.84,8212.79
2013-11-08 08:00:00,1,8454.26,8402.27
2013-11-08 08:30:00,1,8674.17,8633.1
2013-11-08 09:00:00,1,8841.7,8883.34
2013-11-08 09:30:00,1,8953.19,9003.1
2013-11-08 10:00:00,1,9104.33,9103.76
2013-11-08 10:30:00,1,9228.08,9188.25
2013-11-08 11:00:00,1,9379.56,9383.69
2013-11-08 11:30:00,1,9518.23,9497.05
2013-11-08 12:00:00,1,9598.1,9635.87
2013-11-08 12:30:00,1,9725.33,9809.72
2013-11-08 13:00:00,1,9779.62,9819.89
2013-11-08 13:30:00,1,9885.22,9928.34
2013-11-08 14:00:00,1,9946.09,9935.85
2013-11-08 14:30:00,1,9955.02,9932.39
2013-11-08 15:00:00,1,10047.8,10102.77
2013-11-08 15:30:00,1,10046.98,10156.62
2013-11-08 16:00:00,1,10049.8,10086.65
2013-11-08 16:30:00,1,9957.5,9937.54
2013-11-08 17:00:00,1,9733.22,9741.84
2013-11-08 17:30:00,1,9358.84,9394.23
2013-11-08 18:00:00,1,9212.87,9122.08
2013-11-08 18:30:00,1,9084.84,8957.37
2013-11-08 19:00:00,1,9046.27,8969.86
2013-11-08 19:30:00,1,8887.27,8959.19
2013-11-08 20:00:00,1,8605.53,8811.45
2013-11-08 20:30:00,1,8337.35,8434.38
2013-11-08 21:00:00,1,8067.16,7996.74
2013-11-08 21:30:00,1,8128.8,7948.21
2013-11-08 22:00:00,1,7921.42,7851.92
2013-11-08 22:30:00,1,7817.9,7864.26
2013-11-08 23:00:00,1,7708.21,7673.06
2013-11-08 23:30:00,1,7463.47,7467.34
2013-11-09 00:00:00,1,7331.69,7354.23
2013-11-09 00:30:00,1,7072.31,7095.21
2013-11-09 01:00:00,1,6848.47,6838.12
2013-11-09 01:30:00,1,6428.83,6487.28
2013-11-09 02:00:00,1,6170.89,6259.25
2013-11-09 02:30:00,1,6007.02,6015.71
2013-11-09 03:00:00,1,5916.87,5935.25
2013-11-09 03:30:00,1,5898.96,5908.46
2013-11-09 04:00:00,1,5910.88,5924.93
2013-11-09 04:30:00,1,5955.82,5951.65
2013-11-09 05:00:00,1,6077.25,6014.99
2013-11-09 05:30:00,1,6179.21,6056.65
2013-11-09 06:00:00,1,6333.65,6426.79
2013-11-09 06:30:00,1,6654.01,6608.88
2013-11-09 07:00:00,1,6997.31,6886.59
2013-11-09 07:30:00,1,7286.66,7336.58
2013-11-09 08:00:00,1,7476.79,7719.79
2013-11-09 08:30:00,1,7834.28,7882.56
2013-11-09 09:00:00,1,7893.75,7922.64
2013-11-09 09:30:00,1,8029.59,8109.03
2013-11-09 10:00:00,1,8075.59,8024.14
2013-11-09 10:30:00,1,8131.08,8061.91
2013-11-09 11:00:00,1,8235.64,8200.02
2013-11-09 11:30:00,1,8221.4,8214.37
2013-11-09 12:00:00,1,8320.46,8279.95
2013-11-09 12:30:00,1,8340.33,8281.3
2013-11-09 13:00:00,1,8396.52,8408.23
2013-11-09 13:30:00,1,8386.85,8407.89
2013-11-09 14:00:00,1,8406.93,8435.74
2013-11-09 14:30:00,1,8409.67,8408.62
2013-11-09 15:00:00,1,8286.28,8444.69
2013-11-09 15:30:00,1,8263.94,8421.95
2013-11-09 16:00:00,1,8308.06,8197.17
2013-11-09 16:30:00,1,8145.32,8076.35
2013-11-09 17:00:00,1,8073.7,8108.62
2013-11-09 17:30:00,1,8015.21,8034.17
2013-11-09 18:00:00,1,7828.48,7892.95
2013-11-09 18:30:00,1,7715.97,7777.44
2013-11-09 19:00:00,1,7799.6,7672.92
2013-11-09 19:30:00,1,7733.36,7670.5
2013-11-09 20:00:00,1,7625.88,7579.84
2013-11-09 20:30:00,1,7435.53,7393.73
2013-11-09 21:00:00,1,7199.25,7298.97
2013-11-09 21:30:00,1,7131.4,7223.49
2013-11-09 22:00:00,1,7047.96,7044.45
2013-11-09 22:30:00,1,7042.06,6987.56
2013-11-09 23:00:00,1,6862.16,6821.44
2013-11-09 23:30:00,1,6709.61,6692.52
2013-12-09 00:00:00,1,6750.79,6748.09
2013-12-09 00:30:00,1,6613.83,6622.33
2013-12-09 01:00:00,1,6454.14,6407.91
2013-12-09 01:30:00,1,6167.09,6222.08
2013-12-09 02:00:00,1,6006.71,6024.76
2013-12-09 02:30:00,1,5903.85,5942.08
2013-12-09 03:00:00,1,5873.66,5914.47
2013-12-09 03:30:00,1,5957.7,5963.24
2013-12-09 04:00:00,1,6027.06,6040.86
2013-12-09 04:30:00,1,6263.28,6242.05
2013-12-09 05:00:00,1,6415.51,6457.14
2013-12-09 05:30:00,1,6942.52,6925.26
2013-12-09 06:00:00,1,7372.07,7303.67
2013-12-09 06:30:00,1,7713.64,7815.6
2013-12-09 07:00:00,1,8160.93,8191.1
2013-12-09 07:30:00,1,8375.67,8246.78
2013-12-09 08:00:00,1,8595.41,8525.72
2013-12-09 08:30:00,1,8851.72,8739.52
2013-12-09 09:00:00,1,9002.21,9025.88
2013-12-09 09:30:00,1,9114.93,9158.96
2013-12-09 10:00:00,1,9180.34,9211.99
2013-12-09 10:30:00,1,9223.78,9281.68
2013-12-09 11:00:00,1,9339.0,9336.4
2013-12-09 11:30:00,1,9385.61,9403.7
2013-12-09 12:00:00,1,9421.72,9492.71
2013-12-09 12:30:00,1,9420.64,9533.68
2013-12-09 13:00:00,1,9501.71,9558.76
2013-12-09 13:30:00,1,9760.43,9547.95
2013-12-09 14:00:00,1,9900.15,9680.59
2013-12-09 14:30:00,1,9968.07,9968.76
2013-12-09 15:00:00,1,10006.08,10237.91
2013-12-09 15:30:00,1,10113.74,10255.8
2013-12-09 16:00:00,1,10142.8,10182.35
2013-12-09 16:30:00,1,10007.22,10097.11
2013-12-09 17:00:00,1,9991.11,9909.48
2013-12-09 17:30:00,1,9676.68,9578.41
2013-12-09 18:00:00,1,9528.73,9572.93
2013-12-09 18:30:00,1,9338.07,9194.27
2013-12-09 19:00:00,1,9241.3,9181.33
2013-12-09 19:30:00,1,9286.68,9270.67
2013-12-09 20:00:00,1,9134.7,9196.22
2013-12-09 20:30:00,1,8887.76,9014.58
2013-12-09 21:00:00,1,8514.97,8567.7
2013-12-09 21:30:00,1,8514.1,8446.66
2013-12-09 22:00:00,1,8220.93,8158.21
2013-12-09 22:30:00,1,8028.77,8080.68
2013-12-09 23:00:00,1,7759.69,7788.95
2013-12-09 23:30:00,1,7503.03,7536.67
2013-12-10 00:00:00,1,7388.03,7377.65
2013-12-10 00:30:00,1,7197.89,7157.04
2013-12-10 01:00:00,1,6939.71,6973.19
2013-12-10 01:30:00,1,6625.06,6655.58
2013-12-10 02:00:00,1,6434.18,6392.99
2013-12-10 02:30:00,1,6247.55,6258.93
2013-12-10 03:00:00,1,6137.51,6232.57
2013-12-10 03:30:00,1,6182.86,6221.15
2013-12-10 04:00:00,1,6210.85,6238.12
2013-12-10 04:30:00,1,6444.7,6434.97
2013-12-10 05:00:00,1,6681.49,6642.95
2013-12-10 05:30:00,1,7118.58,7160.6
2013-12-10 06:00:00,1,7575.68,7664.66
2013-12-10 06:30:00,1,7997.95,8115.38
2013-12-10 07:00:00,1,8430.03,8567.77
2013-12-10 07:30:00,1,8720.18,8518.45
2013-12-10 08:00:00,1,8964.9,8814.38
2013-12-10 08:30:00,1,9192.21,9128.91
2013-12-10 09:00:00,1,9310.9,9338.27
2013-12-10 09:30:00,1,9510.08,9468.21
2013-12-10 10:00:00,1,9631.77,9488.17
2013-12-10 10:30:00,1,9610.22,9702.65
2013-12-10 11:00:00,1,9750.02,9805.88
2013-12-10 11:30:00,1,9842.11,9713.64
2013-12-10 12:00:00,1,9818.92,9853.03
2013-12-10 12:30:00,1,9900.29,9963.94
2013-12-10 13:00:00,1,9949.14,9917.58
2013-12-10 13:30:00,1,10022.17,9994.19
2013-12-10 14:00:00,1,10092.91,9970.26
2013-12-10 14:30:00,1,10076.66,10035.57
2013-12-10 15:00:00,1,10213.73,10180.12
2013-12-10 15:30:00,1,10316.59,10220.74
2013-12-10 16:00:00,1,10333.89,10329.18
2013-12-10 16:30:00,1,10316.3,10297.55
2013-12-10 17:00:00,1,10257.07,10150.51
2013-12-10 17:30:00,1,10023.95,9938.51
2013-12-10 18:00:00,1,9819.73,9813.68
2013-12-10 18:30:00,1,9490.63,9583.47
2013-12-10 19:00:00,1,9292.63,9413.35
2013-12-10 19:30:00,1,9310.21,9334.72
2013-12-10 20:00:00,1,9299.55,9155.79
2013-12-10 20:30:00,1,9004.09,8926.71
2013-12-10 21:00:00,1,8644.78,8708.44
2013-12-10 21:30:00,1,8521.0,8618.28
2013-12-10 22:00:00,1,8152.88,8250.59
2013-12-10 22:30:00,1,7982.34,8074.88
2013-12-10 23:00:00,1,7825.56,7758.09
2013-12-10 23:30:00,1,7602.97,7445.65
2013-12-20 00:00:00,1,7534.08,7584.14
2013-12-20 00:30:00,1,7264.43,7312.74
2013-12-20 01:00:00,1,6986.3,7052.75
2013-12-20 01:30:00,1,6679.36,6702.34
2013-12-20 02:00:00,1,6437.05,6415.25
2013-12-20 02:30:00,1,6316.73,6289.33
2013-12-20 03:00:00,1,6198.14,6220.26
2013-12-20 03:30:00,1,6204.62,6229.8
2013-12-20 04:00:00,1,6266.4,6269.87
2013-12-20 04:30:00,1,6501.9,6424.64
2013-12-20 05:00:00,1,6663.1,6674.22
2013-12-20 05:30:00,1,7132.31,7146.35
2013-12-20 06:00:00,1,7517.82,7558.03
2013-12-20 06:30:00,1,7916.47,8007.3
2013-12-20 07:00:00,1,8348.78,8408.41
2013-12-20 07:30:00,1,8730.18,8530.33
2013-12-20 08:00:00,1,8964.48,8788.5
2013-12-20 08:30:00,1,9296.34,9156.18
2013-12-20 09:00:00,1,9573.67,9372.31
2013-12-20 09:30:00,1,9724.49,9775.16
2013-12-20 10:00:00,1,9973.06,9927.68
2013-12-20 10:30:00,1,10202.53,10021.08
2013-12-20 11:00:00,1,10430.56,10366.29
2013-12-20 11:30:00,1,10613.26,10595.64
2013-12-20 12:00:00,1,10791.56,10804.76
2013-12-20 12:30:00,1,10977.49,10951.51
2013-12-20 13:00:00,1,11139.11,11055.65
2013-12-20 13:30:00,1,11296.33,11235.13
2013-12-20 14:00:00,1,11501.47,11407.11
2013-12-20 14:30:00,1,11634.92,11588.85
2013-12-20 15:00:00,1,11687.34,11818.18
2013-12-20 15:30:00,1,11792.17,11925.84
2013-12-20 16:00:00,1,11865.94,11810.76
2013-12-20 16:30:00,1,11916.82,11779.18
2013-12-20 17:00:00,1,11823.39,11571.74
2013-12-20 17:30:00,1,11410.09,11432.01
2013-12-20 18:00:00,1,10947.78,11161.12
2013-12-20 18:30:00,1,11001.38,10858.87
2013-12-20 19:00:00,1,10853.71,10583.86
2013-12-20 19:30:00,1,10805.53,10597.46
2013-12-20 20:00:00,1,10787.37,10814.31
2013-12-20 20:30:00,1,10458.92,10623.27
2013-12-20 21:00:00,1,10076.41,10116.2
2013-12-20 21:30:00,1,9925.29,9858.89
2013-12-20 22:00:00,1,9544.0,9522.75
2013-12-20 22:30:00,1,9215.4,9230.77
2013-12-20 23:00:00,1,8822.96,8884.08
2013-12-20 23:30:00,1,8341.52,8501.99
2013-12-22 00:00:00,1,7155.7,7145.86
2013-12-22 00:30:00,1,6980.24,6976.94
2013-12-22 01:00:00,1,6736.49,6738.13
2013-12-22 01:30:00,1,6415.96,6528.08
2013-12-22 02:00:00,1,6229.63,6274.16
2013-12-22 02:30:00,1,6102.53,6086.21
2013-12-22 03:00:00,1,6023.8,6025.62
2013-12-22 03:30:00,1,5994.66,5987.08
2013-12-22 04:00:00,1,5998.43,5942.07
2013-12-22 04:30:00,1,6036.22,6032.49
2013-12-22 05:00:00,1,6013.71,6039.67
2013-12-22 05:30:00,1,6087.88,6037.93
2013-12-22 06:00:00,1,6235.32,6139.95
2013-12-22 06:30:00,1,6503.89,6346.4
2013-12-22 07:00:00,1,6826.39,6710.09
2013-12-22 07:30:00,1,7179.8,7208.5
2013-12-22 08:00:00,1,7488.45,7484.1
2013-12-22 08:30:00,1,7784.74,7681.76
2013-12-22 09:00:00,1,8027.68,7965.83
2013-12-22 09:30:00,1,8251.39,8204.36
2013-12-22 10:00:00,1,8431.27,8374.18
2013-12-22 10:30:00,1,8682.15,8537.02
2013-12-22 11:00:00,1,8896.29,8793.73
2013-12-22 11:30:00,1,9099.48,9034.85
2013-12-22 12:00:00,1,9356.05,9229.11
2013-12-22 12:30:00,1,9572.54,9407.48
2013-12-22 13:00:00,1,9747.18,9674.21
2013-12-22 13:30:00,1,9926.96,9940.37
2013-12-22 14:00:00,1,10031.29,10084.18
2013-12-22 14:30:00,1,10125.18,10262.76
2013-12-22 15:00:00,1,10264.05,10275.51
2013-12-22 15:30:00,1,10323.65,10299.98
2013-12-22 16:00:00,1,10459.47,10362.28
2013-12-22 16:30:00,1,10474.84,10335.87
2013-12-22 17:00:00,1,10546.32,10437.89
2013-12-22 17:30:00,1,10525.94,10383.81
2013-12-22 18:00:00,1,10484.2,10221.63
2013-12-22 18:30:00,1,10332.02,10116.49
2013-12-22 19:00:00,1,10228.15,10108.83
2013-12-22 19:30:00,1,10191.04,10171.4
2013-12-22 20:00:00,1,10198.57,10284.11
2013-12-22 20:30:00,1,10003.88,9965.14
2013-12-22 21:00:00,1,9717.09,9549.1
2013-12-22 21:30:00,1,9446.54,9262.23
2013-12-22 22:00:00,1,9031.04,8918.81
2013-12-22 22:30:00,1,8714.48,8635.36
2013-12-22 23:00:00,1,8226.38,8229.54
2013-12-22 23:30:00,1,7847.18,7951.88
2013-12-23 00:00:00,1,7614.1,7755.58
2013-12-23 00:30:00,1,7403.1,7472.28
2013-12-23 01:00:00,1,7193.18,7118.11
2013-12-23 01:30:00,1,6830.08,6866.22
2013-12-23 02:00:00,1,6614.07,6700.72
2013-12-23 02:30:00,1,6488.86,6553.11
2013-12-23 03:00:00,1,6419.54,6505.17
2013-12-23 03:30:00,1,6374.05,6473.41
2013-12-23 04:00:00,1,6395.46,6429.15
2013-12-23 04:30:00,1,6553.02,6569.25
2013-12-23 05:00:00,1,6677.17,6669.02
2013-12-23 05:30:00,1,6986.5,6992.81
2013-12-23 06:00:00,1,7320.33,7426.31
2013-12-23 06:30:00,1,7736.54,7879.24
2013-12-23 07:00:00,1,8148.82,8412.59
2013-12-23 07:30:00,1,8526.86,8439.35
2013-12-23 08:00:00,1,8889.67,8757.22
2013-12-23 08:30:00,1,9305.78,9179.51
2013-12-23 09:00:00,1,9584.12,9553.86
2013-12-23 09:30:00,1,9774.59,9708.75
2013-12-23 10:00:00,1,9963.79,9872.69
2013-12-23 10:30:00,1,10046.76,10065.14
2013-12-23 11:00:00,1,10177.95,10221.6
2013-12-23 11:30:00,1,10211.63,10272.91
2013-12-23 12:00:00,1,10291.0,10303.68
2013-12-23 12:30:00,1,10418.57,10328.44
2013-12-23 13:00:00,1,10457.39,10419.93
2013-12-23 13:30:00,1,10370.68,10485.78
2013-12-23 14:00:00,1,10414.62,10514.07
2013-12-23 14:30:00,1,10457.09,10376.22
2013-12-23 15:00:00,1,10442.12,10440.81
2013-12-23 15:30:00,1,10343.71,10597.05
2013-12-23 16:00:00,1,10345.22,10418.16
2013-12-23 16:30:00,1,10156.29,10091.27
2013-12-23 17:00:00,1,9982.81,10004.19
2013-12-23 17:30:00,1,9670.63,9679.62
2013-12-23 18:00:00,1,9470.17,9463.58
2013-12-23 18:30:00,1,9293.4,9253.76
2013-12-23 19:00:00,1,9097.85,9023.27
2013-12-23 19:30:00,1,8988.7,9009.51
2013-12-23 20:00:00,1,8906.93,9034.6
2013-12-23 20:30:00,1,8671.44,8770.73
2013-12-23 21:00:00,1,8392.59,8382.37
2013-12-23 21:30:00,1,8357.8,8307.16
2013-12-23 22:00:00,1,8098.61,8047.82
2013-12-23 22:30:00,1,7955.58,7906.22
2013-12-23 23:00:00,1,7709.66,7713.87
2013-12-23 23:30:00,1,7429.3,7465.56
2014-01-02 00:00:00,1,6662.73,6642.58
2014-01-02 00:30:00,1,6468.34,6496.3
2014-01-02 01:00:00,1,6261.57,6251.3
2014-01-02 01:30:00,1,5968.8,5977.21
2014-01-02 02:00:00,1,5779.25,5720.92
2014-01-02 02:30:00,1,5628.16,5605.29
2014-01-02 03:00:00,1,5666.42,5587.34
2014-01-02 03:30:00,1,5679.12,5589.5
2014-01-02 04:00:00,1,5704.67,5675.84
2014-01-02 04:30:00,1,5837.21,5803.33
2014-01-02 05:00:00,1,5943.18,5883.78
2014-01-02 05:30:00,1,6177.8,6142.24
2014-01-02 06:00:00,1,6442.13,6463.21
2014-01-02 06:30:00,1,6719.98,6689.53
2014-01-02 07:00:00,1,7098.93,6994.33
2014-01-02 07:30:00,1,7450.78,7280.13
2014-01-02 08:00:00,1,7798.44,7720.59
2014-01-02 08:30:00,1,8079.39,8018.36
2014-01-02 09:00:00,1,8323.89,8302.82
2014-01-02 09:30:00,1,8625.91,8492.78
2014-01-02 10:00:00,1,8859.01,8704.49
2014-01-02 10:30:00,1,9062.05,9018.99
2014-01-02 11:00:00,1,9196.69,9264.32
2014-01-02 11:30:00,1,9302.51,9486.65
2014-01-02 12:00:00,1,9466.27,9507.0
2014-01-02 12:30:00,1,9642.49,9555.16
2014-01-02 13:00:00,1,9755.79,9666.03
2014-01-02 13:30:00,1,9800.7,9847.27
2014-01-02 14:00:00,1,9811.47,10015.18
2014-01-02 14:30:00,1,9774.58,9851.1
2014-01-02 15:00:00,1,9726.61,9838.16
2014-01-02 15:30:00,1,9668.02,9841.1
2014-01-02 16:00:00,1,9575.57,9748.31
2014-01-02 16:30:00,1,9508.25,9545.07
2014-01-02 17:00:00,1,9447.79,9293.52
2014-01-02 17:30:00,1,9198.89,9106.59
2014-01-02 18:00:00,1,9051.96,8952.83
2014-01-02 18:30:00,1,8805.7,8785.28
2014-01-02 19:00:00,1,8647.03,8734.63
2014-01-02 19:30:00,1,8655.11,8664.15
2014-01-02 20:00:00,1,8618.43,8624.51
2014-01-02 20:30:00,1,8381.97,8483.37
2014-01-02 21:00:00,1,8092.8,8219.17
2014-01-02 21:30:00,1,8097.01,8046.41
2014-01-02 22:00:00,1,7870.25,7838.57
2014-01-02 22:30:00,1,7744.5,7784.95
2014-01-02 23:00:00,1,7596.11,7571.89
2014-01-02 23:30:00,1,7416.42,7336.54
2014-01-06 00:00:00,1,6749.71,6786.35
2014-01-06 00:30:00,1,6560.68,6577.88
2014-01-06 01:00:00,1,6370.15,6341.76
2014-01-06 01:30:00,1,6129.32,6135.57
2014-01-06 02:00:00,1,5975.21,5960.72
2014-01-06 02:30:00,1,5884.3,5902.62
2014-01-06 03:00:00,1,5822.19,5891.74
2014-01-06 03:30:00,1,5877.17,5911.73
2014-01-06 04:00:00,1,5885.86,5903.48
2014-01-06 04:30:00,1,6045.63,6054.93
2014-01-06 05:00:00,1,6184.42,6130.12
2014-01-06 05:30:00,1,6493.9,6439.22
2014-01-06 06:00:00,1,6818.66,6772.65
2014-01-06 06:30:00,1,7152.68,7129.49
2014-01-06 07:00:00,1,7548.45,7464.26
2014-01-06 07:30:00,1,7893.93,7813.27
2014-01-06 08:00:00,1,8152.49,8159.55
2014-01-06 08:30:00,1,8358.82,8401.21
2014-01-06 09:00:00,1,8456.88,8552.88
2014-01-06 09:30:00,1,8510.56,8521.93
2014-01-06 10:00:00,1,8505.51,8556.07
2014-01-06 10:30:00,1,8546.47,8552.38
2014-01-06 11:00:00,1,8547.52,8547.97
2014-01-06 11:30:00,1,8649.01,8616.07
2014-01-06 12:00:00,1,8724.81,8656.27
2014-01-06 12:30:00,1,8760.01,8765.7
2014-01-06 13:00:00,1,8837.21,8871.37
2014-01-06 13:30:00,1,8905.88,8902.99
2014-01-06 14:00:00,1,8986.12,8988.59
2014-01-06 14:30:00,1,9055.08,9019.09
2014-01-06 15:00:00,1,9088.62,9096.31
2014-01-06 15:30:00,1,9194.2,9150.48
2014-01-06 16:00:00,1,9245.2,9217.7
2014-01-06 16:30:00,1,9222.02,9258.06
2014-01-06 17:00:00,1,9194.77,9164.19
2014-01-06 17:30:00,1,8911.45,8960.98
2014-01-06 18:00:00,1,8791.17,8849.83
2014-01-06 18:30:00,1,8507.62,8548.53
2014-01-06 19:00:00,1,8334.4,8374.83
2014-01-06 19:30:00,1,8264.62,8249.8
2014-01-06 20:00:00,1,8358.0,8211.65
2014-01-06 20:30:00,1,8219.83,8087.56
2014-01-06 21:00:00,1,7996.47,7949.5
2014-01-06 21:30:00,1,7942.86,7957.52
2014-01-06 22:00:00,1,7760.95,7802.95
2014-01-06 22:30:00,1,7672.28,7658.34
2014-01-06 23:00:00,1,7502.47,7465.75
2014-01-06 23:30:00,1,7295.62,7294.51
2014-01-11 00:00:00,1,7345.32,7392.62
2014-01-11 00:30:00,1,7098.36,7121.25
2014-01-11 01:00:00,1,6801.48,6833.79
2014-01-11 01:30:00,1,6507.57,6510.48
2014-01-11 02:00:00,1,6247.58,6245.12
2014-01-11 02:30:00,1,6096.16,6129.74
2014-01-11 03:00:00,1,6012.05,6043.29
2014-01-11 03:30:00,1,5948.73,6007.06
2014-01-11 04:00:00,1,5977.43,5973.24
2014-01-11 04:30:00,1,6037.09,6014.44
2014-01-11 05:00:00,1,6043.27,6109.01
2014-01-11 05:30:00,1,6136.1,6141.65
2014-01-11 06:00:00,1,6284.02,6249.98
2014-01-11 06:30:00,1,6502.79,6509.26
2014-01-11 07:00:00,1,6809.15,6827.06
2014-01-11 07:30:00,1,7163.47,7167.75
2014-01-11 08:00:00,1,7455.87,7448.01
2014-01-11 08:30:00,1,7771.24,7729.67
2014-01-11 09:00:00,1,7847.82,7859.36
2014-01-11 09:30:00,1,8023.3,8001.8
2014-01-11 10:00:00,1,8119.18,8079.97
2014-01-11 10:30:00,1,8200.75,8183.04
2014-01-11 11:00:00,1,8278.83,8291.13
2014-01-11 11:30:00,1,8373.4,8319.0
2014-01-11 12:00:00,1,8503.18,8412.46
2014-01-11 12:30:00,1,8610.62,8560.08
2014-01-11 13:00:00,1,8707.63,8721.42
2014-01-11 13:30:00,1,8796.15,8810.8
2014-01-11 14:00:00,1,8902.47,8888.52
2014-01-11 14:30:00,1,9064.86,8972.87
2014-01-11 15:00:00,1,9198.82,9102.94
2014-01-11 15:30:00,1,9219.34,9290.23
2014-01-11 16:00:00,1,9235.59,9358.77
2014-01-11 16:30:00,1,9158.73,9248.96
2014-01-11 17:00:00,1,9125.06,9107.57
2014-01-11 17:30:00,1,9006.63,8973.31
2014-01-11 18:00:00,1,8928.22,8846.47
2014-01-11 18:30:00,1,8700.21,8709.67
2014-01-11 19:00:00,1,8482.05,8596.23
2014-01-11 19:30:00,1,8437.12,8500.9
2014-01-11 20:00:00,1,8458.91,8476.46
2014-01-11 20:30:00,1,8308.91,8405.45
2014-01-11 21:00:00,1,8123.04,8204.07
2014-01-11 21:30:00,1,8073.61,8084.36
2014-01-11 22:00:00,1,7861.75,7903.14
2014-01-11 22:30:00,1,7716.54,7768.08
2014-01-11 23:00:00,1,7441.77,7448.13
2014-01-11 23:30:00,1,7144.7,7190.41
2014-01-15 00:00:00,1,7756.39,7789.24
2014-01-15 00:30:00,1,7586.55,7615.35
2014-01-15 01:00:00,1,7305.39,7261.4
2014-01-15 01:30:00,1,6997.26,7039.8
2014-01-15 02:00:00,1,6738.6,6771.77
2014-01-15 02:30:00,1,6554.06,6639.77
2014-01-15 03:00:00,1,6545.54,6540.25
2014-01-15 03:30:00,1,6545.11,6480.35
2014-01-15 04:00:00,1,6571.06,6538.24
2014-01-15 04:30:00,1,6742.36,6753.0
2014-01-15 05:00:00,1,6921.35,6987.64
2014-01-15 05:30:00,1,7284.05,7288.17
2014-01-15 06:00:00,1,7701.23,7635.36
2014-01-15 06:30:00,1,8162.29,8026.4
2014-01-15 07:00:00,1,8554.06,8453.22
2014-01-15 07:30:00,1,8711.89,8959.55
2014-01-15 08:00:00,1,9051.56,9286.6
2014-01-15 08:30:00,1,9459.34,9387.6
2014-01-15 09:00:00,1,9873.55,9612.4
2014-01-15 09:30:00,1,10006.31,9719.96
2014-01-15 10:00:00,1,10221.04,10093.71
2014-01-15 10:30:00,1,10314.87,10332.07
2014-01-15 11:00:00,1,10405.93,10600.95
2014-01-15 11:30:00,1,10505.56,10643.98
2014-01-15 12:00:00,1,10726.3,10604.84
2014-01-15 12:30:00,1,10939.33,10778.22
2014-01-15 13:00:00,1,11119.07,11038.8
2014-01-15 13:30:00,1,11282.68,11282.05
2014-01-15 14:00:00,1,11414.3,11420.38
2014-01-15 14:30:00,1,11538.95,11511.23
2014-01-15 15:00:00,1,11682.45,11662.7
2014-01-15 15:30:00,1,11726.23,11797.88
2014-01-15 16:00:00,1,11801.11,11895.52
2014-01-15 16:30:00,1,11758.49,11709.54
2014-01-15 17:00:00,1,11686.9,11497.9
2014-01-15 17:30:00,1,11317.12,11342.24
2014-01-15 18:00:00,1,11183.74,11077.63
2014-01-15 18:30:00,1,10851.0,10712.44
2014-01-15 19:00:00,1,10507.53,10687.71
2014-01-15 19:30:00,1,10307.28,10438.43
2014-01-15 20:00:00,1,10229.66,10252.32
2014-01-15 20:30:00,1,10032.09,10023.0
2014-01-15 21:00:00,1,9621.51,9593.51
2014-01-15 21:30:00,1,9446.07,9501.34
2014-01-15 22:00:00,1,9039.95,9088.69
2014-01-15 22:30:00,1,8795.29,8769.63
2014-01-15 23:00:00,1,8497.36,8449.2
2014-01-15 23:30:00,1,8209.59,8119.04
2014-01-16 00:00:00,1,7912.91,7932.82
2014-01-16 00:30:00,1,7633.64,7758.82
2014-01-16 01:00:00,1,7358.91,7414.73
2014-01-16 01:30:00,1,7044.42,7094.26
2014-01-16 02:00:00,1,6843.8,6839.46
2014-01-16 02:30:00,1,6711.11,6683.4
2014-01-16 03:00:00,1,6657.23,6634.28
2014-01-16 03:30:00,1,6625.95,6637.35
2014-01-16 04:00:00,1,6663.09,6661.43
2014-01-16 04:30:00,1,6847.55,6820.25
2014-01-16 05:00:00,1,7012.75,7047.01
2014-01-16 05:30:00,1,7427.52,7458.55
2014-01-16 06:00:00,1,7792.52,7731.77
2014-01-16 06:30:00,1,8227.63,8145.92
2014-01-16 07:00:00,1,8746.56,8537.25
2014-01-16 07:30:00,1,9084.07,8718.97
2014-01-16 08:00:00,1,9477.11,9082.16
2014-01-16 08:30:00,1,9833.61,9515.09
2014-01-16 09:00:00,1,10049.54,9917.72
2014-01-16 09:30:00,1,10259.31,10119.9
2014-01-16 10:00:00,1,10443.93,10326.86
2014-01-16 10:30:00,1,10575.46,10593.4
2014-01-16 11:00:00,1,10735.26,10815.96
2014-01-16 11:30:00,1,10870.17,10851.81
2014-01-16 12:00:00,1,11056.05,11022.07
2014-01-16 12:30:00,1,11227.52,11287.91
2014-01-16 13:00:00,1,11363.96,11388.38
2014-01-16 13:30:00,1,11439.6,11440.21
2014-01-16 14:00:00,1,11564.07,11572.4
2014-01-16 14:30:00,1,11657.4,11553.7
2014-01-16 15:00:00,1,11769.43,11721.18
2014-01-16 15:30:00,1,11771.84,11881.37
2014-01-16 16:00:00,1,11845.77,11866.81
2014-01-16 16:30:00,1,11784.48,11684.14
2014-01-16 17:00:00,1,11768.2,11563.35
2014-01-16 17:30:00,1,11420.84,11270.02
2014-01-16 18:00:00,1,11285.98,11268.83
2014-01-16 18:30:00,1,10942.3,10881.93
2014-01-16 19:00:00,1,10633.74,10757.05
2014-01-16 19:30:00,1,10364.16,10557.69
2014-01-16 20:00:00,1,10339.88,10369.15
2014-01-16 20:30:00,1,10002.59,10056.76
2014-01-16 21:00:00,1,9608.0,9665.81
2014-01-16 21:30:00,1,9422.33,9393.69
2014-01-16 22:00:00,1,9063.07,9034.2
2014-01-16 22:30:00,1,8750.91,8816.07
2014-01-16 23:00:00,1,8451.88,8459.43
2014-01-16 23:30:00,1,8160.21,8081.88
2014-01-18 00:00:00,1,7839.4,7861.6
2014-01-18 00:30:00,1,7568.36,7594.8
2014-01-18 01:00:00,1,7247.04,7283.25
2014-01-18 01:30:00,1,6856.99,6951.5
2014-01-18 02:00:00,1,6645.89,6671.03
2014-01-18 02:30:00,1,6492.05,6472.84
2014-01-18 03:00:00,1,6418.01,6414.99
2014-01-18 03:30:00,1,6389.22,6379.45
2014-01-18 04:00:00,1,6375.41,6356.3
2014-01-18 04:30:00,1,6418.14,6402.77
2014-01-18 05:00:00,1,6481.77,6495.75
2014-01-18 05:30:00,1,6576.2,6593.41
2014-01-18 06:00:00,1,6679.87,6724.22
2014-01-18 06:30:00,1,6981.41,6972.28
2014-01-18 07:00:00,1,7320.99,7207.22
2014-01-18 07:30:00,1,7710.1,7726.3
2014-01-18 08:00:00,1,8017.41,7989.18
2014-01-18 08:30:00,1,8340.23,8254.85
2014-01-18 09:00:00,1,8483.71,8471.26
2014-01-18 09:30:00,1,8682.05,8538.54
2014-01-18 10:00:00,1,8846.03,8735.65
2014-01-18 10:30:00,1,9020.62,8920.08
2014-01-18 11:00:00,1,9189.37,9163.76
2014-01-18 11:30:00,1,9315.38,9290.94
2014-01-18 12:00:00,1,9582.72,9487.63
2014-01-18 12:30:00,1,9797.59,9689.06
2014-01-18 13:00:00,1,9967.66,9963.64
2014-01-18 13:30:00,1,10146.39,10127.02
2014-01-18 14:00:00,1,10270.05,10253.5
2014-01-18 14:30:00,1,10422.51,10462.33
2014-01-18 15:00:00,1,10499.93,10437.78
2014-01-18 15:30:00,1,10401.62,10538.94
2014-01-18 16:00:00,1,10395.94,10552.0
2014-01-18 16:30:00,1,10282.65,10329.79
2014-01-18 17:00:00,1,10254.7,10223.7
2014-01-18 17:30:00,1,10127.37,10066.43
2014-01-18 18:00:00,1,9982.24,9954.59
2014-01-18 18:30:00,1,9693.62,9688.02
2014-01-18 19:00:00,1,9465.9,9557.72
2014-01-18 19:30:00,1,9349.63,9441.7
2014-01-18 20:00:00,1,9284.76,9334.64
2014-01-18 20:30:00,1,9066.98,9202.78
2014-01-18 21:00:00,1,8831.33,8868.73
2014-01-18 21:30:00,1,8665.04,8705.81
2014-01-18 22:00:00,1,8374.22,8421.43
2014-01-18 22:30:00,1,8190.32,8200.47
2014-01-18 23:00:00,1,7895.07,7825.97
2014-01-18 23:30:00,1,7565.07,7543.22
2014-01-29 00:00:00,1,7456.63,7457.2
2014-01-29 00:30:00,1,7238.87,7264.06
2014-01-29 01:00:00,1,6984.04,7044.0
2014-01-29 01:30:00,1,6677.72,6731.86
2014-01-29 02:00:00,1,6465.33,6482.39
2014-01-29 02:30:00,1,6341.77,6327.32
2014-01-29 03:00:00,1,6299.62,6268.82
2014-01-29 03:30:00,1,6320.94,6308.39
2014-01-29 04:00:00,1,6368.78,6365.52
2014-01-29 04:30:00,1,6519.86,6555.9
2014-01-29 05:00:00,1,6752.41,6760.01
2014-01-29 05:30:00,1,7177.53,7209.78
2014-01-29 06:00:00,1,7558.71,7631.46
2014-01-29 06:30:00,1,7999.75,7971.99
2014-01-29 07:00:00,1,8435.8,8391.78
2014-01-29 07:30:00,1,8681.51,8617.01
2014-01-29 08:00:00,1,8863.71,8824.14
2014-01-29 08:30:00,1,9070.18,8995.37
2014-01-29 09:00:00,1,9253.0,9172.03
2014-01-29 09:30:00,1,9389.14,9298.18
2014-01-29 10:00:00,1,9519.49,9515.17
2014-01-29 10:30:00,1,9630.18,9639.36
2014-01-29 11:00:00,1,9735.8,9808.31
2014-01-29 11:30:00,1,9929.3,9911.49
2014-01-29 12:00:00,1,10117.46,10039.52
2014-01-29 12:30:00,1,10339.25,10268.31
2014-01-29 13:00:00,1,10535.75,10433.21
2014-01-29 13:30:00,1,10679.2,10708.15
2014-01-29 14:00:00,1,10784.44,10867.13
2014-01-29 14:30:00,1,10916.86,10956.43
2014-01-29 15:00:00,1,11108.95,11015.04
2014-01-29 15:30:00,1,11276.07,11162.33
2014-01-29 16:00:00,1,11278.09,11374.49
2014-01-29 16:30:00,1,11162.12,11341.86
2014-01-29 17:00:00,1,11059.7,11087.55
2014-01-29 17:30:00,1,10728.16,10730.95
2014-01-29 18:00:00,1,10541.81,10524.0
2014-01-29 18:30:00,1,10193.04,10235.5
2014-01-29 19:00:00,1,9834.66,9995.8
2014-01-29 19:30:00,1,9714.59,9876.99
2014-01-29 20:00:00,1,9654.52,9596.96
2014-01-29 20:30:00,1,9377.85,9331.83
2014-01-29 21:00:00,1,8944.82,9001.22
2014-01-29 21:30:00,1,8760.01,8819.93
2014-01-29 22:00:00,1,8370.44,8479.22
2014-01-29 22:30:00,1,8156.08,8190.36
2014-01-29 23:00:00,1,7893.39,7877.6
2014-01-29 23:30:00,1,7644.59,7609.43
2014-01-31 00:00:00,1,7690.29,7656.86
2014-01-31 00:30:00,1,7420.64,7457.92
2014-01-31 01:00:00,1,7185.73,7222.1
2014-01-31 01:30:00,1,6834.16,6899.65
2014-01-31 02:00:00,1,6591.35,6675.81
2014-01-31 02:30:00,1,6427.85,6511.04
2014-01-31 03:00:00,1,6401.43,6426.64
2014-01-31 03:30:00,1,6413.36,6402.76
2014-01-31 04:00:00,1,6483.04,6472.96
2014-01-31 04:30:00,1,6648.46,6652.5
2014-01-31 05:00:00,1,6876.04,6889.54
2014-01-31 05:30:00,1,7355.92,7296.25
2014-01-31 06:00:00,1,7783.32,7701.2
2014-01-31 06:30:00,1,8129.99,8158.99
2014-01-31 07:00:00,1,8547.76,8523.19
2014-01-31 07:30:00,1,8735.65,8698.32
2014-01-31 08:00:00,1,8934.94,8935.39
2014-01-31 08:30:00,1,9212.1,9101.1
2014-01-31 09:00:00,1,9361.56,9319.97
2014-01-31 09:30:00,1,9474.68,9467.23
2014-01-31 10:00:00,1,9612.85,9593.15
2014-01-31 10:30:00,1,9716.8,9748.82
2014-01-31 11:00:00,1,9849.15,9900.83
2014-01-31 11:30:00,1,10059.87,9986.29
2014-01-31 12:00:00,1,10155.6,10110.7
2014-01-31 12:30:00,1,10273.64,10394.11
2014-01-31 13:00:00,1,10482.28,10482.28
2014-01-31 13:30:00,1,10615.45,10521.09
2014-01-31 14:00:00,1,10834.61,10765.4
2014-01-31 14:30:00,1,10920.51,10816.58
2014-01-31 15:00:00,1,11068.0,11110.11
2014-01-31 15:30:00,1,11195.4,11222.73
2014-01-31 16:00:00,1,11335.48,11405.84
2014-01-31 16:30:00,1,11325.81,11311.49
2014-01-31 17:00:00,1,11186.46,11211.52
2014-01-31 17:30:00,1,10827.01,10853.4
2014-01-31 18:00:00,1,10653.74,10503.16
2014-01-31 18:30:00,1,10267.36,10262.67
2014-01-31 19:00:00,1,9965.78,10120.69
2014-01-31 19:30:00,1,9868.69,9935.68
2014-01-31 20:00:00,1,9747.8,9799.33
2014-01-31 20:30:00,1,9529.6,9505.81
2014-01-31 21:00:00,1,9164.05,9124.2
2014-01-31 21:30:00,1,9090.29,9075.49
2014-01-31 22:00:00,1,8677.41,8765.86
2014-01-31 22:30:00,1,8528.96,8615.3
2014-01-31 23:00:00,1,8234.53,8284.95
2014-01-31 23:30:00,1,7881.6,8001.36
2014-02-26 00:00:00,1,7378.27,7390.21
2014-02-26 00:30:00,1,7189.75,7190.13
2014-02-26 01:00:00,1,6938.74,6976.39
2014-02-26 01:30:00,1,6615.99,6703.51
2014-02-26 02:00:00,1,6367.61,6476.43
2014-02-26 02:30:00,1,6255.74,6267.28
2014-02-26 03:00:00,1,6189.13,6195.82
2014-02-26 03:30:00,1,6177.02,6203.54
2014-02-26 04:00:00,1,6292.39,6252.6
2014-02-26 04:30:00,1,6521.93,6464.37
2014-02-26 05:00:00,1,6787.97,6820.73
2014-02-26 05:30:00,1,7355.51,7382.1
2014-02-26 06:00:00,1,7726.19,7762.21
2014-02-26 06:30:00,1,8145.74,8188.59
2014-02-26 07:00:00,1,8479.88,8467.05
2014-02-26 07:30:00,1,8668.42,8678.21
2014-02-26 08:00:00,1,8815.74,8762.43
2014-02-26 08:30:00,1,9023.07,8956.46
2014-02-26 09:00:00,1,9158.09,9133.86
2014-02-26 09:30:00,1,9195.76,9269.14
2014-02-26 10:00:00,1,9274.46,9257.18
2014-02-26 10:30:00,1,9327.27,9247.38
2014-02-26 11:00:00,1,9491.97,9349.45
2014-02-26 11:30:00,1,9480.41,9452.69
2014-02-26 12:00:00,1,9597.68,9649.55
2014-02-26 12:30:00,1,9704.15,9687.46
2014-02-26 13:00:00,1,9808.7,9825.27
2014-02-26 13:30:00,1,9991.76,9939.05
2014-02-26 14:00:00,1,10046.37,10001.39
2014-02-26 14:30:00,1,10011.94,10142.97
2014-02-26 15:00:00,1,10029.28,10227.1
2014-02-26 15:30:00,1,10104.69,10184.02
2014-02-26 16:00:00,1,10113.55,10127.68
2014-02-26 16:30:00,1,10061.95,10090.14
2014-02-26 17:00:00,1,9893.53,9813.81
2014-02-26 17:30:00,1,9624.76,9657.94
2014-02-26 18:00:00,1,9480.82,9439.06
2014-02-26 18:30:00,1,9198.99,9280.2
2014-02-26 19:00:00,1,9207.99,9183.7
2014-02-26 19:30:00,1,9112.44,9105.24
2014-02-26 20:00:00,1,8853.84,9050.01
2014-02-26 20:30:00,1,8624.01,8644.95
2014-02-26 21:00:00,1,8370.89,8260.98
2014-02-26 21:30:00,1,8311.98,8236.76
2014-02-26 22:00:00,1,8056.0,8095.64
2014-02-26 22:30:00,1,7968.34,7962.21
2014-02-26 23:00:00,1,7805.1,7758.58
2014-02-26 23:30:00,1,7543.76,7569.94
2014-09-29 00:00:00,1,6617.48,6678.75
2014-09-29 00:30:00,1,6479.51,6553.35
2014-09-29 01:00:00,1,6285.44,6313.09
2014-09-29 01:30:00,1,6160.87,6131.12
2014-09-29 02:00:00,1,6041.41,6025.65
2014-09-29 02:30:00,1,5798.66,5819.4
2014-09-29 03:00:00,1,5600.71,5664.15
2014-09-29 03:30:00,1,5533.57,5580.64
2014-09-29 04:00:00,1,5491.05,5540.31
2014-09-29 04:30:00,1,5512.4,5514.5
2014-09-29 05:00:00,1,5566.74,5607.83
2014-09-29 05:30:00,1,5847.26,5832.78
2014-09-29 06:00:00,1,6129.53,6043.23
2014-09-29 06:30:00,1,6603.39,6574.46
2014-09-29 07:00:00,1,6985.41,7030.75
2014-09-29 07:30:00,1,7162.03,7296.42
2014-09-29 08:00:00,1,7347.92,7470.66
2014-09-29 08:30:00,1,7513.0,7699.27
2014-09-29 09:00:00,1,7657.25,7801.74
2014-09-29 09:30:00,1,7799.0,7839.7
2014-09-29 10:00:00,1,7865.94,7887.27
2014-09-29 10:30:00,1,7905.75,7948.2
2014-09-29 11:00:00,1,7901.36,7947.1
2014-09-29 11:30:00,1,7872.09,7945.79
2014-09-29 12:00:00,1,7886.63,7989.5
2014-09-29 12:30:00,1,7939.66,8024.05
2014-09-29 13:00:00,1,7939.74,8003.93
2014-09-29 13:30:00,1,7999.98,8059.98
2014-09-29 14:00:00,1,7985.24,8157.65
2014-09-29 14:30:00,1,8097.19,8152.31
2014-09-29 15:00:00,1,8135.19,8238.32
2014-09-29 15:30:00,1,8156.79,8182.94
2014-09-29 16:00:00,1,8240.03,8279.7
2014-09-29 16:30:00,1,8337.06,8280.8
2014-09-29 17:00:00,1,8401.38,8342.66
2014-09-29 17:30:00,1,8440.49,8343.44
2014-09-29 18:00:00,1,8533.85,8575.83
2014-09-29 18:30:00,1,8786.69,8882.61
2014-09-29 19:00:00,1,8842.28,8978.27
2014-09-29 19:30:00,1,8533.46,8534.73
2014-09-29 20:00:00,1,8271.11,8308.55
2014-09-29 20:30:00,1,8053.93,8162.1
2014-09-29 21:00:00,1,7980.69,7911.9
2014-09-29 21:30:00,1,7801.96,7690.62
2014-09-29 22:00:00,1,7555.01,7473.19
2014-09-29 22:30:00,1,7619.4,7617.01
2014-09-29 23:00:00,1,7444.8,7500.78
2014-09-29 23:30:00,1,7502.14,7418.12
2014-09-30 00:00:00,1,7403.29,7394.75
2014-09-30 00:30:00,1,7177.88,7236.37
2014-09-30 01:00:00,1,7032.44,7051.98
2014-09-30 01:30:00,1,6828.23,6833.08
2014-09-30 02:00:00,1,6616.19,6623.59
2014-09-30 02:30:00,1,6295.97,6362.4
2014-09-30 03:00:00,1,6022.25,6145.17
2014-09-30 03:30:00,1,5854.05,5986.43
2014-09-30 04:00:00,1,5814.48,5860.38
2014-09-30 04:30:00,1,5817.24,5778.32
2014-09-30 05:00:00,1,5880.03,5876.02
2014-09-30 05:30:00,1,6089.86,6170.65
2014-09-30 06:00:00,1,6315.65,6328.09
2014-09-30 06:30:00,1,6769.02,6763.79
2014-09-30 07:00:00,1,7191.33,7081.91
2014-09-30 07:30:00,1,7347.81,7291.72
2014-09-30 08:00:00,1,7623.24,7516.4
2014-09-30 08:30:00,1,7730.09,7708.0
2014-09-30 09:00:00,1,7836.86,7850.81
2014-09-30 09:30:00,1,7985.81,7965.56
2014-09-30 10:00:00,1,8077.39,7977.59
2014-09-30 10:30:00,1,8120.69,8050.81
2014-09-30 11:00:00,1,8147.82,8216.88
2014-09-30 11:30:00,1,8082.0,8190.77
2014-09-30 12:00:00,1,8076.18,8146.91
2014-09-30 12:30:00,1,8092.18,8248.17
2014-09-30 13:00:00,1,8210.25,8185.74
2014-09-30 13:30:00,1,8227.69,8138.52
2014-09-30 14:00:00,1,8289.36,8261.96
2014-09-30 14:30:00,1,8338.34,8473.25
2014-09-30 15:00:00,1,8422.41,8526.2
2014-09-30 15:30:00,1,8440.84,8530.74
2014-09-30 16:00:00,1,8533.04,8538.03
2014-09-30 16:30:00,1,8593.94,8557.12
2014-09-30 17:00:00,1,8640.14,8553.41
2014-09-30 17:30:00,1,8619.45,8546.44
2014-09-30 18:00:00,1,8668.66,8702.99
2014-09-30 18:30:00,1,8850.63,9074.35
2014-09-30 19:00:00,1,8975.59,9121.94
2014-09-30 19:30:00,1,8640.56,8703.27
2014-09-30 20:00:00,1,8401.07,8395.57
2014-09-30 20:30:00,1,8170.87,8264.41
2014-09-30 21:00:00,1,7935.29,7967.61
2014-09-30 21:30:00,1,7674.21,7769.68
2014-09-30 22:00:00,1,7540.08,7505.79
2014-09-30 22:30:00,1,7559.78,7516.52
2014-09-30 23:00:00,1,7117.37,7361.45
2014-09-30 23:30:00,1,7215.43,7340.61
2014-10-05 00:00:00,1,6855.0,6844.36
2014-10-05 00:30:00,1,6636.99,6692.55
2014-10-05 01:00:00,1,6465.49,6471.16
2014-10-05 01:30:00,1,6296.87,6171.6
2014-10-05 02:00:00,1,6089.48,5965.79
2014-10-05 02:30:00,1,5849.09,5920.43
2014-10-05 03:00:00,1,5709.37,5813.08
2014-10-05 03:30:00,1,5626.23,5685.69
2014-10-05 04:00:00,1,5564.74,5629.88
2014-10-05 04:30:00,1,5608.3,5611.92
2014-10-05 05:00:00,1,5672.73,5653.24
2014-10-05 05:30:00,1,5740.48,5726.06
2014-10-05 06:00:00,1,5762.43,5773.32
2014-10-05 06:30:00,1,5939.74,5926.17
2014-10-05 07:00:00,1,6099.05,6123.05
2014-10-05 07:30:00,1,6253.59,6331.08
2014-10-05 08:00:00,1,6467.95,6541.52
2014-10-05 08:30:00,1,6679.03,6737.73
2014-10-05 09:00:00,1,6746.44,6870.78
2014-10-05 09:30:00,1,6783.07,6883.16
2014-10-05 10:00:00,1,6788.89,6771.58
2014-10-05 10:30:00,1,6744.01,6733.82
2014-10-05 11:00:00,1,6768.12,6745.53
2014-10-05 11:30:00,1,6758.68,6763.24
2014-10-05 12:00:00,1,6750.79,6804.01
2014-10-05 12:30:00,1,6736.64,6843.96
2014-10-05 13:00:00,1,6760.83,6804.88
2014-10-05 13:30:00,1,6743.82,6866.76
2014-10-05 14:00:00,1,6802.62,6958.81
2014-10-05 14:30:00,1,6996.9,6934.54
2014-10-05 15:00:00,1,7049.75,7075.91
2014-10-05 15:30:00,1,7232.01,7170.08
2014-10-05 16:00:00,1,7389.68,7374.24
2014-10-05 16:30:00,1,7423.91,7331.22
2014-10-05 17:00:00,1,7533.89,7636.39
2014-10-05 17:30:00,1,7612.48,7687.32
2014-10-05 18:00:00,1,7690.23,7713.6
2014-10-05 18:30:00,1,7794.43,7914.74
2014-10-05 19:00:00,1,7751.7,7968.9
2014-10-05 19:30:00,1,7536.79,7776.15
2014-10-05 20:00:00,1,7388.0,7473.28
2014-10-05 20:30:00,1,7145.27,7215.45
2014-10-05 21:00:00,1,6954.77,7013.86
2014-10-05 21:30:00,1,6931.12,6896.6
2014-10-05 22:00:00,1,6890.87,6830.57
2014-10-05 22:30:00,1,6910.53,6795.22
2014-10-05 23:00:00,1,6693.27,6696.02
2014-10-05 23:30:00,1,6497.14,6593.77
2014-10-26 00:00:00,1,6637.43,6676.18
2014-10-26 00:30:00,1,6464.58,6468.76
2014-10-26 01:00:00,1,6294.18,6298.89
2014-10-26 01:30:00,1,5989.78,6038.87
2014-10-26 02:00:00,1,5808.79,5787.6
2014-10-26 02:30:00,1,5711.36,5669.96
2014-10-26 03:00:00,1,5609.68,5638.33
2014-10-26 03:30:00,1,5581.38,5630.78
2014-10-26 04:00:00,1,5605.15,5606.45
2014-10-26 04:30:00,1,5656.2,5655.0
2014-10-26 05:00:00,1,5713.61,5730.26
2014-10-26 05:30:00,1,5748.83,5802.04
2014-10-26 06:00:00,1,5877.7,5877.48
2014-10-26 06:30:00,1,6104.59,5973.47
2014-10-26 07:00:00,1,6359.41,6221.4
2014-10-26 07:30:00,1,6665.72,6571.91
2014-10-26 08:00:00,1,6922.75,6830.1
2014-10-26 08:30:00,1,7140.7,7067.9
2014-10-26 09:00:00,1,7248.73,7311.02
2014-10-26 09:30:00,1,7337.42,7338.49
2014-10-26 10:00:00,1,7433.69,7437.38
2014-10-26 10:30:00,1,7481.3,7390.35
2014-10-26 11:00:00,1,7592.94,7518.11
2014-10-26 11:30:00,1,7600.15,7626.16
2014-10-26 12:00:00,1,7622.46,7715.19
2014-10-26 12:30:00,1,7713.77,7728.77
2014-10-26 13:00:00,1,7797.59,7751.38
2014-10-26 13:30:00,1,7923.17,7916.2
2014-10-26 14:00:00,1,7972.06,7974.16
2014-10-26 14:30:00,1,8009.15,8080.96
2014-10-26 15:00:00,1,8051.09,8158.09
2014-10-26 15:30:00,1,8086.42,8208.56
2014-10-26 16:00:00,1,8109.26,8186.74
2014-10-26 16:30:00,1,8115.82,8145.28
2014-10-26 17:00:00,1,8099.49,8179.88
2014-10-26 17:30:00,1,8028.96,8199.91
2014-10-26 18:00:00,1,7957.82,7961.29
2014-10-26 18:30:00,1,7953.93,7902.73
2014-10-26 19:00:00,1,8015.64,8041.32
2014-10-26 19:30:00,1,7948.16,7980.41
2014-10-26 20:00:00,1,7777.89,7772.65
2014-10-26 20:30:00,1,7549.41,7593.29
2014-10-26 21:00:00,1,7362.29,7340.91
2014-10-26 21:30:00,1,7233.01,7207.83
2014-10-26 22:00:00,1,7001.67,7114.49
2014-10-26 22:30:00,1,6930.36,6986.35
2014-10-26 23:00:00,1,6853.29,6783.65
2014-10-26 23:30:00,1,6716.71,6636.05
2014-10-27 00:00:00,1,6576.36,6667.86
2014-10-27 00:30:00,1,6426.68,6490.5
2014-10-27 01:00:00,1,6301.81,6228.64
2014-10-27 01:30:00,1,6039.53,5989.06
2014-10-27 02:00:00,1,5900.77,5869.19
2014-10-27 02:30:00,1,5803.56,5764.47
2014-10-27 03:00:00,1,5777.23,5777.51
2014-10-27 03:30:00,1,5765.49,5824.74
2014-10-27 04:00:00,1,5829.82,5882.49
2014-10-27 04:30:00,1,6053.41,6090.14
2014-10-27 05:00:00,1,6329.59,6367.38
2014-10-27 05:30:00,1,6808.01,6797.81
2014-10-27 06:00:00,1,7319.98,7302.66
2014-10-27 06:30:00,1,7678.9,7690.16
2014-10-27 07:00:00,1,8030.85,8070.6
2014-10-27 07:30:00,1,8260.81,8112.51
2014-10-27 08:00:00,1,8370.75,8241.44
2014-10-27 08:30:00,1,8532.29,8571.14
2014-10-27 09:00:00,1,8636.23,8688.89
2014-10-27 09:30:00,1,8732.29,8738.79
2014-10-27 10:00:00,1,8776.95,8788.24
2014-10-27 10:30:00,1,8730.19,8806.21
2014-10-27 11:00:00,1,8736.12,8866.1
2014-10-27 11:30:00,1,8767.85,8776.14
2014-10-27 12:00:00,1,8951.21,8766.28
2014-10-27 12:30:00,1,8958.19,8837.86
2014-10-27 13:00:00,1,9128.03,9183.37
2014-10-27 13:30:00,1,9175.22,9072.55
2014-10-27 14:00:00,1,9072.38,9252.25
2014-10-27 14:30:00,1,8938.21,9207.89
2014-10-27 15:00:00,1,8974.87,9066.39
2014-10-27 15:30:00,1,8998.47,9005.72
2014-10-27 16:00:00,1,9017.98,8960.79
2014-10-27 16:30:00,1,9159.52,8976.49
2014-10-27 17:00:00,1,9138.87,8954.54
2014-10-27 17:30:00,1,8958.51,9002.22
2014-10-27 18:00:00,1,8834.83,8832.51
2014-10-27 18:30:00,1,8679.88,8716.46
2014-10-27 19:00:00,1,8695.46,8702.67
2014-10-27 19:30:00,1,8535.59,8585.36
2014-10-27 20:00:00,1,8254.63,8356.33
2014-10-27 20:30:00,1,8009.94,8069.12
2014-10-27 21:00:00,1,7712.04,7701.69
2014-10-27 21:30:00,1,7602.23,7626.33
2014-10-27 22:00:00,1,7340.75,7489.69
2014-10-27 22:30:00,1,7349.0,7340.69
2014-10-27 23:00:00,1,7215.3,7174.08
2014-10-27 23:30:00,1,7000.23,7072.41
2014-10-30 00:00:00,1,7018.73,7046.99
2014-10-30 00:30:00,1,6873.97,6894.45
2014-10-30 01:00:00,1,6691.04,6675.79
2014-10-30 01:30:00,1,6360.26,6383.61
2014-10-30 02:00:00,1,6106.15,6130.56
2014-10-30 02:30:00,1,5967.37,5939.77
2014-10-30 03:00:00,1,5881.64,5859.55
2014-10-30 03:30:00,1,5851.58,5852.94
2014-10-30 04:00:00,1,5909.21,5929.86
2014-10-30 04:30:00,1,6098.43,6112.5
2014-10-30 05:00:00,1,6381.15,6384.03
2014-10-30 05:30:00,1,6886.4,6919.03
2014-10-30 06:00:00,1,7366.15,7336.4
2014-10-30 06:30:00,1,7665.39,7708.6
2014-10-30 07:00:00,1,7996.82,8020.96
2014-10-30 07:30:00,1,8057.16,7995.75
2014-10-30 08:00:00,1,8110.07,8029.73
2014-10-30 08:30:00,1,8174.44,8128.67
2014-10-30 09:00:00,1,8265.33,8262.35
2014-10-30 09:30:00,1,8326.8,8269.18
2014-10-30 10:00:00,1,8302.65,8305.98
2014-10-30 10:30:00,1,8238.18,8368.47
2014-10-30 11:00:00,1,8429.23,8315.2
2014-10-30 11:30:00,1,8469.82,8317.04
2014-10-30 12:00:00,1,8512.1,8457.69
2014-10-30 12:30:00,1,8517.78,8559.35
2014-10-30 13:00:00,1,8613.27,8584.33
2014-10-30 13:30:00,1,8614.28,8583.68
2014-10-30 14:00:00,1,8657.8,8704.38
2014-10-30 14:30:00,1,8711.64,8722.02
2014-10-30 15:00:00,1,8890.62,8796.79
2014-10-30 15:30:00,1,9020.4,8924.81
2014-10-30 16:00:00,1,9091.6,9058.82
2014-10-30 16:30:00,1,9159.95,9105.26
2014-10-30 17:00:00,1,9184.29,9111.14
2014-10-30 17:30:00,1,9043.39,9008.93
2014-10-30 18:00:00,1,9038.47,8989.13
2014-10-30 18:30:00,1,8844.45,8854.81
2014-10-30 19:00:00,1,8896.71,8994.29
2014-10-30 19:30:00,1,8809.19,8823.41
2014-10-30 20:00:00,1,8621.96,8668.82
2014-10-30 20:30:00,1,8263.58,8397.83
2014-10-30 21:00:00,1,7986.82,8053.31
2014-10-30 21:30:00,1,7900.4,7858.13
2014-10-30 22:00:00,1,7710.48,7711.01
2014-10-30 22:30:00,1,7694.11,7670.99
2014-10-30 23:00:00,1,7529.12,7520.38
2014-10-30 23:30:00,1,7333.95,7383.25
2014-10-31 00:00:00,1,7198.2,7256.17
2014-10-31 00:30:00,1,7015.59,7048.98
2014-10-31 01:00:00,1,6796.78,6797.89
2014-10-31 01:30:00,1,6463.83,6491.25
2014-10-31 02:00:00,1,6212.19,6214.14
2014-10-31 02:30:00,1,6050.95,6048.63
2014-10-31 03:00:00,1,5990.26,5958.82
2014-10-31 03:30:00,1,5969.53,5968.89
2014-10-31 04:00:00,1,6035.86,6028.62
2014-10-31 04:30:00,1,6303.06,6200.28
2014-10-31 05:00:00,1,6579.6,6515.08
2014-10-31 05:30:00,1,7002.09,7102.67
2014-10-31 06:00:00,1,7497.07,7550.48
2014-10-31 06:30:00,1,7859.22,7848.25
2014-10-31 07:00:00,1,8089.89,8172.76
2014-10-31 07:30:00,1,8229.65,8237.57
2014-10-31 08:00:00,1,8253.9,8177.15
2014-10-31 08:30:00,1,8410.31,8363.85
2014-10-31 09:00:00,1,8557.18,8482.08
2014-10-31 09:30:00,1,8645.8,8608.58
2014-10-31 10:00:00,1,8682.08,8680.26
2014-10-31 10:30:00,1,8831.44,8731.6
2014-10-31 11:00:00,1,8880.13,8791.25
2014-10-31 11:30:00,1,8924.76,9014.99
2014-10-31 12:00:00,1,8994.48,9057.36
2014-10-31 12:30:00,1,9076.15,9077.02
2014-10-31 13:00:00,1,9308.3,9175.41
2014-10-31 13:30:00,1,9366.23,9287.01
2014-10-31 14:00:00,1,9525.88,9556.43
2014-10-31 14:30:00,1,9592.2,9554.74
2014-10-31 15:00:00,1,9692.34,9784.33
2014-10-31 15:30:00,1,9841.34,9852.13
2014-10-31 16:00:00,1,9930.88,9868.27
2014-10-31 16:30:00,1,9781.9,9923.93
2014-10-31 17:00:00,1,9605.94,9809.98
2014-10-31 17:30:00,1,9192.18,9359.95
2014-10-31 18:00:00,1,9049.34,9059.55
2014-10-31 18:30:00,1,8865.22,8824.02
2014-10-31 19:00:00,1,8919.61,8870.34
2014-10-31 19:30:00,1,8812.18,8772.65
2014-10-31 20:00:00,1,8597.29,8643.9
2014-10-31 20:30:00,1,8347.56,8386.13
2014-10-31 21:00:00,1,8136.1,8067.51
2014-10-31 21:30:00,1,8017.78,8032.0
2014-10-31 22:00:00,1,7877.89,7901.68
2014-10-31 22:30:00,1,7852.79,7805.47
2014-10-31 23:00:00,1,7656.35,7656.08
2014-10-31 23:30:00,1,7469.77,7467.35
2014-11-01 00:00:00,1,7292.66,7335.74
2014-11-01 00:30:00,1,6978.38,7092.17
2014-11-01 01:00:00,1,6700.09,6773.08
2014-11-01 01:30:00,1,6428.69,6375.06
2014-11-01 02:00:00,1,6189.75,6115.48
2014-11-01 02:30:00,1,6055.26,6026.88
2014-11-01 03:00:00,1,5973.19,5915.37
2014-11-01 03:30:00,1,5931.64,5915.98
2014-11-01 04:00:00,1,5956.94,5944.09
2014-11-01 04:30:00,1,5986.69,6027.44
2014-11-01 05:00:00,1,6023.96,6110.38
2014-11-01 05:30:00,1,6165.75,6212.56
2014-11-01 06:00:00,1,6354.77,6294.15
2014-11-01 06:30:00,1,6614.79,6584.21
2014-11-01 07:00:00,1,6972.48,6905.98
2014-11-01 07:30:00,1,7332.82,7310.72
2014-11-01 08:00:00,1,7601.69,7599.65
2014-11-01 08:30:00,1,7934.36,8006.29
2014-11-01 09:00:00,1,8069.78,8203.04
2014-11-01 09:30:00,1,8183.95,8227.2
2014-11-01 10:00:00,1,8310.9,8311.84
2014-11-01 10:30:00,1,8452.19,8418.05
2014-11-01 11:00:00,1,8605.52,8524.94
2014-11-01 11:30:00,1,8700.71,8683.93
2014-11-01 12:00:00,1,8832.52,8769.94
2014-11-01 12:30:00,1,8989.13,8871.95
2014-11-01 13:00:00,1,9191.26,8958.82
2014-11-01 13:30:00,1,9080.24,9055.26
2014-11-01 14:00:00,1,8678.93,9233.89
2014-11-01 14:30:00,1,8805.5,9199.2
2014-11-01 15:00:00,1,8865.31,8967.58
2014-11-01 15:30:00,1,8554.82,8457.42
2014-11-01 16:00:00,1,8526.85,8781.63
2014-11-01 16:30:00,1,8432.44,8713.04
2014-11-01 17:00:00,1,8475.52,8084.82
2014-11-01 17:30:00,1,8368.93,8367.36
2014-11-01 18:00:00,1,8245.11,8222.39
2014-11-01 18:30:00,1,8029.66,8209.68
2014-11-01 19:00:00,1,8007.05,8113.64
2014-11-01 19:30:00,1,7915.26,8054.46
2014-11-01 20:00:00,1,7765.07,7738.1
2014-11-01 20:30:00,1,7474.28,7540.61
2014-11-01 21:00:00,1,7235.79,7338.52
2014-11-01 21:30:00,1,7183.02,7252.12
2014-11-01 22:00:00,1,7033.22,7042.24
2014-11-01 22:30:00,1,6983.93,6982.93
2014-11-01 23:00:00,1,6792.12,6808.52
2014-11-01 23:30:00,1,6556.63,6612.98
2014-11-14 00:00:00,1,7098.36,7168.01
2014-11-14 00:30:00,1,6900.62,6981.61
2014-11-14 01:00:00,1,6722.34,6745.11
2014-11-14 01:30:00,1,6420.81,6385.34
2014-11-14 02:00:00,1,6182.57,6136.82
2014-11-14 02:30:00,1,5997.04,6034.27
2014-11-14 03:00:00,1,5898.66,5964.46
2014-11-14 03:30:00,1,5914.31,5953.68
2014-11-14 04:00:00,1,6006.42,5973.77
2014-11-14 04:30:00,1,6215.85,6158.75
2014-11-14 05:00:00,1,6445.46,6443.64
2014-11-14 05:30:00,1,6927.7,6948.02
2014-11-14 06:00:00,1,7396.76,7442.19
2014-11-14 06:30:00,1,7705.07,7792.64
2014-11-14 07:00:00,1,8112.33,8113.35
2014-11-14 07:30:00,1,8292.29,8262.95
2014-11-14 08:00:00,1,8500.04,8331.43
2014-11-14 08:30:00,1,8728.35,8631.47
2014-11-14 09:00:00,1,8852.24,8752.38
2014-11-14 09:30:00,1,9081.96,9003.93
2014-11-14 10:00:00,1,9238.63,9096.06
2014-11-14 10:30:00,1,9387.32,9224.43
2014-11-14 11:00:00,1,9569.49,9461.49
2014-11-14 11:30:00,1,9816.08,9634.04
2014-11-14 12:00:00,1,9997.52,9824.17
2014-11-14 12:30:00,1,10128.01,10003.87
2014-11-14 13:00:00,1,10309.47,10290.18
2014-11-14 13:30:00,1,10496.34,10466.72
2014-11-14 14:00:00,1,10629.61,10562.49
2014-11-14 14:30:00,1,10802.54,10679.09
2014-11-14 15:00:00,1,11071.78,10941.47
2014-11-14 15:30:00,1,11226.55,11096.73
2014-11-14 16:00:00,1,11321.23,11302.26
2014-11-14 16:30:00,1,11291.9,11324.9
2014-11-14 17:00:00,1,11152.42,11165.71
2014-11-14 17:30:00,1,10765.19,10771.34
2014-11-14 18:00:00,1,10506.0,10510.01
2014-11-14 18:30:00,1,10282.55,10104.6
2014-11-14 19:00:00,1,10085.4,9969.58
2014-11-14 19:30:00,1,9920.82,9923.92
2014-11-14 20:00:00,1,9634.84,9852.5
2014-11-14 20:30:00,1,9083.49,9418.73
2014-11-14 21:00:00,1,8545.5,9093.79
2014-11-14 21:30:00,1,8317.23,8783.46
2014-11-14 22:00:00,1,8019.11,8353.95
2014-11-14 22:30:00,1,7853.92,8085.42
2014-11-14 23:00:00,1,7701.13,7829.97
2014-11-14 23:30:00,1,7439.99,7583.32
2014-11-20 00:00:00,1,7183.19,7177.8
2014-11-20 00:30:00,1,6989.27,6984.19
2014-11-20 01:00:00,1,6754.48,6781.79
2014-11-20 01:30:00,1,6403.69,6453.85
2014-11-20 02:00:00,1,6192.96,6158.01
2014-11-20 02:30:00,1,6022.09,6032.62
2014-11-20 03:00:00,1,5961.3,5970.01
2014-11-20 03:30:00,1,5926.72,5958.45
2014-11-20 04:00:00,1,5992.4,6017.35
2014-11-20 04:30:00,1,6272.26,6204.73
2014-11-20 05:00:00,1,6486.31,6470.15
2014-11-20 05:30:00,1,7025.49,7036.48
2014-11-20 06:00:00,1,7465.28,7458.13
2014-11-20 06:30:00,1,7873.63,7855.47
2014-11-20 07:00:00,1,8172.4,8145.71
2014-11-20 07:30:00,1,8352.75,8423.32
2014-11-20 08:00:00,1,8504.01,8374.33
2014-11-20 08:30:00,1,8656.95,8600.46
2014-11-20 09:00:00,1,8833.16,8813.85
2014-11-20 09:30:00,1,8905.18,8854.51
2014-11-20 10:00:00,1,8972.61,9019.15
2014-11-20 10:30:00,1,9031.13,8986.55
2014-11-20 11:00:00,1,9176.14,9112.53
2014-11-20 11:30:00,1,9206.1,9237.59
2014-11-20 12:00:00,1,9315.43,9345.12
2014-11-20 12:30:00,1,9536.47,9423.36
2014-11-20 13:00:00,1,9635.15,9576.83
2014-11-20 13:30:00,1,9793.77,9784.52
2014-11-20 14:00:00,1,9902.25,9852.55
2014-11-20 14:30:00,1,10044.91,9995.78
2014-11-20 15:00:00,1,10260.91,10144.88
2014-11-20 15:30:00,1,10348.46,10271.55
2014-11-20 16:00:00,1,10426.47,10453.09
2014-11-20 16:30:00,1,10339.83,10388.71
2014-11-20 17:00:00,1,10343.95,10343.42
2014-11-20 17:30:00,1,10074.19,10092.32
2014-11-20 18:00:00,1,9955.7,9816.7
2014-11-20 18:30:00,1,9752.14,9688.93
2014-11-20 19:00:00,1,9655.83,9679.66
2014-11-20 19:30:00,1,9671.71,9648.68
2014-11-20 20:00:00,1,9481.46,9473.93
2014-11-20 20:30:00,1,9092.53,9246.59
2014-11-20 21:00:00,1,8747.87,8828.15
2014-11-20 21:30:00,1,8597.31,8591.68
2014-11-20 22:00:00,1,8209.99,8324.34
2014-11-20 22:30:00,1,8048.36,8116.56
2014-11-20 23:00:00,1,7836.14,7847.05
2014-11-20 23:30:00,1,7589.26,7607.31
2014-11-21 00:00:00,1,7420.04,7455.59
2014-11-21 00:30:00,1,7193.87,7233.01
2014-11-21 01:00:00,1,6949.62,7001.58
2014-11-21 01:30:00,1,6620.96,6658.58
2014-11-21 02:00:00,1,6440.72,6386.63
2014-11-21 02:30:00,1,6242.34,6294.86
2014-11-21 03:00:00,1,6186.5,6239.57
2014-11-21 03:30:00,1,6155.77,6194.83
2014-11-21 04:00:00,1,6316.45,6232.08
2014-11-21 04:30:00,1,6529.23,6443.7
2014-11-21 05:00:00,1,6774.66,6783.98
2014-11-21 05:30:00,1,7305.24,7320.05
2014-11-21 06:00:00,1,7750.89,7853.6
2014-11-21 06:30:00,1,8191.81,8286.55
2014-11-21 07:00:00,1,8730.17,8619.95
2014-11-21 07:30:00,1,8996.06,8973.03
2014-11-21 08:00:00,1,9233.37,9226.56
2014-11-21 08:30:00,1,9579.59,9508.9
2014-11-21 09:00:00,1,9755.56,9703.48
2014-11-21 09:30:00,1,10046.18,9938.67
2014-11-21 10:00:00,1,10225.33,10114.65
2014-11-21 10:30:00,1,10345.86,10401.27
2014-11-21 11:00:00,1,10554.52,10583.63
2014-11-21 11:30:00,1,10627.08,10654.82
2014-11-21 12:00:00,1,10783.59,10822.42
2014-11-21 12:30:00,1,10902.67,10842.9
2014-11-21 13:00:00,1,11018.59,11035.49
2014-11-21 13:30:00,1,11179.59,11136.93
2014-11-21 14:00:00,1,11281.53,11187.07
2014-11-21 14:30:00,1,11333.06,11280.27
2014-11-21 15:00:00,1,11536.69,11458.49
2014-11-21 15:30:00,1,11664.46,11542.87
2014-11-21 16:00:00,1,11724.94,11685.94
2014-11-21 16:30:00,1,11586.32,11590.17
2014-11-21 17:00:00,1,11407.07,11438.04
2014-11-21 17:30:00,1,10812.1,10991.55
2014-11-21 18:00:00,1,10375.91,10648.45
2014-11-21 18:30:00,1,9873.94,10231.41
2014-11-21 19:00:00,1,9449.73,9958.37
2014-11-21 19:30:00,1,9452.0,9713.93
2014-11-21 20:00:00,1,9249.18,9404.81
2014-11-21 20:30:00,1,8862.44,8873.63
2014-11-21 21:00:00,1,8512.4,8686.25
2014-11-21 21:30:00,1,8438.47,8566.94
2014-11-21 22:00:00,1,8209.21,8234.9
2014-11-21 22:30:00,1,8081.2,8102.73
2014-11-21 23:00:00,1,7902.44,7940.63
2014-11-21 23:30:00,1,7628.98,7680.41
2014-11-23 00:00:00,1,7023.51,7037.48
2014-11-23 00:30:00,1,6830.63,6834.83
2014-11-23 01:00:00,1,6618.16,6607.91
2014-11-23 01:30:00,1,6367.72,6314.83
2014-11-23 02:00:00,1,6153.72,6111.48
2014-11-23 02:30:00,1,6038.87,5984.44
2014-11-23 03:00:00,1,5979.65,5898.05
2014-11-23 03:30:00,1,5942.43,5870.83
2014-11-23 04:00:00,1,5986.06,5873.12
2014-11-23 04:30:00,1,6027.66,5913.33
2014-11-23 05:00:00,1,6008.31,5918.86
2014-11-23 05:30:00,1,6069.15,6049.83
2014-11-23 06:00:00,1,6250.99,6190.0
2014-11-23 06:30:00,1,6497.25,6423.88
2014-11-23 07:00:00,1,6774.45,6710.03
2014-11-23 07:30:00,1,7097.89,7013.2
2014-11-23 08:00:00,1,7422.02,7323.27
2014-11-23 08:30:00,1,7826.82,7620.82
2014-11-23 09:00:00,1,8084.92,7860.08
2014-11-23 09:30:00,1,8422.2,8097.65
2014-11-23 10:00:00,1,8760.39,8409.98
2014-11-23 10:30:00,1,8957.19,8725.05
2014-11-23 11:00:00,1,9174.84,9147.0
2014-11-23 11:30:00,1,9418.22,9356.49
2014-11-23 12:00:00,1,9672.74,9509.21
2014-11-23 12:30:00,1,9906.77,9744.1
2014-11-23 13:00:00,1,10065.36,10034.17
2014-11-23 13:30:00,1,10196.46,10192.77
2014-11-23 14:00:00,1,10299.29,10314.71
2014-11-23 14:30:00,1,10526.06,10455.1
2014-11-23 15:00:00,1,10679.86,10588.95
2014-11-23 15:30:00,1,10685.71,10783.14
2014-11-23 16:00:00,1,10591.56,10913.82
2014-11-23 16:30:00,1,10548.42,10680.91
2014-11-23 17:00:00,1,10537.92,10405.13
2014-11-23 17:30:00,1,10312.99,10377.52
2014-11-23 18:00:00,1,10014.6,10203.33
2014-11-23 18:30:00,1,9568.53,9778.17
2014-11-23 19:00:00,1,9369.27,9572.36
2014-11-23 19:30:00,1,9409.27,9377.4
2014-11-23 20:00:00,1,9192.42,9235.86
2014-11-23 20:30:00,1,8933.65,8934.35
2014-11-23 21:00:00,1,8587.66,8675.14
2014-11-23 21:30:00,1,8292.15,8380.09
2014-11-23 22:00:00,1,7992.97,8051.65
2014-11-23 22:30:00,1,7804.56,7764.04
2014-11-23 23:00:00,1,7597.34,7482.99
2014-11-23 23:30:00,1,7298.33,7259.61
2014-11-24 00:00:00,1,7202.71,7201.1
2014-11-24 00:30:00,1,6991.8,6978.87
2014-11-24 01:00:00,1,6821.67,6839.78
2014-11-24 01:30:00,1,6594.5,6538.92
2014-11-24 02:00:00,1,6430.33,6368.59
2014-11-24 02:30:00,1,6307.28,6363.27
2014-11-24 03:00:00,1,6260.1,6334.22
2014-11-24 03:30:00,1,6290.06,6326.68
2014-11-24 04:00:00,1,6371.11,6410.68
2014-11-24 04:30:00,1,6601.61,6585.63
2014-11-24 05:00:00,1,6766.86,6785.7
2014-11-24 05:30:00,1,7277.06,7323.6
2014-11-24 06:00:00,1,7803.94,7736.54
2014-11-24 06:30:00,1,8304.37,8209.34
2014-11-24 07:00:00,1,8720.13,8706.21
2014-11-24 07:30:00,1,8934.87,9096.78
2014-11-24 08:00:00,1,9136.71,9204.8
2014-11-24 08:30:00,1,9378.4,9358.95
2014-11-24 09:00:00,1,9555.0,9513.71
2014-11-24 09:30:00,1,9708.36,9656.71
2014-11-24 10:00:00,1,9759.94,9733.86
2014-11-24 10:30:00,1,9877.38,9802.6
2014-11-24 11:00:00,1,10001.34,9841.39
2014-11-24 11:30:00,1,10211.2,10049.0
2014-11-24 12:00:00,1,10386.99,10088.03
2014-11-24 12:30:00,1,10562.47,10386.68
2014-11-24 13:00:00,1,10624.42,10579.89
2014-11-24 13:30:00,1,10722.92,10796.22
2014-11-24 14:00:00,1,10815.72,10725.34
2014-11-24 14:30:00,1,10596.35,10705.61
2014-11-24 15:00:00,1,10284.85,10888.3
2014-11-24 15:30:00,1,10159.66,10570.61
2014-11-24 16:00:00,1,10108.31,10066.51
2014-11-24 16:30:00,1,10006.51,9916.47
2014-11-24 17:00:00,1,9896.42,9829.44
2014-11-24 17:30:00,1,9631.65,9574.26
2014-11-24 18:00:00,1,9469.69,9437.15
2014-11-24 18:30:00,1,9195.57,9186.72
2014-11-24 19:00:00,1,9179.45,9101.34
2014-11-24 19:30:00,1,9212.34,9071.9
2014-11-24 20:00:00,1,9015.84,8964.63
2014-11-24 20:30:00,1,8734.72,8720.29
2014-11-24 21:00:00,1,8413.76,8393.85
2014-11-24 21:30:00,1,8291.69,8273.21
2014-11-24 22:00:00,1,8016.92,8012.81
2014-11-24 22:30:00,1,7782.46,7844.6
2014-11-24 23:00:00,1,7677.96,7599.3
2014-11-24 23:30:00,1,7543.78,7349.83
2014-12-02 00:00:00,1,7330.31,7321.94
2014-12-02 00:30:00,1,7166.26,7124.77
2014-12-02 01:00:00,1,6907.86,6938.51
2014-12-02 01:30:00,1,6603.48,6645.78
2014-12-02 02:00:00,1,6430.77,6388.25
2014-12-02 02:30:00,1,6228.42,6271.91
2014-12-02 03:00:00,1,6213.17,6224.07
2014-12-02 03:30:00,1,6204.42,6183.52
2014-12-02 04:00:00,1,6221.62,6237.55
2014-12-02 04:30:00,1,6442.7,6451.76
2014-12-02 05:00:00,1,6662.88,6646.8
2014-12-02 05:30:00,1,7179.57,7137.96
2014-12-02 06:00:00,1,7650.68,7626.26
2014-12-02 06:30:00,1,8070.46,8036.81
2014-12-02 07:00:00,1,8397.81,8394.02
2014-12-02 07:30:00,1,8502.18,8671.6
2014-12-02 08:00:00,1,8669.89,8642.45
2014-12-02 08:30:00,1,8882.45,8793.74
2014-12-02 09:00:00,1,9042.61,9041.03
2014-12-02 09:30:00,1,9164.32,9157.91
2014-12-02 10:00:00,1,9308.59,9275.4
2014-12-02 10:30:00,1,9419.22,9326.73
2014-12-02 11:00:00,1,9559.46,9528.41
2014-12-02 11:30:00,1,9632.05,9609.29
2014-12-02 12:00:00,1,9774.6,9760.94
2014-12-02 12:30:00,1,9890.58,9861.38
2014-12-02 13:00:00,1,10132.51,10024.14
2014-12-02 13:30:00,1,10281.27,10140.51
2014-12-02 14:00:00,1,10434.39,10323.64
2014-12-02 14:30:00,1,10533.4,10434.72
2014-12-02 15:00:00,1,10603.24,10641.36
2014-12-02 15:30:00,1,10586.7,10763.45
2014-12-02 16:00:00,1,10680.28,10713.8
2014-12-02 16:30:00,1,10664.85,10529.54
2014-12-02 17:00:00,1,10606.76,10511.76
2014-12-02 17:30:00,1,10349.34,10275.8
2014-12-02 18:00:00,1,10166.82,10127.28
2014-12-02 18:30:00,1,9884.16,9834.19
2014-12-02 19:00:00,1,9767.18,9734.44
2014-12-02 19:30:00,1,9669.93,9727.24
2014-12-02 20:00:00,1,9472.44,9610.37
2014-12-02 20:30:00,1,9228.67,9258.14
2014-12-02 21:00:00,1,8858.48,8832.55
2014-12-02 21:30:00,1,8722.06,8768.02
2014-12-02 22:00:00,1,8363.46,8401.09
2014-12-02 22:30:00,1,8154.89,8184.93
2014-12-02 23:00:00,1,7906.13,7897.88
2014-12-02 23:30:00,1,7681.98,7630.47
2014-12-03 00:00:00,1,7494.28,7528.06
2014-12-03 00:30:00,1,7316.73,7293.22
2014-12-03 01:00:00,1,7066.27,7058.24
2014-12-03 01:30:00,1,6731.42,6707.92
2014-12-03 02:00:00,1,6487.2,6515.22
2014-12-03 02:30:00,1,6329.66,6396.65
2014-12-03 03:00:00,1,6288.09,6299.44
2014-12-03 03:30:00,1,6288.6,6298.63
2014-12-03 04:00:00,1,6353.98,6338.73
2014-12-03 04:30:00,1,6593.09,6562.15
2014-12-03 05:00:00,1,6782.63,6822.88
2014-12-03 05:30:00,1,7343.29,7365.36
2014-12-03 06:00:00,1,7833.93,7772.57
2014-12-03 06:30:00,1,8304.91,8199.03
2014-12-03 07:00:00,1,8722.82,8631.43
2014-12-03 07:30:00,1,8989.15,8940.87
2014-12-03 08:00:00,1,9144.79,9126.57
2014-12-03 08:30:00,1,9477.3,9341.15
2014-12-03 09:00:00,1,9638.89,9510.47
2014-12-03 09:30:00,1,9840.42,9773.7
2014-12-03 10:00:00,1,10091.85,9892.32
2014-12-03 10:30:00,1,10143.02,10038.83
2014-12-03 11:00:00,1,10322.77,10314.54
2014-12-03 11:30:00,1,10517.37,10421.21
2014-12-03 12:00:00,1,10634.93,10522.76
2014-12-03 12:30:00,1,10842.41,10672.49
2014-12-03 13:00:00,1,10987.35,10884.92
2014-12-03 13:30:00,1,10989.47,11038.66
2014-12-03 14:00:00,1,10985.99,11143.74
2014-12-03 14:30:00,1,11045.22,11141.29
2014-12-03 15:00:00,1,11079.36,11092.21
2014-12-03 15:30:00,1,10957.62,11112.06
2014-12-03 16:00:00,1,10800.45,11226.51
2014-12-03 16:30:00,1,10326.61,10990.87
2014-12-03 17:00:00,1,9963.66,10356.03
2014-12-03 17:30:00,1,9554.31,9529.47
2014-12-03 18:00:00,1,9355.03,9176.56
2014-12-03 18:30:00,1,9014.39,9026.37
2014-12-03 19:00:00,1,8838.71,8962.01
2014-12-03 19:30:00,1,8881.21,8922.99
2014-12-03 20:00:00,1,8709.95,8723.44
2014-12-03 20:30:00,1,8490.1,8521.67
2014-12-03 21:00:00,1,8175.21,8177.26
2014-12-03 21:30:00,1,8138.29,8118.82
2014-12-03 22:00:00,1,7898.34,7868.57
2014-12-03 22:30:00,1,7789.66,7693.46
2014-12-03 23:00:00,1,7629.39,7554.68
2014-12-03 23:30:00,1,7433.75,7390.59
2014-12-30 00:00:00,1,6769.06,6771.74
2014-12-30 00:30:00,1,6587.05,6624.05
2014-12-30 01:00:00,1,6360.3,6360.11
2014-12-30 01:30:00,1,6000.21,6056.05
2014-12-30 02:00:00,1,5783.77,5839.61
2014-12-30 02:30:00,1,5562.43,5670.3
2014-12-30 03:00:00,1,5457.49,5611.72
2014-12-30 03:30:00,1,5448.36,5503.56
2014-12-30 04:00:00,1,5486.9,5447.25
2014-12-30 04:30:00,1,5582.3,5561.0
2014-12-30 05:00:00,1,5642.54,5674.42
2014-12-30 05:30:00,1,5849.71,5880.88
2014-12-30 06:00:00,1,6071.83,6062.03
2014-12-30 06:30:00,1,6320.03,6295.6
2014-12-30 07:00:00,1,6631.72,6646.02
2014-12-30 07:30:00,1,6886.86,6925.58
2014-12-30 08:00:00,1,7106.93,7124.76
2014-12-30 08:30:00,1,7333.75,7332.33
2014-12-30 09:00:00,1,7442.57,7459.39
2014-12-30 09:30:00,1,7549.93,7501.39
2014-12-30 10:00:00,1,7620.86,7565.54
2014-12-30 10:30:00,1,7667.54,7613.68
2014-12-30 11:00:00,1,7732.93,7660.53
2014-12-30 11:30:00,1,7732.56,7765.9
2014-12-30 12:00:00,1,7755.11,7859.08
2014-12-30 12:30:00,1,7815.49,7797.71
2014-12-30 13:00:00,1,7894.34,7804.89
2014-12-30 13:30:00,1,7982.67,7908.76
2014-12-30 14:00:00,1,8050.62,7984.53
2014-12-30 14:30:00,1,8210.64,8117.97
2014-12-30 15:00:00,1,8426.67,8265.87
2014-12-30 15:30:00,1,8580.74,8507.59
2014-12-30 16:00:00,1,8706.4,8728.67
2014-12-30 16:30:00,1,8827.82,8812.58
2014-12-30 17:00:00,1,8864.77,8819.11
2014-12-30 17:30:00,1,8711.09,8733.21
2014-12-30 18:00:00,1,8674.21,8627.14
2014-12-30 18:30:00,1,8514.08,8420.38
2014-12-30 19:00:00,1,8308.31,8314.78
2014-12-30 19:30:00,1,8201.37,8321.74
2014-12-30 20:00:00,1,8291.41,8272.88
2014-12-30 20:30:00,1,8168.73,8063.22
2014-12-30 21:00:00,1,7917.26,7864.65
2014-12-30 21:30:00,1,7822.88,7862.94
2014-12-30 22:00:00,1,7612.04,7672.24
2014-12-30 22:30:00,1,7498.89,7476.79
2014-12-30 23:00:00,1,7330.58,7320.78
2014-12-30 23:30:00,1,7067.3,7071.84
2015-01-04 00:00:00,1,7088.0,7149.57
2015-01-04 00:30:00,1,6824.96,6893.38
2015-01-04 01:00:00,1,6601.17,6601.39
2015-01-04 01:30:00,1,6295.69,6291.46
2015-01-04 02:00:00,1,6104.46,6100.31
2015-01-04 02:30:00,1,5985.68,6036.42
2015-01-04 03:00:00,1,5934.04,5974.58
2015-01-04 03:30:00,1,5882.88,5945.95
2015-01-04 04:00:00,1,5857.85,5911.47
2015-01-04 04:30:00,1,5872.42,5870.24
2015-01-04 05:00:00,1,5851.28,5832.65
2015-01-04 05:30:00,1,5885.85,5814.75
2015-01-04 06:00:00,1,6005.61,5824.37
2015-01-04 06:30:00,1,6278.26,6117.77
2015-01-04 07:00:00,1,6544.54,6460.42
2015-01-04 07:30:00,1,6853.5,7021.59
2015-01-04 08:00:00,1,7094.17,7309.5
2015-01-04 08:30:00,1,7439.69,7467.01
2015-01-04 09:00:00,1,7765.0,7604.13
2015-01-04 09:30:00,1,8039.13,7923.68
2015-01-04 10:00:00,1,8291.87,8230.11
2015-01-04 10:30:00,1,8532.12,8453.18
2015-01-04 11:00:00,1,8798.72,8769.78
2015-01-04 11:30:00,1,8972.46,8957.16
2015-01-04 12:00:00,1,9173.52,9159.43
2015-01-04 12:30:00,1,9404.24,9329.75
2015-01-04 13:00:00,1,9500.23,9476.13
2015-01-04 13:30:00,1,9592.57,9662.69
2015-01-04 14:00:00,1,9591.05,9727.56
2015-01-04 14:30:00,1,9588.73,9749.18
2015-01-04 15:00:00,1,9690.85,9631.18
2015-01-04 15:30:00,1,9653.68,9528.54
2015-01-04 16:00:00,1,9646.3,9658.54
2015-01-04 16:30:00,1,9461.21,9552.77
2015-01-04 17:00:00,1,9376.67,9511.61
2015-01-04 17:30:00,1,9230.13,9340.21
2015-01-04 18:00:00,1,9089.92,9110.08
2015-01-04 18:30:00,1,8955.51,8791.06
2015-01-04 19:00:00,1,8763.35,8739.56
2015-01-04 19:30:00,1,8578.79,8655.48
2015-01-04 20:00:00,1,8408.6,8591.75
2015-01-04 20:30:00,1,8213.51,8371.43
2015-01-04 21:00:00,1,7885.08,7883.2
2015-01-04 21:30:00,1,7693.58,7719.81
2015-01-04 22:00:00,1,7496.18,7417.53
2015-01-04 22:30:00,1,7339.71,7232.82
2015-01-04 23:00:00,1,7047.21,7066.32
2015-01-04 23:30:00,1,6835.27,6838.69
2015-01-09 00:00:00,1,7572.07,7604.39
2015-01-09 00:30:00,1,7351.06,7375.13
2015-01-09 01:00:00,1,7082.22,7079.27
2015-01-09 01:30:00,1,6719.64,6749.69
2015-01-09 02:00:00,1,6469.12,6481.5
2015-01-09 02:30:00,1,6317.34,6313.08
2015-01-09 03:00:00,1,6250.75,6221.15
2015-01-09 03:30:00,1,6273.6,6196.78
2015-01-09 04:00:00,1,6306.82,6256.67
2015-01-09 04:30:00,1,6487.77,6495.1
2015-01-09 05:00:00,1,6658.1,6622.72
2015-01-09 05:30:00,1,6958.01,6935.41
2015-01-09 06:00:00,1,7334.08,7314.64
2015-01-09 06:30:00,1,7837.18,7779.2
2015-01-09 07:00:00,1,8278.68,8209.84
2015-01-09 07:30:00,1,8615.23,8646.17
2015-01-09 08:00:00,1,8959.72,8928.37
2015-01-09 08:30:00,1,9294.68,9257.59
2015-01-09 09:00:00,1,9543.48,9425.24
2015-01-09 09:30:00,1,9745.73,9541.94
2015-01-09 10:00:00,1,9920.26,9707.33
2015-01-09 10:30:00,1,9996.64,9987.3
2015-01-09 11:00:00,1,10242.98,10185.17
2015-01-09 11:30:00,1,10439.37,10279.23
2015-01-09 12:00:00,1,10557.88,10592.33
2015-01-09 12:30:00,1,10679.88,10773.15
2015-01-09 13:00:00,1,10831.21,10723.59
2015-01-09 13:30:00,1,10953.25,10846.2
2015-01-09 14:00:00,1,11002.24,11045.15
2015-01-09 14:30:00,1,11059.48,11106.21
2015-01-09 15:00:00,1,11096.85,11129.35
2015-01-09 15:30:00,1,10799.94,11187.61
2015-01-09 16:00:00,1,10498.14,11032.0
2015-01-09 16:30:00,1,10247.83,10416.3
2015-01-09 17:00:00,1,9938.87,9799.46
2015-01-09 17:30:00,1,9614.8,9476.09
2015-01-09 18:00:00,1,9467.43,9159.21
2015-01-09 18:30:00,1,9237.71,9051.19
2015-01-09 19:00:00,1,9078.97,9005.11
2015-01-09 19:30:00,1,9116.12,8999.43
2015-01-09 20:00:00,1,9012.39,9051.17
2015-01-09 20:30:00,1,8872.9,8989.43
2015-01-09 21:00:00,1,8553.42,8643.01
2015-01-09 21:30:00,1,8498.52,8602.48
2015-01-09 22:00:00,1,8294.35,8356.34
2015-01-09 22:30:00,1,8249.1,8206.94
2015-01-09 23:00:00,1,7999.7,8011.26
2015-01-09 23:30:00,1,7745.16,7783.0
2015-01-14 00:00:00,1,7389.71,7403.1
2015-01-14 00:30:00,1,7140.69,7142.66
2015-01-14 01:00:00,1,6909.3,6900.59
2015-01-14 01:30:00,1,6514.84,6599.17
2015-01-14 02:00:00,1,6273.61,6336.69
2015-01-14 02:30:00,1,6179.18,6171.15
2015-01-14 03:00:00,1,6072.62,6109.5
2015-01-14 03:30:00,1,6060.16,6124.82
2015-01-14 04:00:00,1,6163.03,6135.16
2015-01-14 04:30:00,1,6367.88,6334.04
2015-01-14 05:00:00,1,6542.24,6591.83
2015-01-14 05:30:00,1,6953.68,6993.77
2015-01-14 06:00:00,1,7341.92,7329.26
2015-01-14 06:30:00,1,7867.85,7775.2
2015-01-14 07:00:00,1,8382.99,8215.76
2015-01-14 07:30:00,1,8787.29,8689.6
2015-01-14 08:00:00,1,9068.4,9073.55
2015-01-14 08:30:00,1,9370.24,9357.09
2015-01-14 09:00:00,1,9520.11,9569.53
2015-01-14 09:30:00,1,9564.5,9609.32
2015-01-14 10:00:00,1,9674.29,9665.21
2015-01-14 10:30:00,1,9721.48,9722.12
2015-01-14 11:00:00,1,9768.8,9813.61
2015-01-14 11:30:00,1,9838.6,9864.58
2015-01-14 12:00:00,1,9925.75,9860.93
2015-01-14 12:30:00,1,10042.31,9975.64
2015-01-14 13:00:00,1,10138.5,10072.7
2015-01-14 13:30:00,1,10237.04,10140.91
2015-01-14 14:00:00,1,10318.0,10257.43
2015-01-14 14:30:00,1,10414.12,10378.04
2015-01-14 15:00:00,1,10496.58,10443.61
2015-01-14 15:30:00,1,10543.14,10564.08
2015-01-14 16:00:00,1,10631.19,10574.5
2015-01-14 16:30:00,1,10647.05,10497.75
2015-01-14 17:00:00,1,10520.61,10506.74
2015-01-14 17:30:00,1,10234.46,10280.51
2015-01-14 18:00:00,1,10039.47,9992.35
2015-01-14 18:30:00,1,9738.42,9768.55
2015-01-14 19:00:00,1,9440.05,9516.05
2015-01-14 19:30:00,1,9301.79,9418.11
2015-01-14 20:00:00,1,9296.43,9258.0
2015-01-14 20:30:00,1,9152.83,9088.99
2015-01-14 21:00:00,1,8772.89,8803.95
2015-01-14 21:30:00,1,8590.8,8739.58
2015-01-14 22:00:00,1,8255.05,8372.62
2015-01-14 22:30:00,1,8033.15,8071.12
2015-01-14 23:00:00,1,7821.78,7805.71
2015-01-14 23:30:00,1,7588.57,7498.0
2015-01-16 00:00:00,1,7322.57,7400.57
2015-01-16 00:30:00,1,7086.22,7183.76
2015-01-16 01:00:00,1,6865.36,6912.11
2015-01-16 01:30:00,1,6590.33,6572.16
2015-01-16 02:00:00,1,6363.48,6312.05
2015-01-16 02:30:00,1,6269.41,6143.28
2015-01-16 03:00:00,1,6199.71,6084.83
2015-01-16 03:30:00,1,6211.61,6074.38
2015-01-16 04:00:00,1,6216.48,6131.97
2015-01-16 04:30:00,1,6436.36,6310.68
2015-01-16 05:00:00,1,6601.17,6555.37
2015-01-16 05:30:00,1,6987.79,6952.8
2015-01-16 06:00:00,1,7353.68,7346.71
2015-01-16 06:30:00,1,7777.19,7746.14
2015-01-16 07:00:00,1,8191.76,8124.51
2015-01-16 07:30:00,1,8536.29,8431.37
2015-01-16 08:00:00,1,8785.25,8684.41
2015-01-16 08:30:00,1,8925.74,8900.43
2015-01-16 09:00:00,1,9044.06,9145.74
2015-01-16 09:30:00,1,9149.1,9063.17
2015-01-16 10:00:00,1,9167.06,9149.32
2015-01-16 10:30:00,1,9211.06,9242.16
2015-01-16 11:00:00,1,9260.09,9179.3
2015-01-16 11:30:00,1,9262.82,9328.17
2015-01-16 12:00:00,1,9303.17,9279.11
2015-01-16 12:30:00,1,9378.37,9306.08
2015-01-16 13:00:00,1,9479.37,9354.26
2015-01-16 13:30:00,1,9521.64,9440.79
2015-01-16 14:00:00,1,9666.88,9544.63
2015-01-16 14:30:00,1,9760.14,9660.84
2015-01-16 15:00:00,1,9859.65,9801.38
2015-01-16 15:30:00,1,9934.23,9912.33
2015-01-16 16:00:00,1,10053.24,9968.99
2015-01-16 16:30:00,1,10098.17,9964.54
2015-01-16 17:00:00,1,10045.51,9989.01
2015-01-16 17:30:00,1,9836.07,9769.82
2015-01-16 18:00:00,1,9683.21,9571.57
2015-01-16 18:30:00,1,9427.04,9300.3
2015-01-16 19:00:00,1,9203.07,9203.9
2015-01-16 19:30:00,1,9050.0,9145.17
2015-01-16 20:00:00,1,9045.4,9099.49
2015-01-16 20:30:00,1,8863.61,8924.72
2015-01-16 21:00:00,1,8570.6,8599.23
2015-01-16 21:30:00,1,8519.79,8494.16
2015-01-16 22:00:00,1,8244.63,8308.76
2015-01-16 22:30:00,1,8014.91,8176.31
2015-01-16 23:00:00,1,7790.54,7884.59
2015-01-16 23:30:00,1,7469.33,7499.89
2015-01-17 00:00:00,1,7274.67,7321.94
2015-01-17 00:30:00,1,6895.32,7061.49
2015-01-17 01:00:00,1,6661.73,6781.26
2015-01-17 01:30:00,1,6370.2,6519.97
2015-01-17 02:00:00,1,6087.7,6294.58
2015-01-17 02:30:00,1,5926.94,6135.74
2015-01-17 03:00:00,1,5804.97,6024.23
2015-01-17 03:30:00,1,5772.38,5985.91
2015-01-17 04:00:00,1,5779.75,5953.72
2015-01-17 04:30:00,1,5875.73,5994.9
2015-01-17 05:00:00,1,5924.11,6009.4
2015-01-17 05:30:00,1,6029.57,6066.82
2015-01-17 06:00:00,1,6194.79,6187.38
2015-01-17 06:30:00,1,6452.97,6413.35
2015-01-17 07:00:00,1,6783.27,6717.77
2015-01-17 07:30:00,1,7128.94,7043.58
2015-01-17 08:00:00,1,7396.62,7334.38
2015-01-17 08:30:00,1,7605.89,7650.11
2015-01-17 09:00:00,1,7601.59,7850.61
2015-01-17 09:30:00,1,7799.8,8026.58
2015-01-17 10:00:00,1,7827.59,7923.86
2015-01-17 10:30:00,1,7927.88,8043.26
2015-01-17 11:00:00,1,8046.06,7949.2
2015-01-17 11:30:00,1,8153.0,8013.92
2015-01-17 12:00:00,1,8269.76,8165.87
2015-01-17 12:30:00,1,8360.81,8354.51
2015-01-17 13:00:00,1,8536.16,8460.49
2015-01-17 13:30:00,1,8659.58,8522.57
2015-01-17 14:00:00,1,8780.87,8712.2
2015-01-17 14:30:00,1,8911.16,8859.67
2015-01-17 15:00:00,1,9112.91,8993.58
2015-01-17 15:30:00,1,9216.54,9118.44
2015-01-17 16:00:00,1,9386.23,9313.31
2015-01-17 16:30:00,1,9425.65,9284.62
2015-01-17 17:00:00,1,9501.17,9428.9
2015-01-17 17:30:00,1,9391.13,9448.7
2015-01-17 18:00:00,1,9309.1,9287.52
2015-01-17 18:30:00,1,9156.59,9045.78
2015-01-17 19:00:00,1,8875.57,8941.67
2015-01-17 19:30:00,1,8676.75,8889.76
2015-01-17 20:00:00,1,8726.17,8748.47
2015-01-17 20:30:00,1,8601.37,8523.1
2015-01-17 21:00:00,1,8432.2,8402.31
2015-01-17 21:30:00,1,8234.3,8258.79
2015-01-17 22:00:00,1,7977.71,8114.13
2015-01-17 22:30:00,1,7822.07,7869.12
2015-01-17 23:00:00,1,7579.8,7549.8
2015-01-17 23:30:00,1,7307.36,7250.42
2015-01-24 00:00:00,1,7787.51,7855.5
2015-01-24 00:30:00,1,7539.31,7592.08
2015-01-24 01:00:00,1,7276.23,7245.89
2015-01-24 01:30:00,1,6944.26,6917.41
2015-01-24 02:00:00,1,6664.25,6717.53
2015-01-24 02:30:00,1,6504.6,6561.89
2015-01-24 03:00:00,1,6380.96,6459.26
2015-01-24 03:30:00,1,6349.57,6423.41
2015-01-24 04:00:00,1,6371.1,6320.78
2015-01-24 04:30:00,1,6425.79,6368.16
2015-01-24 05:00:00,1,6498.16,6477.46
2015-01-24 05:30:00,1,6597.37,6595.34
2015-01-24 06:00:00,1,6773.28,6723.77
2015-01-24 06:30:00,1,7031.09,6982.55
2015-01-24 07:00:00,1,7335.67,7364.06
2015-01-24 07:30:00,1,7699.44,7735.4
2015-01-24 08:00:00,1,7990.32,8080.7
2015-01-24 08:30:00,1,8333.12,8342.96
2015-01-24 09:00:00,1,8476.08,8401.13
2015-01-24 09:30:00,1,8674.73,8569.56
2015-01-24 10:00:00,1,8781.92,8748.29
2015-01-24 10:30:00,1,8931.71,8862.59
2015-01-24 11:00:00,1,9115.02,9061.6
2015-01-24 11:30:00,1,9176.7,8772.63
2015-01-24 12:00:00,1,9352.24,8876.29
2015-01-24 12:30:00,1,9430.28,8952.22
2015-01-24 13:00:00,1,9557.22,9560.94
2015-01-24 13:30:00,1,9562.59,9601.18
2015-01-24 14:00:00,1,9671.33,9683.59
2015-01-24 14:30:00,1,9736.25,9663.2
2015-01-24 15:00:00,1,9870.61,9788.42
2015-01-24 15:30:00,1,9881.47,9795.25
2015-01-24 16:00:00,1,9838.41,9942.21
2015-01-24 16:30:00,1,9706.61,9806.86
2015-01-24 17:00:00,1,9647.79,9624.03
2015-01-24 17:30:00,1,9330.17,9450.47
2015-01-24 18:00:00,1,9248.75,9326.57
2015-01-24 18:30:00,1,9030.27,8903.42
2015-01-24 19:00:00,1,8898.19,8872.82
2015-01-24 19:30:00,1,8928.52,8828.58
2015-01-24 20:00:00,1,8905.59,8827.18
2015-01-24 20:30:00,1,8702.58,8856.97
2015-01-24 21:00:00,1,8522.72,8537.96
2015-01-24 21:30:00,1,8246.02,8386.63
2015-01-24 22:00:00,1,8049.24,8190.78
2015-01-24 22:30:00,1,7871.4,7865.09
2015-01-24 23:00:00,1,7557.87,7575.05
2015-01-24 23:30:00,1,7389.16,7310.0
2015-01-25 00:00:00,1,7143.49,7144.63
2015-01-25 00:30:00,1,6987.18,7013.7
2015-01-25 01:00:00,1,6776.12,6682.3
2015-01-25 01:30:00,1,6472.55,6492.96
2015-01-25 02:00:00,1,6282.04,6305.56
2015-01-25 02:30:00,1,6083.86,6165.07
2015-01-25 03:00:00,1,6038.33,6093.53
2015-01-25 03:30:00,1,6015.31,6014.4
2015-01-25 04:00:00,1,6022.0,5952.31
2015-01-25 04:30:00,1,6029.17,6001.52
2015-01-25 05:00:00,1,6071.58,5995.97
2015-01-25 05:30:00,1,6073.8,6027.73
2015-01-25 06:00:00,1,6231.09,6144.14
2015-01-25 06:30:00,1,6413.89,6294.26
2015-01-25 07:00:00,1,6667.29,6657.07
2015-01-25 07:30:00,1,6949.64,7033.04
2015-01-25 08:00:00,1,7215.41,7261.45
2015-01-25 08:30:00,1,7576.57,7424.54
2015-01-25 09:00:00,1,7787.3,7743.77
2015-01-25 09:30:00,1,8028.6,8032.3
2015-01-25 10:00:00,1,8226.75,8298.33
2015-01-25 10:30:00,1,8427.3,8527.69
2015-01-25 11:00:00,1,8610.95,8760.38
2015-01-25 11:30:00,1,8762.72,8940.44
2015-01-25 12:00:00,1,8939.37,9153.66
2015-01-25 12:30:00,1,9118.37,9337.64
2015-01-25 13:00:00,1,9320.97,9446.02
2015-01-25 13:30:00,1,9512.85,9514.09
2015-01-25 14:00:00,1,9572.02,9503.21
2015-01-25 14:30:00,1,9635.17,9512.86
2015-01-25 15:00:00,1,9790.96,9567.77
2015-01-25 15:30:00,1,9820.54,9529.39
2015-01-25 16:00:00,1,9890.24,9505.25
2015-01-25 16:30:00,1,9968.94,9851.85
2015-01-25 17:00:00,1,10044.85,9927.1
2015-01-25 17:30:00,1,9985.17,10001.39
2015-01-25 18:00:00,1,9932.12,9895.93
2015-01-25 18:30:00,1,9669.22,9659.38
2015-01-25 19:00:00,1,9245.9,9570.28
2015-01-25 19:30:00,1,8963.16,9436.82
2015-01-25 20:00:00,1,8925.95,9063.49
2015-01-25 20:30:00,1,8722.15,8651.4
2015-01-25 21:00:00,1,8408.86,8330.55
2015-01-25 21:30:00,1,8160.35,8146.88
2015-01-25 22:00:00,1,7905.02,7880.67
2015-01-25 22:30:00,1,7770.16,7676.56
2015-01-25 23:00:00,1,7445.27,7453.0
2015-01-25 23:30:00,1,7195.69,7220.78
2015-02-08 00:00:00,1,6884.61,6889.05
2015-02-08 00:30:00,1,6661.82,6709.34
2015-02-08 01:00:00,1,6499.36,6522.13
2015-02-08 01:30:00,1,6266.73,6224.29
2015-02-08 02:00:00,1,6101.36,6063.93
2015-02-08 02:30:00,1,5953.73,5992.25
2015-02-08 03:00:00,1,5876.41,5954.09
2015-02-08 03:30:00,1,5853.31,5920.18
2015-02-08 04:00:00,1,5849.48,5878.59
2015-02-08 04:30:00,1,5912.56,5843.25
2015-02-08 05:00:00,1,5914.55,5901.91
2015-02-08 05:30:00,1,6007.05,6058.59
2015-02-08 06:00:00,1,6085.92,6033.97
2015-02-08 06:30:00,1,6297.47,6259.72
2015-02-08 07:00:00,1,6495.41,6446.08
2015-02-08 07:30:00,1,6843.17,6782.08
2015-02-08 08:00:00,1,7067.88,6991.31
2015-02-08 08:30:00,1,7304.81,7361.88
2015-02-08 09:00:00,1,7449.15,7497.62
2015-02-08 09:30:00,1,7645.19,7595.9
2015-02-08 10:00:00,1,7672.79,7575.91
2015-02-08 10:30:00,1,7791.33,7782.25
2015-02-08 11:00:00,1,7946.95,7870.14
2015-02-08 11:30:00,1,8125.02,8019.72
2015-02-08 12:00:00,1,8304.13,8254.91
2015-02-08 12:30:00,1,8524.14,8440.8
2015-02-08 13:00:00,1,8686.63,8644.49
2015-02-08 13:30:00,1,8887.08,8848.23
2015-02-08 14:00:00,1,9130.12,8992.27
2015-02-08 14:30:00,1,9350.11,9259.77
2015-02-08 15:00:00,1,9538.89,9575.99
2015-02-08 15:30:00,1,9741.53,9743.97
2015-02-08 16:00:00,1,9895.41,9824.28
2015-02-08 16:30:00,1,9893.66,9906.58
2015-02-08 17:00:00,1,10022.96,10077.27
2015-02-08 17:30:00,1,10062.66,9885.01
2015-02-08 18:00:00,1,9935.91,9863.51
2015-02-08 18:30:00,1,9720.59,9671.23
2015-02-08 19:00:00,1,9455.8,9555.46
2015-02-08 19:30:00,1,9476.82,9728.24
2015-02-08 20:00:00,1,9339.68,9435.82
2015-02-08 20:30:00,1,9135.71,9104.81
2015-02-08 21:00:00,1,8756.13,8717.44
2015-02-08 21:30:00,1,8497.63,8561.98
2015-02-08 22:00:00,1,8059.55,8167.24
2015-02-08 22:30:00,1,7791.44,7905.01
2015-02-08 23:00:00,1,7467.86,7500.18
2015-02-08 23:30:00,1,7211.93,7192.23
2015-03-01 00:00:00,1,7110.12,7114.39
2015-03-01 00:30:00,1,6846.48,6918.86
2015-03-01 01:00:00,1,6642.81,6696.99
2015-03-01 01:30:00,1,6386.62,6396.02
2015-03-01 02:00:00,1,6234.43,6209.02
2015-03-01 02:30:00,1,6105.29,6126.54
2015-03-01 03:00:00,1,6021.55,6078.78
2015-03-01 03:30:00,1,5960.44,6024.73
2015-03-01 04:00:00,1,5946.79,5983.08
2015-03-01 04:30:00,1,6012.86,5967.59
2015-03-01 05:00:00,1,5986.02,6011.82
2015-03-01 05:30:00,1,6117.47,6190.52
2015-03-01 06:00:00,1,6226.29,6229.06
2015-03-01 06:30:00,1,6433.73,6419.75
2015-03-01 07:00:00,1,6696.58,6598.28
2015-03-01 07:30:00,1,7032.38,6930.63
2015-03-01 08:00:00,1,7310.47,7260.52
2015-03-01 08:30:00,1,7544.65,7571.16
2015-03-01 09:00:00,1,7735.7,7818.49
2015-03-01 09:30:00,1,7900.21,7899.45
2015-03-01 10:00:00,1,8095.8,8060.64
2015-03-01 10:30:00,1,8285.59,8101.32
2015-03-01 11:00:00,1,8495.42,8380.92
2015-03-01 11:30:00,1,8724.09,8698.47
2015-03-01 12:00:00,1,8967.75,8929.97
2015-03-01 12:30:00,1,9230.78,9127.28
2015-03-01 13:00:00,1,9474.2,9332.21
2015-03-01 13:30:00,1,9660.21,9619.94
2015-03-01 14:00:00,1,9726.3,9851.93
2015-03-01 14:30:00,1,9884.55,10031.4
2015-03-01 15:00:00,1,9753.49,9995.01
2015-03-01 15:30:00,1,9441.31,9998.17
2015-03-01 16:00:00,1,9203.68,9616.62
2015-03-01 16:30:00,1,9037.1,9051.46
2015-03-01 17:00:00,1,8966.5,8833.39
2015-03-01 17:30:00,1,8801.66,8762.74
2015-03-01 18:00:00,1,8564.7,8651.05
2015-03-01 18:30:00,1,8352.36,8506.19
2015-03-01 19:00:00,1,8230.01,8380.69
2015-03-01 19:30:00,1,8172.75,8251.31
2015-03-01 20:00:00,1,7973.79,7910.11
2015-03-01 20:30:00,1,7713.99,7756.27
2015-03-01 21:00:00,1,7581.56,7502.3
2015-03-01 21:30:00,1,7380.76,7348.47
2015-03-01 22:00:00,1,7147.71,7286.45
2015-03-01 22:30:00,1,7085.76,7088.4
2015-03-01 23:00:00,1,6894.8,6871.95
2015-03-01 23:30:00,1,6681.94,6735.37
2015-03-09 00:00:00,1,6793.47,6823.28
2015-03-09 00:30:00,1,6678.06,6692.5
2015-03-09 01:00:00,1,6490.24,6446.24
2015-03-09 01:30:00,1,6273.96,6296.77
2015-03-09 02:00:00,1,6123.52,6137.18
2015-03-09 02:30:00,1,6036.2,6064.8
2015-03-09 03:00:00,1,5967.86,6064.12
2015-03-09 03:30:00,1,5993.41,6054.53
2015-03-09 04:00:00,1,6163.64,6123.63
2015-03-09 04:30:00,1,6296.7,6342.74
2015-03-09 05:00:00,1,6555.28,6612.4
2015-03-09 05:30:00,1,7126.48,7046.2
2015-03-09 06:00:00,1,7530.64,7488.68
2015-03-09 06:30:00,1,7828.98,7941.6
2015-03-09 07:00:00,1,8198.93,8181.73
2015-03-09 07:30:00,1,8406.23,8260.55
2015-03-09 08:00:00,1,8558.85,8513.81
2015-03-09 08:30:00,1,8795.75,8724.61
2015-03-09 09:00:00,1,8925.77,8872.94
2015-03-09 09:30:00,1,9001.06,9051.06
2015-03-09 10:00:00,1,9052.54,9068.54
2015-03-09 10:30:00,1,9070.5,9096.73
2015-03-09 11:00:00,1,9127.54,9209.31
2015-03-09 11:30:00,1,9194.28,9226.78
2015-03-09 12:00:00,1,9381.61,9314.44
2015-03-09 12:30:00,1,9446.85,9403.5
2015-03-09 13:00:00,1,9561.97,9524.02
2015-03-09 13:30:00,1,9728.8,9618.52
2015-03-09 14:00:00,1,9809.14,9768.84
2015-03-09 14:30:00,1,9872.51,9917.72
2015-03-09 15:00:00,1,10092.48,10021.4
2015-03-09 15:30:00,1,10236.18,10119.46
2015-03-09 16:00:00,1,10330.14,10368.13
2015-03-09 16:30:00,1,10364.38,10319.17
2015-03-09 17:00:00,1,10361.16,10317.58
2015-03-09 17:30:00,1,10053.72,10152.93
2015-03-09 18:00:00,1,9841.79,9987.41
2015-03-09 18:30:00,1,9609.84,9715.54
2015-03-09 19:00:00,1,9554.97,9511.59
2015-03-09 19:30:00,1,9410.49,9315.56
2015-03-09 20:00:00,1,9097.24,9171.14
2015-03-09 20:30:00,1,8798.9,8873.44
2015-03-09 21:00:00,1,8432.5,8473.1
2015-03-09 21:30:00,1,8257.69,8385.03
2015-03-09 22:00:00,1,7971.69,8077.27
2015-03-09 22:30:00,1,7881.73,7866.58
2015-03-09 23:00:00,1,7646.18,7621.05
2015-03-09 23:30:00,1,7466.64,7472.32
2015-10-03 00:00:00,1,7367.48,7338.72
2015-10-03 00:30:00,1,7146.79,7199.87
2015-10-03 01:00:00,1,7013.79,6970.82
2015-10-03 01:30:00,1,6800.2,6767.33
2015-10-03 02:00:00,1,6578.55,6599.65
2015-10-03 02:30:00,1,6258.88,6275.08
2015-10-03 03:00:00,1,6037.38,6037.87
2015-10-03 03:30:00,1,5853.67,5863.36
2015-10-03 04:00:00,1,5754.78,5776.84
2015-10-03 04:30:00,1,5717.45,5689.5
2015-10-03 05:00:00,1,5669.9,5630.34
2015-10-03 05:30:00,1,5797.18,5745.88
2015-10-03 06:00:00,1,5803.11,5758.56
2015-10-03 06:30:00,1,6005.37,5977.67
2015-10-03 07:00:00,1,6171.25,6161.19
2015-10-03 07:30:00,1,6326.9,6391.93
2015-10-03 08:00:00,1,6570.37,6583.03
2015-10-03 08:30:00,1,6735.67,6811.35
2015-10-03 09:00:00,1,6836.66,6793.04
2015-10-03 09:30:00,1,6979.55,6859.86
2015-10-03 10:00:00,1,6898.89,6948.33
2015-10-03 10:30:00,1,6943.32,7008.6
2015-10-03 11:00:00,1,6856.94,6868.36
2015-10-03 11:30:00,1,6865.22,6834.6
2015-10-03 12:00:00,1,6866.26,6808.38
2015-10-03 12:30:00,1,6832.11,6920.7
2015-10-03 13:00:00,1,6869.6,6970.05
2015-10-03 13:30:00,1,6900.14,6869.97
2015-10-03 14:00:00,1,6932.1,6950.42
2015-10-03 14:30:00,1,7002.62,7028.09
2015-10-03 15:00:00,1,7100.25,7102.85
2015-10-03 15:30:00,1,7258.63,7210.94
2015-10-03 16:00:00,1,7338.72,7278.06
2015-10-03 16:30:00,1,7444.99,7467.29
2015-10-03 17:00:00,1,7582.89,7528.13
2015-10-03 17:30:00,1,7597.33,7676.18
2015-10-03 18:00:00,1,7632.82,7893.89
2015-10-03 18:30:00,1,7845.91,7995.04
2015-10-03 19:00:00,1,7990.14,7836.18
2015-10-03 19:30:00,1,7840.82,7678.3
2015-10-03 20:00:00,1,7548.11,7577.52
2015-10-03 20:30:00,1,7381.01,7514.92
2015-10-03 21:00:00,1,7230.01,7362.1
2015-10-03 21:30:00,1,7026.29,7100.98
2015-10-03 22:00:00,1,6931.63,6922.45
2015-10-03 22:30:00,1,6928.16,6953.39
2015-10-03 23:00:00,1,6781.47,6821.92
2015-10-03 23:30:00,1,6775.31,6714.17
2015-10-04 00:00:00,1,6669.66,6668.64
2015-10-04 00:30:00,1,6533.7,6652.52
2015-10-04 01:00:00,1,6287.82,6503.17
2015-10-04 01:30:00,1,6081.04,6330.97
2015-10-04 02:00:00,1,5870.88,6084.09
2015-10-04 02:30:00,1,5673.48,5824.14
2015-10-04 03:00:00,1,5446.78,5678.39
2015-10-04 03:30:00,1,5413.94,5583.67
2015-10-04 04:00:00,1,5417.76,5536.29
2015-10-04 04:30:00,1,5436.6,5596.42
2015-10-04 05:00:00,1,5478.45,5676.89
2015-10-04 05:30:00,1,5570.11,5693.53
2015-10-04 06:00:00,1,5658.66,5731.2
2015-10-04 06:30:00,1,5782.68,5815.37
2015-10-04 07:00:00,1,5971.66,5925.84
2015-10-04 07:30:00,1,6277.94,6150.26
2015-10-04 08:00:00,1,6501.25,6466.34
2015-10-04 08:30:00,1,6776.92,6678.38
2015-10-04 09:00:00,1,6951.39,6834.82
2015-10-04 09:30:00,1,7035.55,7020.16
2015-10-04 10:00:00,1,7040.58,7093.27
2015-10-04 10:30:00,1,7053.42,7030.07
2015-10-04 11:00:00,1,7091.6,7034.18
2015-10-04 11:30:00,1,7135.57,7102.91
2015-10-04 12:00:00,1,7147.66,7205.84
2015-10-04 12:30:00,1,7127.26,7267.95
2015-10-04 13:00:00,1,7113.74,7204.13
2015-10-04 13:30:00,1,7192.32,7183.36
2015-10-04 14:00:00,1,7265.93,7191.04
2015-10-04 14:30:00,1,7368.09,7332.41
2015-10-04 15:00:00,1,7470.29,7538.38
2015-10-04 15:30:00,1,7644.16,7598.84
2015-10-04 16:00:00,1,7745.8,7696.78
2015-10-04 16:30:00,1,7819.36,7816.87
2015-10-04 17:00:00,1,7910.33,7930.16
2015-10-04 17:30:00,1,8024.82,8017.08
2015-10-04 18:00:00,1,7981.46,7968.13
2015-10-04 18:30:00,1,8092.93,8189.9
2015-10-04 19:00:00,1,8017.91,8058.93
2015-10-04 19:30:00,1,7775.8,7914.62
2015-10-04 20:00:00,1,7626.81,7597.03
2015-10-04 20:30:00,1,7410.27,7345.76
2015-10-04 21:00:00,1,7324.72,7208.64
2015-10-04 21:30:00,1,7238.56,7131.61
2015-10-04 22:00:00,1,7090.73,7149.71
2015-10-04 22:30:00,1,7029.61,7087.46
2015-10-04 23:00:00,1,6816.04,6873.96
2015-10-04 23:30:00,1,6622.87,6691.74
2015-10-05 00:00:00,1,6479.63,6550.86
2015-10-05 00:30:00,1,6274.2,6403.48
2015-10-05 01:00:00,1,6143.74,6244.68
2015-10-05 01:30:00,1,5882.86,5937.24
2015-10-05 02:00:00,1,5726.34,5741.43
2015-10-05 02:30:00,1,5589.44,5625.22
2015-10-05 03:00:00,1,5533.59,5575.12
2015-10-05 03:30:00,1,5511.02,5513.75
2015-10-05 04:00:00,1,5459.65,5496.38
2015-10-05 04:30:00,1,5479.25,5530.84
2015-10-05 05:00:00,1,5508.03,5512.43
2015-10-05 05:30:00,1,5658.97,5673.93
2015-10-05 06:00:00,1,5697.93,5720.81
2015-10-05 06:30:00,1,5875.06,5865.71
2015-10-05 07:00:00,1,6086.06,6094.28
2015-10-05 07:30:00,1,6292.68,6229.86
2015-10-05 08:00:00,1,6474.65,6478.35
2015-10-05 08:30:00,1,6709.78,6556.67
2015-10-05 09:00:00,1,6842.77,6710.0
2015-10-05 09:30:00,1,7003.5,7050.43
2015-10-05 10:00:00,1,7069.58,7056.32
2015-10-05 10:30:00,1,7178.6,7183.41
2015-10-05 11:00:00,1,7250.46,7194.64
2015-10-05 11:30:00,1,7298.94,7281.42
2015-10-05 12:00:00,1,7421.51,7411.42
2015-10-05 12:30:00,1,7562.75,7451.93
2015-10-05 13:00:00,1,7643.68,7607.2
2015-10-05 13:30:00,1,7902.91,7852.11
2015-10-05 14:00:00,1,8040.33,8022.17
2015-10-05 14:30:00,1,8211.82,8329.84
2015-10-05 15:00:00,1,8388.69,8411.34
2015-10-05 15:30:00,1,8545.07,8548.07
2015-10-05 16:00:00,1,8793.84,8734.98
2015-10-05 16:30:00,1,8924.95,8880.02
2015-10-05 17:00:00,1,9075.4,9163.48
2015-10-05 17:30:00,1,9000.0,9143.55
2015-10-05 18:00:00,1,8923.68,9093.64
2015-10-05 18:30:00,1,8978.72,8980.17
2015-10-05 19:00:00,1,8923.12,8894.39
2015-10-05 19:30:00,1,8649.29,8686.68
2015-10-05 20:00:00,1,8407.29,8566.06
2015-10-05 20:30:00,1,8117.44,8267.04
2015-10-05 21:00:00,1,7827.47,7879.22
2015-10-05 21:30:00,1,7612.85,7675.98
2015-10-05 22:00:00,1,7234.74,7492.01
2015-10-05 22:30:00,1,6628.62,7366.61
2015-10-05 23:00:00,1,6526.52,7161.56
2015-10-05 23:30:00,1,6638.95,6955.17
2015-10-06 00:00:00,1,6949.32,6979.39
2015-10-06 00:30:00,1,6776.56,7152.46
2015-10-06 01:00:00,1,6641.12,6933.81
2015-10-06 01:30:00,1,6371.49,6642.97
2015-10-06 02:00:00,1,6121.01,6385.64
2015-10-06 02:30:00,1,5947.94,6215.53
2015-10-06 03:00:00,1,5835.77,6125.39
2015-10-06 03:30:00,1,5786.93,6113.26
2015-10-06 04:00:00,1,5807.43,6162.45
2015-10-06 04:30:00,1,5999.68,6372.27
2015-10-06 05:00:00,1,6291.35,6599.85
2015-10-06 05:30:00,1,6782.43,7099.14
2015-10-06 06:00:00,1,7193.99,7240.36
2015-10-06 06:30:00,1,7594.1,7595.49
2015-10-06 07:00:00,1,7941.41,8032.92
2015-10-06 07:30:00,1,8033.32,8436.28
2015-10-06 08:00:00,1,8140.18,8807.05
2015-10-06 08:30:00,1,8279.26,8167.84
2015-10-06 09:00:00,1,8462.04,8354.72
2015-10-06 09:30:00,1,8542.41,8532.73
2015-10-06 10:00:00,1,8598.18,8692.02
2015-10-06 10:30:00,1,8628.06,8749.78
2015-10-06 11:00:00,1,8734.23,8802.87
2015-10-06 11:30:00,1,8882.62,8820.52
2015-10-06 12:00:00,1,9085.79,8993.35
2015-10-06 12:30:00,1,9237.07,9222.59
2015-10-06 13:00:00,1,9407.25,9426.44
2015-10-06 13:30:00,1,9575.85,9582.44
2015-10-06 14:00:00,1,9672.72,9748.4
2015-10-06 14:30:00,1,9757.57,9810.32
2015-10-06 15:00:00,1,9997.29,9889.19
2015-10-06 15:30:00,1,10173.0,10083.74
2015-10-06 16:00:00,1,10331.38,10313.67
2015-10-06 16:30:00,1,10380.42,10377.44
2015-10-06 17:00:00,1,10391.0,10413.14
2015-10-06 17:30:00,1,10213.24,10202.79
2015-10-06 18:00:00,1,10064.99,10063.15
2015-10-06 18:30:00,1,9929.53,10023.04
2015-10-06 19:00:00,1,9794.84,9882.98
2015-10-06 19:30:00,1,9357.18,9583.2
2015-10-06 20:00:00,1,9057.39,9234.58
2015-10-06 20:30:00,1,8743.22,8743.32
2015-10-06 21:00:00,1,8325.7,8392.03
2015-10-06 21:30:00,1,8110.35,8203.71
2015-10-06 22:00:00,1,7852.88,7945.92
2015-10-06 22:30:00,1,7727.23,7710.9
2015-10-06 23:00:00,1,7531.52,7515.14
2015-10-06 23:30:00,1,7343.47,7321.21
2015-10-12 00:00:00,1,6567.73,6542.27
2015-10-12 00:30:00,1,6473.3,6455.02
2015-10-12 01:00:00,1,6310.04,6286.3
2015-10-12 01:30:00,1,6108.15,6113.11
2015-10-12 02:00:00,1,5874.92,5873.52
2015-10-12 02:30:00,1,5816.1,5828.91
2015-10-12 03:00:00,1,5732.37,5759.26
2015-10-12 03:30:00,1,5731.32,5801.06
2015-10-12 04:00:00,1,5853.66,5876.93
2015-10-12 04:30:00,1,6052.21,6046.68
2015-10-12 05:00:00,1,6372.37,6327.53
2015-10-12 05:30:00,1,6964.73,6854.34
2015-10-12 06:00:00,1,7404.1,7319.3
2015-10-12 06:30:00,1,7774.99,7760.91
2015-10-12 07:00:00,1,8074.94,8016.88
2015-10-12 07:30:00,1,8098.3,8158.03
2015-10-12 08:00:00,1,8124.35,8163.73
2015-10-12 08:30:00,1,8210.71,8165.98
2015-10-12 09:00:00,1,8246.99,8216.22
2015-10-12 09:30:00,1,8309.57,8237.4
2015-10-12 10:00:00,1,8240.44,8265.5
2015-10-12 10:30:00,1,8269.81,8287.02
2015-10-12 11:00:00,1,8276.36,8214.46
2015-10-12 11:30:00,1,8324.6,8288.07
2015-10-12 12:00:00,1,8422.97,8347.77
2015-10-12 12:30:00,1,8507.64,8464.54
2015-10-12 13:00:00,1,8542.95,8578.74
2015-10-12 13:30:00,1,8676.81,8632.98
2015-10-12 14:00:00,1,8667.65,8673.43
2015-10-12 14:30:00,1,8587.54,8873.29
2015-10-12 15:00:00,1,8671.03,8779.99
2015-10-12 15:30:00,1,8660.83,8714.73
2015-10-12 16:00:00,1,8692.28,8786.24
2015-10-12 16:30:00,1,8793.46,8694.17
2015-10-12 17:00:00,1,8803.36,8684.3
2015-10-12 17:30:00,1,8721.2,8680.56
2015-10-12 18:00:00,1,8704.34,8650.81
2015-10-12 18:30:00,1,8744.36,8719.47
2015-10-12 19:00:00,1,8780.23,8761.2
2015-10-12 19:30:00,1,8495.36,8636.87
2015-10-12 20:00:00,1,8243.68,8410.57
2015-10-12 20:30:00,1,8005.16,8024.95
2015-10-12 21:00:00,1,7708.65,7751.14
2015-10-12 21:30:00,1,7645.5,7699.6
2015-10-12 22:00:00,1,7432.05,7516.76
2015-10-12 22:30:00,1,7438.12,7454.59
2015-10-12 23:00:00,1,7293.0,7281.87
2015-10-12 23:30:00,1,7116.21,7160.25
2015-10-16 00:00:00,1,7207.94,7254.29
2015-10-16 00:30:00,1,7061.29,7092.09
2015-10-16 01:00:00,1,6871.73,6878.68
2015-10-16 01:30:00,1,6574.85,6583.51
2015-10-16 02:00:00,1,6258.42,6333.35
2015-10-16 02:30:00,1,6097.18,6170.7
2015-10-16 03:00:00,1,5970.7,6029.07
2015-10-16 03:30:00,1,5972.34,5996.49
2015-10-16 04:00:00,1,6032.81,5973.14
2015-10-16 04:30:00,1,6263.17,6173.81
2015-10-16 05:00:00,1,6526.97,6496.25
2015-10-16 05:30:00,1,7019.71,7054.21
2015-10-16 06:00:00,1,7452.17,7471.58
2015-10-16 06:30:00,1,7783.88,7776.82
2015-10-16 07:00:00,1,8096.42,8031.98
2015-10-16 07:30:00,1,8092.63,8093.33
2015-10-16 08:00:00,1,8165.51,8167.49
2015-10-16 08:30:00,1,8354.93,8234.89
2015-10-16 09:00:00,1,8436.01,8387.44
2015-10-16 09:30:00,1,8486.88,8576.01
2015-10-16 10:00:00,1,8554.74,8627.83
2015-10-16 10:30:00,1,8571.25,8586.59
2015-10-16 11:00:00,1,8645.66,8689.3
2015-10-16 11:30:00,1,8726.27,8689.89
2015-10-16 12:00:00,1,8793.89,8747.91
2015-10-16 12:30:00,1,8902.89,8875.02
2015-10-16 13:00:00,1,8928.28,8929.55
2015-10-16 13:30:00,1,8985.11,9043.41
2015-10-16 14:00:00,1,9107.82,9068.19
2015-10-16 14:30:00,1,9176.82,9099.69
2015-10-16 15:00:00,1,9398.15,9314.08
2015-10-16 15:30:00,1,9531.67,9451.7
2015-10-16 16:00:00,1,9595.77,9630.62
2015-10-16 16:30:00,1,9626.89,9638.94
2015-10-16 17:00:00,1,9566.45,9518.82
2015-10-16 17:30:00,1,9321.53,9320.05
2015-10-16 18:00:00,1,9126.12,9124.4
2015-10-16 18:30:00,1,9000.08,9016.62
2015-10-16 19:00:00,1,8940.94,8963.18
2015-10-16 19:30:00,1,8745.37,8811.51
2015-10-16 20:00:00,1,8528.56,8534.88
2015-10-16 20:30:00,1,8287.43,8264.76
2015-10-16 21:00:00,1,7938.35,8013.19
2015-10-16 21:30:00,1,7869.45,7965.31
2015-10-16 22:00:00,1,7725.79,7766.82
2015-10-16 22:30:00,1,7748.86,7692.64
2015-10-16 23:00:00,1,7620.73,7559.4
2015-10-16 23:30:00,1,7382.94,7435.69
2015-10-20 00:00:00,1,7073.07,7061.99
2015-10-20 00:30:00,1,6898.04,6947.2
2015-10-20 01:00:00,1,6695.4,6748.43
2015-10-20 01:30:00,1,6377.14,6430.13
2015-10-20 02:00:00,1,6151.23,6154.67
2015-10-20 02:30:00,1,5998.46,6009.74
2015-10-20 03:00:00,1,5869.16,5935.36
2015-10-20 03:30:00,1,5883.39,5947.42
2015-10-20 04:00:00,1,5950.7,5942.11
2015-10-20 04:30:00,1,6171.35,6157.39
2015-10-20 05:00:00,1,6470.26,6440.78
2015-10-20 05:30:00,1,6924.23,6875.78
2015-10-20 06:00:00,1,7435.43,7370.72
2015-10-20 06:30:00,1,7778.49,7707.66
2015-10-20 07:00:00,1,8083.66,8093.13
2015-10-20 07:30:00,1,8197.82,8193.77
2015-10-20 08:00:00,1,8324.78,8238.1
2015-10-20 08:30:00,1,8382.47,8391.33
2015-10-20 09:00:00,1,8558.71,8543.05
2015-10-20 09:30:00,1,8579.64,8506.1
2015-10-20 10:00:00,1,8671.03,8777.77
2015-10-20 10:30:00,1,8717.14,8713.11
2015-10-20 11:00:00,1,8783.59,8795.87
2015-10-20 11:30:00,1,8885.38,8933.72
2015-10-20 12:00:00,1,8945.7,8974.01
2015-10-20 12:30:00,1,9050.02,9101.93
2015-10-20 13:00:00,1,9193.03,9139.99
2015-10-20 13:30:00,1,9246.12,9241.88
2015-10-20 14:00:00,1,9291.45,9309.32
2015-10-20 14:30:00,1,9335.07,9392.72
2015-10-20 15:00:00,1,9421.28,9383.82
2015-10-20 15:30:00,1,9456.56,9523.92
2015-10-20 16:00:00,1,9361.64,9513.69
2015-10-20 16:30:00,1,9238.29,9416.38
2015-10-20 17:00:00,1,9156.24,9153.29
2015-10-20 17:30:00,1,9033.1,8856.19
2015-10-20 18:00:00,1,8934.16,8751.33
2015-10-20 18:30:00,1,8854.88,8794.0
2015-10-20 19:00:00,1,8868.65,8864.76
2015-10-20 19:30:00,1,8689.54,8693.32
2015-10-20 20:00:00,1,8411.75,8491.34
2015-10-20 20:30:00,1,8234.85,8211.43
2015-10-20 21:00:00,1,7937.47,7906.76
2015-10-20 21:30:00,1,7859.21,7905.77
2015-10-20 22:00:00,1,7700.61,7659.99
2015-10-20 22:30:00,1,7712.33,7570.84
2015-10-20 23:00:00,1,7513.27,7428.2
2015-10-20 23:30:00,1,7342.75,7321.02
2015-11-02 00:00:00,1,6384.5,6429.48
2015-11-02 00:30:00,1,6281.21,6306.79
2015-11-02 01:00:00,1,6125.48,6046.23
2015-11-02 01:30:00,1,5898.72,5901.31
2015-11-02 02:00:00,1,5645.86,5730.63
2015-11-02 02:30:00,1,5666.45,5646.36
2015-11-02 03:00:00,1,5669.12,5610.21
2015-11-02 03:30:00,1,5669.63,5714.3
2015-11-02 04:00:00,1,5796.1,5816.16
2015-11-02 04:30:00,1,6042.73,5977.29
2015-11-02 05:00:00,1,6282.49,6242.81
2015-11-02 05:30:00,1,6735.76,6718.2
2015-11-02 06:00:00,1,7182.93,7208.95
2015-11-02 06:30:00,1,7604.49,7575.16
2015-11-02 07:00:00,1,7886.5,7867.95
2015-11-02 07:30:00,1,8026.82,8103.84
2015-11-02 08:00:00,1,8114.92,8112.32
2015-11-02 08:30:00,1,8188.61,8273.18
2015-11-02 09:00:00,1,8340.21,8331.6
2015-11-02 09:30:00,1,8411.7,8310.32
2015-11-02 10:00:00,1,8417.57,8495.92
2015-11-02 10:30:00,1,8505.67,8506.71
2015-11-02 11:00:00,1,8538.69,8514.52
2015-11-02 11:30:00,1,8538.71,8595.91
2015-11-02 12:00:00,1,8609.7,8590.3
2015-11-02 12:30:00,1,8646.8,8564.55
2015-11-02 13:00:00,1,8727.52,8763.43
2015-11-02 13:30:00,1,8791.05,8745.46
2015-11-02 14:00:00,1,8862.63,8894.37
2015-11-02 14:30:00,1,8849.09,8844.4
2015-11-02 15:00:00,1,8972.71,8983.84
2015-11-02 15:30:00,1,9090.63,9064.77
2015-11-02 16:00:00,1,9219.41,9086.73
2015-11-02 16:30:00,1,9167.72,9222.46
2015-11-02 17:00:00,1,9192.77,9236.54
2015-11-02 17:30:00,1,9020.38,8964.5
2015-11-02 18:00:00,1,8916.48,8889.38
2015-11-02 18:30:00,1,8815.74,8800.97
2015-11-02 19:00:00,1,8781.46,8746.31
2015-11-02 19:30:00,1,8652.93,8715.86
2015-11-02 20:00:00,1,8446.61,8494.83
2015-11-02 20:30:00,1,8116.35,8114.78
2015-11-02 21:00:00,1,7841.38,7824.44
2015-11-02 21:30:00,1,7680.12,7773.48
2015-11-02 22:00:00,1,7514.05,7586.44
2015-11-02 22:30:00,1,7382.31,7401.54
2015-11-02 23:00:00,1,7208.64,7250.54
2015-11-02 23:30:00,1,7013.25,7022.25
2015-11-18 00:00:00,1,7068.62,7085.54
2015-11-18 00:30:00,1,6912.98,6910.73
2015-11-18 01:00:00,1,6699.75,6716.43
2015-11-18 01:30:00,1,6354.85,6437.77
2015-11-18 02:00:00,1,6091.07,6164.9
2015-11-18 02:30:00,1,5868.71,5986.82
2015-11-18 03:00:00,1,5792.37,5907.58
2015-11-18 03:30:00,1,5771.74,5794.19
2015-11-18 04:00:00,1,5848.62,5822.28
2015-11-18 04:30:00,1,6029.03,6023.48
2015-11-18 05:00:00,1,6318.39,6268.17
2015-11-18 05:30:00,1,6827.05,6778.09
2015-11-18 06:00:00,1,7265.43,7297.74
2015-11-18 06:30:00,1,7590.09,7692.97
2015-11-18 07:00:00,1,7791.88,7920.18
2015-11-18 07:30:00,1,7882.77,7932.52
2015-11-18 08:00:00,1,7990.72,7967.37
2015-11-18 08:30:00,1,8118.64,8057.91
2015-11-18 09:00:00,1,8249.87,8302.8
2015-11-18 09:30:00,1,8405.78,8299.77
2015-11-18 10:00:00,1,8523.86,8389.06
2015-11-18 10:30:00,1,8640.21,8557.69
2015-11-18 11:00:00,1,8781.66,8785.84
2015-11-18 11:30:00,1,8831.94,8921.27
2015-11-18 12:00:00,1,8918.04,9039.01
2015-11-18 12:30:00,1,9079.9,9092.14
2015-11-18 13:00:00,1,9256.78,9178.19
2015-11-18 13:30:00,1,9406.92,9400.78
2015-11-18 14:00:00,1,9552.43,9499.43
2015-11-18 14:30:00,1,9730.75,9676.48
2015-11-18 15:00:00,1,10020.48,9875.97
2015-11-18 15:30:00,1,10277.79,10116.01
2015-11-18 16:00:00,1,10514.23,10416.99
2015-11-18 16:30:00,1,10593.18,10557.13
2015-11-18 17:00:00,1,10651.42,10613.05
2015-11-18 17:30:00,1,10508.73,10393.23
2015-11-18 18:00:00,1,10400.42,10274.87
2015-11-18 18:30:00,1,10119.25,10131.04
2015-11-18 19:00:00,1,9933.88,10113.65
2015-11-18 19:30:00,1,9757.87,9985.13
2015-11-18 20:00:00,1,9456.42,9616.45
2015-11-18 20:30:00,1,9038.07,9253.59
2015-11-18 21:00:00,1,8603.36,8700.44
2015-11-18 21:30:00,1,8469.86,8455.71
2015-11-18 22:00:00,1,8161.13,8164.09
2015-11-18 22:30:00,1,7985.38,7951.12
2015-11-18 23:00:00,1,7784.02,7735.39
2015-11-18 23:30:00,1,7543.67,7491.04
2015-11-19 00:00:00,1,7372.42,7364.27
2015-11-19 00:30:00,1,7125.93,7167.55
2015-11-19 01:00:00,1,6896.76,6929.2
2015-11-19 01:30:00,1,6614.1,6621.59
2015-11-19 02:00:00,1,6325.44,6403.47
2015-11-19 02:30:00,1,6170.0,6267.38
2015-11-19 03:00:00,1,6114.92,6148.85
2015-11-19 03:30:00,1,6131.17,6137.64
2015-11-19 04:00:00,1,6226.05,6171.52
2015-11-19 04:30:00,1,6450.15,6381.84
2015-11-19 05:00:00,1,6639.84,6675.78
2015-11-19 05:30:00,1,7141.31,7202.87
2015-11-19 06:00:00,1,7663.09,7545.94
2015-11-19 06:30:00,1,8040.47,7943.45
2015-11-19 07:00:00,1,8376.9,8309.09
2015-11-19 07:30:00,1,8559.57,8508.79
2015-11-19 08:00:00,1,8675.55,8662.51
2015-11-19 08:30:00,1,8909.65,8771.65
2015-11-19 09:00:00,1,9042.15,8964.46
2015-11-19 09:30:00,1,9166.61,9173.3
2015-11-19 10:00:00,1,9267.66,9321.93
2015-11-19 10:30:00,1,9390.54,9337.02
2015-11-19 11:00:00,1,9614.05,9412.77
2015-11-19 11:30:00,1,9678.01,9549.25
2015-11-19 12:00:00,1,9799.54,9859.48
2015-11-19 12:30:00,1,9953.2,9958.86
2015-11-19 13:00:00,1,10090.52,10111.61
2015-11-19 13:30:00,1,10318.84,10249.02
2015-11-19 14:00:00,1,10536.07,10388.57
2015-11-19 14:30:00,1,10639.84,10604.13
2015-11-19 15:00:00,1,10935.78,10911.86
2015-11-19 15:30:00,1,11220.07,11049.9
2015-11-19 16:00:00,1,11461.84,11304.26
2015-11-19 16:30:00,1,11571.27,11492.15
2015-11-19 17:00:00,1,11697.3,11510.98
2015-11-19 17:30:00,1,11608.97,11436.12
2015-11-19 18:00:00,1,11593.99,11360.94
2015-11-19 18:30:00,1,11417.04,11253.5
2015-11-19 19:00:00,1,11139.66,11281.98
2015-11-19 19:30:00,1,11098.38,11211.5
2015-11-19 20:00:00,1,10821.87,10843.4
2015-11-19 20:30:00,1,10335.5,10554.96
2015-11-19 21:00:00,1,9814.96,10015.3
2015-11-19 21:30:00,1,9478.38,9627.17
2015-11-19 22:00:00,1,9034.35,9140.18
2015-11-19 22:30:00,1,8741.69,8708.67
2015-11-19 23:00:00,1,8409.32,8397.16
2015-11-19 23:30:00,1,8103.01,8070.61
2015-11-20 00:00:00,1,7824.56,7849.57
2015-11-20 00:30:00,1,7507.41,7654.5
2015-11-20 01:00:00,1,7272.02,7320.43
2015-11-20 01:30:00,1,6942.07,6929.36
2015-11-20 02:00:00,1,6666.02,6757.46
2015-11-20 02:30:00,1,6524.19,6583.99
2015-11-20 03:00:00,1,6512.21,6461.21
2015-11-20 03:30:00,1,6512.7,6458.99
2015-11-20 04:00:00,1,6569.79,6567.74
2015-11-20 04:30:00,1,6788.99,6801.62
2015-11-20 05:00:00,1,7003.26,7019.49
2015-11-20 05:30:00,1,7555.09,7509.07
2015-11-20 06:00:00,1,8008.48,7903.37
2015-11-20 06:30:00,1,8437.41,8396.35
2015-11-20 07:00:00,1,8884.94,8727.08
2015-11-20 07:30:00,1,9235.04,9088.07
2015-11-20 08:00:00,1,9450.56,9383.86
2015-11-20 08:30:00,1,9848.29,9716.1
2015-11-20 09:00:00,1,10036.32,9881.53
2015-11-20 09:30:00,1,10343.34,10299.69
2015-11-20 10:00:00,1,10603.62,10400.17
2015-11-20 10:30:00,1,10831.97,10668.09
2015-11-20 11:00:00,1,11006.12,11066.36
2015-11-20 11:30:00,1,11251.52,11252.18
2015-11-20 12:00:00,1,11512.36,11430.53
2015-11-20 12:30:00,1,11765.45,11609.16
2015-11-20 13:00:00,1,11742.51,11952.19
2015-11-20 13:30:00,1,11636.84,12148.97
2015-11-20 14:00:00,1,11801.56,11915.65
2015-11-20 14:30:00,1,12131.08,11926.67
2015-11-20 15:00:00,1,12395.71,12063.18
2015-11-20 15:30:00,1,12525.16,12330.46
2015-11-20 16:00:00,1,12601.82,12665.25
2015-11-20 16:30:00,1,12571.4,12649.01
2015-11-20 17:00:00,1,12352.51,12487.94
2015-11-20 17:30:00,1,11957.66,12041.78
2015-11-20 18:00:00,1,11825.64,11567.75
2015-11-20 18:30:00,1,11527.18,11270.41
2015-11-20 19:00:00,1,11116.74,11330.23
2015-11-20 19:30:00,1,10868.12,11273.99
2015-11-20 20:00:00,1,10531.29,10741.16
2015-11-20 20:30:00,1,10005.55,10223.12
2015-11-20 21:00:00,1,9453.57,9502.07
2015-11-20 21:30:00,1,9210.31,9168.26
2015-11-20 22:00:00,1,8718.52,8818.01
2015-11-20 22:30:00,1,8517.62,8496.16
2015-11-20 23:00:00,1,8218.4,8189.91
2015-11-20 23:30:00,1,7897.86,7904.46
2015-11-25 00:00:00,1,7198.72,7261.87
2015-11-25 00:30:00,1,7021.34,7079.29
2015-11-25 01:00:00,1,6815.77,6838.66
2015-11-25 01:30:00,1,6528.86,6564.85
2015-11-25 02:00:00,1,6307.85,6322.3
2015-11-25 02:30:00,1,6077.62,6160.52
2015-11-25 03:00:00,1,6029.05,6074.8
2015-11-25 03:30:00,1,6006.54,6020.46
2015-11-25 04:00:00,1,6066.28,6075.39
2015-11-25 04:30:00,1,6235.74,6270.56
2015-11-25 05:00:00,1,6445.76,6532.1
2015-11-25 05:30:00,1,6892.19,6930.59
2015-11-25 06:00:00,1,7381.86,7374.66
2015-11-25 06:30:00,1,7769.03,7747.21
2015-11-25 07:00:00,1,8043.32,8095.06
2015-11-25 07:30:00,1,8197.81,8251.02
2015-11-25 08:00:00,1,8232.67,8210.44
2015-11-25 08:30:00,1,8440.82,8361.24
2015-11-25 09:00:00,1,8645.69,8498.03
2015-11-25 09:30:00,1,8727.42,8632.64
2015-11-25 10:00:00,1,8846.91,8830.53
2015-11-25 10:30:00,1,8869.84,8903.52
2015-11-25 11:00:00,1,8975.79,9054.34
2015-11-25 11:30:00,1,9066.35,9053.04
2015-11-25 12:00:00,1,9172.17,9132.34
2015-11-25 12:30:00,1,9264.97,9263.56
2015-11-25 13:00:00,1,9394.94,9398.91
2015-11-25 13:30:00,1,9569.14,9495.64
2015-11-25 14:00:00,1,9689.06,9598.64
2015-11-25 14:30:00,1,9781.94,9755.75
2015-11-25 15:00:00,1,9992.26,9905.26
2015-11-25 15:30:00,1,10045.85,10066.45
2015-11-25 16:00:00,1,10348.03,10298.21
2015-11-25 16:30:00,1,10435.05,10382.63
2015-11-25 17:00:00,1,10535.14,10306.44
2015-11-25 17:30:00,1,10307.92,10254.1
2015-11-25 18:00:00,1,10187.83,10158.91
2015-11-25 18:30:00,1,9901.32,9910.8
2015-11-25 19:00:00,1,9676.73,9901.17
2015-11-25 19:30:00,1,9644.49,9817.04
2015-11-25 20:00:00,1,9432.14,9459.07
2015-11-25 20:30:00,1,9133.95,9191.52
2015-11-25 21:00:00,1,8727.97,8760.74
2015-11-25 21:30:00,1,8463.1,8595.3
2015-11-25 22:00:00,1,8125.04,8317.47
2015-11-25 22:30:00,1,7923.13,7966.77
2015-11-25 23:00:00,1,7692.15,7695.89
2015-11-25 23:30:00,1,7446.45,7411.57
2015-11-26 00:00:00,1,7254.25,7289.62
2015-11-26 00:30:00,1,7032.4,7105.16
2015-11-26 01:00:00,1,6827.86,6825.86
2015-11-26 01:30:00,1,6512.45,6494.01
2015-11-26 02:00:00,1,6258.37,6281.88
2015-11-26 02:30:00,1,6116.08,6152.83
2015-11-26 03:00:00,1,6058.77,6078.32
2015-11-26 03:30:00,1,6081.01,6067.78
2015-11-26 04:00:00,1,6175.02,6129.36
2015-11-26 04:30:00,1,6422.78,6352.84
2015-11-26 05:00:00,1,6653.91,6661.55
2015-11-26 05:30:00,1,7189.18,7189.34
2015-11-26 06:00:00,1,7709.58,7656.1
2015-11-26 06:30:00,1,8207.2,8223.12
2015-11-26 07:00:00,1,8713.27,8658.31
2015-11-26 07:30:00,1,9035.9,8961.23
2015-11-26 08:00:00,1,9291.57,9283.52
2015-11-26 08:30:00,1,9679.76,9499.94
2015-11-26 09:00:00,1,9951.74,9777.79
2015-11-26 09:30:00,1,10173.57,10151.88
2015-11-26 10:00:00,1,10309.65,10376.07
2015-11-26 10:30:00,1,10314.5,10582.97
2015-11-26 11:00:00,1,10436.89,10613.21
2015-11-26 11:30:00,1,10502.34,10510.48
2015-11-26 12:00:00,1,10633.09,10564.93
2015-11-26 12:30:00,1,10851.63,10657.45
2015-11-26 13:00:00,1,11045.41,10867.22
2015-11-26 13:30:00,1,11240.43,11148.84
2015-11-26 14:00:00,1,11316.06,11223.46
2015-11-26 14:30:00,1,11315.44,11362.77
2015-11-26 15:00:00,1,11491.63,11395.32
2015-11-26 15:30:00,1,11556.08,11486.56
2015-11-26 16:00:00,1,11538.97,11617.52
2015-11-26 16:30:00,1,11292.57,11508.16
2015-11-26 17:00:00,1,10889.34,11178.54
2015-11-26 17:30:00,1,10203.11,10687.83
2015-11-26 18:00:00,1,9825.41,9971.51
2015-11-26 18:30:00,1,9369.61,9422.21
2015-11-26 19:00:00,1,9074.82,9247.37
2015-11-26 19:30:00,1,9005.9,9123.01
2015-11-26 20:00:00,1,8826.67,8749.74
2015-11-26 20:30:00,1,8471.61,8463.0
2015-11-26 21:00:00,1,8071.81,8212.48
2015-11-26 21:30:00,1,7983.61,8038.34
2015-11-26 22:00:00,1,7739.39,7815.79
2015-11-26 22:30:00,1,7685.41,7640.19
2015-11-26 23:00:00,1,7581.31,7474.94
2015-11-26 23:30:00,1,7416.29,7357.72
2015-12-01 00:00:00,1,7490.13,7492.02
2015-12-01 00:30:00,1,7282.8,7312.29
2015-12-01 01:00:00,1,7057.12,7095.83
2015-12-01 01:30:00,1,6746.01,6824.26
2015-12-01 02:00:00,1,6460.32,6563.84
2015-12-01 02:30:00,1,6304.7,6401.11
2015-12-01 03:00:00,1,6190.48,6249.76
2015-12-01 03:30:00,1,6157.15,6209.65
2015-12-01 04:00:00,1,6200.83,6204.77
2015-12-01 04:30:00,1,6418.03,6387.47
2015-12-01 05:00:00,1,6595.03,6597.54
2015-12-01 05:30:00,1,7146.77,7087.48
2015-12-01 06:00:00,1,7654.09,7507.25
2015-12-01 06:30:00,1,8051.81,7942.04
2015-12-01 07:00:00,1,8421.25,8257.95
2015-12-01 07:30:00,1,8583.09,8575.33
2015-12-01 08:00:00,1,8726.87,8735.46
2015-12-01 08:30:00,1,8939.67,8851.86
2015-12-01 09:00:00,1,9207.64,9111.32
2015-12-01 09:30:00,1,9388.25,9277.97
2015-12-01 10:00:00,1,9560.79,9550.79
2015-12-01 10:30:00,1,9762.51,9750.39
2015-12-01 11:00:00,1,10030.57,9968.92
2015-12-01 11:30:00,1,10140.67,10168.77
2015-12-01 12:00:00,1,10367.32,10395.02
2015-12-01 12:30:00,1,10591.83,10501.57
2015-12-01 13:00:00,1,10774.86,10772.82
2015-12-01 13:30:00,1,10937.46,11014.27
2015-12-01 14:00:00,1,11152.59,11066.3
2015-12-01 14:30:00,1,11242.27,11113.23
2015-12-01 15:00:00,1,11396.31,11464.29
2015-12-01 15:30:00,1,11574.02,11503.46
2015-12-01 16:00:00,1,11509.66,11476.0
2015-12-01 16:30:00,1,11486.16,11626.23
2015-12-01 17:00:00,1,11358.88,11333.44
2015-12-01 17:30:00,1,11172.02,11035.51
2015-12-01 18:00:00,1,10931.58,10745.94
2015-12-01 18:30:00,1,10627.91,10633.05
2015-12-01 19:00:00,1,10487.7,10446.02
2015-12-01 19:30:00,1,10518.53,10452.52
2015-12-01 20:00:00,1,10335.02,10372.62
2015-12-01 20:30:00,1,9850.87,10098.04
2015-12-01 21:00:00,1,9412.77,9598.64
2015-12-01 21:30:00,1,9186.26,9237.3
2015-12-01 22:00:00,1,8773.66,8834.56
2015-12-01 22:30:00,1,8488.48,8513.29
2015-12-01 23:00:00,1,8190.64,8174.48
2015-12-01 23:30:00,1,7847.52,7864.12
2015-12-09 00:00:00,1,7451.22,7424.46
2015-12-09 00:30:00,1,7287.5,7280.23
2015-12-09 01:00:00,1,7111.27,7030.15
2015-12-09 01:30:00,1,6806.72,6788.83
2015-12-09 02:00:00,1,6578.64,6592.94
2015-12-09 02:30:00,1,6415.9,6429.23
2015-12-09 03:00:00,1,6320.23,6357.73
2015-12-09 03:30:00,1,6326.99,6320.14
2015-12-09 04:00:00,1,6380.49,6365.86
2015-12-09 04:30:00,1,6600.14,6618.23
2015-12-09 05:00:00,1,6799.34,6836.97
2015-12-09 05:30:00,1,7285.95,7366.99
2015-12-09 06:00:00,1,7761.23,7817.14
2015-12-09 06:30:00,1,8185.89,8231.07
2015-12-09 07:00:00,1,8572.58,8642.86
2015-12-09 07:30:00,1,8826.22,8773.01
2015-12-09 08:00:00,1,8915.83,8910.03
2015-12-09 08:30:00,1,9008.48,9089.19
2015-12-09 09:00:00,1,9138.26,9203.54
2015-12-09 09:30:00,1,9228.68,9102.2
2015-12-09 10:00:00,1,9397.25,9304.49
2015-12-09 10:30:00,1,9519.12,9421.44
2015-12-09 11:00:00,1,9669.26,9617.51
2015-12-09 11:30:00,1,9779.65,9806.74
2015-12-09 12:00:00,1,9895.82,9940.45
2015-12-09 12:30:00,1,10041.1,10112.11
2015-12-09 13:00:00,1,10216.15,10199.67
2015-12-09 13:30:00,1,10396.91,10297.29
2015-12-09 14:00:00,1,10495.91,10415.28
2015-12-09 14:30:00,1,10620.41,10622.55
2015-12-09 15:00:00,1,10887.65,10739.97
2015-12-09 15:30:00,1,11105.97,10935.74
2015-12-09 16:00:00,1,11255.11,11222.37
2015-12-09 16:30:00,1,11283.72,11249.63
2015-12-09 17:00:00,1,11271.03,11231.57
2015-12-09 17:30:00,1,10980.47,11000.73
2015-12-09 18:00:00,1,10799.15,10754.75
2015-12-09 18:30:00,1,10516.4,10479.32
2015-12-09 19:00:00,1,10322.01,10335.73
2015-12-09 19:30:00,1,10181.88,10337.73
2015-12-09 20:00:00,1,9925.5,10205.23
2015-12-09 20:30:00,1,9558.34,9714.32
2015-12-09 21:00:00,1,9190.52,9159.55
2015-12-09 21:30:00,1,8969.65,8899.08
2015-12-09 22:00:00,1,8577.48,8625.78
2015-12-09 22:30:00,1,8346.5,8345.69
2015-12-09 23:00:00,1,8090.08,8067.3
2015-12-09 23:30:00,1,7822.21,7770.59
2015-12-11 00:00:00,1,7504.87,7479.76
2015-12-11 00:30:00,1,7301.0,7302.75
2015-12-11 01:00:00,1,7092.15,7050.96
2015-12-11 01:30:00,1,6798.52,6791.99
2015-12-11 02:00:00,1,6541.65,6572.86
2015-12-11 02:30:00,1,6401.63,6469.38
2015-12-11 03:00:00,1,6341.74,6350.48
2015-12-11 03:30:00,1,6332.1,6314.84
2015-12-11 04:00:00,1,6429.42,6385.24
2015-12-11 04:30:00,1,6621.61,6605.17
2015-12-11 05:00:00,1,6815.42,6844.16
2015-12-11 05:30:00,1,7241.57,7319.73
2015-12-11 06:00:00,1,7726.85,7767.32
2015-12-11 06:30:00,1,8132.98,8117.89
2015-12-11 07:00:00,1,8480.34,8533.83
2015-12-11 07:30:00,1,8735.37,8664.56
2015-12-11 08:00:00,1,8868.53,8791.82
2015-12-11 08:30:00,1,9020.37,8990.5
2015-12-11 09:00:00,1,9134.73,9151.93
2015-12-11 09:30:00,1,9344.88,9266.25
2015-12-11 10:00:00,1,9527.65,9385.84
2015-12-11 10:30:00,1,9660.06,9632.71
2015-12-11 11:00:00,1,9826.75,9839.42
2015-12-11 11:30:00,1,9921.46,9994.06
2015-12-11 12:00:00,1,10066.59,10070.94
2015-12-11 12:30:00,1,10199.24,10195.1
2015-12-11 13:00:00,1,10300.6,10306.62
2015-12-11 13:30:00,1,10446.92,10366.77
2015-12-11 14:00:00,1,10563.98,10498.28
2015-12-11 14:30:00,1,10640.57,10620.26
2015-12-11 15:00:00,1,10778.29,10746.86
2015-12-11 15:30:00,1,10935.03,10885.62
2015-12-11 16:00:00,1,10967.36,10898.73
2015-12-11 16:30:00,1,10782.88,10964.34
2015-12-11 17:00:00,1,10671.82,10729.97
2015-12-11 17:30:00,1,10198.22,10219.68
2015-12-11 18:00:00,1,9883.04,10027.12
2015-12-11 18:30:00,1,9519.04,9437.17
2015-12-11 19:00:00,1,9358.19,9314.71
2015-12-11 19:30:00,1,9203.17,9326.63
2015-12-11 20:00:00,1,9108.69,9247.64
2015-12-11 20:30:00,1,8820.85,8874.64
2015-12-11 21:00:00,1,8445.05,8577.18
2015-12-11 21:30:00,1,8341.47,8427.95
2015-12-11 22:00:00,1,8138.85,8161.92
2015-12-11 22:30:00,1,8001.45,7961.4
2015-12-11 23:00:00,1,7779.59,7786.34
2015-12-11 23:30:00,1,7528.39,7521.46
2015-12-19 00:00:00,1,7660.15,7668.93
2015-12-19 00:30:00,1,7442.5,7466.97
2015-12-19 01:00:00,1,7137.37,7109.22
2015-12-19 01:30:00,1,6783.98,6849.86
2015-12-19 02:00:00,1,6541.25,6609.39
2015-12-19 02:30:00,1,6382.48,6397.27
2015-12-19 03:00:00,1,6282.16,6290.36
2015-12-19 03:30:00,1,6239.91,6241.81
2015-12-19 04:00:00,1,6215.97,6213.64
2015-12-19 04:30:00,1,6230.74,6257.88
2015-12-19 05:00:00,1,6286.88,6293.99
2015-12-19 05:30:00,1,6470.78,6378.98
2015-12-19 06:00:00,1,6677.9,6597.81
2015-12-19 06:30:00,1,6983.06,6914.83
2015-12-19 07:00:00,1,7358.97,7203.1
2015-12-19 07:30:00,1,7731.88,7718.32
2015-12-19 08:00:00,1,8018.71,8066.91
2015-12-19 08:30:00,1,8365.87,8300.95
2015-12-19 09:00:00,1,8569.31,8469.8
2015-12-19 09:30:00,1,8792.82,8631.2
2015-12-19 10:00:00,1,8871.75,8893.68
2015-12-19 10:30:00,1,9064.58,9143.89
2015-12-19 11:00:00,1,9265.81,9234.69
2015-12-19 11:30:00,1,9427.37,9413.13
2015-12-19 12:00:00,1,9646.8,9632.22
2015-12-19 12:30:00,1,9816.79,9848.62
2015-12-19 13:00:00,1,9993.74,9954.38
2015-12-19 13:30:00,1,10067.63,10110.26
2015-12-19 14:00:00,1,10155.23,10202.13
2015-12-19 14:30:00,1,10210.86,10266.64
2015-12-19 15:00:00,1,10323.66,10322.56
2015-12-19 15:30:00,1,10386.83,10334.57
2015-12-19 16:00:00,1,10426.28,10368.55
2015-12-19 16:30:00,1,10351.95,10374.07
2015-12-19 17:00:00,1,10289.6,10346.81
2015-12-19 17:30:00,1,10163.01,10167.05
2015-12-19 18:00:00,1,9911.04,9936.2
2015-12-19 18:30:00,1,9598.79,9679.68
2015-12-19 19:00:00,1,9347.84,9414.15
2015-12-19 19:30:00,1,9230.15,9366.28
2015-12-19 20:00:00,1,9170.48,9286.09
2015-12-19 20:30:00,1,8962.39,9020.0
2015-12-19 21:00:00,1,8678.52,8738.17
2015-12-19 21:30:00,1,8473.31,8542.1
2015-12-19 22:00:00,1,8233.15,8274.57
2015-12-19 22:30:00,1,8039.45,8044.72
2015-12-19 23:00:00,1,7683.66,7716.49
2015-12-19 23:30:00,1,7408.48,7375.68
2015-12-20 00:00:00,1,7148.36,7199.63
2015-12-20 00:30:00,1,6992.24,7011.81
2015-12-20 01:00:00,1,6838.25,6735.35
2015-12-20 01:30:00,1,6571.35,6537.2
2015-12-20 02:00:00,1,6382.14,6431.46
2015-12-20 02:30:00,1,6262.77,6289.09
2015-12-20 03:00:00,1,6203.47,6185.42
2015-12-20 03:30:00,1,6176.88,6112.37
2015-12-20 04:00:00,1,6130.37,6097.73
2015-12-20 04:30:00,1,6151.33,6154.32
2015-12-20 05:00:00,1,6092.65,6092.91
2015-12-20 05:30:00,1,6183.49,6152.46
2015-12-20 06:00:00,1,6364.9,6237.48
2015-12-20 06:30:00,1,6605.42,6506.82
2015-12-20 07:00:00,1,6885.52,6794.14
2015-12-20 07:30:00,1,7186.39,7195.24
2015-12-20 08:00:00,1,7508.49,7524.68
2015-12-20 08:30:00,1,7717.16,7686.99
2015-12-20 09:00:00,1,7937.7,7883.92
2015-12-20 09:30:00,1,8120.07,8055.04
2015-12-20 10:00:00,1,8301.41,8311.6
2015-12-20 10:30:00,1,8500.47,8470.58
2015-12-20 11:00:00,1,8754.41,8718.87
2015-12-20 11:30:00,1,8964.04,8956.98
2015-12-20 12:00:00,1,9223.4,9125.83
2015-12-20 12:30:00,1,9465.03,9403.36
2015-12-20 13:00:00,1,9677.39,9619.59
2015-12-20 13:30:00,1,9863.27,9826.35
2015-12-20 14:00:00,1,10016.4,10036.13
2015-12-20 14:30:00,1,10194.23,10207.74
2015-12-20 15:00:00,1,10416.58,10351.6
2015-12-20 15:30:00,1,10553.93,10407.12
2015-12-20 16:00:00,1,10711.21,10611.66
2015-12-20 16:30:00,1,10779.6,10717.79
2015-12-20 17:00:00,1,10926.62,10869.99
2015-12-20 17:30:00,1,10917.1,10852.25
2015-12-20 18:00:00,1,10803.82,10701.13
2015-12-20 18:30:00,1,10628.04,10526.01
2015-12-20 19:00:00,1,10435.32,10339.95
2015-12-20 19:30:00,1,10292.34,10371.04
2015-12-20 20:00:00,1,10236.4,10368.96
2015-12-20 20:30:00,1,10008.28,10081.21
2015-12-20 21:00:00,1,9659.92,9637.03
2015-12-20 21:30:00,1,9361.07,9260.39
2015-12-20 22:00:00,1,9014.58,8850.64
2015-12-20 22:30:00,1,8674.36,8524.06
2015-12-20 23:00:00,1,8215.21,8156.36
2015-12-20 23:30:00,1,7868.75,7847.56
2016-01-11 00:00:00,1,6978.56,7035.54
2016-01-11 00:30:00,1,6851.08,6859.62
2016-01-11 01:00:00,1,6650.52,6586.27
2016-01-11 01:30:00,1,6408.74,6415.04
2016-01-11 02:00:00,1,6217.51,6256.41
2016-01-11 02:30:00,1,6116.95,6187.59
2016-01-11 03:00:00,1,6037.21,6145.19
2016-01-11 03:30:00,1,6074.09,6126.88
2016-01-11 04:00:00,1,6123.03,6114.41
2016-01-11 04:30:00,1,6321.44,6304.46
2016-01-11 05:00:00,1,6520.76,6489.26
2016-01-11 05:30:00,1,6861.52,6852.19
2016-01-11 06:00:00,1,7258.58,7200.26
2016-01-11 06:30:00,1,7648.88,7605.7
2016-01-11 07:00:00,1,8083.29,8038.26
2016-01-11 07:30:00,1,8448.28,8332.34
2016-01-11 08:00:00,1,8781.35,8727.31
2016-01-11 08:30:00,1,9028.24,9066.27
2016-01-11 09:00:00,1,9217.6,9263.5
2016-01-11 09:30:00,1,9351.57,9305.24
2016-01-11 10:00:00,1,9529.3,9476.68
2016-01-11 10:30:00,1,9725.37,9618.86
2016-01-11 11:00:00,1,9944.42,9848.56
2016-01-11 11:30:00,1,10105.78,10150.17
2016-01-11 12:00:00,1,10363.86,10270.97
2016-01-11 12:30:00,1,10622.37,10489.4
2016-01-11 13:00:00,1,10830.68,10795.24
2016-01-11 13:30:00,1,11107.02,11036.54
2016-01-11 14:00:00,1,11243.29,11221.4
2016-01-11 14:30:00,1,11502.45,11543.08
2016-01-11 15:00:00,1,11588.35,11639.43
2016-01-11 15:30:00,1,11677.83,11914.43
2016-01-11 16:00:00,1,11706.54,11794.03
2016-01-11 16:30:00,1,11713.57,11654.16
2016-01-11 17:00:00,1,11686.36,11559.72
2016-01-11 17:30:00,1,11449.2,11225.67
2016-01-11 18:00:00,1,11393.83,11129.28
2016-01-11 18:30:00,1,11035.45,10875.23
2016-01-11 19:00:00,1,10741.77,10827.97
2016-01-11 19:30:00,1,10546.34,10578.59
2016-01-11 20:00:00,1,10410.15,10402.24
2016-01-11 20:30:00,1,10060.37,10237.0
2016-01-11 21:00:00,1,9598.07,9729.83
2016-01-11 21:30:00,1,9323.43,9435.78
2016-01-11 22:00:00,1,8913.24,8970.38
2016-01-11 22:30:00,1,8639.28,8558.25
2016-01-11 23:00:00,1,8274.11,8284.58
2016-01-11 23:30:00,1,8004.77,7980.59
2016-01-12 00:00:00,1,7780.43,7732.55
2016-01-12 00:30:00,1,7541.28,7579.05
2016-01-12 01:00:00,1,7297.55,7291.11
2016-01-12 01:30:00,1,6977.31,6980.59
2016-01-12 02:00:00,1,6716.42,6780.71
2016-01-12 02:30:00,1,6601.77,6669.19
2016-01-12 03:00:00,1,6493.62,6582.36
2016-01-12 03:30:00,1,6537.09,6543.65
2016-01-12 04:00:00,1,6526.49,6535.59
2016-01-12 04:30:00,1,6713.65,6687.19
2016-01-12 05:00:00,1,6859.12,6936.36
2016-01-12 05:30:00,1,7193.86,7279.26
2016-01-12 06:00:00,1,7587.03,7514.12
2016-01-12 06:30:00,1,8018.42,7983.01
2016-01-12 07:00:00,1,8496.88,8425.41
2016-01-12 07:30:00,1,8936.88,8764.08
2016-01-12 08:00:00,1,9209.18,9261.96
2016-01-12 08:30:00,1,9564.36,9573.51
2016-01-12 09:00:00,1,9871.69,9740.18
2016-01-12 09:30:00,1,10140.7,9919.68
2016-01-12 10:00:00,1,10381.78,10301.65
2016-01-12 10:30:00,1,10606.3,10579.68
2016-01-12 11:00:00,1,10788.38,10866.69
2016-01-12 11:30:00,1,10970.91,11048.69
2016-01-12 12:00:00,1,11125.82,11170.16
2016-01-12 12:30:00,1,11205.57,11369.16
2016-01-12 13:00:00,1,11300.21,11462.48
2016-01-12 13:30:00,1,11258.56,11411.39
2016-01-12 14:00:00,1,11222.5,11484.22
2016-01-12 14:30:00,1,11178.72,11443.32
2016-01-12 15:00:00,1,11032.87,11493.88
2016-01-12 15:30:00,1,10989.27,11048.6
2016-01-12 16:00:00,1,10871.31,10838.45
2016-01-12 16:30:00,1,10677.41,10763.27
2016-01-12 17:00:00,1,10521.19,10465.82
2016-01-12 17:30:00,1,10191.2,10165.91
2016-01-12 18:00:00,1,9981.67,9955.61
2016-01-12 18:30:00,1,9678.21,9628.44
2016-01-12 19:00:00,1,9413.24,9425.42
2016-01-12 19:30:00,1,9287.11,9290.94
2016-01-12 20:00:00,1,9256.99,9207.77
2016-01-12 20:30:00,1,9030.73,9071.65
2016-01-12 21:00:00,1,8713.22,8749.94
2016-01-12 21:30:00,1,8572.63,8623.91
2016-01-12 22:00:00,1,8242.16,8309.02
2016-01-12 22:30:00,1,8165.71,8056.67
2016-01-12 23:00:00,1,7921.14,7856.95
2016-01-12 23:30:00,1,7711.6,7649.24
2016-01-14 00:00:00,1,7965.04,7991.4
2016-01-14 00:30:00,1,7733.02,7757.87
2016-01-14 01:00:00,1,7462.98,7434.25
2016-01-14 01:30:00,1,7075.47,7151.03
2016-01-14 02:00:00,1,6784.27,6914.1
2016-01-14 02:30:00,1,6696.34,6731.45
2016-01-14 03:00:00,1,6655.78,6617.49
2016-01-14 03:30:00,1,6620.18,6652.53
2016-01-14 04:00:00,1,6648.04,6699.41
2016-01-14 04:30:00,1,6840.59,6809.04
2016-01-14 05:00:00,1,6963.74,7021.72
2016-01-14 05:30:00,1,7386.75,7445.8
2016-01-14 06:00:00,1,7849.58,7676.91
2016-01-14 06:30:00,1,8393.76,8236.24
2016-01-14 07:00:00,1,8929.19,8729.88
2016-01-14 07:30:00,1,9374.67,9382.6
2016-01-14 08:00:00,1,9793.46,9736.26
2016-01-14 08:30:00,1,10240.99,10126.64
2016-01-14 09:00:00,1,10595.8,10425.11
2016-01-14 09:30:00,1,10960.1,10839.88
2016-01-14 10:00:00,1,11267.56,11220.47
2016-01-14 10:30:00,1,11537.17,11567.68
2016-01-14 11:00:00,1,11800.52,11870.19
2016-01-14 11:30:00,1,12033.85,12056.27
2016-01-14 12:00:00,1,12243.69,12349.31
2016-01-14 12:30:00,1,12576.46,12581.75
2016-01-14 13:00:00,1,12665.03,12817.93
2016-01-14 13:30:00,1,12670.87,12960.07
2016-01-14 14:00:00,1,12635.04,12874.43
2016-01-14 14:30:00,1,11690.94,12801.36
2016-01-14 15:00:00,1,11236.25,12597.75
2016-01-14 15:30:00,1,11188.87,11340.22
2016-01-14 16:00:00,1,11138.74,10738.2
2016-01-14 16:30:00,1,10853.9,10763.93
2016-01-14 17:00:00,1,10831.18,10666.39
2016-01-14 17:30:00,1,10483.43,10224.13
2016-01-14 18:00:00,1,10156.25,10050.57
2016-01-14 18:30:00,1,9620.3,9778.18
2016-01-14 19:00:00,1,9232.66,9474.79
2016-01-14 19:30:00,1,9029.43,9084.57
2016-01-14 20:00:00,1,8802.64,8867.63
2016-01-14 20:30:00,1,8481.11,8650.26
2016-01-14 21:00:00,1,8103.0,8174.29
2016-01-14 21:30:00,1,8036.86,7981.26
2016-01-14 22:00:00,1,7813.21,7720.2
2016-01-14 22:30:00,1,7736.88,7585.05
2016-01-14 23:00:00,1,7555.11,7443.19
2016-01-14 23:30:00,1,7318.99,7284.39
2016-01-19 00:00:00,1,7297.66,7351.05
2016-01-19 00:30:00,1,7143.87,7181.9
2016-01-19 01:00:00,1,6960.71,6894.32
2016-01-19 01:30:00,1,6618.13,6646.02
2016-01-19 02:00:00,1,6399.38,6444.43
2016-01-19 02:30:00,1,6269.98,6268.63
2016-01-19 03:00:00,1,6182.37,6211.78
2016-01-19 03:30:00,1,6196.44,6232.72
2016-01-19 04:00:00,1,6246.64,6228.17
2016-01-19 04:30:00,1,6375.98,6431.14
2016-01-19 05:00:00,1,6612.44,6619.0
2016-01-19 05:30:00,1,7000.03,6926.42
2016-01-19 06:00:00,1,7354.56,7367.67
2016-01-19 06:30:00,1,7708.26,7694.29
2016-01-19 07:00:00,1,8124.26,8001.18
2016-01-19 07:30:00,1,8366.63,8299.02
2016-01-19 08:00:00,1,8577.4,8618.84
2016-01-19 08:30:00,1,8780.76,8817.08
2016-01-19 09:00:00,1,8855.96,8906.69
2016-01-19 09:30:00,1,8940.38,8970.76
2016-01-19 10:00:00,1,9083.86,8967.92
2016-01-19 10:30:00,1,9123.03,9069.8
2016-01-19 11:00:00,1,9309.94,9282.0
2016-01-19 11:30:00,1,9356.85,9311.2
2016-01-19 12:00:00,1,9554.56,9569.67
2016-01-19 12:30:00,1,9717.66,9659.22
2016-01-19 13:00:00,1,9997.66,9885.88
2016-01-19 13:30:00,1,10172.86,10020.64
2016-01-19 14:00:00,1,10343.66,10356.31
2016-01-19 14:30:00,1,10568.84,10503.0
2016-01-19 15:00:00,1,10727.69,10689.58
2016-01-19 15:30:00,1,10896.0,10981.06
2016-01-19 16:00:00,1,11111.82,11037.93
2016-01-19 16:30:00,1,11169.66,11097.65
2016-01-19 17:00:00,1,11196.17,11163.53
2016-01-19 17:30:00,1,11120.37,10963.8
2016-01-19 18:00:00,1,11016.88,10825.29
2016-01-19 18:30:00,1,10780.88,10801.14
2016-01-19 19:00:00,1,10593.6,10525.72
2016-01-19 19:30:00,1,10444.46,10468.61
2016-01-19 20:00:00,1,10371.76,10475.41
2016-01-19 20:30:00,1,10056.69,10135.66
2016-01-19 21:00:00,1,9629.68,9716.26
2016-01-19 21:30:00,1,9369.1,9450.97
2016-01-19 22:00:00,1,8967.0,9052.62
2016-01-19 22:30:00,1,8637.2,8687.78
2016-01-19 23:00:00,1,8318.44,8351.03
2016-01-19 23:30:00,1,8017.68,7985.28
2016-01-20 00:00:00,1,7773.36,7797.51
2016-01-20 00:30:00,1,7518.25,7600.3
2016-01-20 01:00:00,1,7236.45,7300.26
2016-01-20 01:30:00,1,6914.88,6952.65
2016-01-20 02:00:00,1,6671.91,6706.23
2016-01-20 02:30:00,1,6483.16,6558.21
2016-01-20 03:00:00,1,6389.09,6474.21
2016-01-20 03:30:00,1,6378.98,6389.3
2016-01-20 04:00:00,1,6400.29,6406.84
2016-01-20 04:30:00,1,6589.09,6575.65
2016-01-20 05:00:00,1,6783.14,6802.27
2016-01-20 05:30:00,1,7157.45,7185.47
2016-01-20 06:00:00,1,7592.82,7567.3
2016-01-20 06:30:00,1,7990.09,7895.31
2016-01-20 07:00:00,1,8390.55,8358.27
2016-01-20 07:30:00,1,8792.28,8616.79
2016-01-20 08:00:00,1,9064.84,8972.07
2016-01-20 08:30:00,1,9397.81,9377.77
2016-01-20 09:00:00,1,9611.3,9563.67
2016-01-20 09:30:00,1,9885.7,9816.78
2016-01-20 10:00:00,1,10099.14,10005.09
2016-01-20 10:30:00,1,10276.4,10173.32
2016-01-20 11:00:00,1,10442.54,10501.97
2016-01-20 11:30:00,1,10659.87,10659.98
2016-01-20 12:00:00,1,10879.46,10831.1
2016-01-20 12:30:00,1,11112.65,11103.45
2016-01-20 13:00:00,1,11383.64,11281.5
2016-01-20 13:30:00,1,11627.03,11514.18
2016-01-20 14:00:00,1,11844.23,11763.75
2016-01-20 14:30:00,1,12004.59,12025.44
2016-01-20 15:00:00,1,12174.48,12203.84
2016-01-20 15:30:00,1,12320.92,12316.46
2016-01-20 16:00:00,1,12502.26,12419.21
2016-01-20 16:30:00,1,12566.79,12344.06
2016-01-20 17:00:00,1,12512.37,12411.62
2016-01-20 17:30:00,1,12191.66,12200.85
2016-01-20 18:00:00,1,11995.29,11919.61
2016-01-20 18:30:00,1,11666.87,11564.18
2016-01-20 19:00:00,1,11372.51,11327.03
2016-01-20 19:30:00,1,11177.88,11181.95
2016-01-20 20:00:00,1,10956.95,11108.8
2016-01-20 20:30:00,1,10575.38,10823.52
2016-01-20 21:00:00,1,10196.01,10212.32
2016-01-20 21:30:00,1,9834.87,9858.38
2016-01-20 22:00:00,1,9398.36,9466.11
2016-01-20 22:30:00,1,9084.98,8997.76
2016-01-20 23:00:00,1,8765.41,8703.18
2016-01-20 23:30:00,1,8433.75,8340.98
2016-01-21 00:00:00,1,8169.79,8159.06
2016-01-21 00:30:00,1,7890.36,7958.59
2016-01-21 01:00:00,1,7577.4,7642.14
2016-01-21 01:30:00,1,7284.5,7328.45
2016-01-21 02:00:00,1,7047.16,7056.12
2016-01-21 02:30:00,1,6896.91,6941.65
2016-01-21 03:00:00,1,6828.86,6842.21
2016-01-21 03:30:00,1,6854.05,6778.48
2016-01-21 04:00:00,1,6878.14,6818.43
2016-01-21 04:30:00,1,7057.95,7052.86
2016-01-21 05:00:00,1,7256.59,7258.72
2016-01-21 05:30:00,1,7693.78,7670.08
2016-01-21 06:00:00,1,8062.48,8126.51
2016-01-21 06:30:00,1,8508.75,8486.66
2016-01-21 07:00:00,1,9067.93,8873.36
2016-01-21 07:30:00,1,9434.65,9246.49
2016-01-21 08:00:00,1,9748.03,9761.63
2016-01-21 08:30:00,1,9982.67,9971.74
2016-01-21 09:00:00,1,10209.79,10184.23
2016-01-21 09:30:00,1,10497.16,10226.2
2016-01-21 10:00:00,1,10722.58,10471.13
2016-01-21 10:30:00,1,10971.44,10842.08
2016-01-21 11:00:00,1,11210.95,11108.31
2016-01-21 11:30:00,1,11439.7,11398.28
2016-01-21 12:00:00,1,11718.53,11591.21
2016-01-21 12:30:00,1,11944.34,11903.1
2016-01-21 13:00:00,1,12182.68,12180.06
2016-01-21 13:30:00,1,12347.23,12307.96
2016-01-21 14:00:00,1,12520.71,12513.98
2016-01-21 14:30:00,1,12697.93,12610.37
2016-01-21 15:00:00,1,12777.07,12856.37
2016-01-21 15:30:00,1,12615.77,13012.88
2016-01-21 16:00:00,1,12633.48,12866.39
2016-01-21 16:30:00,1,12390.63,12370.65
2016-01-21 17:00:00,1,12194.86,12253.87
2016-01-21 17:30:00,1,11555.41,11751.4
2016-01-21 18:00:00,1,11274.78,11340.15
2016-01-21 18:30:00,1,10932.16,10695.8
2016-01-21 19:00:00,1,10700.77,10562.03
2016-01-21 19:30:00,1,10504.0,10526.8
2016-01-21 20:00:00,1,10288.31,10460.16
2016-01-21 20:30:00,1,9920.24,10135.1
2016-01-21 21:00:00,1,9503.42,9614.17
2016-01-21 21:30:00,1,9340.01,9319.38
2016-01-21 22:00:00,1,8978.33,8882.75
2016-01-21 22:30:00,1,8798.71,8689.46
2016-01-21 23:00:00,1,8480.19,8420.64
2016-01-21 23:30:00,1,8195.22,8176.97
2016-02-14 00:00:00,1,7258.85,7302.66
2016-02-14 00:30:00,1,7084.31,7108.59
2016-02-14 01:00:00,1,6820.2,6834.12
2016-02-14 01:30:00,1,6552.18,6626.96
2016-02-14 02:00:00,1,6304.0,6380.43
2016-02-14 02:30:00,1,6150.58,6240.37
2016-02-14 03:00:00,1,6106.37,6151.56
2016-02-14 03:30:00,1,6035.64,6044.76
2016-02-14 04:00:00,1,6020.99,6021.06
2016-02-14 04:30:00,1,6008.29,6066.53
2016-02-14 05:00:00,1,6005.09,6131.61
2016-02-14 05:30:00,1,6152.5,6147.98
2016-02-14 06:00:00,1,6245.91,6230.29
2016-02-14 06:30:00,1,6476.99,6467.44
2016-02-14 07:00:00,1,6770.05,6715.98
2016-02-14 07:30:00,1,7043.43,6962.56
2016-02-14 08:00:00,1,7308.16,7331.28
2016-02-14 08:30:00,1,7553.02,7556.53
2016-02-14 09:00:00,1,7752.41,7808.59
2016-02-14 09:30:00,1,7935.57,7954.08
2016-02-14 10:00:00,1,8111.16,8029.17
2016-02-14 10:30:00,1,8271.24,8205.68
2016-02-14 11:00:00,1,8535.75,8501.02
2016-02-14 11:30:00,1,8766.28,8709.7
2016-02-14 12:00:00,1,9061.33,8966.1
2016-02-14 12:30:00,1,9329.37,9296.51
2016-02-14 13:00:00,1,9622.8,9505.3
2016-02-14 13:30:00,1,9852.04,9742.6
2016-02-14 14:00:00,1,10070.64,10022.34
2016-02-14 14:30:00,1,10147.25,10229.82
2016-02-14 15:00:00,1,10285.84,10450.11
2016-02-14 15:30:00,1,10333.87,10404.34
2016-02-14 16:00:00,1,10392.9,10370.76
2016-02-14 16:30:00,1,10402.25,10376.99
2016-02-14 17:00:00,1,10419.81,10428.64
2016-02-14 17:30:00,1,10353.0,10354.7
2016-02-14 18:00:00,1,10149.99,10179.73
2016-02-14 18:30:00,1,9915.11,9911.32
2016-02-14 19:00:00,1,9660.32,9681.76
2016-02-14 19:30:00,1,9548.66,9705.36
2016-02-14 20:00:00,1,9345.48,9452.4
2016-02-14 20:30:00,1,9035.9,9092.02
2016-02-14 21:00:00,1,8691.54,8722.58
2016-02-14 21:30:00,1,8474.7,8424.98
2016-02-14 22:00:00,1,8145.82,8120.18
2016-02-14 22:30:00,1,7889.44,7946.96
2016-02-14 23:00:00,1,7553.96,7587.25
2016-02-14 23:30:00,1,7319.26,7294.8
2016-02-19 00:00:00,1,7439.77,7457.56
2016-02-19 00:30:00,1,7254.27,7276.48
2016-02-19 01:00:00,1,7035.7,7016.64
2016-02-19 01:30:00,1,6769.89,6781.5
2016-02-19 02:00:00,1,6524.66,6530.79
2016-02-19 02:30:00,1,6389.81,6397.59
2016-02-19 03:00:00,1,6328.87,6341.61
2016-02-19 03:30:00,1,6348.52,6340.55
2016-02-19 04:00:00,1,6421.67,6412.81
2016-02-19 04:30:00,1,6648.03,6647.97
2016-02-19 05:00:00,1,6923.76,6948.59
2016-02-19 05:30:00,1,7476.22,7466.33
2016-02-19 06:00:00,1,7888.2,7884.67
2016-02-19 06:30:00,1,8302.26,8331.33
2016-02-19 07:00:00,1,8678.92,8685.69
2016-02-19 07:30:00,1,8866.04,8829.68
2016-02-19 08:00:00,1,8994.72,8993.01
2016-02-19 08:30:00,1,9203.14,9138.57
2016-02-19 09:00:00,1,9287.02,9324.34
2016-02-19 09:30:00,1,9409.84,9429.23
2016-02-19 10:00:00,1,9470.86,9423.38
2016-02-19 10:30:00,1,9497.56,9519.88
2016-02-19 11:00:00,1,9606.49,9601.23
2016-02-19 11:30:00,1,9684.89,9617.12
2016-02-19 12:00:00,1,9865.46,9736.67
2016-02-19 12:30:00,1,9956.71,9909.19
2016-02-19 13:00:00,1,10156.94,10109.84
2016-02-19 13:30:00,1,10344.64,10247.19
2016-02-19 14:00:00,1,10517.55,10406.57
2016-02-19 14:30:00,1,10680.74,10593.33
2016-02-19 15:00:00,1,10976.66,10770.07
2016-02-19 15:30:00,1,11220.4,11061.84
2016-02-19 16:00:00,1,11418.86,11408.95
2016-02-19 16:30:00,1,11446.13,11444.24
2016-02-19 17:00:00,1,11370.5,11477.79
2016-02-19 17:30:00,1,10968.36,11051.11
2016-02-19 18:00:00,1,10841.93,10743.74
2016-02-19 18:30:00,1,10600.61,10433.13
2016-02-19 19:00:00,1,10340.09,10423.06
2016-02-19 19:30:00,1,10306.73,10365.59
2016-02-19 20:00:00,1,10150.96,10078.71
2016-02-19 20:30:00,1,9883.85,9927.23
2016-02-19 21:00:00,1,9506.55,9456.98
2016-02-19 21:30:00,1,9292.11,9373.83
2016-02-19 22:00:00,1,8994.69,9041.35
2016-02-19 22:30:00,1,8821.14,8784.59
2016-02-19 23:00:00,1,8483.63,8531.99
2016-02-19 23:30:00,1,8180.21,8299.01
2016-02-23 00:00:00,1,7621.36,7660.36
2016-02-23 00:30:00,1,7372.72,7469.23
2016-02-23 01:00:00,1,7129.38,7180.37
2016-02-23 01:30:00,1,6770.13,6879.73
2016-02-23 02:00:00,1,6529.9,6649.76
2016-02-23 02:30:00,1,6448.64,6470.49
2016-02-23 03:00:00,1,6370.81,6377.92
2016-02-23 03:30:00,1,6328.07,6394.55
2016-02-23 04:00:00,1,6428.67,6407.1
2016-02-23 04:30:00,1,6626.78,6618.75
2016-02-23 05:00:00,1,6899.09,6914.89
2016-02-23 05:30:00,1,7472.45,7427.24
2016-02-23 06:00:00,1,7904.71,7890.38
2016-02-23 06:30:00,1,8347.07,8379.14
2016-02-23 07:00:00,1,8742.06,8676.36
2016-02-23 07:30:00,1,8970.22,8936.39
2016-02-23 08:00:00,1,9147.45,9051.6
2016-02-23 08:30:00,1,9345.36,9288.65
2016-02-23 09:00:00,1,9534.85,9429.18
2016-02-23 09:30:00,1,9623.85,9609.9
2016-02-23 10:00:00,1,9714.23,9781.54
2016-02-23 10:30:00,1,9803.51,9808.03
2016-02-23 11:00:00,1,9917.45,9895.92
2016-02-23 11:30:00,1,9997.74,9991.35
2016-02-23 12:00:00,1,10138.91,10114.66
2016-02-23 12:30:00,1,10296.95,10280.04
2016-02-23 13:00:00,1,10476.32,10420.44
2016-02-23 13:30:00,1,10614.0,10563.68
2016-02-23 14:00:00,1,10734.19,10665.99
2016-02-23 14:30:00,1,10885.98,10814.89
2016-02-23 15:00:00,1,11214.83,11025.95
2016-02-23 15:30:00,1,11502.1,11262.95
2016-02-23 16:00:00,1,11573.69,11554.0
2016-02-23 16:30:00,1,11622.51,11704.54
2016-02-23 17:00:00,1,11687.88,11627.09
2016-02-23 17:30:00,1,11428.76,11384.02
2016-02-23 18:00:00,1,11243.73,11282.82
2016-02-23 18:30:00,1,10914.26,10973.03
2016-02-23 19:00:00,1,10631.33,10767.94
2016-02-23 19:30:00,1,10593.28,10594.7
2016-02-23 20:00:00,1,10310.09,10275.87
2016-02-23 20:30:00,1,9860.21,10053.44
2016-02-23 21:00:00,1,9406.65,9526.01
2016-02-23 21:30:00,1,9110.2,9204.39
2016-02-23 22:00:00,1,8708.23,8812.34
2016-02-23 22:30:00,1,8540.02,8476.06
2016-02-23 23:00:00,1,8271.72,8173.27
2016-02-23 23:30:00,1,7970.03,7933.36
2016-02-24 00:00:00,1,7775.84,7797.26
2016-02-24 00:30:00,1,7523.53,7592.31
2016-02-24 01:00:00,1,7327.46,7335.67
2016-02-24 01:30:00,1,6964.79,6991.01
2016-02-24 02:00:00,1,6719.7,6802.76
2016-02-24 02:30:00,1,6557.72,6644.39
2016-02-24 03:00:00,1,6458.21,6533.59
2016-02-24 03:30:00,1,6463.83,6477.37
2016-02-24 04:00:00,1,6531.07,6501.11
2016-02-24 04:30:00,1,6753.69,6707.83
2016-02-24 05:00:00,1,7026.37,7016.56
2016-02-24 05:30:00,1,7609.41,7592.03
2016-02-24 06:00:00,1,7987.5,8027.91
2016-02-24 06:30:00,1,8420.07,8443.71
2016-02-24 07:00:00,1,8777.74,8699.11
2016-02-24 07:30:00,1,9042.41,8965.08
2016-02-24 08:00:00,1,9199.35,9105.42
2016-02-24 08:30:00,1,9440.64,9423.67
2016-02-24 09:00:00,1,9661.73,9480.53
2016-02-24 09:30:00,1,9839.42,9727.92
2016-02-24 10:00:00,1,9959.04,9958.33
2016-02-24 10:30:00,1,10058.25,10116.29
2016-02-24 11:00:00,1,10228.7,10288.19
2016-02-24 11:30:00,1,10403.4,10369.32
2016-02-24 12:00:00,1,10629.04,10484.9
2016-02-24 12:30:00,1,10827.92,10748.9
2016-02-24 13:00:00,1,11062.05,11025.57
2016-02-24 13:30:00,1,11192.39,11206.19
2016-02-24 14:00:00,1,11396.89,11363.07
2016-02-24 14:30:00,1,11560.5,11482.71
2016-02-24 15:00:00,1,11933.45,11714.17
2016-02-24 15:30:00,1,12109.48,11924.53
2016-02-24 16:00:00,1,12283.46,12372.74
2016-02-24 16:30:00,1,12399.8,12357.79
2016-02-24 17:00:00,1,12381.21,12261.61
2016-02-24 17:30:00,1,12111.75,12031.44
2016-02-24 18:00:00,1,11923.07,11802.42
2016-02-24 18:30:00,1,11481.97,11618.46
2016-02-24 19:00:00,1,11136.85,11417.18
2016-02-24 19:30:00,1,11017.87,11027.77
2016-02-24 20:00:00,1,10637.03,10716.95
2016-02-24 20:30:00,1,10159.7,10414.2
2016-02-24 21:00:00,1,9710.52,9760.71
2016-02-24 21:30:00,1,9397.93,9424.46
2016-02-24 22:00:00,1,8965.79,9081.78
2016-02-24 22:30:00,1,8710.01,8669.78
2016-02-24 23:00:00,1,8359.08,8374.81
2016-02-24 23:30:00,1,8014.11,8064.85
2016-02-25 00:00:00,1,7801.9,7842.57
2016-02-25 00:30:00,1,7549.05,7589.64
2016-02-25 01:00:00,1,7280.84,7341.19
2016-02-25 01:30:00,1,6969.03,6987.44
2016-02-25 02:00:00,1,6747.32,6776.41
2016-02-25 02:30:00,1,6617.29,6653.72
2016-02-25 03:00:00,1,6562.83,6577.23
2016-02-25 03:30:00,1,6531.25,6555.18
2016-02-25 04:00:00,1,6606.6,6599.15
2016-02-25 04:30:00,1,6817.05,6783.62
2016-02-25 05:00:00,1,7071.63,7123.17
2016-02-25 05:30:00,1,7632.78,7629.56
2016-02-25 06:00:00,1,8092.3,8031.04
2016-02-25 06:30:00,1,8502.15,8493.07
2016-02-25 07:00:00,1,8884.17,8816.25
2016-02-25 07:30:00,1,9169.28,9064.87
2016-02-25 08:00:00,1,9382.29,9248.04
2016-02-25 08:30:00,1,9681.96,9527.59
2016-02-25 09:00:00,1,9896.54,9814.55
2016-02-25 09:30:00,1,10102.28,10062.6
2016-02-25 10:00:00,1,10324.45,10265.9
2016-02-25 10:30:00,1,10568.96,10460.51
2016-02-25 11:00:00,1,10875.77,10745.53
2016-02-25 11:30:00,1,11149.87,11040.11
2016-02-25 12:00:00,1,11359.51,11340.67
2016-02-25 12:30:00,1,11647.87,11666.55
2016-02-25 13:00:00,1,11928.96,11832.92
2016-02-25 13:30:00,1,12157.41,12096.68
2016-02-25 14:00:00,1,12422.78,12317.14
2016-02-25 14:30:00,1,12631.78,12417.75
2016-02-25 15:00:00,1,12969.29,12857.12
2016-02-25 15:30:00,1,13223.03,13064.43
2016-02-25 16:00:00,1,13329.86,13344.62
2016-02-25 16:30:00,1,13398.11,13329.56
2016-02-25 17:00:00,1,13458.63,13286.72
2016-02-25 17:30:00,1,13218.09,13043.56
2016-02-25 18:00:00,1,13041.34,12895.28
2016-02-25 18:30:00,1,12673.61,12758.32
2016-02-25 19:00:00,1,12395.83,12477.57
2016-02-25 19:30:00,1,12335.22,12222.16
2016-02-25 20:00:00,1,12028.02,11931.03
2016-02-25 20:30:00,1,11449.24,11720.36
2016-02-25 21:00:00,1,10843.41,11048.85
2016-02-25 21:30:00,1,10414.49,10525.83
2016-02-25 22:00:00,1,9800.35,9925.14
2016-02-25 22:30:00,1,9328.53,9417.15
2016-02-25 23:00:00,1,8928.38,8933.19
2016-02-25 23:30:00,1,8556.92,8505.63
2016-03-03 00:00:00,1,7667.17,7715.22
2016-03-03 00:30:00,1,7472.57,7516.27
2016-03-03 01:00:00,1,7245.32,7219.38
2016-03-03 01:30:00,1,6921.2,6942.88
2016-03-03 02:00:00,1,6721.9,6730.45
2016-03-03 02:30:00,1,6578.09,6594.54
2016-03-03 03:00:00,1,6521.0,6540.8
2016-03-03 03:30:00,1,6582.34,6535.83
2016-03-03 04:00:00,1,6617.06,6600.59
2016-03-03 04:30:00,1,6840.29,6849.69
2016-03-03 05:00:00,1,7112.67,7098.2
2016-03-03 05:30:00,1,7703.55,7647.68
2016-03-03 06:00:00,1,8128.93,8218.85
2016-03-03 06:30:00,1,8552.9,8599.41
2016-03-03 07:00:00,1,8896.11,8828.45
2016-03-03 07:30:00,1,9098.31,9068.5
2016-03-03 08:00:00,1,9233.21,9107.16
2016-03-03 08:30:00,1,9478.82,9328.04
2016-03-03 09:00:00,1,9668.49,9532.19
2016-03-03 09:30:00,1,9776.18,9766.79
2016-03-03 10:00:00,1,9874.43,9885.32
2016-03-03 10:30:00,1,9959.5,9924.05
2016-03-03 11:00:00,1,10107.64,10049.39
2016-03-03 11:30:00,1,10269.47,10150.65
2016-03-03 12:00:00,1,10439.44,10306.34
2016-03-03 12:30:00,1,10660.7,10560.2
2016-03-03 13:00:00,1,10819.85,10769.41
2016-03-03 13:30:00,1,11023.28,10938.71
2016-03-03 14:00:00,1,11131.55,11060.22
2016-03-03 14:30:00,1,11281.26,11223.36
2016-03-03 15:00:00,1,11478.85,11375.73
2016-03-03 15:30:00,1,11607.13,11539.98
2016-03-03 16:00:00,1,11595.71,11650.57
2016-03-03 16:30:00,1,11424.5,11664.76
2016-03-03 17:00:00,1,11280.2,11411.71
2016-03-03 17:30:00,1,10961.56,10998.0
2016-03-03 18:00:00,1,10780.67,10619.54
2016-03-03 18:30:00,1,10445.24,10480.3
2016-03-03 19:00:00,1,10278.45,10398.95
2016-03-03 19:30:00,1,10188.91,10147.08
2016-03-03 20:00:00,1,9869.79,9844.38
2016-03-03 20:30:00,1,9519.22,9575.74
2016-03-03 21:00:00,1,9072.53,9172.45
2016-03-03 21:30:00,1,8870.33,8940.56
2016-03-03 22:00:00,1,8516.86,8570.5
2016-03-03 22:30:00,1,8340.14,8332.82
2016-03-03 23:00:00,1,8112.17,8056.69
2016-03-03 23:30:00,1,7893.53,7824.75
2016-03-09 00:00:00,1,7799.12,7767.8
2016-03-09 00:30:00,1,7578.92,7585.39
2016-03-09 01:00:00,1,7368.33,7359.12
2016-03-09 01:30:00,1,7088.02,7083.61
2016-03-09 02:00:00,1,6834.85,6840.2
2016-03-09 02:30:00,1,6718.81,6733.51
2016-03-09 03:00:00,1,6616.7,6633.37
2016-03-09 03:30:00,1,6656.36,6626.35
2016-03-09 04:00:00,1,6730.51,6675.59
2016-03-09 04:30:00,1,6918.88,6922.73
2016-03-09 05:00:00,1,7211.39,7223.78
2016-03-09 05:30:00,1,7783.0,7743.48
2016-03-09 06:00:00,1,8260.99,8302.88
2016-03-09 06:30:00,1,8641.49,8698.06
2016-03-09 07:00:00,1,9012.63,8977.17
2016-03-09 07:30:00,1,9234.36,9186.61
2016-03-09 08:00:00,1,9375.02,9305.75
2016-03-09 08:30:00,1,9623.6,9503.68
2016-03-09 09:00:00,1,9802.56,9633.12
2016-03-09 09:30:00,1,9899.3,9795.69
2016-03-09 10:00:00,1,10011.44,9908.99
2016-03-09 10:30:00,1,10129.31,10004.45
2016-03-09 11:00:00,1,10309.42,10123.38
2016-03-09 11:30:00,1,10453.79,10237.44
2016-03-09 12:00:00,1,10611.94,10599.95
2016-03-09 12:30:00,1,10839.72,10785.24
2016-03-09 13:00:00,1,11059.67,10923.73
2016-03-09 13:30:00,1,11269.45,11173.83
2016-03-09 14:00:00,1,11439.72,11328.31
2016-03-09 14:30:00,1,11549.78,11210.66
2016-03-09 15:00:00,1,11828.26,11740.25
2016-03-09 15:30:00,1,12038.91,11853.08
2016-03-09 16:00:00,1,12191.08,12092.66
2016-03-09 16:30:00,1,11992.75,12164.35
2016-03-09 17:00:00,1,11889.05,12082.22
2016-03-09 17:30:00,1,11643.39,11533.18
2016-03-09 18:00:00,1,11394.68,11270.93
2016-03-09 18:30:00,1,11042.06,11164.06
2016-03-09 19:00:00,1,11007.03,10957.3
2016-03-09 19:30:00,1,10820.52,10695.94
2016-03-09 20:00:00,1,10469.46,10541.81
2016-03-09 20:30:00,1,10108.74,10209.27
2016-03-09 21:00:00,1,9657.46,9656.13
2016-03-09 21:30:00,1,9357.78,9483.54
2016-03-09 22:00:00,1,8934.9,9034.98
2016-03-09 22:30:00,1,8676.27,8674.46
2016-03-09 23:00:00,1,8408.96,8350.91
2016-03-09 23:30:00,1,8136.38,8088.96
2016-03-12 00:00:00,1,7698.12,7785.52
2016-03-12 00:30:00,1,7452.17,7480.18
2016-03-12 01:00:00,1,7234.85,7183.32
2016-03-12 01:30:00,1,6884.89,6888.06
2016-03-12 02:00:00,1,6720.98,6667.95
2016-03-12 02:30:00,1,6523.48,6531.33
2016-03-12 03:00:00,1,6421.96,6479.68
2016-03-12 03:30:00,1,6367.99,6411.93
2016-03-12 04:00:00,1,6390.76,6378.33
2016-03-12 04:30:00,1,6380.97,6430.92
2016-03-12 05:00:00,1,6514.79,6571.53
2016-03-12 05:30:00,1,6727.74,6676.43
2016-03-12 06:00:00,1,6884.94,6915.01
2016-03-12 06:30:00,1,7118.23,7179.28
2016-03-12 07:00:00,1,7405.18,7406.26
2016-03-12 07:30:00,1,7770.31,7588.55
2016-03-12 08:00:00,1,8067.58,7977.66
2016-03-12 08:30:00,1,8363.81,8301.5
2016-03-12 09:00:00,1,8464.4,8470.56
2016-03-12 09:30:00,1,8602.48,8630.66
2016-03-12 10:00:00,1,8725.21,8636.18
2016-03-12 10:30:00,1,8893.34,8729.1
2016-03-12 11:00:00,1,8971.77,8960.89
2016-03-12 11:30:00,1,9163.96,9119.05
2016-03-12 12:00:00,1,9317.7,9173.86
2016-03-12 12:30:00,1,9394.91,9433.69
2016-03-12 13:00:00,1,9543.22,9526.75
2016-03-12 13:30:00,1,9678.97,9572.06
2016-03-12 14:00:00,1,9848.05,9704.52
2016-03-12 14:30:00,1,9946.59,9796.73
2016-03-12 15:00:00,1,10077.92,10041.01
2016-03-12 15:30:00,1,10208.39,10126.69
2016-03-12 16:00:00,1,10197.6,10172.92
2016-03-12 16:30:00,1,10029.93,10189.67
2016-03-12 17:00:00,1,9939.23,10108.22
2016-03-12 17:30:00,1,9760.97,9816.56
2016-03-12 18:00:00,1,9491.22,9577.54
2016-03-12 18:30:00,1,9376.28,9438.53
2016-03-12 19:00:00,1,9368.35,9234.3
2016-03-12 19:30:00,1,9247.65,9154.19
2016-03-12 20:00:00,1,9041.08,9033.28
2016-03-12 20:30:00,1,8792.17,8844.82
2016-03-12 21:00:00,1,8538.84,8630.51
2016-03-12 21:30:00,1,8392.93,8430.35
2016-03-12 22:00:00,1,8191.18,8199.85
2016-03-12 22:30:00,1,8088.62,8049.29
2016-03-12 23:00:00,1,7802.52,7750.75
2016-03-12 23:30:00,1,7503.3,7521.12
2016-03-14 00:00:00,1,7257.09,7254.57
2016-03-14 00:30:00,1,7077.84,7042.95
2016-03-14 01:00:00,1,6888.82,6842.63
2016-03-14 01:30:00,1,6670.31,6646.04
2016-03-14 02:00:00,1,6490.31,6494.97
2016-03-14 02:30:00,1,6427.44,6465.59
2016-03-14 03:00:00,1,6365.16,6426.68
2016-03-14 03:30:00,1,6377.47,6443.19
2016-03-14 04:00:00,1,6429.14,6452.66
2016-03-14 04:30:00,1,6703.95,6673.16
2016-03-14 05:00:00,1,6938.43,6909.31
2016-03-14 05:30:00,1,7514.49,7503.83
2016-03-14 06:00:00,1,8021.14,8038.85
2016-03-14 06:30:00,1,8473.49,8470.24
2016-03-14 07:00:00,1,8855.56,8826.39
2016-03-14 07:30:00,1,9141.75,9084.54
2016-03-14 08:00:00,1,9295.34,9238.56
2016-03-14 08:30:00,1,9474.69,9478.56
2016-03-14 09:00:00,1,9617.63,9604.35
2016-03-14 09:30:00,1,9669.96,9612.26
2016-03-14 10:00:00,1,9752.62,9738.03
2016-03-14 10:30:00,1,9856.37,9743.82
2016-03-14 11:00:00,1,9952.85,9838.77
2016-03-14 11:30:00,1,10037.63,10075.26
2016-03-14 12:00:00,1,10189.3,10119.1
2016-03-14 12:30:00,1,10348.38,10205.81
2016-03-14 13:00:00,1,10512.41,10419.02
2016-03-14 13:30:00,1,10700.7,10535.76
2016-03-14 14:00:00,1,10708.77,10669.8
2016-03-14 14:30:00,1,10696.01,10875.09
2016-03-14 15:00:00,1,10629.35,10867.92
2016-03-14 15:30:00,1,10519.67,10836.33
2016-03-14 16:00:00,1,10458.55,10562.71
2016-03-14 16:30:00,1,10257.55,10239.62
2016-03-14 17:00:00,1,10123.8,10163.19
2016-03-14 17:30:00,1,9898.33,9722.63
2016-03-14 18:00:00,1,9819.5,9697.59
2016-03-14 18:30:00,1,9680.65,9614.57
2016-03-14 19:00:00,1,9578.38,9581.15
2016-03-14 19:30:00,1,9367.78,9426.79
2016-03-14 20:00:00,1,9124.72,9083.81
2016-03-14 20:30:00,1,8857.79,8866.27
2016-03-14 21:00:00,1,8564.91,8523.92
2016-03-14 21:30:00,1,8383.25,8364.41
2016-03-14 22:00:00,1,8139.19,8162.74
2016-03-14 22:30:00,1,8013.99,7910.48
2016-03-14 23:00:00,1,7753.78,7749.52
2016-03-14 23:30:00,1,7560.81,7601.04
2016-04-02 00:00:00,1,7094.39,7087.66
2016-04-02 00:30:00,1,6933.69,6953.65
2016-04-02 01:00:00,1,6680.14,6639.86
2016-04-02 01:30:00,1,6382.44,6397.2
2016-04-02 02:00:00,1,6112.42,6163.36
2016-04-02 02:30:00,1,5910.8,5972.99
2016-04-02 03:00:00,1,5854.55,5866.35
2016-04-02 03:30:00,1,5800.42,5809.82
2016-04-02 04:00:00,1,5817.86,5855.28
2016-04-02 04:30:00,1,5861.43,5893.09
2016-04-02 05:00:00,1,5944.31,6013.51
2016-04-02 05:30:00,1,6108.96,6168.07
2016-04-02 06:00:00,1,6339.16,6334.78
2016-04-02 06:30:00,1,6620.97,6592.18
2016-04-02 07:00:00,1,6879.89,6993.8
2016-04-02 07:30:00,1,7159.93,7153.54
2016-04-02 08:00:00,1,7396.59,7329.63
2016-04-02 08:30:00,1,7560.18,7470.41
2016-04-02 09:00:00,1,7576.55,7563.58
2016-04-02 09:30:00,1,7552.09,7570.85
2016-04-02 10:00:00,1,7541.96,7537.1
2016-04-02 10:30:00,1,7472.59,7450.54
2016-04-02 11:00:00,1,7460.47,7487.76
2016-04-02 11:30:00,1,7429.85,7380.98
2016-04-02 12:00:00,1,7363.45,7413.43
2016-04-02 12:30:00,1,7395.29,7398.49
2016-04-02 13:00:00,1,7410.99,7385.28
2016-04-02 13:30:00,1,7445.14,7513.27
2016-04-02 14:00:00,1,7499.09,7522.79
2016-04-02 14:30:00,1,7584.07,7605.41
2016-04-02 15:00:00,1,7698.93,7690.81
2016-04-02 15:30:00,1,7844.76,7837.14
2016-04-02 16:00:00,1,7974.34,7958.3
2016-04-02 16:30:00,1,7989.4,8065.44
2016-04-02 17:00:00,1,8054.68,8066.21
2016-04-02 17:30:00,1,8095.93,8075.04
2016-04-02 18:00:00,1,8121.18,8139.05
2016-04-02 18:30:00,1,8256.34,8232.69
2016-04-02 19:00:00,1,8188.48,7994.57
2016-04-02 19:30:00,1,8001.38,7885.29
2016-04-02 20:00:00,1,7858.53,7786.23
2016-04-02 20:30:00,1,7634.84,7703.52
2016-04-02 21:00:00,1,7380.03,7572.8
2016-04-02 21:30:00,1,7279.57,7389.93
2016-04-02 22:00:00,1,7209.37,7208.94
2016-04-02 22:30:00,1,7256.09,7176.91
2016-04-02 23:00:00,1,7083.73,6984.2
2016-04-02 23:30:00,1,6873.62,6874.34
2016-04-06 00:00:00,1,7388.77,7418.69
2016-04-06 00:30:00,1,7217.82,7220.51
2016-04-06 01:00:00,1,6995.52,7037.43
2016-04-06 01:30:00,1,6792.25,6835.79
2016-04-06 02:00:00,1,6580.52,6602.27
2016-04-06 02:30:00,1,6331.01,6367.25
2016-04-06 03:00:00,1,6101.52,6174.71
2016-04-06 03:30:00,1,5960.98,6037.77
2016-04-06 04:00:00,1,5855.0,5951.53
2016-04-06 04:30:00,1,5891.19,5954.08
2016-04-06 05:00:00,1,6007.75,6003.51
2016-04-06 05:30:00,1,6250.63,6258.44
2016-04-06 06:00:00,1,6582.63,6646.56
2016-04-06 06:30:00,1,7139.38,7090.05
2016-04-06 07:00:00,1,7601.18,7528.7
2016-04-06 07:30:00,1,7812.51,7713.98
2016-04-06 08:00:00,1,8037.38,8077.62
2016-04-06 08:30:00,1,8152.1,8186.37
2016-04-06 09:00:00,1,8239.14,8265.62
2016-04-06 09:30:00,1,8439.16,8374.73
2016-04-06 10:00:00,1,8558.31,8542.82
2016-04-06 10:30:00,1,8735.53,8706.88
2016-04-06 11:00:00,1,8822.75,8816.92
2016-04-06 11:30:00,1,8871.75,8925.0
2016-04-06 12:00:00,1,9010.31,9020.66
2016-04-06 12:30:00,1,9239.89,9115.33
2016-04-06 13:00:00,1,9321.16,9272.24
2016-04-06 13:30:00,1,9460.28,9479.85
2016-04-06 14:00:00,1,9646.84,9562.11
2016-04-06 14:30:00,1,9826.09,9658.17
2016-04-06 15:00:00,1,9963.29,9938.23
2016-04-06 15:30:00,1,10063.06,10143.11
2016-04-06 16:00:00,1,10199.77,10254.06
2016-04-06 16:30:00,1,10260.37,9903.02
2016-04-06 17:00:00,1,10269.17,10175.83
2016-04-06 17:30:00,1,9894.28,9848.08
2016-04-06 18:00:00,1,9807.27,10094.15
2016-04-06 18:30:00,1,10153.07,9947.36
2016-04-06 19:00:00,1,9719.55,9494.05
2016-04-06 19:30:00,1,9577.51,9399.09
2016-04-06 20:00:00,1,9362.85,9197.49
2016-04-06 20:30:00,1,9091.26,8916.49
2016-04-06 21:00:00,1,8801.37,8738.75
2016-04-06 21:30:00,1,8563.43,8498.71
2016-04-06 22:00:00,1,8264.96,8197.2
2016-04-06 22:30:00,1,8252.87,8178.34
2016-04-06 23:00:00,1,7981.58,7977.97
2016-04-06 23:30:00,1,7821.85,7943.57
2016-10-10 00:00:00,1,6372.64,6416.54
2016-10-10 00:30:00,1,6324.31,6257.57
2016-10-10 01:00:00,1,6173.48,6086.4
2016-10-10 01:30:00,1,5910.49,5945.35
2016-10-10 02:00:00,1,5687.17,5739.65
2016-10-10 02:30:00,1,5577.57,5609.32
2016-10-10 03:00:00,1,5580.22,5552.01
2016-10-10 03:30:00,1,5551.86,5580.9
2016-10-10 04:00:00,1,5608.56,5688.09
2016-10-10 04:30:00,1,5858.84,5875.72
2016-10-10 05:00:00,1,6160.8,6113.61
2016-10-10 05:30:00,1,6730.57,6680.56
2016-10-10 06:00:00,1,7207.88,7198.36
2016-10-10 06:30:00,1,7490.96,7596.79
2016-10-10 07:00:00,1,7738.29,7925.87
2016-10-10 07:30:00,1,7773.13,7762.36
2016-10-10 08:00:00,1,7793.84,7725.55
2016-10-10 08:30:00,1,7916.99,7850.11
2016-10-10 09:00:00,1,7933.39,7918.49
2016-10-10 09:30:00,1,8010.77,8055.16
2016-10-10 10:00:00,1,8042.64,8097.56
2016-10-10 10:30:00,1,8102.56,8085.97
2016-10-10 11:00:00,1,8127.14,8143.94
2016-10-10 11:30:00,1,8177.31,8198.52
2016-10-10 12:00:00,1,8330.66,8273.85
2016-10-10 12:30:00,1,8371.8,8363.98
2016-10-10 13:00:00,1,8450.57,8498.61
2016-10-10 13:30:00,1,8449.99,8516.13
2016-10-10 14:00:00,1,8489.86,8525.38
2016-10-10 14:30:00,1,8471.2,8483.55
2016-10-10 15:00:00,1,8544.48,8557.77
2016-10-10 15:30:00,1,8594.4,8580.57
2016-10-10 16:00:00,1,8687.91,8636.97
2016-10-10 16:30:00,1,8723.11,8673.48
2016-10-10 17:00:00,1,8771.3,8778.62
2016-10-10 17:30:00,1,8715.25,8708.97
2016-10-10 18:00:00,1,8579.13,8623.69
2016-10-10 18:30:00,1,8542.39,8687.54
2016-10-10 19:00:00,1,8534.65,8476.33
2016-10-10 19:30:00,1,8238.46,8337.2
2016-10-10 20:00:00,1,8059.82,8055.54
2016-10-10 20:30:00,1,7775.74,7708.59
2016-10-10 21:00:00,1,7508.94,7515.92
2016-10-10 21:30:00,1,7422.61,7419.46
2016-10-10 22:00:00,1,7235.13,7304.3
2016-10-10 22:30:00,1,7215.33,7286.3
2016-10-10 23:00:00,1,7116.98,7122.65
2016-10-10 23:30:00,1,7031.73,6977.47
2016-11-04 00:00:00,1,7121.2,7141.22
2016-11-04 00:30:00,1,6989.04,6968.02
2016-11-04 01:00:00,1,6799.99,6742.35
2016-11-04 01:30:00,1,6449.06,6519.33
2016-11-04 02:00:00,1,6227.67,6254.88
2016-11-04 02:30:00,1,6064.51,6068.58
2016-11-04 03:00:00,1,5987.91,5986.28
2016-11-04 03:30:00,1,5949.58,5956.46
2016-11-04 04:00:00,1,6016.02,6021.75
2016-11-04 04:30:00,1,6261.29,6191.52
2016-11-04 05:00:00,1,6527.31,6498.51
2016-11-04 05:30:00,1,6993.65,7087.59
2016-11-04 06:00:00,1,7483.67,7496.76
2016-11-04 06:30:00,1,7767.3,7759.95
2016-11-04 07:00:00,1,8009.53,8041.62
2016-11-04 07:30:00,1,7952.11,7917.23
2016-11-04 08:00:00,1,7883.71,7928.13
2016-11-04 08:30:00,1,7966.57,7927.04
2016-11-04 09:00:00,1,7935.8,7953.94
2016-11-04 09:30:00,1,7897.46,7922.36
2016-11-04 10:00:00,1,7903.99,7961.97
2016-11-04 10:30:00,1,7922.32,7861.82
2016-11-04 11:00:00,1,7956.77,7963.21
2016-11-04 11:30:00,1,7837.27,8008.46
2016-11-04 12:00:00,1,7898.94,7889.29
2016-11-04 12:30:00,1,7875.48,7802.68
2016-11-04 13:00:00,1,7925.14,7910.12
2016-11-04 13:30:00,1,7988.15,7958.07
2016-11-04 14:00:00,1,8039.95,8019.16
2016-11-04 14:30:00,1,8110.37,8122.32
2016-11-04 15:00:00,1,8217.83,8226.55
2016-11-04 15:30:00,1,8403.23,8384.39
2016-11-04 16:00:00,1,8471.77,8483.71
2016-11-04 16:30:00,1,8457.21,8536.98
2016-11-04 17:00:00,1,8520.06,8492.39
2016-11-04 17:30:00,1,8436.12,8261.1
2016-11-04 18:00:00,1,8301.15,8250.6
2016-11-04 18:30:00,1,8190.56,8189.86
2016-11-04 19:00:00,1,8153.55,8162.46
2016-11-04 19:30:00,1,8129.56,8173.96
2016-11-04 20:00:00,1,7958.72,7970.25
2016-11-04 20:30:00,1,7789.61,7714.11
2016-11-04 21:00:00,1,7550.99,7526.61
2016-11-04 21:30:00,1,7427.54,7471.87
2016-11-04 22:00:00,1,7247.02,7419.93
2016-11-04 22:30:00,1,7278.52,7292.99
2016-11-04 23:00:00,1,7223.76,7109.33
2016-11-04 23:30:00,1,6992.14,7036.2
2016-11-07 00:00:00,1,6445.25,6416.91
2016-11-07 00:30:00,1,6301.05,6239.39
2016-11-07 01:00:00,1,6170.6,6134.84
2016-11-07 01:30:00,1,5925.24,5918.79
2016-11-07 02:00:00,1,5807.0,5752.52
2016-11-07 02:30:00,1,5695.77,5665.68
2016-11-07 03:00:00,1,5630.9,5680.75
2016-11-07 03:30:00,1,5693.3,5687.16
2016-11-07 04:00:00,1,5783.38,5752.11
2016-11-07 04:30:00,1,6046.1,6004.36
2016-11-07 05:00:00,1,6279.24,6250.49
2016-11-07 05:30:00,1,6819.47,6774.34
2016-11-07 06:00:00,1,7248.38,7305.29
2016-11-07 06:30:00,1,7560.93,7641.38
2016-11-07 07:00:00,1,7786.8,7863.47
2016-11-07 07:30:00,1,7869.98,7798.21
2016-11-07 08:00:00,1,7876.91,7746.22
2016-11-07 08:30:00,1,7937.7,7967.35
2016-11-07 09:00:00,1,7998.55,7989.38
2016-11-07 09:30:00,1,8016.48,7995.82
2016-11-07 10:00:00,1,8066.12,8035.86
2016-11-07 10:30:00,1,8052.59,7990.25
2016-11-07 11:00:00,1,8069.88,8111.26
2016-11-07 11:30:00,1,8079.6,8109.81
2016-11-07 12:00:00,1,8187.56,8085.49
2016-11-07 12:30:00,1,8261.51,8210.48
2016-11-07 13:00:00,1,8357.27,8368.7
2016-11-07 13:30:00,1,8484.22,8457.59
2016-11-07 14:00:00,1,8614.58,8563.94
2016-11-07 14:30:00,1,8762.44,8667.87
2016-11-07 15:00:00,1,8962.66,8958.55
2016-11-07 15:30:00,1,9049.72,9149.17
2016-11-07 16:00:00,1,9150.03,9231.2
2016-11-07 16:30:00,1,9281.82,9225.3
2016-11-07 17:00:00,1,9359.15,9220.72
2016-11-07 17:30:00,1,9207.53,9191.93
2016-11-07 18:00:00,1,9231.81,9160.7
2016-11-07 18:30:00,1,9023.65,8994.76
2016-11-07 19:00:00,1,9032.12,9042.79
2016-11-07 19:30:00,1,8885.79,8899.54
2016-11-07 20:00:00,1,8604.22,8738.32
2016-11-07 20:30:00,1,8348.44,8393.92
2016-11-07 21:00:00,1,7992.9,7969.37
2016-11-07 21:30:00,1,7872.4,7887.48
2016-11-07 22:00:00,1,7691.12,7649.16
2016-11-07 22:30:00,1,7565.87,7505.7
2016-11-07 23:00:00,1,7423.33,7416.14
2016-11-07 23:30:00,1,7295.25,7231.36
2016-11-12 00:00:00,1,7118.14,7198.7
2016-11-12 00:30:00,1,6964.67,6949.58
2016-11-12 01:00:00,1,6714.38,6668.88
2016-11-12 01:30:00,1,6413.2,6429.7
2016-11-12 02:00:00,1,6235.24,6199.44
2016-11-12 02:30:00,1,6111.67,5999.0
2016-11-12 03:00:00,1,6007.39,5999.39
2016-11-12 03:30:00,1,5943.67,5986.63
2016-11-12 04:00:00,1,5928.17,5997.95
2016-11-12 04:30:00,1,5986.89,6054.94
2016-11-12 05:00:00,1,6057.84,6052.45
2016-11-12 05:30:00,1,6177.71,6181.03
2016-11-12 06:00:00,1,6398.43,6421.02
2016-11-12 06:30:00,1,6766.79,6612.18
2016-11-12 07:00:00,1,7009.56,6895.6
2016-11-12 07:30:00,1,7238.26,7358.27
2016-11-12 08:00:00,1,7479.17,7516.02
2016-11-12 08:30:00,1,7653.12,7617.79
2016-11-12 09:00:00,1,7628.09,7783.19
2016-11-12 09:30:00,1,7677.53,7710.62
2016-11-12 10:00:00,1,7540.19,7650.58
2016-11-12 10:30:00,1,7568.97,7551.17
2016-11-12 11:00:00,1,7504.52,7409.66
2016-11-12 11:30:00,1,7549.06,7447.46
2016-11-12 12:00:00,1,7574.17,7519.42
2016-11-12 12:30:00,1,7621.32,7675.35
2016-11-12 13:00:00,1,7740.66,7763.98
2016-11-12 13:30:00,1,7860.66,7795.05
2016-11-12 14:00:00,1,8040.54,7946.17
2016-11-12 14:30:00,1,8201.48,8074.52
2016-11-12 15:00:00,1,8421.18,8377.98
2016-11-12 15:30:00,1,8599.48,8606.45
2016-11-12 16:00:00,1,8718.57,8734.22
2016-11-12 16:30:00,1,8800.14,8782.09
2016-11-12 17:00:00,1,8944.3,8767.15
2016-11-12 17:30:00,1,8845.79,8776.94
2016-11-12 18:00:00,1,8784.99,8781.21
2016-11-12 18:30:00,1,8598.1,8539.1
2016-11-12 19:00:00,1,8529.82,8633.8
2016-11-12 19:30:00,1,8509.35,8491.85
2016-11-12 20:00:00,1,8276.3,8339.17
2016-11-12 20:30:00,1,8051.47,8172.48
2016-11-12 21:00:00,1,7840.03,7783.24
2016-11-12 21:30:00,1,7680.49,7687.74
2016-11-12 22:00:00,1,7448.39,7545.12
2016-11-12 22:30:00,1,7311.96,7385.49
2016-11-12 23:00:00,1,7096.9,7129.32
2016-11-12 23:30:00,1,6876.47,6869.32
2016-11-18 00:00:00,1,7152.04,7164.83
2016-11-18 00:30:00,1,7014.9,6993.45
2016-11-18 01:00:00,1,6811.69,6774.7
2016-11-18 01:30:00,1,6454.98,6557.07
2016-11-18 02:00:00,1,6289.5,6315.33
2016-11-18 02:30:00,1,6158.74,6093.88
2016-11-18 03:00:00,1,6073.6,6049.28
2016-11-18 03:30:00,1,6102.33,6077.43
2016-11-18 04:00:00,1,6153.51,6128.24
2016-11-18 04:30:00,1,6402.84,6384.97
2016-11-18 05:00:00,1,6608.8,6623.9
2016-11-18 05:30:00,1,7089.87,7177.66
2016-11-18 06:00:00,1,7522.91,7590.42
2016-11-18 06:30:00,1,7855.62,7856.95
2016-11-18 07:00:00,1,8100.61,8030.83
2016-11-18 07:30:00,1,8172.15,8180.92
2016-11-18 08:00:00,1,8290.0,8136.81
2016-11-18 08:30:00,1,8423.66,8284.14
2016-11-18 09:00:00,1,8492.63,8479.86
2016-11-18 09:30:00,1,8603.47,8488.0
2016-11-18 10:00:00,1,8805.19,8609.0
2016-11-18 10:30:00,1,8861.28,8774.26
2016-11-18 11:00:00,1,8985.01,9092.82
2016-11-18 11:30:00,1,9077.1,9098.59
2016-11-18 12:00:00,1,9137.05,9192.74
2016-11-18 12:30:00,1,9222.89,9359.79
2016-11-18 13:00:00,1,9395.45,9377.19
2016-11-18 13:30:00,1,9545.96,9503.76
2016-11-18 14:00:00,1,9642.55,9699.33
2016-11-18 14:30:00,1,9778.92,9802.83
2016-11-18 15:00:00,1,10074.85,9995.83
2016-11-18 15:30:00,1,10246.02,10224.21
2016-11-18 16:00:00,1,10275.53,10438.17
2016-11-18 16:30:00,1,10235.69,10402.95
2016-11-18 17:00:00,1,10103.45,10190.99
2016-11-18 17:30:00,1,9879.27,9783.78
2016-11-18 18:00:00,1,9669.21,9538.01
2016-11-18 18:30:00,1,9417.31,9375.46
2016-11-18 19:00:00,1,9291.45,9261.09
2016-11-18 19:30:00,1,9205.14,9252.94
2016-11-18 20:00:00,1,9031.1,9071.25
2016-11-18 20:30:00,1,8749.47,8762.22
2016-11-18 21:00:00,1,8494.59,8436.7
2016-11-18 21:30:00,1,8362.71,8321.94
2016-11-18 22:00:00,1,8046.71,8169.84
2016-11-18 22:30:00,1,8004.35,8046.22
2016-11-18 23:00:00,1,7775.25,7791.71
2016-11-18 23:30:00,1,7569.93,7649.11
2016-11-22 00:00:00,1,7270.43,7257.18
2016-11-22 00:30:00,1,7065.01,7106.27
2016-11-22 01:00:00,1,6833.97,6868.35
2016-11-22 01:30:00,1,6542.51,6586.32
2016-11-22 02:00:00,1,6388.77,6379.82
2016-11-22 02:30:00,1,6249.99,6236.53
2016-11-22 03:00:00,1,6223.31,6216.56
2016-11-22 03:30:00,1,6218.81,6229.92
2016-11-22 04:00:00,1,6258.64,6309.74
2016-11-22 04:30:00,1,6467.17,6497.18
2016-11-22 05:00:00,1,6675.45,6688.17
2016-11-22 05:30:00,1,7159.05,7070.45
2016-11-22 06:00:00,1,7673.78,7560.8
2016-11-22 06:30:00,1,8059.02,7974.84
2016-11-22 07:00:00,1,8367.2,8334.29
2016-11-22 07:30:00,1,8597.18,8605.89
2016-11-22 08:00:00,1,8748.97,8654.86
2016-11-22 08:30:00,1,8965.98,8908.4
2016-11-22 09:00:00,1,9002.92,9093.82
2016-11-22 09:30:00,1,9162.41,9256.56
2016-11-22 10:00:00,1,9380.52,9296.21
2016-11-22 10:30:00,1,9435.66,9446.52
2016-11-22 11:00:00,1,9614.17,9681.66
2016-11-22 11:30:00,1,9743.99,9774.52
2016-11-22 12:00:00,1,9913.63,9910.86
2016-11-22 12:30:00,1,10097.72,10097.6
2016-11-22 13:00:00,1,10251.58,10304.41
2016-11-22 13:30:00,1,10369.17,10506.23
2016-11-22 14:00:00,1,10409.59,10637.99
2016-11-22 14:30:00,1,10538.66,10616.1
2016-11-22 15:00:00,1,10741.49,10852.6
2016-11-22 15:30:00,1,10746.89,10741.42
2016-11-22 16:00:00,1,10725.4,10920.63
2016-11-22 16:30:00,1,10642.45,10608.3
2016-11-22 17:00:00,1,10486.14,10505.38
2016-11-22 17:30:00,1,10197.74,10171.13
2016-11-22 18:00:00,1,10029.71,9990.95
2016-11-22 18:30:00,1,9590.13,9769.6
2016-11-22 19:00:00,1,9461.34,9618.1
2016-11-22 19:30:00,1,9401.45,9440.03
2016-11-22 20:00:00,1,9151.34,9211.34
2016-11-22 20:30:00,1,8826.59,8907.02
2016-11-22 21:00:00,1,8435.55,8461.62
2016-11-22 21:30:00,1,8252.45,8315.4
2016-11-22 22:00:00,1,7919.65,7978.24
2016-11-22 22:30:00,1,7845.5,7771.46
2016-11-22 23:00:00,1,7680.88,7599.24
2016-11-22 23:30:00,1,7490.25,7450.05
2016-11-23 00:00:00,1,7333.89,7333.81
2016-11-23 00:30:00,1,7118.92,7175.85
2016-11-23 01:00:00,1,6942.77,6898.45
2016-11-23 01:30:00,1,6635.48,6655.88
2016-11-23 02:00:00,1,6408.1,6442.8
2016-11-23 02:30:00,1,6309.66,6290.72
2016-11-23 03:00:00,1,6208.76,6234.67
2016-11-23 03:30:00,1,6202.96,6249.24
2016-11-23 04:00:00,1,6255.15,6276.36
2016-11-23 04:30:00,1,6464.82,6481.45
2016-11-23 05:00:00,1,6664.86,6689.76
2016-11-23 05:30:00,1,7183.08,7179.73
2016-11-23 06:00:00,1,7651.66,7578.51
2016-11-23 06:30:00,1,8021.2,8005.35
2016-11-23 07:00:00,1,8338.32,8320.49
2016-11-23 07:30:00,1,8504.73,8575.16
2016-11-23 08:00:00,1,8595.6,8580.48
2016-11-23 08:30:00,1,8805.85,8731.28
2016-11-23 09:00:00,1,8913.43,8876.47
2016-11-23 09:30:00,1,9049.44,8999.56
2016-11-23 10:00:00,1,9152.7,9043.83
2016-11-23 10:30:00,1,9185.12,9222.86
2016-11-23 11:00:00,1,9317.74,9359.85
2016-11-23 11:30:00,1,9409.38,9370.39
2016-11-23 12:00:00,1,9597.81,9517.22
2016-11-23 12:30:00,1,9741.86,9722.3
2016-11-23 13:00:00,1,9831.67,9826.87
2016-11-23 13:30:00,1,9727.72,10008.72
2016-11-23 14:00:00,1,9607.85,10010.84
2016-11-23 14:30:00,1,9386.44,9575.74
2016-11-23 15:00:00,1,9264.11,9366.34
2016-11-23 15:30:00,1,9144.2,9234.93
2016-11-23 16:00:00,1,9027.89,9134.03
2016-11-23 16:30:00,1,8912.11,8992.74
2016-11-23 17:00:00,1,8823.15,8772.53
2016-11-23 17:30:00,1,8635.64,8760.93
2016-11-23 18:00:00,1,8598.61,8487.24
2016-11-23 18:30:00,1,8440.12,8429.34
2016-11-23 19:00:00,1,8403.08,8452.78
2016-11-23 19:30:00,1,8431.48,8458.86
2016-11-23 20:00:00,1,8353.16,8327.9
2016-11-23 20:30:00,1,8125.76,8119.22
2016-11-23 21:00:00,1,7798.33,7865.27
2016-11-23 21:30:00,1,7721.13,7797.64
2016-11-23 22:00:00,1,7505.9,7564.75
2016-11-23 22:30:00,1,7473.62,7425.73
2016-11-23 23:00:00,1,7343.14,7316.19
2016-11-23 23:30:00,1,7219.11,7195.18
2016-12-01 00:00:00,1,7258.96,7271.96
2016-12-01 00:30:00,1,7100.66,7090.1
2016-12-01 01:00:00,1,6818.0,6821.61
2016-12-01 01:30:00,1,6538.58,6564.39
2016-12-01 02:00:00,1,6367.53,6322.53
2016-12-01 02:30:00,1,6213.0,6181.94
2016-12-01 03:00:00,1,6148.52,6134.17
2016-12-01 03:30:00,1,6140.15,6119.72
2016-12-01 04:00:00,1,6207.03,6237.25
2016-12-01 04:30:00,1,6424.01,6422.92
2016-12-01 05:00:00,1,6619.88,6644.17
2016-12-01 05:30:00,1,7156.56,7151.04
2016-12-01 06:00:00,1,7618.76,7574.41
2016-12-01 06:30:00,1,7990.3,7935.16
2016-12-01 07:00:00,1,8267.16,8173.77
2016-12-01 07:30:00,1,8365.19,8410.36
2016-12-01 08:00:00,1,8364.53,8416.06
2016-12-01 08:30:00,1,8457.22,8531.76
2016-12-01 09:00:00,1,8519.75,8450.18
2016-12-01 09:30:00,1,8577.93,8476.78
2016-12-01 10:00:00,1,8650.22,8573.02
2016-12-01 10:30:00,1,8637.31,8655.8
2016-12-01 11:00:00,1,8695.22,8791.42
2016-12-01 11:30:00,1,8716.26,8848.61
2016-12-01 12:00:00,1,8843.85,8853.53
2016-12-01 12:30:00,1,8926.65,8896.23
2016-12-01 13:00:00,1,9157.59,9084.54
2016-12-01 13:30:00,1,9260.86,9215.63
2016-12-01 14:00:00,1,9377.12,9456.08
2016-12-01 14:30:00,1,9327.2,9550.22
2016-12-01 15:00:00,1,9341.48,9501.64
2016-12-01 15:30:00,1,9382.96,9448.54
2016-12-01 16:00:00,1,9457.33,9432.2
2016-12-01 16:30:00,1,9559.21,9337.03
2016-12-01 17:00:00,1,9596.48,9407.5
2016-12-01 17:30:00,1,9477.27,9473.84
2016-12-01 18:00:00,1,9392.49,9268.59
2016-12-01 18:30:00,1,9255.69,9229.86
2016-12-01 19:00:00,1,9141.76,9205.61
2016-12-01 19:30:00,1,9155.8,9220.38
2016-12-01 20:00:00,1,9111.5,9062.18
2016-12-01 20:30:00,1,8899.9,8831.42
2016-12-01 21:00:00,1,8496.8,8535.18
2016-12-01 21:30:00,1,8377.18,8398.48
2016-12-01 22:00:00,1,8059.42,8071.19
2016-12-01 22:30:00,1,7949.27,7962.36
2016-12-01 23:00:00,1,7744.71,7698.7
2016-12-01 23:30:00,1,7527.04,7497.71
2016-12-02 00:00:00,1,7367.58,7356.94
2016-12-02 00:30:00,1,7180.19,7170.08
2016-12-02 01:00:00,1,6979.29,6944.78
2016-12-02 01:30:00,1,6694.24,6684.64
2016-12-02 02:00:00,1,6489.74,6491.94
2016-12-02 02:30:00,1,6354.74,6350.81
2016-12-02 03:00:00,1,6263.02,6296.72
2016-12-02 03:30:00,1,6270.24,6274.77
2016-12-02 04:00:00,1,6315.77,6349.43
2016-12-02 04:30:00,1,6536.5,6539.46
2016-12-02 05:00:00,1,6716.59,6725.14
2016-12-02 05:30:00,1,7233.42,7237.61
2016-12-02 06:00:00,1,7608.36,7607.45
2016-12-02 06:30:00,1,8013.62,7967.21
2016-12-02 07:00:00,1,8327.73,8200.83
2016-12-02 07:30:00,1,8500.96,8496.1
2016-12-02 08:00:00,1,8692.0,8504.27
2016-12-02 08:30:00,1,8858.24,8799.26
2016-12-02 09:00:00,1,9000.25,9019.52
2016-12-02 09:30:00,1,9178.15,9083.4
2016-12-02 10:00:00,1,9304.93,9271.66
2016-12-02 10:30:00,1,9445.12,9507.81
2016-12-02 11:00:00,1,9567.04,9618.15
2016-12-02 11:30:00,1,9712.99,9805.77
2016-12-02 12:00:00,1,9877.17,9876.71
2016-12-02 12:30:00,1,10080.85,10088.66
2016-12-02 13:00:00,1,10274.13,10268.88
2016-12-02 13:30:00,1,10392.46,10431.76
2016-12-02 14:00:00,1,10526.57,10535.18
2016-12-02 14:30:00,1,10556.46,10628.41
2016-12-02 15:00:00,1,10739.13,10807.64
2016-12-02 15:30:00,1,10793.32,10889.39
2016-12-02 16:00:00,1,10633.81,10901.46
2016-12-02 16:30:00,1,10566.93,10715.58
2016-12-02 17:00:00,1,10261.74,10316.7
2016-12-02 17:30:00,1,9986.02,9968.1
2016-12-02 18:00:00,1,9787.08,9528.93
2016-12-02 18:30:00,1,9552.29,9469.48
2016-12-02 19:00:00,1,9493.23,9409.14
2016-12-02 19:30:00,1,9487.53,9486.94
2016-12-02 20:00:00,1,9342.24,9456.96
2016-12-02 20:30:00,1,9157.04,9179.17
2016-12-02 21:00:00,1,8793.83,8770.76
2016-12-02 21:30:00,1,8627.44,8710.58
2016-12-02 22:00:00,1,8341.35,8394.39
2016-12-02 22:30:00,1,8214.27,8211.34
2016-12-02 23:00:00,1,8023.8,8007.0
2016-12-02 23:30:00,1,7743.82,7760.12
2016-12-05 00:00:00,1,7070.05,7061.91
2016-12-05 00:30:00,1,6871.88,6904.71
2016-12-05 01:00:00,1,6725.51,6687.66
2016-12-05 01:30:00,1,6484.97,6447.53
2016-12-05 02:00:00,1,6341.41,6315.99
2016-12-05 02:30:00,1,6265.62,6290.44
2016-12-05 03:00:00,1,6229.55,6266.03
2016-12-05 03:30:00,1,6289.95,6330.29
2016-12-05 04:00:00,1,6289.66,6366.56
2016-12-05 04:30:00,1,6542.74,6594.42
2016-12-05 05:00:00,1,6754.86,6747.36
2016-12-05 05:30:00,1,7304.5,7273.95
2016-12-05 06:00:00,1,7806.42,7810.59
2016-12-05 06:30:00,1,8324.49,8285.94
2016-12-05 07:00:00,1,8728.55,8596.34
2016-12-05 07:30:00,1,9045.77,9076.73
2016-12-05 08:00:00,1,9304.44,9254.55
2016-12-05 08:30:00,1,9632.09,9421.52
2016-12-05 09:00:00,1,9773.67,9740.45
2016-12-05 09:30:00,1,9946.84,9898.08
2016-12-05 10:00:00,1,10120.49,10062.37
2016-12-05 10:30:00,1,10292.71,10199.85
2016-12-05 11:00:00,1,10497.75,10379.6
2016-12-05 11:30:00,1,10769.36,10661.9
2016-12-05 12:00:00,1,10848.94,10846.21
2016-12-05 12:30:00,1,11077.28,11235.46
2016-12-05 13:00:00,1,11320.67,11156.16
2016-12-05 13:30:00,1,11343.91,11388.78
2016-12-05 14:00:00,1,11367.62,11596.6
2016-12-05 14:30:00,1,11307.33,11468.57
2016-12-05 15:00:00,1,11505.27,11399.46
2016-12-05 15:30:00,1,11371.78,11458.79
2016-12-05 16:00:00,1,11199.06,11642.95
2016-12-05 16:30:00,1,11173.19,11156.37
2016-12-05 17:00:00,1,11094.83,10711.13
2016-12-05 17:30:00,1,10851.96,10640.52
2016-12-05 18:00:00,1,10634.43,10429.32
2016-12-05 18:30:00,1,10286.75,10259.53
2016-12-05 19:00:00,1,10128.52,10203.96
2016-12-05 19:30:00,1,9976.42,10102.28
2016-12-05 20:00:00,1,9709.75,9952.7
2016-12-05 20:30:00,1,9430.03,9490.02
2016-12-05 21:00:00,1,8943.25,8977.4
2016-12-05 21:30:00,1,8646.21,8864.0
2016-12-05 22:00:00,1,8295.86,8403.84
2016-12-05 22:30:00,1,8104.09,8062.07
2016-12-05 23:00:00,1,7879.83,7826.01
2016-12-05 23:30:00,1,7652.01,7574.49
2016-12-13 00:00:00,1,7549.81,7566.86
2016-12-13 00:30:00,1,7330.28,7340.91
2016-12-13 01:00:00,1,7090.6,7105.41
2016-12-13 01:30:00,1,6769.55,6829.58
2016-12-13 02:00:00,1,6587.33,6585.66
2016-12-13 02:30:00,1,6455.6,6435.8
2016-12-13 03:00:00,1,6357.67,6381.72
2016-12-13 03:30:00,1,6345.45,6367.76
2016-12-13 04:00:00,1,6399.58,6413.97
2016-12-13 04:30:00,1,6609.86,6600.4
2016-12-13 05:00:00,1,6734.96,6823.54
2016-12-13 05:30:00,1,7270.76,7283.33
2016-12-13 06:00:00,1,7712.46,7687.24
2016-12-13 06:30:00,1,8128.17,8150.55
2016-12-13 07:00:00,1,8519.73,8392.7
2016-12-13 07:30:00,1,8799.29,8657.93
2016-12-13 08:00:00,1,9017.43,8799.35
2016-12-13 08:30:00,1,9318.49,9146.97
2016-12-13 09:00:00,1,9568.47,9371.97
2016-12-13 09:30:00,1,9791.19,9741.31
2016-12-13 10:00:00,1,9995.19,10018.17
2016-12-13 10:30:00,1,10200.38,10273.18
2016-12-13 11:00:00,1,10436.45,10486.98
2016-12-13 11:30:00,1,10640.56,10721.04
2016-12-13 12:00:00,1,10851.79,10933.87
2016-12-13 12:30:00,1,11034.41,11110.87
2016-12-13 13:00:00,1,11233.42,11319.36
2016-12-13 13:30:00,1,11355.21,11390.7
2016-12-13 14:00:00,1,11487.05,11565.59
2016-12-13 14:30:00,1,11658.48,11586.94
2016-12-13 15:00:00,1,11872.01,11756.68
2016-12-13 15:30:00,1,12104.71,12013.13
2016-12-13 16:00:00,1,12269.76,12224.94
2016-12-13 16:30:00,1,12297.62,12293.72
2016-12-13 17:00:00,1,12246.25,12262.0
2016-12-13 17:30:00,1,12067.52,11896.72
2016-12-13 18:00:00,1,12012.46,11722.97
2016-12-13 18:30:00,1,11706.6,11577.23
2016-12-13 19:00:00,1,11508.02,11506.65
2016-12-13 19:30:00,1,11424.87,11358.1
2016-12-13 20:00:00,1,11296.67,11302.57
2016-12-13 20:30:00,1,10903.29,11038.24
2016-12-13 21:00:00,1,10344.17,10464.24
2016-12-13 21:30:00,1,10013.97,10097.44
2016-12-13 22:00:00,1,9441.02,9516.32
2016-12-13 22:30:00,1,9065.83,9112.87
2016-12-13 23:00:00,1,8693.69,8646.01
2016-12-13 23:30:00,1,8211.19,8262.66
2016-12-14 00:00:00,1,8054.58,8066.02
2016-12-14 00:30:00,1,7743.74,7755.59
2016-12-14 01:00:00,1,7509.04,7559.58
2016-12-14 01:30:00,1,7131.92,7175.68
2016-12-14 02:00:00,1,6890.19,6935.48
2016-12-14 02:30:00,1,6782.65,6769.29
2016-12-14 03:00:00,1,6691.55,6671.7
2016-12-14 03:30:00,1,6677.28,6705.83
2016-12-14 04:00:00,1,6714.98,6751.93
2016-12-14 04:30:00,1,6924.38,6905.5
2016-12-14 05:00:00,1,7096.62,7059.38
2016-12-14 05:30:00,1,7551.74,7680.17
2016-12-14 06:00:00,1,8017.28,8118.42
2016-12-14 06:30:00,1,8571.63,8586.42
2016-12-14 07:00:00,1,9034.76,9092.13
2016-12-14 07:30:00,1,9468.76,9447.33
2016-12-14 08:00:00,1,9755.63,9662.86
2016-12-14 08:30:00,1,10103.29,10118.42
2016-12-14 09:00:00,1,10378.07,10268.04
2016-12-14 09:30:00,1,10600.23,10256.32
2016-12-14 10:00:00,1,10746.17,10442.16
2016-12-14 10:30:00,1,10811.35,10695.01
2016-12-14 11:00:00,1,10872.72,10907.29
2016-12-14 11:30:00,1,10896.84,11055.16
2016-12-14 12:00:00,1,11073.66,11256.1
2016-12-14 12:30:00,1,11188.39,11415.35
2016-12-14 13:00:00,1,11323.14,11608.65
2016-12-14 13:30:00,1,11406.03,11725.85
2016-12-14 14:00:00,1,11491.08,11872.12
2016-12-14 14:30:00,1,11456.33,11597.6
2016-12-14 15:00:00,1,11563.85,11725.83
2016-12-14 15:30:00,1,11554.98,11838.94
2016-12-14 16:00:00,1,11534.53,11611.69
2016-12-14 16:30:00,1,11378.01,11293.52
2016-12-14 17:00:00,1,11232.13,11231.12
2016-12-14 17:30:00,1,10909.39,10867.26
2016-12-14 18:00:00,1,10695.13,10675.61
2016-12-14 18:30:00,1,10309.86,10393.07
2016-12-14 19:00:00,1,10043.97,10150.68
2016-12-14 19:30:00,1,9824.48,9990.7
2016-12-14 20:00:00,1,9544.6,9783.12
2016-12-14 20:30:00,1,9257.4,9324.56
2016-12-14 21:00:00,1,8863.82,8799.69
2016-12-14 21:30:00,1,8666.81,8630.96
2016-12-14 22:00:00,1,8406.29,8299.28
2016-12-14 22:30:00,1,8220.53,8055.06
2016-12-14 23:00:00,1,8005.98,7868.43
2016-12-14 23:30:00,1,7794.77,7662.83
2016-12-17 00:00:00,1,7272.54,7296.87
2016-12-17 00:30:00,1,7063.06,7096.54
2016-12-17 01:00:00,1,6813.6,6827.24
2016-12-17 01:30:00,1,6464.21,6573.94
2016-12-17 02:00:00,1,6201.96,6272.83
2016-12-17 02:30:00,1,6043.61,6048.34
2016-12-17 03:00:00,1,5941.83,5943.51
2016-12-17 03:30:00,1,5923.55,5868.41
2016-12-17 04:00:00,1,5926.95,5874.65
2016-12-17 04:30:00,1,6011.11,6021.37
2016-12-17 05:00:00,1,6015.99,6066.25
2016-12-17 05:30:00,1,6241.29,6215.86
2016-12-17 06:00:00,1,6449.49,6358.09
2016-12-17 06:30:00,1,6790.6,6621.35
2016-12-17 07:00:00,1,7064.92,6928.99
2016-12-17 07:30:00,1,7405.68,7339.17
2016-12-17 08:00:00,1,7644.99,7647.04
2016-12-17 08:30:00,1,7882.35,7916.76
2016-12-17 09:00:00,1,7928.63,7972.51
2016-12-17 09:30:00,1,7990.21,8005.42
2016-12-17 10:00:00,1,8064.13,8057.57
2016-12-17 10:30:00,1,8104.3,8034.22
2016-12-17 11:00:00,1,8109.06,8188.99
2016-12-17 11:30:00,1,8037.76,8259.76
2016-12-17 12:00:00,1,8079.47,8183.88
2016-12-17 12:30:00,1,8221.14,8167.15
2016-12-17 13:00:00,1,8282.19,8197.33
2016-12-17 13:30:00,1,8360.17,8368.27
2016-12-17 14:00:00,1,8521.57,8433.82
2016-12-17 14:30:00,1,8648.41,8540.16
2016-12-17 15:00:00,1,8860.18,8849.18
2016-12-17 15:30:00,1,9031.68,8905.07
2016-12-17 16:00:00,1,9179.41,9097.37
2016-12-17 16:30:00,1,9176.97,9215.99
2016-12-17 17:00:00,1,9284.61,9289.27
2016-12-17 17:30:00,1,9185.04,9252.58
2016-12-17 18:00:00,1,9200.12,9038.89
2016-12-17 18:30:00,1,8977.93,8970.15
2016-12-17 19:00:00,1,8852.62,8935.74
2016-12-17 19:30:00,1,8757.54,8831.76
2016-12-17 20:00:00,1,8821.82,8893.02
2016-12-17 20:30:00,1,8588.53,8637.99
2016-12-17 21:00:00,1,8371.06,8435.39
2016-12-17 21:30:00,1,8175.14,8241.12
2016-12-17 22:00:00,1,7806.17,8001.75
2016-12-17 22:30:00,1,7694.63,7729.61
2016-12-17 23:00:00,1,7315.6,7331.38
2016-12-17 23:30:00,1,7066.78,7034.02
2016-12-29 00:00:00,1,7465.04,7578.79
2016-12-29 00:30:00,1,7229.51,7210.67
2016-12-29 01:00:00,1,6991.76,6993.47
2016-12-29 01:30:00,1,6683.57,6697.31
2016-12-29 02:00:00,1,6487.38,6477.69
2016-12-29 02:30:00,1,6321.99,6338.38
2016-12-29 03:00:00,1,6260.56,6253.43
2016-12-29 03:30:00,1,6240.71,6232.68
2016-12-29 04:00:00,1,6250.09,6265.66
2016-12-29 04:30:00,1,6320.6,6403.49
2016-12-29 05:00:00,1,6406.41,6535.64
2016-12-29 05:30:00,1,6655.28,6900.24
2016-12-29 06:00:00,1,6897.01,7224.03
2016-12-29 06:30:00,1,7246.13,7255.22
2016-12-29 07:00:00,1,7590.36,8000.41
2016-12-29 07:30:00,1,7966.03,7973.7
2016-12-29 08:00:00,1,8231.4,8287.7
2016-12-29 08:30:00,1,8618.26,8622.98
2016-12-29 09:00:00,1,8780.7,8804.16
2016-12-29 09:30:00,1,9022.47,9124.86
2016-12-29 10:00:00,1,9310.05,9061.21
2016-12-29 10:30:00,1,9482.21,9387.52
2016-12-29 11:00:00,1,9707.97,9727.28
2016-12-29 11:30:00,1,9920.55,9861.61
2016-12-29 12:00:00,1,10130.03,10166.08
2016-12-29 12:30:00,1,10406.19,10390.88
2016-12-29 13:00:00,1,10606.23,10498.68
2016-12-29 13:30:00,1,10783.98,10772.18
2016-12-29 14:00:00,1,10966.65,10879.17
2016-12-29 14:30:00,1,11120.12,11119.14
2016-12-29 15:00:00,1,11248.28,11350.72
2016-12-29 15:30:00,1,11332.43,11444.1
2016-12-29 16:00:00,1,11422.94,11448.91
2016-12-29 16:30:00,1,11468.37,11419.06
2016-12-29 17:00:00,1,11481.39,11376.43
2016-12-29 17:30:00,1,11245.76,11194.79
2016-12-29 18:00:00,1,11102.64,11050.44
2016-12-29 18:30:00,1,10832.51,10747.28
2016-12-29 19:00:00,1,10579.74,10514.33
2016-12-29 19:30:00,1,10384.61,10404.35
2016-12-29 20:00:00,1,10296.04,10322.44
2016-12-29 20:30:00,1,9969.78,10030.84
2016-12-29 21:00:00,1,9595.91,9587.52
2016-12-29 21:30:00,1,9374.01,9300.01
2016-12-29 22:00:00,1,8992.1,8936.99
2016-12-29 22:30:00,1,8715.17,8719.38
2016-12-29 23:00:00,1,8424.34,8372.17
2016-12-29 23:30:00,1,8123.69,8082.16
2016-12-30 00:00:00,1,7876.95,7914.86
2016-12-30 00:30:00,1,7580.66,7645.73
2016-12-30 01:00:00,1,7285.75,7350.83
2016-12-30 01:30:00,1,6938.0,7010.82
2016-12-30 02:00:00,1,6725.02,6737.61
2016-12-30 02:30:00,1,6555.18,6592.56
2016-12-30 03:00:00,1,6470.61,6493.36
2016-12-30 03:30:00,1,6444.05,6424.08
2016-12-30 04:00:00,1,6429.01,6416.76
2016-12-30 04:30:00,1,6560.9,6525.82
2016-12-30 05:00:00,1,6679.77,6582.6
2016-12-30 05:30:00,1,6871.71,6909.72
2016-12-30 06:00:00,1,7069.3,7226.54
2016-12-30 06:30:00,1,7396.72,7488.54
2016-12-30 07:00:00,1,7757.54,7881.12
2016-12-30 07:30:00,1,8056.23,8108.25
2016-12-30 08:00:00,1,8388.97,8360.9
2016-12-30 08:30:00,1,8712.77,8614.0
2016-12-30 09:00:00,1,8892.98,8885.63
2016-12-30 09:30:00,1,9087.14,8967.06
2016-12-30 10:00:00,1,9175.26,9154.7
2016-12-30 10:30:00,1,9381.8,9289.68
2016-12-30 11:00:00,1,9594.09,9404.21
2016-12-30 11:30:00,1,9693.54,9701.14
2016-12-30 12:00:00,1,9796.33,9965.03
2016-12-30 12:30:00,1,9904.69,9998.42
2016-12-30 13:00:00,1,9967.92,9966.86
2016-12-30 13:30:00,1,9939.07,9990.66
2016-12-30 14:00:00,1,10035.27,9935.75
2016-12-30 14:30:00,1,10273.42,9904.37
2016-12-30 15:00:00,1,10519.68,10199.87
2016-12-30 15:30:00,1,10738.0,10584.54
2016-12-30 16:00:00,1,10925.53,10801.33
2016-12-30 16:30:00,1,10918.85,10945.94
2016-12-30 17:00:00,1,10819.56,11010.52
2016-12-30 17:30:00,1,10557.56,10531.7
2016-12-30 18:00:00,1,10383.12,10286.63
2016-12-30 18:30:00,1,10166.97,10085.43
2016-12-30 19:00:00,1,10037.52,9760.18
2016-12-30 19:30:00,1,9949.55,9865.78
2016-12-30 20:00:00,1,9907.76,9948.61
2016-12-30 20:30:00,1,9761.38,9680.61
2016-12-30 21:00:00,1,9443.34,9359.37
2016-12-30 21:30:00,1,9300.2,9268.92
2016-12-30 22:00:00,1,8926.29,8968.64
2016-12-30 22:30:00,1,8754.61,8760.57
2016-12-30 23:00:00,1,8497.77,8432.36
2016-12-30 23:30:00,1,8125.86,8142.33
2017-01-09 00:00:00,1,7182.75,7237.0
2017-01-09 00:30:00,1,7020.31,7033.17
2017-01-09 01:00:00,1,6841.39,6778.18
2017-01-09 01:30:00,1,6584.61,6559.35
2017-01-09 02:00:00,1,6433.0,6453.79
2017-01-09 02:30:00,1,6346.63,6392.66
2017-01-09 03:00:00,1,6236.5,6369.15
2017-01-09 03:30:00,1,6270.14,6348.45
2017-01-09 04:00:00,1,6296.12,6335.6
2017-01-09 04:30:00,1,6502.97,6509.65
2017-01-09 05:00:00,1,6628.07,6696.02
2017-01-09 05:30:00,1,7072.82,6999.98
2017-01-09 06:00:00,1,7436.84,7287.41
2017-01-09 06:30:00,1,7881.42,7797.0
2017-01-09 07:00:00,1,8360.44,8207.53
2017-01-09 07:30:00,1,8679.3,8651.25
2017-01-09 08:00:00,1,8995.3,9105.98
2017-01-09 08:30:00,1,9362.17,9336.77
2017-01-09 09:00:00,1,9566.14,9592.1
2017-01-09 09:30:00,1,9753.26,9778.12
2017-01-09 10:00:00,1,9944.47,9857.18
2017-01-09 10:30:00,1,10113.64,10040.08
2017-01-09 11:00:00,1,10296.25,10302.62
2017-01-09 11:30:00,1,10398.97,10441.86
2017-01-09 12:00:00,1,10612.8,10635.15
2017-01-09 12:30:00,1,10794.31,10769.91
2017-01-09 13:00:00,1,10910.94,11004.31
2017-01-09 13:30:00,1,10981.55,11047.83
2017-01-09 14:00:00,1,11127.36,11117.33
2017-01-09 14:30:00,1,11269.17,11171.42
2017-01-09 15:00:00,1,11363.19,11297.75
2017-01-09 15:30:00,1,11335.68,11513.97
2017-01-09 16:00:00,1,11433.75,11470.91
2017-01-09 16:30:00,1,11349.7,11269.99
2017-01-09 17:00:00,1,11262.39,11300.63
2017-01-09 17:30:00,1,10944.82,10920.61
2017-01-09 18:00:00,1,10743.86,10783.43
2017-01-09 18:30:00,1,10394.81,10438.19
2017-01-09 19:00:00,1,10214.76,10110.42
2017-01-09 19:30:00,1,10099.44,9991.55
2017-01-09 20:00:00,1,9857.18,9957.72
2017-01-09 20:30:00,1,9569.48,9733.18
2017-01-09 21:00:00,1,9185.3,9214.9
2017-01-09 21:30:00,1,8941.81,8974.63
2017-01-09 22:00:00,1,8655.65,8629.58
2017-01-09 22:30:00,1,8471.92,8338.99
2017-01-09 23:00:00,1,8245.01,8126.87
2017-01-09 23:30:00,1,7882.22,7951.97
2017-01-10 00:00:00,1,7742.05,7753.55
2017-01-10 00:30:00,1,7528.17,7526.58
2017-01-10 01:00:00,1,7233.29,7300.97
2017-01-10 01:30:00,1,6931.38,7016.18
2017-01-10 02:00:00,1,6694.35,6752.2
2017-01-10 02:30:00,1,6572.71,6620.81
2017-01-10 03:00:00,1,6461.46,6525.49
2017-01-10 03:30:00,1,6379.86,6522.61
2017-01-10 04:00:00,1,6481.39,6493.14
2017-01-10 04:30:00,1,6662.64,6545.86
2017-01-10 05:00:00,1,6871.14,6860.29
2017-01-10 05:30:00,1,7305.58,7192.35
2017-01-10 06:00:00,1,7588.9,7579.64
2017-01-10 06:30:00,1,8035.11,8079.92
2017-01-10 07:00:00,1,8408.62,8346.82
2017-01-10 07:30:00,1,8692.01,8706.46
2017-01-10 08:00:00,1,8940.62,9032.14
2017-01-10 08:30:00,1,9201.9,9143.13
2017-01-10 09:00:00,1,9352.12,9389.85
2017-01-10 09:30:00,1,9402.91,9522.41
2017-01-10 10:00:00,1,9522.55,9548.47
2017-01-10 10:30:00,1,9585.04,9512.0
2017-01-10 11:00:00,1,9739.16,9679.89
2017-01-10 11:30:00,1,9880.24,9789.45
2017-01-10 12:00:00,1,10191.21,9934.09
2017-01-10 12:30:00,1,10494.2,10262.5
2017-01-10 13:00:00,1,10738.01,10637.93
2017-01-10 13:30:00,1,11003.33,10925.58
2017-01-10 14:00:00,1,11231.48,11132.7
2017-01-10 14:30:00,1,11432.1,11413.43
2017-01-10 15:00:00,1,11614.27,11663.67
2017-01-10 15:30:00,1,11762.93,11841.57
2017-01-10 16:00:00,1,11933.34,11917.18
2017-01-10 16:30:00,1,11940.53,11872.52
2017-01-10 17:00:00,1,11860.42,11929.38
2017-01-10 17:30:00,1,11627.0,11620.38
2017-01-10 18:00:00,1,11416.61,11354.91
2017-01-10 18:30:00,1,11137.91,11128.57
2017-01-10 19:00:00,1,10794.5,10759.42
2017-01-10 19:30:00,1,10635.48,10680.63
2017-01-10 20:00:00,1,10596.1,10592.16
2017-01-10 20:30:00,1,10348.38,10260.6
2017-01-10 21:00:00,1,10005.3,9942.09
2017-01-10 21:30:00,1,9695.2,9741.32
2017-01-10 22:00:00,1,9255.97,9361.93
2017-01-10 22:30:00,1,8954.47,8986.64
2017-01-10 23:00:00,1,8581.02,8598.51
2017-01-10 23:30:00,1,8223.38,8264.48
2017-01-11 00:00:00,1,7921.51,8012.61
2017-01-11 00:30:00,1,7708.18,7753.77
2017-01-11 01:00:00,1,7446.68,7447.42
2017-01-11 01:30:00,1,7130.87,7146.8
2017-01-11 02:00:00,1,6847.09,6913.78
2017-01-11 02:30:00,1,6723.25,6757.54
2017-01-11 03:00:00,1,6619.22,6670.21
2017-01-11 03:30:00,1,6615.96,6623.8
2017-01-11 04:00:00,1,6661.08,6639.57
2017-01-11 04:30:00,1,6843.83,6830.61
2017-01-11 05:00:00,1,7033.97,7096.55
2017-01-11 05:30:00,1,7438.34,7496.46
2017-01-11 06:00:00,1,7842.71,7836.42
2017-01-11 06:30:00,1,8353.61,8253.29
2017-01-11 07:00:00,1,8895.6,8675.2
2017-01-11 07:30:00,1,9307.38,9212.41
2017-01-11 08:00:00,1,9706.87,9720.51
2017-01-11 08:30:00,1,10096.28,9954.2
2017-01-11 09:00:00,1,10467.76,10309.43
2017-01-11 09:30:00,1,10789.71,10627.49
2017-01-11 10:00:00,1,11092.97,10935.83
2017-01-11 10:30:00,1,11350.32,11360.37
2017-01-11 11:00:00,1,11627.77,11711.45
2017-01-11 11:30:00,1,11855.63,11922.31
2017-01-11 12:00:00,1,12114.22,12220.35
2017-01-11 12:30:00,1,12317.69,12466.38
2017-01-11 13:00:00,1,12450.8,12618.02
2017-01-11 13:30:00,1,12529.71,12697.51
2017-01-11 14:00:00,1,12661.06,12750.67
2017-01-11 14:30:00,1,12784.29,12755.86
2017-01-11 15:00:00,1,12838.74,12854.5
2017-01-11 15:30:00,1,12943.45,13001.54
2017-01-11 16:00:00,1,13032.44,12936.83
2017-01-11 16:30:00,1,13040.91,12866.36
2017-01-11 17:00:00,1,12825.35,12857.68
2017-01-11 17:30:00,1,12214.15,12593.77
2017-01-11 18:00:00,1,11839.78,12061.3
2017-01-11 18:30:00,1,11422.78,11499.65
2017-01-11 19:00:00,1,11096.79,11046.72
2017-01-11 19:30:00,1,10792.03,10817.77
2017-01-11 20:00:00,1,10589.81,10696.82
2017-01-11 20:30:00,1,10269.85,10282.52
2017-01-11 21:00:00,1,9871.38,9806.22
2017-01-11 21:30:00,1,9550.03,9574.34
2017-01-11 22:00:00,1,9104.03,9191.0
2017-01-11 22:30:00,1,8829.68,8810.45
2017-01-11 23:00:00,1,8545.68,8438.6
2017-01-11 23:30:00,1,8163.2,8152.36
2017-01-13 00:00:00,1,7699.78,7716.94
2017-01-13 00:30:00,1,7463.56,7496.56
2017-01-13 01:00:00,1,7280.68,7247.28
2017-01-13 01:30:00,1,6921.33,6938.49
2017-01-13 02:00:00,1,6677.74,6741.23
2017-01-13 02:30:00,1,6502.45,6603.98
2017-01-13 03:00:00,1,6459.44,6504.88
2017-01-13 03:30:00,1,6515.45,6467.9
2017-01-13 04:00:00,1,6569.25,6501.56
2017-01-13 04:30:00,1,6771.73,6746.87
2017-01-13 05:00:00,1,7018.91,6998.21
2017-01-13 05:30:00,1,7402.39,7387.31
2017-01-13 06:00:00,1,7781.66,7822.15
2017-01-13 06:30:00,1,8272.23,8194.76
2017-01-13 07:00:00,1,8694.81,8563.42
2017-01-13 07:30:00,1,9009.64,9010.07
2017-01-13 08:00:00,1,9264.02,9342.13
2017-01-13 08:30:00,1,9482.25,9523.85
2017-01-13 09:00:00,1,9642.59,9684.18
2017-01-13 09:30:00,1,9807.34,9699.14
2017-01-13 10:00:00,1,10014.85,9876.02
2017-01-13 10:30:00,1,10268.64,10067.38
2017-01-13 11:00:00,1,10573.56,10335.92
2017-01-13 11:30:00,1,10861.23,10650.36
2017-01-13 12:00:00,1,11161.31,11050.62
2017-01-13 12:30:00,1,11395.47,11389.48
2017-01-13 13:00:00,1,11681.24,11701.62
2017-01-13 13:30:00,1,11948.89,11862.7
2017-01-13 14:00:00,1,12212.62,12110.65
2017-01-13 14:30:00,1,12412.77,12370.01
2017-01-13 15:00:00,1,12592.71,12606.64
2017-01-13 15:30:00,1,12646.14,12840.72
2017-01-13 16:00:00,1,12706.62,12830.74
2017-01-13 16:30:00,1,12658.72,12547.94
2017-01-13 17:00:00,1,12659.48,12462.36
2017-01-13 17:30:00,1,12324.1,12087.14
2017-01-13 18:00:00,1,12262.92,12013.77
2017-01-13 18:30:00,1,12065.18,11712.29
2017-01-13 19:00:00,1,11824.8,11653.62
2017-01-13 19:30:00,1,11835.58,11628.09
2017-01-13 20:00:00,1,11773.23,11646.43
2017-01-13 20:30:00,1,11382.88,11526.64
2017-01-13 21:00:00,1,11033.95,11081.24
2017-01-13 21:30:00,1,10852.23,10681.05
2017-01-13 22:00:00,1,10391.4,10335.16
2017-01-13 22:30:00,1,10194.26,10000.1
2017-01-13 23:00:00,1,9731.46,9609.17
2017-01-13 23:30:00,1,9375.08,9418.36
2017-01-14 00:00:00,1,9002.48,9030.08
2017-01-14 00:30:00,1,8696.07,8743.44
2017-01-14 01:00:00,1,8395.78,8352.15
2017-01-14 01:30:00,1,7979.58,8083.18
2017-01-14 02:00:00,1,7705.06,7834.74
2017-01-14 02:30:00,1,7485.15,7654.0
2017-01-14 03:00:00,1,7348.14,7514.71
2017-01-14 03:30:00,1,7270.0,7327.52
2017-01-14 04:00:00,1,7213.83,7218.99
2017-01-14 04:30:00,1,7270.23,7220.21
2017-01-14 05:00:00,1,7207.21,7261.36
2017-01-14 05:30:00,1,7389.85,7458.71
2017-01-14 06:00:00,1,7540.93,7371.79
2017-01-14 06:30:00,1,7818.96,7763.62
2017-01-14 07:00:00,1,8139.96,8078.64
2017-01-14 07:30:00,1,8468.07,8467.1
2017-01-14 08:00:00,1,8809.22,8847.95
2017-01-14 08:30:00,1,9064.72,9090.1
2017-01-14 09:00:00,1,9222.4,9197.05
2017-01-14 09:30:00,1,9449.62,9366.55
2017-01-14 10:00:00,1,9512.61,9566.89
2017-01-14 10:30:00,1,9648.58,9720.71
2017-01-14 11:00:00,1,9777.74,9802.59
2017-01-14 11:30:00,1,9800.2,9833.91
2017-01-14 12:00:00,1,9904.3,9974.06
2017-01-14 12:30:00,1,10072.15,9959.67
2017-01-14 13:00:00,1,10167.44,10071.31
2017-01-14 13:30:00,1,10258.66,10277.85
2017-01-14 14:00:00,1,10388.27,10354.25
2017-01-14 14:30:00,1,10476.96,10446.17
2017-01-14 15:00:00,1,10542.09,10568.78
2017-01-14 15:30:00,1,10640.64,10544.49
2017-01-14 16:00:00,1,10670.39,10610.31
2017-01-14 16:30:00,1,10612.58,10605.45
2017-01-14 17:00:00,1,10606.46,10568.66
2017-01-14 17:30:00,1,10432.35,10513.57
2017-01-14 18:00:00,1,10231.15,10375.01
2017-01-14 18:30:00,1,9955.66,10096.82
2017-01-14 19:00:00,1,9699.62,9733.4
2017-01-14 19:30:00,1,9476.56,9616.35
2017-01-14 20:00:00,1,9468.25,9470.34
2017-01-14 20:30:00,1,9303.14,9194.98
2017-01-14 21:00:00,1,9035.17,9056.6
2017-01-14 21:30:00,1,8912.08,8878.79
2017-01-14 22:00:00,1,8594.16,8519.18
2017-01-14 22:30:00,1,8404.68,8423.87
2017-01-14 23:00:00,1,8057.62,8010.62
2017-01-14 23:30:00,1,7758.84,7715.22
2017-01-17 00:00:00,1,7813.02,7859.96
2017-01-17 00:30:00,1,7645.83,7622.89
2017-01-17 01:00:00,1,7392.83,7385.82
2017-01-17 01:30:00,1,7060.07,7109.27
2017-01-17 02:00:00,1,6922.44,6925.04
2017-01-17 02:30:00,1,6758.82,6765.55
2017-01-17 03:00:00,1,6613.75,6713.31
2017-01-17 03:30:00,1,6656.46,6651.81
2017-01-17 04:00:00,1,6708.73,6649.65
2017-01-17 04:30:00,1,6894.86,6855.57
2017-01-17 05:00:00,1,7130.67,7086.96
2017-01-17 05:30:00,1,7541.07,7479.65
2017-01-17 06:00:00,1,7907.75,7899.15
2017-01-17 06:30:00,1,8392.41,8270.06
2017-01-17 07:00:00,1,8782.16,8556.96
2017-01-17 07:30:00,1,9138.25,9064.91
2017-01-17 08:00:00,1,9412.12,9322.64
2017-01-17 08:30:00,1,9779.05,9634.49
2017-01-17 09:00:00,1,10036.71,9763.27
2017-01-17 09:30:00,1,10278.2,10173.1
2017-01-17 10:00:00,1,10508.74,10418.65
2017-01-17 10:30:00,1,10808.76,10724.09
2017-01-17 11:00:00,1,11106.2,11010.95
2017-01-17 11:30:00,1,11455.41,11299.32
2017-01-17 12:00:00,1,11768.82,11679.92
2017-01-17 12:30:00,1,12092.99,12104.55
2017-01-17 13:00:00,1,12325.56,12397.08
2017-01-17 13:30:00,1,12568.33,12633.4
2017-01-17 14:00:00,1,12828.47,12822.3
2017-01-17 14:30:00,1,13059.73,12908.16
2017-01-17 15:00:00,1,13204.32,13190.1
2017-01-17 15:30:00,1,13441.73,13430.54
2017-01-17 16:00:00,1,13525.55,13405.31
2017-01-17 16:30:00,1,13604.55,13557.11
2017-01-17 17:00:00,1,13677.47,13466.98
2017-01-17 17:30:00,1,13504.87,13258.28
2017-01-17 18:00:00,1,13483.41,13218.81
2017-01-17 18:30:00,1,13260.91,13011.65
2017-01-17 19:00:00,1,13046.55,12797.92
2017-01-17 19:30:00,1,12826.25,12735.9
2017-01-17 20:00:00,1,12757.31,12754.33
2017-01-17 20:30:00,1,12409.27,12367.71
2017-01-17 21:00:00,1,11929.46,11855.69
2017-01-17 21:30:00,1,11439.57,11553.03
2017-01-17 22:00:00,1,10844.11,10946.38
2017-01-17 22:30:00,1,10412.19,10389.89
2017-01-17 23:00:00,1,9920.51,9869.0
2017-01-17 23:30:00,1,9474.94,9417.78
2017-01-18 00:00:00,1,9156.96,9172.88
2017-01-18 00:30:00,1,8876.57,8893.18
2017-01-18 01:00:00,1,8512.21,8556.56
2017-01-18 01:30:00,1,8200.7,8277.86
2017-01-18 02:00:00,1,7909.22,7964.41
2017-01-18 02:30:00,1,7726.96,7778.07
2017-01-18 03:00:00,1,7666.47,7607.28
2017-01-18 03:30:00,1,7657.73,7522.61
2017-01-18 04:00:00,1,7696.25,7592.6
2017-01-18 04:30:00,1,7812.49,7854.21
2017-01-18 05:00:00,1,8034.82,8134.7
2017-01-18 05:30:00,1,8497.9,8496.17
2017-01-18 06:00:00,1,8983.43,8927.58
2017-01-18 06:30:00,1,9667.42,9447.71
2017-01-18 07:00:00,1,10380.62,10004.9
2017-01-18 07:30:00,1,10996.76,10705.15
2017-01-18 08:00:00,1,11484.15,11419.66
2017-01-18 08:30:00,1,11955.98,11835.71
2017-01-18 09:00:00,1,12227.27,12199.86
2017-01-18 09:30:00,1,12382.42,12529.03
2017-01-18 10:00:00,1,12449.1,12692.35
2017-01-18 10:30:00,1,12562.87,12776.01
2017-01-18 11:00:00,1,12670.77,12804.05
2017-01-18 11:30:00,1,12751.94,12861.98
2017-01-18 12:00:00,1,12765.06,12904.32
2017-01-18 12:30:00,1,12793.16,13004.02
2017-01-18 13:00:00,1,12803.63,12890.02
2017-01-18 13:30:00,1,12776.94,12850.64
2017-01-18 14:00:00,1,12612.89,12890.08
2017-01-18 14:30:00,1,12573.29,12617.19
2017-01-18 15:00:00,1,12578.89,12346.58
2017-01-18 15:30:00,1,12346.17,12475.51
2017-01-18 16:00:00,1,12165.04,12398.39
2017-01-18 16:30:00,1,11880.62,11907.84
2017-01-18 17:00:00,1,11526.21,11648.4
2017-01-18 17:30:00,1,10980.71,11208.4
2017-01-18 18:00:00,1,10629.65,10834.09
2017-01-18 18:30:00,1,10293.78,10374.51
2017-01-18 19:00:00,1,10014.45,9914.79
2017-01-18 19:30:00,1,9845.12,9818.49
2017-01-18 20:00:00,1,9712.17,9703.25
2017-01-18 20:30:00,1,9397.4,9478.48
2017-01-18 21:00:00,1,8998.59,9085.29
2017-01-18 21:30:00,1,8801.49,8869.56
2017-01-18 22:00:00,1,8447.53,8508.38
2017-01-18 22:30:00,1,8312.6,8226.82
2017-01-18 23:00:00,1,8025.33,7943.28
2017-01-18 23:30:00,1,7789.86,7779.62
2017-01-20 00:00:00,1,7310.56,7340.05
2017-01-20 00:30:00,1,7146.06,7149.85
2017-01-20 01:00:00,1,6986.06,6898.71
2017-01-20 01:30:00,1,6738.95,6668.05
2017-01-20 02:00:00,1,6578.69,6498.6
2017-01-20 02:30:00,1,6461.02,6412.9
2017-01-20 03:00:00,1,6421.84,6389.77
2017-01-20 03:30:00,1,6409.87,6423.25
2017-01-20 04:00:00,1,6427.2,6498.5
2017-01-20 04:30:00,1,6652.0,6619.98
2017-01-20 05:00:00,1,6878.31,6825.99
2017-01-20 05:30:00,1,7298.16,7332.71
2017-01-20 06:00:00,1,7634.62,7717.8
2017-01-20 06:30:00,1,8042.91,8128.96
2017-01-20 07:00:00,1,8374.69,8486.06
2017-01-20 07:30:00,1,8672.4,8713.67
2017-01-20 08:00:00,1,8915.17,8919.5
2017-01-20 08:30:00,1,9108.71,9125.98
2017-01-20 09:00:00,1,9258.45,9244.87
2017-01-20 09:30:00,1,9250.48,9349.56
2017-01-20 10:00:00,1,9345.98,9402.78
2017-01-20 10:30:00,1,9395.73,9437.81
2017-01-20 11:00:00,1,9368.86,9537.63
2017-01-20 11:30:00,1,9255.82,9605.11
2017-01-20 12:00:00,1,9302.62,9303.74
2017-01-20 12:30:00,1,9080.03,9225.65
2017-01-20 13:00:00,1,9175.66,9238.74
2017-01-20 13:30:00,1,9322.4,8899.83
2017-01-20 14:00:00,1,9518.13,9108.52
2017-01-20 14:30:00,1,9599.24,9453.18
2017-01-20 15:00:00,1,9829.6,9719.76
2017-01-20 15:30:00,1,9931.75,9905.52
2017-01-20 16:00:00,1,9969.81,10080.94
2017-01-20 16:30:00,1,10016.55,10016.8
2017-01-20 17:00:00,1,10002.95,9899.78
2017-01-20 17:30:00,1,9896.05,9736.92
2017-01-20 18:00:00,1,9839.22,9607.03
2017-01-20 18:30:00,1,9676.44,9526.53
2017-01-20 19:00:00,1,9553.44,9461.12
2017-01-20 19:30:00,1,9482.6,9468.01
2017-01-20 20:00:00,1,9411.18,9594.87
2017-01-20 20:30:00,1,9174.22,9302.92
2017-01-20 21:00:00,1,8875.84,8958.08
2017-01-20 21:30:00,1,8638.38,8819.96
2017-01-20 22:00:00,1,8312.2,8583.8
2017-01-20 22:30:00,1,8115.34,8259.09
2017-01-20 23:00:00,1,7834.22,7944.4
2017-01-20 23:30:00,1,7624.76,7620.53
2017-01-23 00:00:00,1,7064.91,7080.36
2017-01-23 00:30:00,1,6954.21,6958.89
2017-01-23 01:00:00,1,6810.03,6708.97
2017-01-23 01:30:00,1,6547.6,6613.35
2017-01-23 02:00:00,1,6428.67,6473.8
2017-01-23 02:30:00,1,6340.91,6369.62
2017-01-23 03:00:00,1,6278.02,6333.31
2017-01-23 03:30:00,1,6288.29,6336.52
2017-01-23 04:00:00,1,6374.2,6383.66
2017-01-23 04:30:00,1,6603.8,6542.65
2017-01-23 05:00:00,1,6822.29,6788.59
2017-01-23 05:30:00,1,7305.07,7210.93
2017-01-23 06:00:00,1,7682.42,7647.85
2017-01-23 06:30:00,1,8128.63,8027.39
2017-01-23 07:00:00,1,8573.4,8255.11
2017-01-23 07:30:00,1,8876.77,8567.03
2017-01-23 08:00:00,1,9114.33,8845.72
2017-01-23 08:30:00,1,9307.68,9150.1
2017-01-23 09:00:00,1,9423.78,9486.62
2017-01-23 09:30:00,1,9559.47,9518.36
2017-01-23 10:00:00,1,9711.43,9576.9
2017-01-23 10:30:00,1,9910.58,9824.86
2017-01-23 11:00:00,1,10047.96,9957.44
2017-01-23 11:30:00,1,10186.06,10115.89
2017-01-23 12:00:00,1,10396.25,10285.8
2017-01-23 12:30:00,1,10658.72,10461.74
2017-01-23 13:00:00,1,10913.99,10616.03
2017-01-23 13:30:00,1,11137.0,10828.41
2017-01-23 14:00:00,1,11374.16,11047.15
2017-01-23 14:30:00,1,11617.37,11495.19
2017-01-23 15:00:00,1,11789.47,11780.32
2017-01-23 15:30:00,1,11940.41,11994.94
2017-01-23 16:00:00,1,12135.6,12078.24
2017-01-23 16:30:00,1,12144.91,12142.21
2017-01-23 17:00:00,1,12181.5,12181.85
2017-01-23 17:30:00,1,11930.89,11896.66
2017-01-23 18:00:00,1,11821.35,11849.66
2017-01-23 18:30:00,1,11567.52,11470.8
2017-01-23 19:00:00,1,11257.76,11194.52
2017-01-23 19:30:00,1,11073.6,11112.58
2017-01-23 20:00:00,1,10971.85,10981.71
2017-01-23 20:30:00,1,10670.67,10644.28
2017-01-23 21:00:00,1,10235.97,10241.57
2017-01-23 21:30:00,1,9933.32,9999.78
2017-01-23 22:00:00,1,9514.89,9556.65
2017-01-23 22:30:00,1,9182.89,9171.51
2017-01-23 23:00:00,1,8860.34,8823.81
2017-01-23 23:30:00,1,8499.69,8466.65
2017-01-24 00:00:00,1,8229.17,8275.81
2017-01-24 00:30:00,1,7953.9,8038.12
2017-01-24 01:00:00,1,7673.23,7671.49
2017-01-24 01:30:00,1,7314.69,7395.31
2017-01-24 02:00:00,1,7179.53,7164.78
2017-01-24 02:30:00,1,6990.83,6990.97
2017-01-24 03:00:00,1,6982.58,6940.68
2017-01-24 03:30:00,1,6938.77,6909.85
2017-01-24 04:00:00,1,7003.25,7001.79
2017-01-24 04:30:00,1,7267.35,7144.18
2017-01-24 05:00:00,1,7477.09,7457.76
2017-01-24 05:30:00,1,7954.9,8085.31
2017-01-24 06:00:00,1,8434.09,8425.3
2017-01-24 06:30:00,1,9011.98,8940.97
2017-01-24 07:00:00,1,9518.57,9417.3
2017-01-24 07:30:00,1,10015.4,9875.53
2017-01-24 08:00:00,1,10428.35,10379.34
2017-01-24 08:30:00,1,10820.69,10761.81
2017-01-24 09:00:00,1,11182.47,11090.4
2017-01-24 09:30:00,1,11429.85,11303.84
2017-01-24 10:00:00,1,11720.53,11637.23
2017-01-24 10:30:00,1,11977.88,11918.1
2017-01-24 11:00:00,1,12136.93,12248.95
2017-01-24 11:30:00,1,12321.57,12421.08
2017-01-24 12:00:00,1,12503.91,12483.87
2017-01-24 12:30:00,1,12648.54,12736.6
2017-01-24 13:00:00,1,12722.73,12788.47
2017-01-24 13:30:00,1,12860.15,12873.49
2017-01-24 14:00:00,1,12920.03,12892.36
2017-01-24 14:30:00,1,12966.89,12864.14
2017-01-24 15:00:00,1,12951.85,12985.98
2017-01-24 15:30:00,1,12925.09,13051.39
2017-01-24 16:00:00,1,12748.6,12862.92
2017-01-24 16:30:00,1,12086.89,12656.87
2017-01-24 17:00:00,1,11541.67,12194.56
2017-01-24 17:30:00,1,10985.35,11071.95
2017-01-24 18:00:00,1,10582.28,10528.98
2017-01-24 18:30:00,1,10144.34,10204.29
2017-01-24 19:00:00,1,9857.58,9753.74
2017-01-24 19:30:00,1,9731.03,9652.44
2017-01-24 20:00:00,1,9550.48,9479.58
2017-01-24 20:30:00,1,9291.47,9259.91
2017-01-24 21:00:00,1,8822.85,8923.48
2017-01-24 21:30:00,1,8629.37,8747.47
2017-01-24 22:00:00,1,8291.69,8338.73
2017-01-24 22:30:00,1,8112.03,8105.56
2017-01-24 23:00:00,1,7862.76,7822.18
2017-01-24 23:30:00,1,7639.61,7608.62
2017-01-28 00:00:00,1,7591.73,7596.28
2017-01-28 00:30:00,1,7326.84,7383.51
2017-01-28 01:00:00,1,7074.59,7109.53
2017-01-28 01:30:00,1,6713.32,6783.61
2017-01-28 02:00:00,1,6468.59,6536.98
2017-01-28 02:30:00,1,6295.86,6344.84
2017-01-28 03:00:00,1,6215.69,6233.82
2017-01-28 03:30:00,1,6208.43,6189.15
2017-01-28 04:00:00,1,6189.45,6189.0
2017-01-28 04:30:00,1,6195.41,6245.37
2017-01-28 05:00:00,1,6296.62,6293.29
2017-01-28 05:30:00,1,6378.84,6340.26
2017-01-28 06:00:00,1,6531.5,6521.33
2017-01-28 06:30:00,1,6793.4,6767.06
2017-01-28 07:00:00,1,7133.91,7076.95
2017-01-28 07:30:00,1,7466.8,7441.35
2017-01-28 08:00:00,1,7747.35,7732.67
2017-01-28 08:30:00,1,8099.0,7975.01
2017-01-28 09:00:00,1,8218.68,8059.55
2017-01-28 09:30:00,1,8361.78,8326.8
2017-01-28 10:00:00,1,8454.48,8483.72
2017-01-28 10:30:00,1,8572.52,8580.88
2017-01-28 11:00:00,1,8716.86,8751.59
2017-01-28 11:30:00,1,8853.99,8879.91
2017-01-28 12:00:00,1,9096.53,9027.95
2017-01-28 12:30:00,1,9282.23,9215.25
2017-01-28 13:00:00,1,9541.68,9512.53
2017-01-28 13:30:00,1,9716.58,9659.77
2017-01-28 14:00:00,1,9933.48,9916.54
2017-01-28 14:30:00,1,10159.63,10133.3
2017-01-28 15:00:00,1,10400.59,10312.87
2017-01-28 15:30:00,1,10617.54,10568.44
2017-01-28 16:00:00,1,10821.77,10677.93
2017-01-28 16:30:00,1,10815.34,10879.22
2017-01-28 17:00:00,1,10977.09,10934.45
2017-01-28 17:30:00,1,10940.45,10827.12
2017-01-28 18:00:00,1,10906.34,10854.36
2017-01-28 18:30:00,1,10740.3,10654.38
2017-01-28 19:00:00,1,10460.75,10441.2
2017-01-28 19:30:00,1,10325.2,10391.46
2017-01-28 20:00:00,1,10225.75,10286.03
2017-01-28 20:30:00,1,9882.24,10067.53
2017-01-28 21:00:00,1,9618.21,9699.63
2017-01-28 21:30:00,1,9260.97,9376.59
2017-01-28 22:00:00,1,8950.31,9137.39
2017-01-28 22:30:00,1,8716.04,8715.73
2017-01-28 23:00:00,1,8344.37,8322.84
2017-01-28 23:30:00,1,7989.98,8038.89
2017-01-30 00:00:00,1,7677.82,7743.51
2017-01-30 00:30:00,1,7492.95,7465.99
2017-01-30 01:00:00,1,7251.44,7250.1
2017-01-30 01:30:00,1,7018.89,7046.44
2017-01-30 02:00:00,1,6829.14,6827.09
2017-01-30 02:30:00,1,6676.25,6783.38
2017-01-30 03:00:00,1,6636.98,6711.22
2017-01-30 03:30:00,1,6645.04,6653.65
2017-01-30 04:00:00,1,6693.05,6737.04
2017-01-30 04:30:00,1,6828.22,6857.1
2017-01-30 05:00:00,1,7102.66,7082.29
2017-01-30 05:30:00,1,7569.26,7485.84
2017-01-30 06:00:00,1,8101.44,7996.32
2017-01-30 06:30:00,1,8654.14,8529.83
2017-01-30 07:00:00,1,9195.87,9040.24
2017-01-30 07:30:00,1,9632.72,9475.16
2017-01-30 08:00:00,1,9984.85,9831.24
2017-01-30 08:30:00,1,10336.88,10130.32
2017-01-30 09:00:00,1,10598.66,10360.0
2017-01-30 09:30:00,1,10923.74,10812.59
2017-01-30 10:00:00,1,11292.08,11161.04
2017-01-30 10:30:00,1,11604.22,11436.14
2017-01-30 11:00:00,1,11930.08,11914.44
2017-01-30 11:30:00,1,12179.59,12196.44
2017-01-30 12:00:00,1,12465.83,12522.77
2017-01-30 12:30:00,1,12798.93,12906.37
2017-01-30 13:00:00,1,13023.74,13035.27
2017-01-30 13:30:00,1,13129.8,13295.62
2017-01-30 14:00:00,1,13264.34,13372.93
2017-01-30 14:30:00,1,13323.23,13333.09
2017-01-30 15:00:00,1,13573.67,13492.14
2017-01-30 15:30:00,1,13705.4,13568.17
2017-01-30 16:00:00,1,13745.24,13804.14
2017-01-30 16:30:00,1,13947.7,13828.83
2017-01-30 17:00:00,1,13944.77,13603.5
2017-01-30 17:30:00,1,13731.5,13515.11
2017-01-30 18:00:00,1,13656.15,13370.89
2017-01-30 18:30:00,1,13454.29,13272.83
2017-01-30 19:00:00,1,13190.5,12977.98
2017-01-30 19:30:00,1,13116.44,12934.13
2017-01-30 20:00:00,1,12783.66,12821.57
2017-01-30 20:30:00,1,12348.2,12502.5
2017-01-30 21:00:00,1,11786.11,11803.67
2017-01-30 21:30:00,1,11251.55,11403.08
2017-01-30 22:00:00,1,10637.65,10759.13
2017-01-30 22:30:00,1,10196.49,10107.33
2017-01-30 23:00:00,1,9733.87,9675.19
2017-01-30 23:30:00,1,9340.74,9264.25
2017-01-31 00:00:00,1,8988.88,9012.48
2017-01-31 00:30:00,1,8735.24,8814.67
2017-01-31 01:00:00,1,8520.67,8441.08
2017-01-31 01:30:00,1,8237.1,8134.21
2017-01-31 02:00:00,1,7935.98,8018.37
2017-01-31 02:30:00,1,7768.53,7839.3
2017-01-31 03:00:00,1,7668.17,7678.34
2017-01-31 03:30:00,1,7550.43,7618.72
2017-01-31 04:00:00,1,7586.44,7648.9
2017-01-31 04:30:00,1,7747.68,7719.4
2017-01-31 05:00:00,1,7994.35,7905.85
2017-01-31 05:30:00,1,8490.24,8469.71
2017-01-31 06:00:00,1,8988.84,8962.46
2017-01-31 06:30:00,1,9582.72,9549.28
2017-01-31 07:00:00,1,10109.79,10017.09
2017-01-31 07:30:00,1,10577.98,10531.45
2017-01-31 08:00:00,1,11023.45,10907.94
2017-01-31 08:30:00,1,11394.21,11223.03
2017-01-31 09:00:00,1,11664.3,11390.81
2017-01-31 09:30:00,1,11910.19,11535.05
2017-01-31 10:00:00,1,12131.39,12177.56
2017-01-31 10:30:00,1,12251.63,12355.91
2017-01-31 11:00:00,1,12368.33,12616.47
2017-01-31 11:30:00,1,12537.63,12714.16
2017-01-31 12:00:00,1,12612.24,12719.68
2017-01-31 12:30:00,1,12676.29,12905.49
2017-01-31 13:00:00,1,12620.98,12866.86
2017-01-31 13:30:00,1,12557.4,12774.16
2017-01-31 14:00:00,1,12579.95,12702.01
2017-01-31 14:30:00,1,12453.31,12414.72
2017-01-31 15:00:00,1,12461.86,12507.88
2017-01-31 15:30:00,1,12384.9,12469.74
2017-01-31 16:00:00,1,12228.09,12385.12
2017-01-31 16:30:00,1,11997.76,12134.71
2017-01-31 17:00:00,1,11727.18,11872.71
2017-01-31 17:30:00,1,11248.04,11398.83
2017-01-31 18:00:00,1,11003.76,11152.54
2017-01-31 18:30:00,1,10644.71,10715.98
2017-01-31 19:00:00,1,10380.9,10445.76
2017-01-31 19:30:00,1,10209.18,10219.99
2017-01-31 20:00:00,1,10031.37,10053.11
2017-01-31 20:30:00,1,9719.81,9674.83
2017-01-31 21:00:00,1,9270.95,9369.42
2017-01-31 21:30:00,1,9117.19,9140.31
2017-01-31 22:00:00,1,8690.6,8698.26
2017-01-31 22:30:00,1,8505.51,8481.41
2017-01-31 23:00:00,1,8185.39,8139.34
2017-01-31 23:30:00,1,7951.99,7922.16
2017-02-04 00:00:00,1,7841.01,7821.37
2017-02-04 00:30:00,1,7572.4,7568.22
2017-02-04 01:00:00,1,7315.62,7342.52
2017-02-04 01:30:00,1,7016.98,7046.09
2017-02-04 02:00:00,1,6788.2,6821.06
2017-02-04 02:30:00,1,6595.41,6650.52
2017-02-04 03:00:00,1,6570.27,6561.21
2017-02-04 03:30:00,1,6509.18,6517.0
2017-02-04 04:00:00,1,6491.63,6530.02
2017-02-04 04:30:00,1,6556.48,6595.39
2017-02-04 05:00:00,1,6626.64,6637.48
2017-02-04 05:30:00,1,6835.47,6828.17
2017-02-04 06:00:00,1,7049.43,6977.59
2017-02-04 06:30:00,1,7280.21,7257.35
2017-02-04 07:00:00,1,7634.8,7558.09
2017-02-04 07:30:00,1,8013.47,7797.27
2017-02-04 08:00:00,1,8269.33,8265.09
2017-02-04 08:30:00,1,8644.95,8584.09
2017-02-04 09:00:00,1,8768.87,8662.78
2017-02-04 09:30:00,1,8955.62,8918.52
2017-02-04 10:00:00,1,8966.04,8942.53
2017-02-04 10:30:00,1,9162.68,9023.09
2017-02-04 11:00:00,1,9346.07,9114.91
2017-02-04 11:30:00,1,9365.07,9360.88
2017-02-04 12:00:00,1,9599.71,9530.59
2017-02-04 12:30:00,1,9808.12,9593.53
2017-02-04 13:00:00,1,10006.31,9898.74
2017-02-04 13:30:00,1,10182.49,10154.23
2017-02-04 14:00:00,1,10382.28,10242.08
2017-02-04 14:30:00,1,10589.34,10460.73
2017-02-04 15:00:00,1,10770.46,10725.88
2017-02-04 15:30:00,1,10868.42,10920.32
2017-02-04 16:00:00,1,11056.2,10995.72
2017-02-04 16:30:00,1,11126.74,10991.4
2017-02-04 17:00:00,1,11168.62,11132.88
2017-02-04 17:30:00,1,11089.12,11021.24
2017-02-04 18:00:00,1,10919.1,10767.97
2017-02-04 18:30:00,1,10706.91,10629.49
2017-02-04 19:00:00,1,10426.97,10487.16
2017-02-04 19:30:00,1,10381.94,10531.41
2017-02-04 20:00:00,1,10381.04,10353.03
2017-02-04 20:30:00,1,10114.23,10031.31
2017-02-04 21:00:00,1,9824.04,9885.07
2017-02-04 21:30:00,1,9600.0,9618.17
2017-02-04 22:00:00,1,9299.99,9327.85
2017-02-04 22:30:00,1,9103.99,9089.65
2017-02-04 23:00:00,1,8687.11,8637.93
2017-02-04 23:30:00,1,8371.54,8381.14
2017-02-05 00:00:00,1,8054.83,8153.46
2017-02-05 00:30:00,1,7856.01,7857.18
2017-02-05 01:00:00,1,7608.97,7551.36
2017-02-05 01:30:00,1,7240.31,7318.21
2017-02-05 02:00:00,1,7080.9,7141.0
2017-02-05 02:30:00,1,6894.44,6956.46
2017-02-05 03:00:00,1,6830.77,6882.9
2017-02-05 03:30:00,1,6783.43,6782.4
2017-02-05 04:00:00,1,6752.31,6774.19
2017-02-05 04:30:00,1,6710.2,6756.24
2017-02-05 05:00:00,1,6739.26,6807.41
2017-02-05 05:30:00,1,6811.63,6864.66
2017-02-05 06:00:00,1,6885.78,6911.03
2017-02-05 06:30:00,1,7182.83,7115.4
2017-02-05 07:00:00,1,7500.51,7353.53
2017-02-05 07:30:00,1,7839.02,7723.54
2017-02-05 08:00:00,1,8280.35,8081.9
2017-02-05 08:30:00,1,8690.97,8480.41
2017-02-05 09:00:00,1,9050.98,8951.36
2017-02-05 09:30:00,1,9368.75,9264.31
2017-02-05 10:00:00,1,9690.11,9542.74
2017-02-05 10:30:00,1,10123.59,9941.46
2017-02-05 11:00:00,1,10516.08,10402.49
2017-02-05 11:30:00,1,10846.76,10795.11
2017-02-05 12:00:00,1,11058.01,11196.23
2017-02-05 12:30:00,1,11280.35,11490.94
2017-02-05 13:00:00,1,11612.68,11522.83
2017-02-05 13:30:00,1,11733.73,11706.87
2017-02-05 14:00:00,1,11965.82,11985.95
2017-02-05 14:30:00,1,12066.42,11979.69
2017-02-05 15:00:00,1,12168.48,12276.73
2017-02-05 15:30:00,1,12253.55,12246.9
2017-02-05 16:00:00,1,12381.5,12213.2
2017-02-05 16:30:00,1,12458.95,12380.04
2017-02-05 17:00:00,1,12657.15,12402.66
2017-02-05 17:30:00,1,12729.12,12460.5
2017-02-05 18:00:00,1,12790.82,12429.45
2017-02-05 18:30:00,1,12609.72,12297.42
2017-02-05 19:00:00,1,12430.73,12319.7
2017-02-05 19:30:00,1,12365.16,12354.74
2017-02-05 20:00:00,1,12206.36,12331.52
2017-02-05 20:30:00,1,11827.39,11966.86
2017-02-05 21:00:00,1,11345.25,11470.79
2017-02-05 21:30:00,1,10858.38,10922.43
2017-02-05 22:00:00,1,10295.37,10339.66
2017-02-05 22:30:00,1,9953.03,9820.25
2017-02-05 23:00:00,1,9427.4,9266.11
2017-02-05 23:30:00,1,9062.24,8967.34
2017-02-06 00:00:00,1,8783.25,8778.03
2017-02-06 00:30:00,1,8365.83,8534.24
2017-02-06 01:00:00,1,8181.14,8195.24
2017-02-06 01:30:00,1,7885.59,7860.19
2017-02-06 02:00:00,1,7713.84,7820.65
2017-02-06 02:30:00,1,7603.75,7669.17
2017-02-06 03:00:00,1,7513.45,7555.4
2017-02-06 03:30:00,1,7434.93,7537.0
2017-02-06 04:00:00,1,7458.77,7515.65
2017-02-06 04:30:00,1,7599.25,7573.12
2017-02-06 05:00:00,1,7816.69,7784.01
2017-02-06 05:30:00,1,8374.23,8326.36
2017-02-06 06:00:00,1,8811.58,8747.54
2017-02-06 06:30:00,1,9425.09,9380.79
2017-02-06 07:00:00,1,9920.72,9837.65
2017-02-06 07:30:00,1,10448.99,10297.49
2017-02-06 08:00:00,1,10737.0,10632.72
2017-02-06 08:30:00,1,11113.26,11065.85
2017-02-06 09:00:00,1,11376.83,11171.07
2017-02-06 09:30:00,1,11673.88,11577.84
2017-02-06 10:00:00,1,11928.79,11795.65
2017-02-06 10:30:00,1,12098.34,12080.36
2017-02-06 11:00:00,1,12349.67,12302.88
2017-02-06 11:30:00,1,12537.48,12452.28
2017-02-06 12:00:00,1,12748.81,12680.97
2017-02-06 12:30:00,1,12872.09,12951.72
2017-02-06 13:00:00,1,13105.26,13074.55
2017-02-06 13:30:00,1,13218.8,13129.67
2017-02-06 14:00:00,1,13337.55,13301.24
2017-02-06 14:30:00,1,13385.77,13253.92
2017-02-06 15:00:00,1,13606.81,13388.49
2017-02-06 15:30:00,1,13645.31,13522.54
2017-02-06 16:00:00,1,13677.86,13678.59
2017-02-06 16:30:00,1,13586.77,13577.13
2017-02-06 17:00:00,1,13401.06,13464.18
2017-02-06 17:30:00,1,13055.37,13062.7
2017-02-06 18:00:00,1,12775.09,12588.91
2017-02-06 18:30:00,1,12407.84,12264.48
2017-02-06 19:00:00,1,11983.02,12039.75
2017-02-06 19:30:00,1,11700.49,12016.15
2017-02-06 20:00:00,1,11237.21,11453.17
2017-02-06 20:30:00,1,10800.5,10876.87
2017-02-06 21:00:00,1,10244.42,10270.77
2017-02-06 21:30:00,1,9806.96,9964.12
2017-02-06 22:00:00,1,9288.37,9388.26
2017-02-06 22:30:00,1,9016.31,8952.29
2017-02-06 23:00:00,1,8713.79,8545.56
2017-02-06 23:30:00,1,8374.47,8299.34
2017-02-09 00:00:00,1,7697.92,7649.97
2017-02-09 00:30:00,1,7486.4,7468.19
2017-02-09 01:00:00,1,7290.78,7253.66
2017-02-09 01:30:00,1,6897.03,7002.98
2017-02-09 02:00:00,1,6740.61,6797.21
2017-02-09 02:30:00,1,6657.87,6609.78
2017-02-09 03:00:00,1,6649.36,6583.07
2017-02-09 03:30:00,1,6680.51,6622.85
2017-02-09 04:00:00,1,6775.6,6719.49
2017-02-09 04:30:00,1,6971.18,6998.33
2017-02-09 05:00:00,1,7237.54,7293.96
2017-02-09 05:30:00,1,7765.54,7764.4
2017-02-09 06:00:00,1,8231.44,8246.03
2017-02-09 06:30:00,1,8695.44,8662.15
2017-02-09 07:00:00,1,9066.19,9090.82
2017-02-09 07:30:00,1,9275.49,9213.26
2017-02-09 08:00:00,1,9484.52,9348.88
2017-02-09 08:30:00,1,9691.04,9518.98
2017-02-09 09:00:00,1,9781.93,9789.72
2017-02-09 09:30:00,1,9895.77,9898.25
2017-02-09 10:00:00,1,10032.12,9989.27
2017-02-09 10:30:00,1,10048.97,10070.78
2017-02-09 11:00:00,1,10151.21,10265.62
2017-02-09 11:30:00,1,10239.23,9957.19
2017-02-09 12:00:00,1,10435.61,10082.1
2017-02-09 12:30:00,1,10620.04,10587.38
2017-02-09 13:00:00,1,10811.76,10810.68
2017-02-09 13:30:00,1,11043.06,10996.51
2017-02-09 14:00:00,1,11281.53,11179.95
2017-02-09 14:30:00,1,11440.96,11390.38
2017-02-09 15:00:00,1,11841.61,11698.09
2017-02-09 15:30:00,1,12175.94,11940.86
2017-02-09 16:00:00,1,12379.77,12283.67
2017-02-09 16:30:00,1,12516.27,12521.23
2017-02-09 17:00:00,1,12601.15,12581.78
2017-02-09 17:30:00,1,12451.82,12360.64
2017-02-09 18:00:00,1,12401.47,12232.83
2017-02-09 18:30:00,1,12126.65,11991.34
2017-02-09 19:00:00,1,11833.62,11897.05
2017-02-09 19:30:00,1,11629.35,11917.13
2017-02-09 20:00:00,1,11392.28,11500.74
2017-02-09 20:30:00,1,11033.05,10989.56
2017-02-09 21:00:00,1,10492.92,10519.4
2017-02-09 21:30:00,1,10128.76,10196.29
2017-02-09 22:00:00,1,9638.14,9675.87
2017-02-09 22:30:00,1,9310.0,9312.34
2017-02-09 23:00:00,1,8884.84,8944.64
2017-02-09 23:30:00,1,8593.17,8556.2
2017-02-10 00:00:00,1,8351.25,8271.98
2017-02-10 00:30:00,1,8057.17,8073.1
2017-02-10 01:00:00,1,7843.84,7814.61
2017-02-10 01:30:00,1,7497.92,7484.57
2017-02-10 02:00:00,1,7305.01,7330.34
2017-02-10 02:30:00,1,7164.6,7176.77
2017-02-10 03:00:00,1,7087.63,7092.14
2017-02-10 03:30:00,1,7051.84,7073.94
2017-02-10 04:00:00,1,7118.87,7123.51
2017-02-10 04:30:00,1,7356.56,7288.93
2017-02-10 05:00:00,1,7595.02,7599.67
2017-02-10 05:30:00,1,8158.18,8156.54
2017-02-10 06:00:00,1,8586.2,8539.26
2017-02-10 06:30:00,1,9029.18,9070.67
2017-02-10 07:00:00,1,9459.28,9380.51
2017-02-10 07:30:00,1,9812.47,9842.27
2017-02-10 08:00:00,1,10171.03,10201.31
2017-02-10 08:30:00,1,10534.08,10533.26
2017-02-10 09:00:00,1,10866.14,10868.05
2017-02-10 09:30:00,1,11150.98,11148.06
2017-02-10 10:00:00,1,11406.83,11451.28
2017-02-10 10:30:00,1,11798.19,11665.94
2017-02-10 11:00:00,1,12156.73,11937.62
2017-02-10 11:30:00,1,12362.79,12329.48
2017-02-10 12:00:00,1,12673.3,12614.94
2017-02-10 12:30:00,1,12859.54,12923.89
2017-02-10 13:00:00,1,13070.01,13115.65
2017-02-10 13:30:00,1,13312.81,13299.48
2017-02-10 14:00:00,1,13479.42,13517.52
2017-02-10 14:30:00,1,13482.67,13730.61
2017-02-10 15:00:00,1,13724.51,14071.77
2017-02-10 15:30:00,1,13774.74,14408.11
2017-02-10 16:00:00,1,13929.4,14392.47
2017-02-10 16:30:00,1,13980.64,14344.28
2017-02-10 17:00:00,1,13985.87,14093.49
2017-02-10 17:30:00,1,13526.26,13483.82
2017-02-10 18:00:00,1,13528.94,13363.75
2017-02-10 18:30:00,1,13388.02,13000.41
2017-02-10 19:00:00,1,13134.46,12831.99
2017-02-10 19:30:00,1,12869.42,13095.0
2017-02-10 20:00:00,1,12556.36,12621.96
2017-02-10 20:30:00,1,12051.6,12146.44
2017-02-10 21:00:00,1,11544.03,11476.88
2017-02-10 21:30:00,1,11167.42,11123.18
2017-02-10 22:00:00,1,10715.81,10660.48
2017-02-10 22:30:00,1,10366.69,10252.97
2017-02-10 23:00:00,1,9800.21,9885.01
2017-02-10 23:30:00,1,9422.36,9471.24
2017-02-11 00:00:00,1,9088.32,9045.04
2017-02-11 00:30:00,1,8720.25,8777.62
2017-02-11 01:00:00,1,8400.82,8304.34
2017-02-11 01:30:00,1,8039.32,8025.99
2017-02-11 02:00:00,1,7849.11,7837.4
2017-02-11 02:30:00,1,7701.68,7714.05
2017-02-11 03:00:00,1,7591.81,7670.45
2017-02-11 03:30:00,1,7518.58,7651.17
2017-02-11 04:00:00,1,7464.11,7607.66
2017-02-11 04:30:00,1,7477.07,7646.55
2017-02-11 05:00:00,1,7527.39,7686.11
2017-02-11 05:30:00,1,7682.74,7845.11
2017-02-11 06:00:00,1,7779.71,7988.46
2017-02-11 06:30:00,1,8069.88,8279.05
2017-02-11 07:00:00,1,8514.1,8552.53
2017-02-11 07:30:00,1,8884.83,8879.52
2017-02-11 08:00:00,1,9400.13,9212.44
2017-02-11 08:30:00,1,9845.92,9564.0
2017-02-11 09:00:00,1,10137.39,9815.18
2017-02-11 09:30:00,1,10504.85,10070.63
2017-02-11 10:00:00,1,10926.31,10644.35
2017-02-11 10:30:00,1,11323.76,11061.28
2017-02-11 11:00:00,1,11621.08,11663.91
2017-02-11 11:30:00,1,11912.18,11919.34
2017-02-11 12:00:00,1,12199.18,12119.81
2017-02-11 12:30:00,1,12429.3,12440.45
2017-02-11 13:00:00,1,12524.78,12709.96
2017-02-11 13:30:00,1,12664.77,12840.12
2017-02-11 14:00:00,1,12742.32,12790.14
2017-02-11 14:30:00,1,12885.46,12817.72
2017-02-11 15:00:00,1,13075.83,12929.15
2017-02-11 15:30:00,1,13258.4,13332.03
2017-02-11 16:00:00,1,13314.15,13366.98
2017-02-11 16:30:00,1,13348.37,13307.63
2017-02-11 17:00:00,1,13324.58,13276.47
2017-02-11 17:30:00,1,13257.5,13087.02
2017-02-11 18:00:00,1,13182.2,12865.94
2017-02-11 18:30:00,1,13022.02,12710.42
2017-02-11 19:00:00,1,12839.2,12578.06
2017-02-11 19:30:00,1,12702.96,12634.4
2017-02-11 20:00:00,1,12452.8,12648.28
2017-02-11 20:30:00,1,12101.3,12244.9
2017-02-11 21:00:00,1,11573.47,11680.69
2017-02-11 21:30:00,1,11130.77,11345.15
2017-02-11 22:00:00,1,10672.29,10747.73
2017-02-11 22:30:00,1,10223.85,10220.66
2017-02-11 23:00:00,1,9817.48,9729.44
2017-02-11 23:30:00,1,9384.04,9192.28
2017-02-16 00:00:00,1,7311.03,7340.06
2017-02-16 00:30:00,1,7132.13,7134.03
2017-02-16 01:00:00,1,6948.05,6932.51
2017-02-16 01:30:00,1,6688.56,6680.62
2017-02-16 02:00:00,1,6480.75,6480.3
2017-02-16 02:30:00,1,6386.28,6382.96
2017-02-16 03:00:00,1,6320.76,6317.02
2017-02-16 03:30:00,1,6350.69,6333.46
2017-02-16 04:00:00,1,6424.43,6443.15
2017-02-16 04:30:00,1,6627.96,6642.54
2017-02-16 05:00:00,1,6895.41,6896.07
2017-02-16 05:30:00,1,7415.76,7425.92
2017-02-16 06:00:00,1,7798.1,7828.06
2017-02-16 06:30:00,1,8165.13,8196.12
2017-02-16 07:00:00,1,8466.73,8476.49
2017-02-16 07:30:00,1,8595.63,8538.62
2017-02-16 08:00:00,1,8722.84,8490.44
2017-02-16 08:30:00,1,8911.84,8789.13
2017-02-16 09:00:00,1,9057.07,9127.42
2017-02-16 09:30:00,1,9204.34,9365.05
2017-02-16 10:00:00,1,9385.86,9661.77
2017-02-16 10:30:00,1,9505.5,9417.36
2017-02-16 11:00:00,1,9636.26,9775.88
2017-02-16 11:30:00,1,9837.74,9808.45
2017-02-16 12:00:00,1,10069.91,9902.61
2017-02-16 12:30:00,1,10318.46,10251.8
2017-02-16 13:00:00,1,10473.2,10486.9
2017-02-16 13:30:00,1,10710.15,10723.88
2017-02-16 14:00:00,1,10922.83,10856.28
2017-02-16 14:30:00,1,11054.08,11024.11
2017-02-16 15:00:00,1,11409.73,11293.02
2017-02-16 15:30:00,1,11716.37,11535.72
2017-02-16 16:00:00,1,11828.37,11890.82
2017-02-16 16:30:00,1,11806.25,11990.39
2017-02-16 17:00:00,1,11758.65,11855.16
2017-02-16 17:30:00,1,11513.9,11482.6
2017-02-16 18:00:00,1,11353.19,11235.73
2017-02-16 18:30:00,1,10977.59,11077.5
2017-02-16 19:00:00,1,10679.86,10864.65
2017-02-16 19:30:00,1,10578.27,10675.77
2017-02-16 20:00:00,1,10363.74,10417.45
2017-02-16 20:30:00,1,9985.07,10019.01
2017-02-16 21:00:00,1,9511.63,9581.83
2017-02-16 21:30:00,1,9287.22,9279.54
2017-02-16 22:00:00,1,8869.94,8860.68
2017-02-16 22:30:00,1,8631.73,8648.2
2017-02-16 23:00:00,1,8315.47,8359.22
2017-02-16 23:30:00,1,8087.11,8097.37
2017-02-17 00:00:00,1,7906.4,7865.82
2017-02-17 00:30:00,1,7688.37,7646.3
2017-02-17 01:00:00,1,7400.59,7426.59
2017-02-17 01:30:00,1,7066.86,7172.42
2017-02-17 02:00:00,1,6857.21,6917.0
2017-02-17 02:30:00,1,6767.9,6768.02
2017-02-17 03:00:00,1,6678.66,6662.14
2017-02-17 03:30:00,1,6705.21,6672.39
2017-02-17 04:00:00,1,6737.11,6782.96
2017-02-17 04:30:00,1,6967.08,6961.83
2017-02-17 05:00:00,1,7206.56,7228.97
2017-02-17 05:30:00,1,7693.65,7775.33
2017-02-17 06:00:00,1,8083.5,8146.51
2017-02-17 06:30:00,1,8484.58,8523.32
2017-02-17 07:00:00,1,8900.49,8897.3
2017-02-17 07:30:00,1,9194.38,9013.44
2017-02-17 08:00:00,1,9424.42,9231.24
2017-02-17 08:30:00,1,9669.79,9519.59
2017-02-17 09:00:00,1,9873.32,9784.62
2017-02-17 09:30:00,1,10061.7,9921.99
2017-02-17 10:00:00,1,10311.82,10175.08
2017-02-17 10:30:00,1,10486.44,10373.93
2017-02-17 11:00:00,1,10635.34,10719.41
2017-02-17 11:30:00,1,10788.57,10824.06
2017-02-17 12:00:00,1,11044.13,10942.93
2017-02-17 12:30:00,1,11291.95,11181.96
2017-02-17 13:00:00,1,11425.83,11507.87
2017-02-17 13:30:00,1,11354.49,11818.93
2017-02-17 14:00:00,1,11201.06,11763.59
2017-02-17 14:30:00,1,10966.15,11340.6
2017-02-17 15:00:00,1,10729.17,11098.89
2017-02-17 15:30:00,1,10635.6,10874.61
2017-02-17 16:00:00,1,10474.37,10502.61
2017-02-17 16:30:00,1,10150.46,10254.09
2017-02-17 17:00:00,1,9922.53,9930.08
2017-02-17 17:30:00,1,9535.1,9446.68
2017-02-17 18:00:00,1,9428.84,9417.46
2017-02-17 18:30:00,1,9223.15,9155.16
2017-02-17 19:00:00,1,9113.51,9168.26
2017-02-17 19:30:00,1,9112.41,9154.36
2017-02-17 20:00:00,1,8983.4,9035.23
2017-02-17 20:30:00,1,8794.01,8753.21
2017-02-17 21:00:00,1,8561.03,8474.63
2017-02-17 21:30:00,1,8478.11,8427.43
2017-02-17 22:00:00,1,8265.35,8308.93
2017-02-17 22:30:00,1,8184.42,8183.58
2017-02-17 23:00:00,1,7939.53,8015.45
2017-02-17 23:30:00,1,7775.72,7811.37
2017-03-22 00:00:00,1,7591.63,7584.12
2017-03-22 00:30:00,1,7385.77,7413.0
2017-03-22 01:00:00,1,7168.3,7121.89
2017-03-22 01:30:00,1,6859.15,6876.68
2017-03-22 02:00:00,1,6610.23,6661.63
2017-03-22 02:30:00,1,6481.48,6507.85
2017-03-22 03:00:00,1,6424.72,6406.56
2017-03-22 03:30:00,1,6401.81,6396.23
2017-03-22 04:00:00,1,6468.89,6472.01
2017-03-22 04:30:00,1,6713.39,6699.53
2017-03-22 05:00:00,1,6998.81,6983.34
2017-03-22 05:30:00,1,7532.62,7610.81
2017-03-22 06:00:00,1,8113.3,8038.16
2017-03-22 06:30:00,1,8582.21,8504.41
2017-03-22 07:00:00,1,8930.66,8964.47
2017-03-22 07:30:00,1,9134.82,9178.67
2017-03-22 08:00:00,1,9195.96,9266.41
2017-03-22 08:30:00,1,9367.04,9409.84
2017-03-22 09:00:00,1,9453.12,9464.79
2017-03-22 09:30:00,1,9466.12,9526.6
2017-03-22 10:00:00,1,9471.31,9552.39
2017-03-22 10:30:00,1,9510.22,9481.31
2017-03-22 11:00:00,1,9575.83,9509.45
2017-03-22 11:30:00,1,9614.13,9566.17
2017-03-22 12:00:00,1,9798.13,9683.03
2017-03-22 12:30:00,1,9961.38,9780.31
2017-03-22 13:00:00,1,9998.81,10038.38
2017-03-22 13:30:00,1,10136.78,10215.91
2017-03-22 14:00:00,1,10090.64,10212.69
2017-03-22 14:30:00,1,10167.99,10263.77
2017-03-22 15:00:00,1,10227.35,10234.83
2017-03-22 15:30:00,1,10078.62,10329.23
2017-03-22 16:00:00,1,9912.75,10188.8
2017-03-22 16:30:00,1,9793.47,9765.11
2017-03-22 17:00:00,1,9658.22,9503.64
2017-03-22 17:30:00,1,9330.99,9325.12
2017-03-22 18:00:00,1,9204.46,9149.54
2017-03-22 18:30:00,1,9160.84,9050.06
2017-03-22 19:00:00,1,9056.25,9157.96
2017-03-22 19:30:00,1,8843.37,8987.22
2017-03-22 20:00:00,1,8637.32,8531.68
2017-03-22 20:30:00,1,8466.09,8299.7
2017-03-22 21:00:00,1,8143.76,8099.19
2017-03-22 21:30:00,1,8009.63,8067.37
2017-03-22 22:00:00,1,7817.02,7832.02
2017-03-22 22:30:00,1,7778.09,7657.44
2017-03-22 23:00:00,1,7601.36,7581.8
2017-03-22 23:30:00,1,7455.1,7428.39
2017-03-29 00:00:00,1,7418.65,7440.11
2017-03-29 00:30:00,1,7254.46,7276.04
2017-03-29 01:00:00,1,7041.25,7032.12
2017-03-29 01:30:00,1,6685.62,6776.56
2017-03-29 02:00:00,1,6466.9,6537.28
2017-03-29 02:30:00,1,6355.37,6321.8
2017-03-29 03:00:00,1,6280.74,6229.25
2017-03-29 03:30:00,1,6313.77,6277.37
2017-03-29 04:00:00,1,6373.25,6345.89
2017-03-29 04:30:00,1,6622.41,6632.1
2017-03-29 05:00:00,1,6899.85,6899.73
2017-03-29 05:30:00,1,7501.51,7508.54
2017-03-29 06:00:00,1,8018.09,7985.4
2017-03-29 06:30:00,1,8447.31,8378.97
2017-03-29 07:00:00,1,8790.02,8709.42
2017-03-29 07:30:00,1,8869.29,8956.02
2017-03-29 08:00:00,1,8882.33,8989.08
2017-03-29 08:30:00,1,8948.6,8917.47
2017-03-29 09:00:00,1,8982.28,8972.22
2017-03-29 09:30:00,1,9051.76,8937.0
2017-03-29 10:00:00,1,9109.24,8962.42
2017-03-29 10:30:00,1,9136.46,9064.77
2017-03-29 11:00:00,1,9190.61,9178.51
2017-03-29 11:30:00,1,9222.87,9209.45
2017-03-29 12:00:00,1,9417.75,9280.96
2017-03-29 12:30:00,1,9564.65,9428.81
2017-03-29 13:00:00,1,9710.43,9671.16
2017-03-29 13:30:00,1,9883.2,9879.54
2017-03-29 14:00:00,1,10030.39,10044.54
2017-03-29 14:30:00,1,10220.41,10138.83
2017-03-29 15:00:00,1,10514.14,10378.0
2017-03-29 15:30:00,1,10707.87,10599.84
2017-03-29 16:00:00,1,10920.4,10943.18
2017-03-29 16:30:00,1,10997.88,11003.54
2017-03-29 17:00:00,1,11000.33,11083.0
2017-03-29 17:30:00,1,10840.27,10845.69
2017-03-29 18:00:00,1,10748.53,10658.79
2017-03-29 18:30:00,1,10702.78,10563.81
2017-03-29 19:00:00,1,10664.58,10541.13
2017-03-29 19:30:00,1,10375.89,10525.36
2017-03-29 20:00:00,1,10131.1,10167.59
2017-03-29 20:30:00,1,9847.47,9793.56
2017-03-29 21:00:00,1,9381.71,9460.22
2017-03-29 21:30:00,1,9223.95,9213.98
2017-03-29 22:00:00,1,8831.67,8847.59
2017-03-29 22:30:00,1,8646.77,8667.27
2017-03-29 23:00:00,1,8368.29,8324.0
2017-03-29 23:30:00,1,8135.73,8068.12
2017-09-13 00:00:00,1,7437.4,7386.11
2017-09-13 00:30:00,1,7256.27,7268.07
2017-09-13 01:00:00,1,7094.02,7125.11
2017-09-13 01:30:00,1,6932.06,6953.35
2017-09-13 02:00:00,1,6696.35,6779.98
2017-09-13 02:30:00,1,6395.08,6453.94
2017-09-13 03:00:00,1,6092.53,6179.67
2017-09-13 03:30:00,1,5938.52,6002.1
2017-09-13 04:00:00,1,5853.47,5859.7
2017-09-13 04:30:00,1,5893.11,5872.89
2017-09-13 05:00:00,1,6008.39,5982.76
2017-09-13 05:30:00,1,6266.26,6325.12
2017-09-13 06:00:00,1,6641.71,6638.78
2017-09-13 06:30:00,1,7174.83,7126.61
2017-09-13 07:00:00,1,7637.49,7629.99
2017-09-13 07:30:00,1,7769.63,7685.05
2017-09-13 08:00:00,1,7881.74,7871.63
2017-09-13 08:30:00,1,7831.17,7917.27
2017-09-13 09:00:00,1,7784.03,7854.55
2017-09-13 09:30:00,1,7742.49,7694.33
2017-09-13 10:00:00,1,7663.94,7820.45
2017-09-13 10:30:00,1,7704.75,7745.0
2017-09-13 11:00:00,1,7712.86,7661.43
2017-09-13 11:30:00,1,7698.47,7700.44
2017-09-13 12:00:00,1,7726.51,7744.71
2017-09-13 12:30:00,1,7754.02,7863.8
2017-09-13 13:00:00,1,7835.18,7887.89
2017-09-13 13:30:00,1,7831.24,7940.82
2017-09-13 14:00:00,1,7892.32,7998.21
2017-09-13 14:30:00,1,8048.33,7953.11
2017-09-13 15:00:00,1,8112.79,8033.92
2017-09-13 15:30:00,1,8156.04,8247.26
2017-09-13 16:00:00,1,8291.96,8288.96
2017-09-13 16:30:00,1,8397.64,8334.36
2017-09-13 17:00:00,1,8478.05,8422.49
2017-09-13 17:30:00,1,8575.22,8447.62
2017-09-13 18:00:00,1,8813.46,8701.38
2017-09-13 18:30:00,1,8946.59,9113.94
2017-09-13 19:00:00,1,8895.65,8985.55
2017-09-13 19:30:00,1,8637.72,8608.82
2017-09-13 20:00:00,1,8422.35,8366.8
2017-09-13 20:30:00,1,8218.76,8221.06
2017-09-13 21:00:00,1,8019.26,8034.07
2017-09-13 21:30:00,1,7825.16,7806.94
2017-09-13 22:00:00,1,7597.64,7592.28
2017-09-13 22:30:00,1,7616.24,7594.68
2017-09-13 23:00:00,1,7450.65,7446.12
2017-09-13 23:30:00,1,7394.76,7423.62
2017-09-23 00:00:00,1,7426.96,7378.83
2017-09-23 00:30:00,1,7273.88,7264.93
2017-09-23 01:00:00,1,7085.42,7056.16
2017-09-23 01:30:00,1,6929.92,6906.69
2017-09-23 02:00:00,1,6667.27,6726.07
2017-09-23 02:30:00,1,6365.91,6464.12
2017-09-23 03:00:00,1,6048.16,6171.79
2017-09-23 03:30:00,1,5881.94,5968.07
2017-09-23 04:00:00,1,5849.23,5768.56
2017-09-23 04:30:00,1,5789.51,5702.05
2017-09-23 05:00:00,1,5803.79,5818.97
2017-09-23 05:30:00,1,5937.29,5840.48
2017-09-23 06:00:00,1,6014.11,5972.9
2017-09-23 06:30:00,1,6282.74,6240.14
2017-09-23 07:00:00,1,6426.26,6420.35
2017-09-23 07:30:00,1,6699.12,6636.44
2017-09-23 08:00:00,1,7036.36,6826.91
2017-09-23 08:30:00,1,7295.53,6964.75
2017-09-23 09:00:00,1,7288.08,7143.13
2017-09-23 09:30:00,1,7439.63,7252.25
2017-09-23 10:00:00,1,7368.77,7276.34
2017-09-23 10:30:00,1,7313.08,7314.51
2017-09-23 11:00:00,1,7224.35,7390.45
2017-09-23 11:30:00,1,7221.53,7559.6
2017-09-23 12:00:00,1,7073.05,7067.53
2017-09-23 12:30:00,1,6955.1,7249.68
2017-09-23 13:00:00,1,6894.54,7064.48
2017-09-23 13:30:00,1,6926.78,6929.38
2017-09-23 14:00:00,1,7019.28,6908.78
2017-09-23 14:30:00,1,7108.53,7040.17
2017-09-23 15:00:00,1,7190.94,7278.18
2017-09-23 15:30:00,1,7351.39,7324.33
2017-09-23 16:00:00,1,7509.97,7413.34
2017-09-23 16:30:00,1,7627.54,7642.59
2017-09-23 17:00:00,1,7740.35,7727.79
2017-09-23 17:30:00,1,7748.25,7926.51
2017-09-23 18:00:00,1,7899.79,8076.94
2017-09-23 18:30:00,1,8152.92,8228.32
2017-09-23 19:00:00,1,8159.22,8139.83
2017-09-23 19:30:00,1,7960.62,7891.7
2017-09-23 20:00:00,1,7702.05,7673.26
2017-09-23 20:30:00,1,7514.21,7611.72
2017-09-23 21:00:00,1,7399.94,7432.83
2017-09-23 21:30:00,1,7248.8,7195.86
2017-09-23 22:00:00,1,7172.57,7058.23
2017-09-23 22:30:00,1,7167.13,7119.33
2017-09-23 23:00:00,1,7040.76,7060.24
2017-09-23 23:30:00,1,6989.63,6983.32
2017-10-09 00:00:00,1,6533.95,6554.62
2017-10-09 00:30:00,1,6429.44,6445.93
2017-10-09 01:00:00,1,6311.43,6282.16
2017-10-09 01:30:00,1,6036.36,6067.6
2017-10-09 02:00:00,1,5880.96,5890.9
2017-10-09 02:30:00,1,5748.24,5724.24
2017-10-09 03:00:00,1,5656.03,5685.53
2017-10-09 03:30:00,1,5748.5,5694.26
2017-10-09 04:00:00,1,5831.15,5736.14
2017-10-09 04:30:00,1,6049.68,6029.82
2017-10-09 05:00:00,1,6348.88,6286.11
2017-10-09 05:30:00,1,6847.73,6797.36
2017-10-09 06:00:00,1,7312.05,7344.07
2017-10-09 06:30:00,1,7641.56,7643.87
2017-10-09 07:00:00,1,7858.23,7916.74
2017-10-09 07:30:00,1,7887.98,7871.75
2017-10-09 08:00:00,1,7894.26,7794.75
2017-10-09 08:30:00,1,7912.66,7910.87
2017-10-09 09:00:00,1,7882.61,7906.97
2017-10-09 09:30:00,1,7892.36,7910.0
2017-10-09 10:00:00,1,7929.85,7910.71
2017-10-09 10:30:00,1,7890.68,7923.11
2017-10-09 11:00:00,1,7924.14,7939.18
2017-10-09 11:30:00,1,7903.74,7958.92
2017-10-09 12:00:00,1,7953.21,8003.1
2017-10-09 12:30:00,1,8016.12,8048.86
2017-10-09 13:00:00,1,8079.84,8133.66
2017-10-09 13:30:00,1,8174.43,8155.37
2017-10-09 14:00:00,1,8280.68,8233.03
2017-10-09 14:30:00,1,8355.11,8355.09
2017-10-09 15:00:00,1,8279.11,8523.4
2017-10-09 15:30:00,1,8585.74,8593.28
2017-10-09 16:00:00,1,8672.22,8438.91
2017-10-09 16:30:00,1,8720.12,8801.38
2017-10-09 17:00:00,1,8814.51,8753.33
2017-10-09 17:30:00,1,8711.44,8640.27
2017-10-09 18:00:00,1,8733.33,8711.22
2017-10-09 18:30:00,1,8665.44,8580.87
2017-10-09 19:00:00,1,8706.01,8741.73
2017-10-09 19:30:00,1,8476.36,8578.11
2017-10-09 20:00:00,1,8342.62,8362.8
2017-10-09 20:30:00,1,8141.06,8038.38
2017-10-09 21:00:00,1,7762.95,7863.61
2017-10-09 21:30:00,1,7674.79,7707.14
2017-10-09 22:00:00,1,7450.53,7491.1
2017-10-09 22:30:00,1,7430.31,7391.93
2017-10-09 23:00:00,1,7312.53,7252.31
2017-10-09 23:30:00,1,7161.75,7171.37
2017-10-25 00:00:00,1,7130.13,7116.12
2017-10-25 00:30:00,1,6955.94,7023.01
2017-10-25 01:00:00,1,6765.34,6799.63
2017-10-25 01:30:00,1,6433.35,6506.86
2017-10-25 02:00:00,1,6195.33,6284.41
2017-10-25 02:30:00,1,6007.13,6043.51
2017-10-25 03:00:00,1,5958.2,5941.78
2017-10-25 03:30:00,1,5933.87,5887.98
2017-10-25 04:00:00,1,5962.04,6004.87
2017-10-25 04:30:00,1,6303.48,6240.37
2017-10-25 05:00:00,1,6616.49,6514.15
2017-10-25 05:30:00,1,7049.29,7091.59
2017-10-25 06:00:00,1,7534.55,7621.73
2017-10-25 06:30:00,1,7804.17,7842.39
2017-10-25 07:00:00,1,7984.52,8145.51
2017-10-25 07:30:00,1,8013.37,7991.73
2017-10-25 08:00:00,1,7963.63,7912.59
2017-10-25 08:30:00,1,7962.76,7960.25
2017-10-25 09:00:00,1,7960.57,8015.76
2017-10-25 09:30:00,1,7889.4,7923.7
2017-10-25 10:00:00,1,7925.46,7992.25
2017-10-25 10:30:00,1,7909.4,7881.74
2017-10-25 11:00:00,1,7877.29,7926.39
2017-10-25 11:30:00,1,7971.15,7950.05
2017-10-25 12:00:00,1,8020.8,7947.12
2017-10-25 12:30:00,1,8041.57,8150.46
2017-10-25 13:00:00,1,8153.89,8181.92
2017-10-25 13:30:00,1,8205.06,8180.68
2017-10-25 14:00:00,1,8335.61,8308.0
2017-10-25 14:30:00,1,8308.5,8358.99
2017-10-25 15:00:00,1,8433.61,8509.61
2017-10-25 15:30:00,1,8540.16,8505.68
2017-10-25 16:00:00,1,8646.77,8561.24
2017-10-25 16:30:00,1,8667.09,8646.94
2017-10-25 17:00:00,1,8672.19,8604.37
2017-10-25 17:30:00,1,8586.58,8511.23
2017-10-25 18:00:00,1,8608.71,8390.21
2017-10-25 18:30:00,1,8599.84,8461.69
2017-10-25 19:00:00,1,8645.29,8623.36
2017-10-25 19:30:00,1,8383.13,8657.15
2017-10-25 20:00:00,1,8148.39,8392.72
2017-10-25 20:30:00,1,7875.97,8004.17
2017-10-25 21:00:00,1,7597.22,7628.0
2017-10-25 21:30:00,1,7521.97,7499.24
2017-10-25 22:00:00,1,7412.02,7359.82
2017-10-25 22:30:00,1,7394.2,7314.1
2017-10-25 23:00:00,1,7340.13,7287.47
2017-10-25 23:30:00,1,7130.47,7158.41
2017-10-29 00:00:00,1,6627.16,6690.48
2017-10-29 00:30:00,1,6500.22,6570.4
2017-10-29 01:00:00,1,6290.22,6359.88
2017-10-29 01:30:00,1,6009.61,6102.92
2017-10-29 02:00:00,1,5841.52,5874.0
2017-10-29 02:30:00,1,5693.53,5731.97
2017-10-29 03:00:00,1,5633.33,5643.45
2017-10-29 03:30:00,1,5608.57,5592.52
2017-10-29 04:00:00,1,5603.11,5613.69
2017-10-29 04:30:00,1,5631.98,5708.18
2017-10-29 05:00:00,1,5685.13,5751.29
2017-10-29 05:30:00,1,5696.62,5717.5
2017-10-29 06:00:00,1,5826.42,5812.83
2017-10-29 06:30:00,1,6061.51,5945.16
2017-10-29 07:00:00,1,6295.43,6195.29
2017-10-29 07:30:00,1,6499.52,6509.99
2017-10-29 08:00:00,1,6630.72,6729.98
2017-10-29 08:30:00,1,6777.71,6835.24
2017-10-29 09:00:00,1,6837.33,6956.94
2017-10-29 09:30:00,1,6923.05,7002.53
2017-10-29 10:00:00,1,6918.57,6986.96
2017-10-29 10:30:00,1,6966.75,7002.08
2017-10-29 11:00:00,1,7017.96,7021.3
2017-10-29 11:30:00,1,7073.05,7083.68
2017-10-29 12:00:00,1,7130.76,7198.03
2017-10-29 12:30:00,1,7198.36,7254.22
2017-10-29 13:00:00,1,7248.07,7267.73
2017-10-29 13:30:00,1,7332.85,7323.07
2017-10-29 14:00:00,1,7441.59,7409.66
2017-10-29 14:30:00,1,7528.02,7536.64
2017-10-29 15:00:00,1,7730.36,7702.95
2017-10-29 15:30:00,1,7865.15,7818.73
2017-10-29 16:00:00,1,8066.77,8012.31
2017-10-29 16:30:00,1,8123.26,8120.06
2017-10-29 17:00:00,1,8339.2,8312.96
2017-10-29 17:30:00,1,8399.27,8375.36
2017-10-29 18:00:00,1,8358.32,8369.04
2017-10-29 18:30:00,1,8296.19,8280.86
2017-10-29 19:00:00,1,8319.41,8343.8
2017-10-29 19:30:00,1,8267.37,8278.59
2017-10-29 20:00:00,1,8016.67,8145.66
2017-10-29 20:30:00,1,7794.07,7944.99
2017-10-29 21:00:00,1,7593.62,7530.09
2017-10-29 21:30:00,1,7412.62,7341.03
2017-10-29 22:00:00,1,7210.29,7266.61
2017-10-29 22:30:00,1,7119.2,7134.04
2017-10-29 23:00:00,1,6867.63,6939.98
2017-10-29 23:30:00,1,6690.59,6772.88
2017-10-30 00:00:00,1,6585.07,6644.04
2017-10-30 00:30:00,1,6342.15,6510.88
2017-10-30 01:00:00,1,6167.91,6289.32
2017-10-30 01:30:00,1,5936.39,5946.25
2017-10-30 02:00:00,1,5793.89,5800.0
2017-10-30 02:30:00,1,5679.27,5730.25
2017-10-30 03:00:00,1,5654.46,5728.44
2017-10-30 03:30:00,1,5695.35,5748.82
2017-10-30 04:00:00,1,5789.27,5814.66
2017-10-30 04:30:00,1,6059.29,6033.23
2017-10-30 05:00:00,1,6306.42,6297.58
2017-10-30 05:30:00,1,6838.12,6768.46
2017-10-30 06:00:00,1,7276.47,7164.77
2017-10-30 06:30:00,1,7590.19,7537.68
2017-10-30 07:00:00,1,7858.91,7823.11
2017-10-30 07:30:00,1,7992.38,7910.47
2017-10-30 08:00:00,1,8112.18,8134.91
2017-10-30 08:30:00,1,8282.71,8264.34
2017-10-30 09:00:00,1,8388.08,8458.83
2017-10-30 09:30:00,1,8488.3,8576.29
2017-10-30 10:00:00,1,8571.34,8656.88
2017-10-30 10:30:00,1,8614.24,8729.48
2017-10-30 11:00:00,1,8725.61,8744.92
2017-10-30 11:30:00,1,8866.76,8808.45
2017-10-30 12:00:00,1,8989.4,8959.33
2017-10-30 12:30:00,1,9160.39,9220.49
2017-10-30 13:00:00,1,9386.21,9305.22
2017-10-30 13:30:00,1,9548.87,9353.05
2017-10-30 14:00:00,1,9612.18,9655.05
2017-10-30 14:30:00,1,9681.97,9778.07
2017-10-30 15:00:00,1,9810.9,9845.6
2017-10-30 15:30:00,1,9868.84,9946.79
2017-10-30 16:00:00,1,9891.81,9960.92
2017-10-30 16:30:00,1,9728.74,9902.29
2017-10-30 17:00:00,1,9591.89,9679.23
2017-10-30 17:30:00,1,9332.42,9327.89
2017-10-30 18:00:00,1,9053.34,9058.23
2017-10-30 18:30:00,1,8789.84,8915.07
2017-10-30 19:00:00,1,8687.38,8783.12
2017-10-30 19:30:00,1,8591.51,8559.96
2017-10-30 20:00:00,1,8421.0,8249.6
2017-10-30 20:30:00,1,7990.45,8055.61
2017-10-30 21:00:00,1,7725.94,7825.96
2017-10-30 21:30:00,1,7705.05,7656.3
2017-10-30 22:00:00,1,7481.05,7426.59
2017-10-30 22:30:00,1,7461.41,7409.05
2017-10-30 23:00:00,1,7296.08,7334.38
2017-10-30 23:30:00,1,7153.96,7203.31
2017-12-02 00:00:00,1,7469.64,7585.67
2017-12-02 00:30:00,1,7319.5,7335.83
2017-12-02 01:00:00,1,7042.79,6996.84
2017-12-02 01:30:00,1,6703.72,6748.61
2017-12-02 02:00:00,1,6455.36,6532.47
2017-12-02 02:30:00,1,6267.09,6352.02
2017-12-02 03:00:00,1,6161.66,6260.1
2017-12-02 03:30:00,1,6082.01,6176.99
2017-12-02 04:00:00,1,6096.06,6130.65
2017-12-02 04:30:00,1,6218.72,6169.92
2017-12-02 05:00:00,1,6302.36,6272.13
2017-12-02 05:30:00,1,6521.54,6470.12
2017-12-02 06:00:00,1,6751.69,6669.13
2017-12-02 06:30:00,1,7032.31,6886.87
2017-12-02 07:00:00,1,7375.59,7187.61
2017-12-02 07:30:00,1,7664.79,7576.83
2017-12-02 08:00:00,1,7948.0,8094.88
2017-12-02 08:30:00,1,8226.56,8351.97
2017-12-02 09:00:00,1,8324.58,8405.82
2017-12-02 09:30:00,1,8366.78,8448.77
2017-12-02 10:00:00,1,8330.31,8446.62
2017-12-02 10:30:00,1,8456.47,8448.42
2017-12-02 11:00:00,1,8328.0,8405.48
2017-12-02 11:30:00,1,8214.23,8435.67
2017-12-02 12:00:00,1,8066.1,8243.98
2017-12-02 12:30:00,1,8123.61,8071.03
2017-12-02 13:00:00,1,8225.17,7908.97
2017-12-02 13:30:00,1,8214.24,8106.95
2017-12-02 14:00:00,1,8152.24,8257.48
2017-12-02 14:30:00,1,7986.72,8270.44
2017-12-02 15:00:00,1,7834.23,8286.92
2017-12-02 15:30:00,1,7874.56,7922.12
2017-12-02 16:00:00,1,7879.4,7670.34
2017-12-02 16:30:00,1,7776.91,7731.42
2017-12-02 17:00:00,1,7734.63,7725.32
2017-12-02 17:30:00,1,7765.56,7672.5
2017-12-02 18:00:00,1,7709.86,7626.31
2017-12-02 18:30:00,1,7605.5,7624.2
2017-12-02 19:00:00,1,7622.57,7565.85
2017-12-02 19:30:00,1,7580.29,7630.11
2017-12-02 20:00:00,1,7437.23,7619.64
2017-12-02 20:30:00,1,7303.76,7379.84
2017-12-02 21:00:00,1,7168.35,7111.05
2017-12-02 21:30:00,1,7175.35,7061.62
2017-12-02 22:00:00,1,7128.76,7021.0
2017-12-02 22:30:00,1,7076.33,7011.6
2017-12-02 23:00:00,1,6817.63,6929.03
2017-12-02 23:30:00,1,6647.67,6708.22
2017-12-07 00:00:00,1,7000.65,7026.22
2017-12-07 00:30:00,1,6885.29,6917.77
2017-12-07 01:00:00,1,6672.99,6667.83
2017-12-07 01:30:00,1,6378.21,6441.47
2017-12-07 02:00:00,1,6208.27,6199.67
2017-12-07 02:30:00,1,6072.33,6046.67
2017-12-07 03:00:00,1,6000.93,5996.44
2017-12-07 03:30:00,1,6021.87,5987.78
2017-12-07 04:00:00,1,6100.42,6085.01
2017-12-07 04:30:00,1,6336.11,6343.43
2017-12-07 05:00:00,1,6519.51,6574.36
2017-12-07 05:30:00,1,6987.99,7055.0
2017-12-07 06:00:00,1,7387.71,7439.35
2017-12-07 06:30:00,1,7713.64,7746.95
2017-12-07 07:00:00,1,7962.27,7916.38
2017-12-07 07:30:00,1,8053.13,7901.97
2017-12-07 08:00:00,1,8050.96,8060.41
2017-12-07 08:30:00,1,8074.11,8196.9
2017-12-07 09:00:00,1,8147.82,8185.12
2017-12-07 09:30:00,1,8241.44,8087.98
2017-12-07 10:00:00,1,8242.12,8258.93
2017-12-07 10:30:00,1,8273.75,8397.02
2017-12-07 11:00:00,1,8321.03,8390.43
2017-12-07 11:30:00,1,8373.43,8464.17
2017-12-07 12:00:00,1,8388.5,8507.94
2017-12-07 12:30:00,1,8499.54,8570.25
2017-12-07 13:00:00,1,8559.06,8608.4
2017-12-07 13:30:00,1,8674.61,8710.25
2017-12-07 14:00:00,1,8739.62,8718.47
2017-12-07 14:30:00,1,8863.3,8863.97
2017-12-07 15:00:00,1,9017.33,9015.98
2017-12-07 15:30:00,1,9175.22,9180.51
2017-12-07 16:00:00,1,9289.1,9304.39
2017-12-07 16:30:00,1,9237.48,9349.38
2017-12-07 17:00:00,1,9369.64,9356.3
2017-12-07 17:30:00,1,9269.91,9111.33
2017-12-07 18:00:00,1,9247.83,9301.92
2017-12-07 18:30:00,1,9145.27,9132.63
2017-12-07 19:00:00,1,9013.96,9075.96
2017-12-07 19:30:00,1,9000.37,9247.09
2017-12-07 20:00:00,1,8884.87,8970.51
2017-12-07 20:30:00,1,8623.91,8650.07
2017-12-07 21:00:00,1,8317.57,8276.96
2017-12-07 21:30:00,1,8240.76,8163.2
2017-12-07 22:00:00,1,8027.8,7956.57
2017-12-07 22:30:00,1,7914.95,7864.84
2017-12-07 23:00:00,1,7690.51,7719.1
2017-12-07 23:30:00,1,7340.47,7504.15
2017-12-14 00:00:00,1,7730.77,7749.64
2017-12-14 00:30:00,1,7544.85,7574.96
2017-12-14 01:00:00,1,7309.04,7281.95
2017-12-14 01:30:00,1,6997.84,6999.78
2017-12-14 02:00:00,1,6811.51,6829.23
2017-12-14 02:30:00,1,6672.58,6628.87
2017-12-14 03:00:00,1,6615.53,6608.58
2017-12-14 03:30:00,1,6608.84,6575.99
2017-12-14 04:00:00,1,6681.22,6645.41
2017-12-14 04:30:00,1,6870.53,6895.39
2017-12-14 05:00:00,1,7019.59,7108.8
2017-12-14 05:30:00,1,7523.2,7524.03
2017-12-14 06:00:00,1,7945.07,7934.27
2017-12-14 06:30:00,1,8367.3,8391.1
2017-12-14 07:00:00,1,8747.71,8695.32
2017-12-14 07:30:00,1,9062.39,8912.89
2017-12-14 08:00:00,1,9265.52,9173.62
2017-12-14 08:30:00,1,9526.64,9555.79
2017-12-14 09:00:00,1,9770.14,9802.92
2017-12-14 09:30:00,1,10058.88,9980.06
2017-12-14 10:00:00,1,10274.46,10204.3
2017-12-14 10:30:00,1,10512.26,10551.59
2017-12-14 11:00:00,1,10764.87,10893.22
2017-12-14 11:30:00,1,10924.74,11234.3
2017-12-14 12:00:00,1,11119.12,11487.09
2017-12-14 12:30:00,1,11288.4,11699.56
2017-12-14 13:00:00,1,11457.22,11921.6
2017-12-14 13:30:00,1,11672.89,12119.1
2017-12-14 14:00:00,1,11823.55,12050.48
2017-12-14 14:30:00,1,12057.36,12236.73
2017-12-14 15:00:00,1,12291.19,12443.21
2017-12-14 15:30:00,1,12333.96,12708.75
2017-12-14 16:00:00,1,12570.96,12906.97
2017-12-14 16:30:00,1,12478.34,12974.22
2017-12-14 17:00:00,1,12410.85,12957.82
2017-12-14 17:30:00,1,12182.05,12741.67
2017-12-14 18:00:00,1,11947.19,12232.82
2017-12-14 18:30:00,1,11627.43,11980.1
2017-12-14 19:00:00,1,11333.85,11807.99
2017-12-14 19:30:00,1,11183.3,11620.82
2017-12-14 20:00:00,1,10984.2,11092.93
2017-12-14 20:30:00,1,10595.98,10644.01
2017-12-14 21:00:00,1,10134.91,10190.67
2017-12-14 21:30:00,1,9834.2,9800.17
2017-12-14 22:00:00,1,9389.9,9413.62
2017-12-14 22:30:00,1,9168.54,8998.24
2017-12-14 23:00:00,1,8828.85,8699.65
2017-12-14 23:30:00,1,8445.34,8489.57
2017-12-16 00:00:00,1,7752.04,7800.1
2017-12-16 00:30:00,1,7516.83,7526.99
2017-12-16 01:00:00,1,7243.61,7256.43
2017-12-16 01:30:00,1,6953.4,6963.31
2017-12-16 02:00:00,1,6763.5,6750.3
2017-12-16 02:30:00,1,6625.51,6608.97
2017-12-16 03:00:00,1,6530.94,6513.74
2017-12-16 03:30:00,1,6520.57,6481.69
2017-12-16 04:00:00,1,6468.04,6522.38
2017-12-16 04:30:00,1,6577.49,6624.07
2017-12-16 05:00:00,1,6634.5,6591.93
2017-12-16 05:30:00,1,6869.37,6797.32
2017-12-16 06:00:00,1,7038.35,7022.33
2017-12-16 06:30:00,1,7311.8,7303.75
2017-12-16 07:00:00,1,7624.17,7451.03
2017-12-16 07:30:00,1,7933.95,7952.88
2017-12-16 08:00:00,1,8142.8,8179.53
2017-12-16 08:30:00,1,8429.25,8451.97
2017-12-16 09:00:00,1,8569.84,8445.89
2017-12-16 09:30:00,1,8792.9,8668.25
2017-12-16 10:00:00,1,8857.13,8814.25
2017-12-16 10:30:00,1,9034.49,9055.09
2017-12-16 11:00:00,1,9212.53,9244.34
2017-12-16 11:30:00,1,9308.63,9427.78
2017-12-16 12:00:00,1,9513.39,9553.28
2017-12-16 12:30:00,1,9722.74,9662.62
2017-12-16 13:00:00,1,9859.72,9911.02
2017-12-16 13:30:00,1,9976.35,10064.04
2017-12-16 14:00:00,1,10106.61,10124.72
2017-12-16 14:30:00,1,10243.3,10225.53
2017-12-16 15:00:00,1,10423.46,10366.63
2017-12-16 15:30:00,1,10531.78,10497.11
2017-12-16 16:00:00,1,10588.64,10590.54
2017-12-16 16:30:00,1,10510.53,10570.26
2017-12-16 17:00:00,1,10490.95,10550.75
2017-12-16 17:30:00,1,10307.65,10364.39
2017-12-16 18:00:00,1,10120.54,10155.06
2017-12-16 18:30:00,1,9850.69,9890.09
2017-12-16 19:00:00,1,9538.09,9696.66
2017-12-16 19:30:00,1,9409.79,9550.55
2017-12-16 20:00:00,1,9265.0,9404.32
2017-12-16 20:30:00,1,9032.81,9144.42
2017-12-16 21:00:00,1,8805.83,8792.34
2017-12-16 21:30:00,1,8613.38,8563.72
2017-12-16 22:00:00,1,8362.96,8334.36
2017-12-16 22:30:00,1,8178.46,8152.65
2017-12-16 23:00:00,1,7871.23,7830.1
2017-12-16 23:30:00,1,7583.19,7562.74
2017-12-18 00:00:00,1,7223.23,7183.35
2017-12-18 00:30:00,1,7053.8,7032.13
2017-12-18 01:00:00,1,6917.4,6897.23
2017-12-18 01:30:00,1,6631.95,6685.48
2017-12-18 02:00:00,1,6527.6,6550.06
2017-12-18 02:30:00,1,6432.85,6499.22
2017-12-18 03:00:00,1,6386.04,6431.1
2017-12-18 03:30:00,1,6418.85,6433.38
2017-12-18 04:00:00,1,6512.61,6503.07
2017-12-18 04:30:00,1,6764.06,6735.41
2017-12-18 05:00:00,1,6954.64,6922.69
2017-12-18 05:30:00,1,7483.53,7464.64
2017-12-18 06:00:00,1,7874.68,7980.7
2017-12-18 06:30:00,1,8240.68,8415.16
2017-12-18 07:00:00,1,8706.63,8671.81
2017-12-18 07:30:00,1,8942.55,8775.56
2017-12-18 08:00:00,1,9181.37,9089.94
2017-12-18 08:30:00,1,9436.97,9376.13
2017-12-18 09:00:00,1,9630.52,9510.38
2017-12-18 09:30:00,1,9770.6,9663.1
2017-12-18 10:00:00,1,9926.18,9831.91
2017-12-18 10:30:00,1,10030.35,9970.9
2017-12-18 11:00:00,1,10188.31,10093.39
2017-12-18 11:30:00,1,10334.62,10284.37
2017-12-18 12:00:00,1,10468.74,10438.45
2017-12-18 12:30:00,1,10642.24,10627.76
2017-12-18 13:00:00,1,10888.55,10829.15
2017-12-18 13:30:00,1,11041.32,11053.22
2017-12-18 14:00:00,1,11299.92,11237.48
2017-12-18 14:30:00,1,11280.1,11407.4
2017-12-18 15:00:00,1,11334.89,11636.36
2017-12-18 15:30:00,1,11158.31,11789.95
2017-12-18 16:00:00,1,10917.91,11930.6
2017-12-18 16:30:00,1,11062.79,11959.8
2017-12-18 17:00:00,1,11151.38,10786.09
2017-12-18 17:30:00,1,11033.54,10545.92
2017-12-18 18:00:00,1,10863.28,10750.29
2017-12-18 18:30:00,1,10640.1,10645.3
2017-12-18 19:00:00,1,10435.13,10435.78
2017-12-18 19:30:00,1,10225.72,10387.96
2017-12-18 20:00:00,1,10112.2,10293.73
2017-12-18 20:30:00,1,9867.5,9807.08
2017-12-18 21:00:00,1,9498.94,9430.33
2017-12-18 21:30:00,1,9309.98,9340.86
2017-12-18 22:00:00,1,8930.28,8912.66
2017-12-18 22:30:00,1,8739.86,8636.94
2017-12-18 23:00:00,1,8405.47,8399.64
2017-12-18 23:30:00,1,8120.96,8173.41
2017-12-19 00:00:00,1,7927.11,7911.87
2017-12-19 00:30:00,1,7683.2,7739.41
2017-12-19 01:00:00,1,7480.26,7515.95
2017-12-19 01:30:00,1,7141.36,7182.08
2017-12-19 02:00:00,1,6910.18,7007.55
2017-12-19 02:30:00,1,6804.69,6857.05
2017-12-19 03:00:00,1,6770.49,6772.5
2017-12-19 03:30:00,1,6771.24,6717.62
2017-12-19 04:00:00,1,6805.89,6795.16
2017-12-19 04:30:00,1,7012.03,7053.54
2017-12-19 05:00:00,1,7235.08,7276.98
2017-12-19 05:30:00,1,7736.96,7697.26
2017-12-19 06:00:00,1,8197.25,8182.75
2017-12-19 06:30:00,1,8605.42,8682.11
2017-12-19 07:00:00,1,9057.18,9037.36
2017-12-19 07:30:00,1,9358.52,9764.09
2017-12-19 08:00:00,1,9536.56,10019.23
2017-12-19 08:30:00,1,9799.96,10257.89
2017-12-19 09:00:00,1,10011.42,9758.52
2017-12-19 09:30:00,1,10201.73,9980.3
2017-12-19 10:00:00,1,10518.09,10260.54
2017-12-19 10:30:00,1,10761.94,10362.89
2017-12-19 11:00:00,1,10997.79,11049.54
2017-12-19 11:30:00,1,11263.98,11247.69
2017-12-19 12:00:00,1,11492.69,11453.88
2017-12-19 12:30:00,1,11808.47,11784.25
2017-12-19 13:00:00,1,12039.68,11989.61
2017-12-19 13:30:00,1,12263.78,12281.65
2017-12-19 14:00:00,1,12463.39,12367.75
2017-12-19 14:30:00,1,12710.38,12566.99
2017-12-19 15:00:00,1,12899.58,12891.99
2017-12-19 15:30:00,1,12948.76,13180.26
2017-12-19 16:00:00,1,12971.1,13142.29
2017-12-19 16:30:00,1,12986.04,12951.99
2017-12-19 17:00:00,1,12981.18,12800.34
2017-12-19 17:30:00,1,12662.08,12519.78
2017-12-19 18:00:00,1,12396.8,12510.81
2017-12-19 18:30:00,1,12161.7,12131.35
2017-12-19 19:00:00,1,11916.84,11778.86
2017-12-19 19:30:00,1,11758.03,11788.28
2017-12-19 20:00:00,1,11619.12,11638.1
2017-12-19 20:30:00,1,11333.28,11316.06
2017-12-19 21:00:00,1,10836.92,10904.23
2017-12-19 21:30:00,1,10489.79,10545.95
2017-12-19 22:00:00,1,9983.48,9983.39
2017-12-19 22:30:00,1,9682.38,9526.39
2017-12-19 23:00:00,1,9265.5,9177.62
2017-12-19 23:30:00,1,8914.39,8909.66
2017-12-20 00:00:00,1,8598.65,8640.26
2017-12-20 00:30:00,1,8334.58,8373.45
2017-12-20 01:00:00,1,8023.94,8051.5
2017-12-20 01:30:00,1,7600.15,7712.48
2017-12-20 02:00:00,1,7396.79,7400.73
2017-12-20 02:30:00,1,7188.33,7233.18
2017-12-20 03:00:00,1,7182.73,7161.19
2017-12-20 03:30:00,1,7158.06,7118.56
2017-12-20 04:00:00,1,7202.3,7243.42
2017-12-20 04:30:00,1,7447.73,7394.9
2017-12-20 05:00:00,1,7554.69,7620.91
2017-12-20 05:30:00,1,8051.92,8155.46
2017-12-20 06:00:00,1,8441.76,8451.39
2017-12-20 06:30:00,1,9061.66,8934.74
2017-12-20 07:00:00,1,9674.79,9395.67
2017-12-20 07:30:00,1,10239.94,10148.53
2017-12-20 08:00:00,1,10720.95,10665.3
2017-12-20 08:30:00,1,11161.96,11060.73
2017-12-20 09:00:00,1,11383.67,11371.7
2017-12-20 09:30:00,1,11636.7,11661.17
2017-12-20 10:00:00,1,11810.76,11851.95
2017-12-20 10:30:00,1,11880.93,12083.89
2017-12-20 11:00:00,1,11966.61,12131.19
2017-12-20 11:30:00,1,12086.57,12220.41
2017-12-20 12:00:00,1,12193.41,12248.76
2017-12-20 12:30:00,1,12297.4,12341.36
2017-12-20 13:00:00,1,12164.25,12439.04
2017-12-20 13:30:00,1,12553.45,12455.99
2017-12-20 14:00:00,1,12439.33,12354.83
2017-12-20 14:30:00,1,12196.49,12380.33
2017-12-20 15:00:00,1,11734.93,12311.51
2017-12-20 15:30:00,1,11348.73,11869.12
2017-12-20 16:00:00,1,10974.43,11209.14
2017-12-20 16:30:00,1,10810.92,10619.44
2017-12-20 17:00:00,1,10327.01,10169.87
2017-12-20 17:30:00,1,9958.77,9703.45
2017-12-20 18:00:00,1,9863.99,9835.06
2017-12-20 18:30:00,1,9610.74,9570.66
2017-12-20 19:00:00,1,9433.17,9461.34
2017-12-20 19:30:00,1,9435.99,9431.83
2017-12-20 20:00:00,1,9342.16,9274.73
2017-12-20 20:30:00,1,9208.8,9182.57
2017-12-20 21:00:00,1,9019.97,8860.37
2017-12-20 21:30:00,1,8892.43,8847.4
2017-12-20 22:00:00,1,8630.88,8713.02
2017-12-20 22:30:00,1,8499.14,8432.89
2017-12-20 23:00:00,1,8203.04,8201.32
2017-12-20 23:30:00,1,7978.25,7959.84
2017-12-23 00:00:00,1,7410.7,7435.59
2017-12-23 00:30:00,1,7226.47,7205.95
2017-12-23 01:00:00,1,6963.71,6952.26
2017-12-23 01:30:00,1,6649.41,6702.19
2017-12-23 02:00:00,1,6395.98,6456.2
2017-12-23 02:30:00,1,6257.44,6300.27
2017-12-23 03:00:00,1,6098.79,6199.49
2017-12-23 03:30:00,1,6084.63,6097.45
2017-12-23 04:00:00,1,6065.82,6028.03
2017-12-23 04:30:00,1,6092.91,6131.36
2017-12-23 05:00:00,1,6092.91,6140.62
2017-12-23 05:30:00,1,6221.39,6160.98
2017-12-23 06:00:00,1,6413.16,6281.27
2017-12-23 06:30:00,1,6669.39,6510.77
2017-12-23 07:00:00,1,6944.39,6820.54
2017-12-23 07:30:00,1,7204.34,7330.66
2017-12-23 08:00:00,1,7397.75,7543.27
2017-12-23 08:30:00,1,7617.17,7632.11
2017-12-23 09:00:00,1,7678.26,7616.1
2017-12-23 09:30:00,1,7847.07,7635.38
2017-12-23 10:00:00,1,7923.5,7755.82
2017-12-23 10:30:00,1,8027.34,7936.59
2017-12-23 11:00:00,1,8146.16,8112.5
2017-12-23 11:30:00,1,8377.71,8291.99
2017-12-23 12:00:00,1,8497.22,8440.96
2017-12-23 12:30:00,1,8698.18,8765.33
2017-12-23 13:00:00,1,8863.01,8808.23
2017-12-23 13:30:00,1,9088.19,8991.12
2017-12-23 14:00:00,1,9293.43,9213.14
2017-12-23 14:30:00,1,9473.37,9440.23
2017-12-23 15:00:00,1,9547.36,9708.84
2017-12-23 15:30:00,1,9671.75,9748.98
2017-12-23 16:00:00,1,9784.21,9781.75
2017-12-23 16:30:00,1,9777.86,9841.6
2017-12-23 17:00:00,1,9847.97,9873.51
2017-12-23 17:30:00,1,9846.04,9771.95
2017-12-23 18:00:00,1,9760.91,9716.02
2017-12-23 18:30:00,1,9606.61,9601.11
2017-12-23 19:00:00,1,9355.22,9436.53
2017-12-23 19:30:00,1,9223.26,9407.1
2017-12-23 20:00:00,1,9162.83,9359.51
2017-12-23 20:30:00,1,8987.01,9077.74
2017-12-23 21:00:00,1,8723.57,8757.87
2017-12-23 21:30:00,1,8553.29,8583.58
2017-12-23 22:00:00,1,8271.65,8310.68
2017-12-23 22:30:00,1,8050.31,8092.73
2017-12-23 23:00:00,1,7721.39,7766.12
2017-12-23 23:30:00,1,7432.3,7435.35
2017-12-24 00:00:00,1,7206.54,7237.04
2017-12-24 00:30:00,1,6986.02,7022.67
2017-12-24 01:00:00,1,6767.68,6798.83
2017-12-24 01:30:00,1,6454.28,6496.81
2017-12-24 02:00:00,1,6226.69,6292.25
2017-12-24 02:30:00,1,6110.11,6138.41
2017-12-24 03:00:00,1,6032.2,6024.47
2017-12-24 03:30:00,1,5958.62,5955.85
2017-12-24 04:00:00,1,5943.61,5936.59
2017-12-24 04:30:00,1,5988.55,5959.74
2017-12-24 05:00:00,1,5995.92,5909.85
2017-12-24 05:30:00,1,6112.48,6041.41
2017-12-24 06:00:00,1,6269.5,6173.48
2017-12-24 06:30:00,1,6564.32,6355.3
2017-12-24 07:00:00,1,6855.76,6594.37
2017-12-24 07:30:00,1,7191.52,7242.31
2017-12-24 08:00:00,1,7540.4,7527.67
2017-12-24 08:30:00,1,7894.34,7764.57
2017-12-24 09:00:00,1,8258.83,8023.57
2017-12-24 09:30:00,1,8627.48,8454.47
2017-12-24 10:00:00,1,8894.29,8827.22
2017-12-24 10:30:00,1,9283.18,9236.63
2017-12-24 11:00:00,1,9592.16,9631.58
2017-12-24 11:30:00,1,9886.38,9923.08
2017-12-24 12:00:00,1,10163.83,10181.48
2017-12-24 12:30:00,1,10323.33,10410.78
2017-12-24 13:00:00,1,10318.79,10578.33
2017-12-24 13:30:00,1,10465.25,10620.45
2017-12-24 14:00:00,1,10457.13,10494.38
2017-12-24 14:30:00,1,10391.26,10675.64
2017-12-24 15:00:00,1,10223.36,10511.29
2017-12-24 15:30:00,1,9969.75,10325.81
2017-12-24 16:00:00,1,9748.66,10086.56
2017-12-24 16:30:00,1,9521.92,9697.69
2017-12-24 17:00:00,1,9395.08,9454.01
2017-12-24 17:30:00,1,9229.64,9248.14
2017-12-24 18:00:00,1,8956.41,9047.11
2017-12-24 18:30:00,1,8769.84,8834.1
2017-12-24 19:00:00,1,8451.35,8601.26
2017-12-24 19:30:00,1,8361.93,8495.48
2017-12-24 20:00:00,1,8194.68,8343.93
2017-12-24 20:30:00,1,8021.63,8133.59
2017-12-24 21:00:00,1,7798.44,7728.98
2017-12-24 21:30:00,1,7736.99,7568.64
2017-12-24 22:00:00,1,7547.53,7399.35
2017-12-24 22:30:00,1,7392.88,7309.77
2017-12-24 23:00:00,1,7080.68,7089.99
2017-12-24 23:30:00,1,6804.18,6885.99
2017-12-29 00:00:00,1,7596.47,7621.0
2017-12-29 00:30:00,1,7372.0,7445.59
2017-12-29 01:00:00,1,7180.93,7192.73
2017-12-29 01:30:00,1,6810.24,6880.73
2017-12-29 02:00:00,1,6588.71,6676.35
2017-12-29 02:30:00,1,6402.76,6482.29
2017-12-29 03:00:00,1,6364.84,6366.23
2017-12-29 03:30:00,1,6316.59,6286.67
2017-12-29 04:00:00,1,6320.46,6304.39
2017-12-29 04:30:00,1,6403.48,6403.04
2017-12-29 05:00:00,1,6468.95,6517.35
2017-12-29 05:30:00,1,6665.08,6775.69
2017-12-29 06:00:00,1,6942.41,6948.63
2017-12-29 06:30:00,1,7222.11,7193.68
2017-12-29 07:00:00,1,7497.52,7558.34
2017-12-29 07:30:00,1,7894.07,7803.53
2017-12-29 08:00:00,1,8145.99,8076.67
2017-12-29 08:30:00,1,8443.52,8506.58
2017-12-29 09:00:00,1,8648.6,8465.33
2017-12-29 09:30:00,1,8894.84,8659.09
2017-12-29 10:00:00,1,9138.37,9038.01
2017-12-29 10:30:00,1,9348.36,9270.14
2017-12-29 11:00:00,1,9504.19,9570.86
2017-12-29 11:30:00,1,9652.45,9795.14
2017-12-29 12:00:00,1,9862.98,9955.73
2017-12-29 12:30:00,1,9981.4,10032.27
2017-12-29 13:00:00,1,10119.71,10181.35
2017-12-29 13:30:00,1,10330.61,10275.37
2017-12-29 14:00:00,1,10396.32,10372.05
2017-12-29 14:30:00,1,10474.45,10539.79
2017-12-29 15:00:00,1,10462.93,10688.48
2017-12-29 15:30:00,1,10437.75,10677.74
2017-12-29 16:00:00,1,10374.61,10581.13
2017-12-29 16:30:00,1,10238.17,10368.35
2017-12-29 17:00:00,1,10091.63,10115.77
2017-12-29 17:30:00,1,9820.1,9627.41
2017-12-29 18:00:00,1,9707.32,9489.71
2017-12-29 18:30:00,1,9468.36,9390.36
2017-12-29 19:00:00,1,9333.03,9222.59
2017-12-29 19:30:00,1,9318.18,9276.05
2017-12-29 20:00:00,1,9220.09,9304.6
2017-12-29 20:30:00,1,9111.25,9128.54
2017-12-29 21:00:00,1,8888.63,8772.97
2017-12-29 21:30:00,1,8838.37,8784.36
2017-12-29 22:00:00,1,8620.67,8560.99
2017-12-29 22:30:00,1,8465.21,8417.91
2017-12-29 23:00:00,1,8256.11,8206.58
2017-12-29 23:30:00,1,7996.01,7967.81
2017-12-30 00:00:00,1,7757.08,7817.04
2017-12-30 00:30:00,1,7457.57,7539.12
2017-12-30 01:00:00,1,7217.82,7228.26
2017-12-30 01:30:00,1,6896.78,6890.1
2017-12-30 02:00:00,1,6613.03,6633.52
2017-12-30 02:30:00,1,6421.25,6431.96
2017-12-30 03:00:00,1,6273.44,6360.32
2017-12-30 03:30:00,1,6167.59,6278.24
2017-12-30 04:00:00,1,6132.78,6144.85
2017-12-30 04:30:00,1,6136.64,6137.89
2017-12-30 05:00:00,1,6232.74,6145.77
2017-12-30 05:30:00,1,6288.32,6164.03
2017-12-30 06:00:00,1,6409.67,6411.35
2017-12-30 06:30:00,1,6639.17,6622.17
2017-12-30 07:00:00,1,6907.41,6890.41
2017-12-30 07:30:00,1,7175.44,7360.77
2017-12-30 08:00:00,1,7371.89,7595.48
2017-12-30 08:30:00,1,7554.75,7671.55
2017-12-30 09:00:00,1,7635.67,7695.79
2017-12-30 09:30:00,1,7774.0,7635.02
2017-12-30 10:00:00,1,7773.64,7782.89
2017-12-30 10:30:00,1,7770.11,7934.17
2017-12-30 11:00:00,1,7860.63,7842.49
2017-12-30 11:30:00,1,7986.29,7798.31
2017-12-30 12:00:00,1,8187.49,7985.23
2017-12-30 12:30:00,1,8344.77,8199.62
2017-12-30 13:00:00,1,8574.93,8447.62
2017-12-30 13:30:00,1,8745.65,8635.12
2017-12-30 14:00:00,1,8889.77,8899.1
2017-12-30 14:30:00,1,9067.14,9071.97
2017-12-30 15:00:00,1,9263.46,9196.32
2017-12-30 15:30:00,1,9363.42,9329.89
2017-12-30 16:00:00,1,9548.58,9502.03
2017-12-30 16:30:00,1,9566.85,9552.5
2017-12-30 17:00:00,1,9709.51,9769.48
2017-12-30 17:30:00,1,9669.57,9668.02
2017-12-30 18:00:00,1,9575.09,9626.81
2017-12-30 18:30:00,1,9347.23,9479.48
2017-12-30 19:00:00,1,9075.51,9261.54
2017-12-30 19:30:00,1,8958.78,9094.01
2017-12-30 20:00:00,1,8911.22,9028.71
2017-12-30 20:30:00,1,8765.36,8794.0
2017-12-30 21:00:00,1,8500.99,8547.91
2017-12-30 21:30:00,1,8300.44,8384.66
2017-12-30 22:00:00,1,8052.51,8067.05
2017-12-30 22:30:00,1,7873.86,7867.77
2017-12-30 23:00:00,1,7606.5,7566.85
2017-12-30 23:30:00,1,7304.04,7273.78
2018-01-06 00:00:00,1,7396.42,7458.72
2018-01-06 00:30:00,1,7189.5,7298.19
2018-01-06 01:00:00,1,7007.04,6959.65
2018-01-06 01:30:00,1,6687.68,6682.96
2018-01-06 02:00:00,1,6407.55,6504.08
2018-01-06 02:30:00,1,6204.39,6319.33
2018-01-06 03:00:00,1,6130.71,6171.96
2018-01-06 03:30:00,1,6061.08,6094.73
2018-01-06 04:00:00,1,6089.77,6090.82
2018-01-06 04:30:00,1,6124.02,6102.61
2018-01-06 05:00:00,1,6166.93,6201.49
2018-01-06 05:30:00,1,6252.14,6241.6
2018-01-06 06:00:00,1,6414.67,6339.42
2018-01-06 06:30:00,1,6675.19,6602.1
2018-01-06 07:00:00,1,6905.28,6882.68
2018-01-06 07:30:00,1,7240.09,7285.47
2018-01-06 08:00:00,1,7487.92,7470.86
2018-01-06 08:30:00,1,7789.89,7706.18
2018-01-06 09:00:00,1,7960.76,7780.9
2018-01-06 09:30:00,1,8140.16,8051.16
2018-01-06 10:00:00,1,8314.42,8313.51
2018-01-06 10:30:00,1,8453.84,8400.78
2018-01-06 11:00:00,1,8617.0,8687.91
2018-01-06 11:30:00,1,8755.61,8787.78
2018-01-06 12:00:00,1,8970.05,8904.49
2018-01-06 12:30:00,1,9182.53,9173.75
2018-01-06 13:00:00,1,9348.39,9354.99
2018-01-06 13:30:00,1,9556.16,9538.26
2018-01-06 14:00:00,1,9777.33,9694.91
2018-01-06 14:30:00,1,9950.25,9947.62
2018-01-06 15:00:00,1,10157.24,10208.41
2018-01-06 15:30:00,1,10338.83,10270.76
2018-01-06 16:00:00,1,10509.42,10437.42
2018-01-06 16:30:00,1,10578.21,10615.44
2018-01-06 17:00:00,1,10658.87,10676.48
2018-01-06 17:30:00,1,10660.05,10645.4
2018-01-06 18:00:00,1,10657.34,10559.45
2018-01-06 18:30:00,1,10503.68,10484.74
2018-01-06 19:00:00,1,10318.27,10342.62
2018-01-06 19:30:00,1,10093.85,10188.43
2018-01-06 20:00:00,1,10036.89,10204.29
2018-01-06 20:30:00,1,9855.58,9930.33
2018-01-06 21:00:00,1,9528.61,9556.62
2018-01-06 21:30:00,1,9265.29,9374.12
2018-01-06 22:00:00,1,8969.26,9102.04
2018-01-06 22:30:00,1,8730.45,8736.29
2018-01-06 23:00:00,1,8405.13,8329.65
2018-01-06 23:30:00,1,8034.19,8044.97
2018-01-07 00:00:00,1,7729.58,7819.66
2018-01-07 00:30:00,1,7415.47,7578.51
2018-01-07 01:00:00,1,7216.02,7292.92
2018-01-07 01:30:00,1,6899.91,6865.79
2018-01-07 02:00:00,1,6684.92,6738.69
2018-01-07 02:30:00,1,6564.1,6641.23
2018-01-07 03:00:00,1,6513.63,6521.88
2018-01-07 03:30:00,1,6448.53,6424.0
2018-01-07 04:00:00,1,6377.96,6426.39
2018-01-07 04:30:00,1,6374.2,6405.58
2018-01-07 05:00:00,1,6353.69,6370.61
2018-01-07 05:30:00,1,6389.83,6346.43
2018-01-07 06:00:00,1,6489.96,6339.24
2018-01-07 06:30:00,1,6755.66,6557.54
2018-01-07 07:00:00,1,7063.49,7199.39
2018-01-07 07:30:00,1,7481.68,7689.45
2018-01-07 08:00:00,1,7880.58,8122.04
2018-01-07 08:30:00,1,8408.23,8474.33
2018-01-07 09:00:00,1,8904.77,8835.03
2018-01-07 09:30:00,1,9480.91,9141.75
2018-01-07 10:00:00,1,9915.59,9903.44
2018-01-07 10:30:00,1,10297.62,10429.77
2018-01-07 11:00:00,1,10632.42,10975.46
2018-01-07 11:30:00,1,10833.18,11121.54
2018-01-07 12:00:00,1,11019.88,11286.93
2018-01-07 12:30:00,1,11227.32,11308.62
2018-01-07 13:00:00,1,11415.44,11349.94
2018-01-07 13:30:00,1,11538.73,11613.8
2018-01-07 14:00:00,1,11630.27,11723.22
2018-01-07 14:30:00,1,11751.71,11772.05
2018-01-07 15:00:00,1,11883.36,11786.4
2018-01-07 15:30:00,1,12022.31,11793.68
2018-01-07 16:00:00,1,12098.5,12005.27
2018-01-07 16:30:00,1,12084.27,12193.76
2018-01-07 17:00:00,1,12230.57,12230.46
2018-01-07 17:30:00,1,12021.05,12117.0
2018-01-07 18:00:00,1,11788.88,12065.69
2018-01-07 18:30:00,1,11379.66,11454.65
2018-01-07 19:00:00,1,11025.88,11141.55
2018-01-07 19:30:00,1,10699.48,10751.16
2018-01-07 20:00:00,1,10500.09,10619.28
2018-01-07 20:30:00,1,10241.09,10268.76
2018-01-07 21:00:00,1,9788.08,9768.36
2018-01-07 21:30:00,1,9444.77,9445.57
2018-01-07 22:00:00,1,9135.71,8936.84
2018-01-07 22:30:00,1,8828.83,8610.4
2018-01-07 23:00:00,1,8448.45,8355.19
2018-01-07 23:30:00,1,8085.12,8057.36
2018-01-08 00:00:00,1,7890.98,7889.95
2018-01-08 00:30:00,1,7641.48,7687.11
2018-01-08 01:00:00,1,7367.35,7392.79
2018-01-08 01:30:00,1,7000.75,7150.85
2018-01-08 02:00:00,1,6796.19,6988.15
2018-01-08 02:30:00,1,6757.94,6790.46
2018-01-08 03:00:00,1,6714.42,6754.31
2018-01-08 03:30:00,1,6770.79,6761.38
2018-01-08 04:00:00,1,6811.19,6766.51
2018-01-08 04:30:00,1,6962.23,7014.55
2018-01-08 05:00:00,1,7131.61,7198.81
2018-01-08 05:30:00,1,7493.16,7520.53
2018-01-08 06:00:00,1,7893.7,7876.98
2018-01-08 06:30:00,1,8283.58,8294.9
2018-01-08 07:00:00,1,8768.46,8848.86
2018-01-08 07:30:00,1,9117.54,9001.36
2018-01-08 08:00:00,1,9440.42,9454.2
2018-01-08 08:30:00,1,9671.71,9757.9
2018-01-08 09:00:00,1,9837.54,9948.62
2018-01-08 09:30:00,1,10020.58,9899.94
2018-01-08 10:00:00,1,10227.82,10012.73
2018-01-08 10:30:00,1,10390.69,10267.62
2018-01-08 11:00:00,1,10614.45,10565.18
2018-01-08 11:30:00,1,10748.03,10754.04
2018-01-08 12:00:00,1,10882.88,11024.74
2018-01-08 12:30:00,1,11169.31,11136.85
2018-01-08 13:00:00,1,11387.35,11190.23
2018-01-08 13:30:00,1,11694.5,11528.01
2018-01-08 14:00:00,1,11735.67,11704.98
2018-01-08 14:30:00,1,11937.04,11962.5
2018-01-08 15:00:00,1,12087.21,12004.03
2018-01-08 15:30:00,1,12088.8,12218.99
2018-01-08 16:00:00,1,12074.11,12299.49
2018-01-08 16:30:00,1,11923.99,12179.03
2018-01-08 17:00:00,1,11658.7,11880.85
2018-01-08 17:30:00,1,11237.98,11366.09
2018-01-08 18:00:00,1,11119.9,10902.31
2018-01-08 18:30:00,1,10819.54,10579.4
2018-01-08 19:00:00,1,10576.93,10536.19
2018-01-08 19:30:00,1,10476.65,10356.32
2018-01-08 20:00:00,1,10344.17,10328.93
2018-01-08 20:30:00,1,10099.21,10148.94
2018-01-08 21:00:00,1,9751.26,9684.64
2018-01-08 21:30:00,1,9523.54,9436.17
2018-01-08 22:00:00,1,9115.1,9150.66
2018-01-08 22:30:00,1,8919.67,8809.24
2018-01-08 23:00:00,1,8563.93,8538.49
2018-01-08 23:30:00,1,8240.65,8316.52
2018-01-09 00:00:00,1,8004.25,8057.14
2018-01-09 00:30:00,1,7788.11,7803.48
2018-01-09 01:00:00,1,7562.77,7558.33
2018-01-09 01:30:00,1,7275.13,7255.04
2018-01-09 02:00:00,1,7123.09,7067.46
2018-01-09 02:30:00,1,7018.4,6979.69
2018-01-09 03:00:00,1,6957.36,6918.5
2018-01-09 03:30:00,1,6928.04,6943.77
2018-01-09 04:00:00,1,6881.68,6980.87
2018-01-09 04:30:00,1,6979.35,7134.71
2018-01-09 05:00:00,1,7108.59,7253.28
2018-01-09 05:30:00,1,7600.49,7457.57
2018-01-09 06:00:00,1,7953.28,7728.02
2018-01-09 06:30:00,1,8332.46,8342.82
2018-01-09 07:00:00,1,8706.83,8633.71
2018-01-09 07:30:00,1,9084.45,8936.4
2018-01-09 08:00:00,1,9231.1,9295.06
2018-01-09 08:30:00,1,9315.93,9602.77
2018-01-09 09:00:00,1,9424.29,9488.25
2018-01-09 09:30:00,1,9519.54,9311.83
2018-01-09 10:00:00,1,9461.92,9507.95
2018-01-09 10:30:00,1,9478.62,9503.08
2018-01-09 11:00:00,1,9529.27,9454.06
2018-01-09 11:30:00,1,9466.53,9603.91
2018-01-09 12:00:00,1,9416.22,9682.28
2018-01-09 12:30:00,1,9617.96,9631.37
2018-01-09 13:00:00,1,9807.11,9527.27
2018-01-09 13:30:00,1,9845.16,9770.04
2018-01-09 14:00:00,1,9868.53,10019.27
2018-01-09 14:30:00,1,10105.37,9918.34
2018-01-09 15:00:00,1,10278.28,10025.9
2018-01-09 15:30:00,1,10366.95,10362.45
2018-01-09 16:00:00,1,10536.96,10464.35
2018-01-09 16:30:00,1,10633.95,10491.31
2018-01-09 17:00:00,1,10903.51,10704.13
2018-01-09 17:30:00,1,10695.83,10421.79
2018-01-09 18:00:00,1,10507.51,10785.52
2018-01-09 18:30:00,1,10175.39,10278.08
2018-01-09 19:00:00,1,9728.14,9980.74
2018-01-09 19:30:00,1,9455.42,9846.36
2018-01-09 20:00:00,1,9224.96,9348.67
2018-01-09 20:30:00,1,8911.79,9003.4
2018-01-09 21:00:00,1,8590.92,8518.11
2018-01-09 21:30:00,1,8454.11,8372.27
2018-01-09 22:00:00,1,8113.43,8166.11
2018-01-09 22:30:00,1,8024.88,7981.59
2018-01-09 23:00:00,1,7810.33,7704.65
2018-01-09 23:30:00,1,7635.8,7574.79
2018-01-13 00:00:00,1,8247.19,8366.12
2018-01-13 00:30:00,1,7992.38,8066.51
2018-01-13 01:00:00,1,7713.05,7744.11
2018-01-13 01:30:00,1,7247.51,7402.25
2018-01-13 02:00:00,1,7041.63,7119.33
2018-01-13 02:30:00,1,6886.88,6867.01
2018-01-13 03:00:00,1,6759.34,6796.28
2018-01-13 03:30:00,1,6698.31,6721.87
2018-01-13 04:00:00,1,6680.97,6650.83
2018-01-13 04:30:00,1,6727.34,6712.85
2018-01-13 05:00:00,1,6728.52,6823.78
2018-01-13 05:30:00,1,6868.55,6862.9
2018-01-13 06:00:00,1,6973.38,6963.0
2018-01-13 06:30:00,1,7249.75,7256.86
2018-01-13 07:00:00,1,7537.27,7508.45
2018-01-13 07:30:00,1,7847.98,7964.73
2018-01-13 08:00:00,1,8107.1,8186.71
2018-01-13 08:30:00,1,8438.88,8358.51
2018-01-13 09:00:00,1,8532.06,8510.33
2018-01-13 09:30:00,1,8722.35,8462.29
2018-01-13 10:00:00,1,8905.54,8645.68
2018-01-13 10:30:00,1,9052.04,8833.4
2018-01-13 11:00:00,1,9224.46,8959.63
2018-01-13 11:30:00,1,9284.29,9262.72
2018-01-13 12:00:00,1,9461.65,9448.7
2018-01-13 12:30:00,1,9538.88,9481.67
2018-01-13 13:00:00,1,9556.87,9729.89
2018-01-13 13:30:00,1,9550.27,9721.71
2018-01-13 14:00:00,1,9462.95,9581.19
2018-01-13 14:30:00,1,9524.51,9524.47
2018-01-13 15:00:00,1,9485.62,9350.14
2018-01-13 15:30:00,1,9504.64,9475.07
2018-01-13 16:00:00,1,9511.35,9460.12
2018-01-13 16:30:00,1,9322.35,9457.8
2018-01-13 17:00:00,1,9232.39,9433.98
2018-01-13 17:30:00,1,9138.59,9134.26
2018-01-13 18:00:00,1,9015.26,9009.75
2018-01-13 18:30:00,1,8812.3,8877.61
2018-01-13 19:00:00,1,8577.82,8689.21
2018-01-13 19:30:00,1,8423.17,8636.7
2018-01-13 20:00:00,1,8455.05,8473.14
2018-01-13 20:30:00,1,8327.95,8292.24
2018-01-13 21:00:00,1,8146.46,8166.71
2018-01-13 21:30:00,1,8014.96,7986.59
2018-01-13 22:00:00,1,7709.23,7888.36
2018-01-13 22:30:00,1,7626.08,7731.44
2018-01-13 23:00:00,1,7429.9,7338.92
2018-01-13 23:30:00,1,7252.44,7134.72
2018-01-19 00:00:00,1,7397.27,7448.86
2018-01-19 00:30:00,1,7225.77,7261.04
2018-01-19 01:00:00,1,7070.51,7001.03
2018-01-19 01:30:00,1,6768.32,6747.97
2018-01-19 02:00:00,1,6532.61,6621.9
2018-01-19 02:30:00,1,6359.8,6467.45
2018-01-19 03:00:00,1,6318.74,6356.93
2018-01-19 03:30:00,1,6321.01,6278.21
2018-01-19 04:00:00,1,6397.98,6343.67
2018-01-19 04:30:00,1,6564.44,6517.17
2018-01-19 05:00:00,1,6760.28,6756.51
2018-01-19 05:30:00,1,7093.91,7189.36
2018-01-19 06:00:00,1,7425.83,7478.34
2018-01-19 06:30:00,1,7784.05,7641.62
2018-01-19 07:00:00,1,8006.33,7969.37
2018-01-19 07:30:00,1,8215.32,8265.43
2018-01-19 08:00:00,1,8329.73,8297.59
2018-01-19 08:30:00,1,8489.24,8500.41
2018-01-19 09:00:00,1,8557.94,8573.39
2018-01-19 09:30:00,1,8642.39,8677.72
2018-01-19 10:00:00,1,8822.04,8739.2
2018-01-19 10:30:00,1,8974.65,8857.4
2018-01-19 11:00:00,1,9158.9,9117.86
2018-01-19 11:30:00,1,9315.25,9353.55
2018-01-19 12:00:00,1,9510.92,9646.19
2018-01-19 12:30:00,1,9798.28,9737.93
2018-01-19 13:00:00,1,10006.14,9904.12
2018-01-19 13:30:00,1,10291.26,10232.22
2018-01-19 14:00:00,1,10431.57,10413.78
2018-01-19 14:30:00,1,10588.56,10655.94
2018-01-19 15:00:00,1,10644.85,10807.87
2018-01-19 15:30:00,1,10773.75,10989.92
2018-01-19 16:00:00,1,10921.92,10827.99
2018-01-19 16:30:00,1,10874.55,10840.67
2018-01-19 17:00:00,1,10819.66,10940.99
2018-01-19 17:30:00,1,10557.72,10588.09
2018-01-19 18:00:00,1,10415.41,10542.85
2018-01-19 18:30:00,1,10128.19,10171.0
2018-01-19 19:00:00,1,9748.89,9927.71
2018-01-19 19:30:00,1,9457.63,9823.13
2018-01-19 20:00:00,1,9337.51,9502.55
2018-01-19 20:30:00,1,9069.09,9092.17
2018-01-19 21:00:00,1,8685.75,8724.81
2018-01-19 21:30:00,1,8548.12,8651.61
2018-01-19 22:00:00,1,8305.12,8346.08
2018-01-19 22:30:00,1,8153.41,8145.79
2018-01-19 23:00:00,1,7986.18,7982.66
2018-01-19 23:30:00,1,7676.62,7698.29
2018-01-20 00:00:00,1,7476.92,7557.56
2018-01-20 00:30:00,1,7250.85,7267.42
2018-01-20 01:00:00,1,6982.02,7016.2
2018-01-20 01:30:00,1,6708.9,6731.05
2018-01-20 02:00:00,1,6451.81,6485.36
2018-01-20 02:30:00,1,6334.72,6367.06
2018-01-20 03:00:00,1,6215.9,6243.26
2018-01-20 03:30:00,1,6158.42,6236.5
2018-01-20 04:00:00,1,6187.01,6175.25
2018-01-20 04:30:00,1,6226.97,6168.47
2018-01-20 05:00:00,1,6320.6,6326.03
2018-01-20 05:30:00,1,6422.44,6388.34
2018-01-20 06:00:00,1,6588.95,6594.31
2018-01-20 06:30:00,1,6785.18,6778.54
2018-01-20 07:00:00,1,6992.17,6996.84
2018-01-20 07:30:00,1,7264.24,7322.19
2018-01-20 08:00:00,1,7499.45,7474.07
2018-01-20 08:30:00,1,7764.43,7683.55
2018-01-20 09:00:00,1,7845.24,7894.42
2018-01-20 09:30:00,1,7919.5,8117.63
2018-01-20 10:00:00,1,8051.76,8253.13
2018-01-20 10:30:00,1,8181.05,8471.06
2018-01-20 11:00:00,1,8390.49,8272.88
2018-01-20 11:30:00,1,8497.01,8463.85
2018-01-20 12:00:00,1,8672.3,8635.44
2018-01-20 12:30:00,1,8900.31,9019.53
2018-01-20 13:00:00,1,9110.19,9228.73
2018-01-20 13:30:00,1,9310.55,9320.03
2018-01-20 14:00:00,1,9483.2,9519.09
2018-01-20 14:30:00,1,9686.56,9804.95
2018-01-20 15:00:00,1,9826.6,9950.97
2018-01-20 15:30:00,1,9939.47,10051.94
2018-01-20 16:00:00,1,9960.26,10133.38
2018-01-20 16:30:00,1,9925.71,10148.8
2018-01-20 17:00:00,1,9947.59,10037.13
2018-01-20 17:30:00,1,9901.24,9891.15
2018-01-20 18:00:00,1,9846.62,9791.36
2018-01-20 18:30:00,1,9623.73,9707.62
2018-01-20 19:00:00,1,9367.33,9510.1
2018-01-20 19:30:00,1,9192.61,9350.67
2018-01-20 20:00:00,1,9129.57,9231.25
2018-01-20 20:30:00,1,8959.53,8925.28
2018-01-20 21:00:00,1,8685.62,8704.29
2018-01-20 21:30:00,1,8470.0,8529.99
2018-01-20 22:00:00,1,8249.05,8280.23
2018-01-20 22:30:00,1,8118.24,8063.97
2018-01-20 23:00:00,1,7750.07,7783.36
2018-01-20 23:30:00,1,7535.98,7515.79
2018-01-22 00:00:00,1,7381.58,7460.63
2018-01-22 00:30:00,1,7127.57,7242.39
2018-01-22 01:00:00,1,6965.96,6950.13
2018-01-22 01:30:00,1,6709.57,6706.55
2018-01-22 02:00:00,1,6573.97,6588.08
2018-01-22 02:30:00,1,6487.78,6524.13
2018-01-22 03:00:00,1,6449.08,6486.44
2018-01-22 03:30:00,1,6398.31,6489.18
2018-01-22 04:00:00,1,6481.18,6494.52
2018-01-22 04:30:00,1,6705.65,6619.26
2018-01-22 05:00:00,1,6907.59,6835.96
2018-01-22 05:30:00,1,7274.28,7227.2
2018-01-22 06:00:00,1,7734.44,7695.76
2018-01-22 06:30:00,1,8172.42,8042.87
2018-01-22 07:00:00,1,8533.08,8475.9
2018-01-22 07:30:00,1,8774.65,8859.47
2018-01-22 08:00:00,1,9010.5,8979.07
2018-01-22 08:30:00,1,9261.07,9269.61
2018-01-22 09:00:00,1,9435.26,9466.72
2018-01-22 09:30:00,1,9715.7,9525.41
2018-01-22 10:00:00,1,9996.32,9757.4
2018-01-22 10:30:00,1,10205.65,10162.77
2018-01-22 11:00:00,1,10468.95,10492.94
2018-01-22 11:30:00,1,10709.91,10677.32
2018-01-22 12:00:00,1,11044.67,10981.4
2018-01-22 12:30:00,1,11272.31,11299.81
2018-01-22 13:00:00,1,11599.24,11554.18
2018-01-22 13:30:00,1,11712.78,11744.74
2018-01-22 14:00:00,1,11928.56,12070.77
2018-01-22 14:30:00,1,12112.34,12045.3
2018-01-22 15:00:00,1,12305.5,12284.73
2018-01-22 15:30:00,1,12426.46,12467.12
2018-01-22 16:00:00,1,12494.58,12523.77
2018-01-22 16:30:00,1,12403.1,12490.97
2018-01-22 17:00:00,1,12221.02,12364.07
2018-01-22 17:30:00,1,11795.45,11930.21
2018-01-22 18:00:00,1,11568.05,11577.96
2018-01-22 18:30:00,1,11236.74,11200.69
2018-01-22 19:00:00,1,10881.57,10854.72
2018-01-22 19:30:00,1,10654.03,10778.21
2018-01-22 20:00:00,1,10486.26,10549.1
2018-01-22 20:30:00,1,10162.48,10213.97
2018-01-22 21:00:00,1,9756.58,9730.72
2018-01-22 21:30:00,1,9404.53,9441.31
2018-01-22 22:00:00,1,9063.06,9075.54
2018-01-22 22:30:00,1,8790.08,8662.47
2018-01-22 23:00:00,1,8485.78,8456.21
2018-01-22 23:30:00,1,8123.24,8219.61
2018-01-24 00:00:00,1,7886.45,7964.11
2018-01-24 00:30:00,1,7750.49,7725.98
2018-01-24 01:00:00,1,7483.0,7452.83
2018-01-24 01:30:00,1,7174.32,7224.39
2018-01-24 02:00:00,1,6907.25,6961.52
2018-01-24 02:30:00,1,6764.62,6856.01
2018-01-24 03:00:00,1,6703.03,6699.64
2018-01-24 03:30:00,1,6705.95,6705.26
2018-01-24 04:00:00,1,6751.82,6765.75
2018-01-24 04:30:00,1,6977.01,6921.76
2018-01-24 05:00:00,1,7195.31,7161.01
2018-01-24 05:30:00,1,7605.89,7651.35
2018-01-24 06:00:00,1,7921.44,8028.67
2018-01-24 06:30:00,1,8287.95,8391.61
2018-01-24 07:00:00,1,8650.43,8686.77
2018-01-24 07:30:00,1,8962.57,8909.36
2018-01-24 08:00:00,1,9171.04,9164.96
2018-01-24 08:30:00,1,9455.34,9464.78
2018-01-24 09:00:00,1,9663.67,9661.87
2018-01-24 09:30:00,1,9847.21,9832.48
2018-01-24 10:00:00,1,9962.65,10000.05
2018-01-24 10:30:00,1,10152.97,10166.7
2018-01-24 11:00:00,1,10379.75,10334.66
2018-01-24 11:30:00,1,10482.86,10483.83
2018-01-24 12:00:00,1,10744.5,10713.26
2018-01-24 12:30:00,1,10956.53,10828.09
2018-01-24 13:00:00,1,11052.72,11183.09
2018-01-24 13:30:00,1,11136.79,11314.14
2018-01-24 14:00:00,1,11332.76,11247.11
2018-01-24 14:30:00,1,11430.26,11322.99
2018-01-24 15:00:00,1,11557.21,11571.1
2018-01-24 15:30:00,1,11587.96,11636.11
2018-01-24 16:00:00,1,11587.92,11716.08
2018-01-24 16:30:00,1,11397.7,11544.82
2018-01-24 17:00:00,1,11261.01,11358.48
2018-01-24 17:30:00,1,10970.19,10923.64
2018-01-24 18:00:00,1,10809.74,10691.54
2018-01-24 18:30:00,1,10533.35,10536.8
2018-01-24 19:00:00,1,10326.25,10329.92
2018-01-24 19:30:00,1,10231.28,10196.72
2018-01-24 20:00:00,1,10115.34,10183.38
2018-01-24 20:30:00,1,9883.52,9877.18
2018-01-24 21:00:00,1,9522.25,9498.45
2018-01-24 21:30:00,1,9373.73,9350.22
2018-01-24 22:00:00,1,9037.46,9038.81
2018-01-24 22:30:00,1,8853.45,8831.77
2018-01-24 23:00:00,1,8565.66,8549.03
2018-01-24 23:30:00,1,8252.71,8286.9
2018-01-30 00:00:00,1,7921.02,8040.86
2018-01-30 00:30:00,1,7683.31,7758.41
2018-01-30 01:00:00,1,7458.81,7500.82
2018-01-30 01:30:00,1,7139.55,7166.95
2018-01-30 02:00:00,1,6917.92,6943.36
2018-01-30 02:30:00,1,6780.16,6797.98
2018-01-30 03:00:00,1,6753.41,6708.35
2018-01-30 03:30:00,1,6778.22,6707.14
2018-01-30 04:00:00,1,6797.28,6776.07
2018-01-30 04:30:00,1,6983.03,6976.56
2018-01-30 05:00:00,1,7180.79,7256.52
2018-01-30 05:30:00,1,7631.94,7704.44
2018-01-30 06:00:00,1,8079.11,8106.04
2018-01-30 06:30:00,1,8484.46,8469.99
2018-01-30 07:00:00,1,8837.47,8922.45
2018-01-30 07:30:00,1,9128.66,9014.69
2018-01-30 08:00:00,1,9222.36,9150.76
2018-01-30 08:30:00,1,9371.19,9425.45
2018-01-30 09:00:00,1,9555.57,9515.18
2018-01-30 09:30:00,1,9681.65,9627.84
2018-01-30 10:00:00,1,9836.76,9876.74
2018-01-30 10:30:00,1,9978.01,9977.39
2018-01-30 11:00:00,1,10065.95,10096.15
2018-01-30 11:30:00,1,10142.73,10228.84
2018-01-30 12:00:00,1,10333.17,10287.7
2018-01-30 12:30:00,1,10495.4,10456.95
2018-01-30 13:00:00,1,10663.05,10682.22
2018-01-30 13:30:00,1,10893.83,10805.32
2018-01-30 14:00:00,1,11066.38,10971.25
2018-01-30 14:30:00,1,11250.31,11184.74
2018-01-30 15:00:00,1,11529.25,11412.27
2018-01-30 15:30:00,1,11711.01,11589.76
2018-01-30 16:00:00,1,11810.61,11890.99
2018-01-30 16:30:00,1,11869.42,11892.47
2018-01-30 17:00:00,1,11708.59,11890.38
2018-01-30 17:30:00,1,11373.28,11671.69
2018-01-30 18:00:00,1,11223.65,11193.41
2018-01-30 18:30:00,1,10933.14,10904.28
2018-01-30 19:00:00,1,10591.4,10693.81
2018-01-30 19:30:00,1,10442.4,10507.5
2018-01-30 20:00:00,1,10187.17,10313.04
2018-01-30 20:30:00,1,9855.65,9955.8
2018-01-30 21:00:00,1,9413.95,9463.62
2018-01-30 21:30:00,1,9069.77,9188.23
2018-01-30 22:00:00,1,8639.96,8811.14
2018-01-30 22:30:00,1,8455.86,8451.18
2018-01-30 23:00:00,1,8128.73,8098.85
2018-01-30 23:30:00,1,7846.59,7876.97
2018-02-14 00:00:00,1,7973.29,8005.47
2018-02-14 00:30:00,1,7795.85,7793.23
2018-02-14 01:00:00,1,7538.16,7585.6
2018-02-14 01:30:00,1,7218.59,7329.5
2018-02-14 02:00:00,1,6994.62,7071.19
2018-02-14 02:30:00,1,6802.93,6888.13
2018-02-14 03:00:00,1,6734.69,6743.54
2018-02-14 03:30:00,1,6723.44,6662.61
2018-02-14 04:00:00,1,6783.76,6755.12
2018-02-14 04:30:00,1,6996.1,6972.11
2018-02-14 05:00:00,1,7263.97,7259.85
2018-02-14 05:30:00,1,7800.99,7828.24
2018-02-14 06:00:00,1,8258.86,8306.24
2018-02-14 06:30:00,1,8756.13,8674.03
2018-02-14 07:00:00,1,9102.6,9121.12
2018-02-14 07:30:00,1,9306.75,9409.58
2018-02-14 08:00:00,1,9403.5,9401.08
2018-02-14 08:30:00,1,9576.01,9409.79
2018-02-14 09:00:00,1,9616.96,9526.23
2018-02-14 09:30:00,1,9704.63,9757.17
2018-02-14 10:00:00,1,9745.3,9750.59
2018-02-14 10:30:00,1,9961.84,9867.36
2018-02-14 11:00:00,1,10162.77,9945.2
2018-02-14 11:30:00,1,10366.92,10192.21
2018-02-14 12:00:00,1,10523.72,10412.38
2018-02-14 12:30:00,1,10766.32,10821.89
2018-02-14 13:00:00,1,11041.23,10952.4
2018-02-14 13:30:00,1,11243.36,11038.13
2018-02-14 14:00:00,1,11402.28,11258.91
2018-02-14 14:30:00,1,11682.29,11516.43
2018-02-14 15:00:00,1,12057.75,11791.87
2018-02-14 15:30:00,1,12427.63,12099.73
2018-02-14 16:00:00,1,12679.9,12209.59
2018-02-14 16:30:00,1,12766.55,12736.54
2018-02-14 17:00:00,1,12846.15,12918.12
2018-02-14 17:30:00,1,12753.25,12631.0
2018-02-14 18:00:00,1,12620.28,12509.46
2018-02-14 18:30:00,1,12286.53,12482.98
2018-02-14 19:00:00,1,11887.37,12148.72
2018-02-14 19:30:00,1,11685.88,11932.86
2018-02-14 20:00:00,1,11354.88,11517.15
2018-02-14 20:30:00,1,10821.68,11023.34
2018-02-14 21:00:00,1,10145.4,10483.75
2018-02-14 21:30:00,1,9670.45,9940.67
2018-02-14 22:00:00,1,9157.85,9286.85
2018-02-14 22:30:00,1,8795.72,8803.34
2018-02-14 23:00:00,1,8459.92,8427.07
2018-02-14 23:30:00,1,8134.59,8050.9
2018-02-24 00:00:00,1,7707.38,7726.46
2018-02-24 00:30:00,1,7489.05,7479.64
2018-02-24 01:00:00,1,7245.53,7244.41
2018-02-24 01:30:00,1,6929.7,6962.69
2018-02-24 02:00:00,1,6713.36,6743.64
2018-02-24 02:30:00,1,6460.08,6553.27
2018-02-24 03:00:00,1,6410.69,6469.89
2018-02-24 03:30:00,1,6349.3,6346.6
2018-02-24 04:00:00,1,6335.79,6351.24
2018-02-24 04:30:00,1,6425.26,6405.9
2018-02-24 05:00:00,1,6507.55,6515.18
2018-02-24 05:30:00,1,6689.2,6749.24
2018-02-24 06:00:00,1,6850.4,6884.48
2018-02-24 06:30:00,1,7108.1,7101.74
2018-02-24 07:00:00,1,7396.8,7347.44
2018-02-24 07:30:00,1,7706.47,7613.79
2018-02-24 08:00:00,1,7919.85,7808.31
2018-02-24 08:30:00,1,8117.72,8160.08
2018-02-24 09:00:00,1,8163.8,8282.36
2018-02-24 09:30:00,1,8396.74,8380.65
2018-02-24 10:00:00,1,8534.67,8366.43
2018-02-24 10:30:00,1,8692.79,8676.6
2018-02-24 11:00:00,1,8928.52,8853.32
2018-02-24 11:30:00,1,9029.28,9042.49
2018-02-24 12:00:00,1,9304.38,9352.24
2018-02-24 12:30:00,1,9628.06,9411.36
2018-02-24 13:00:00,1,9877.91,9768.78
2018-02-24 13:30:00,1,9984.41,10115.24
2018-02-24 14:00:00,1,10148.7,10299.28
2018-02-24 14:30:00,1,10213.17,10360.58
2018-02-24 15:00:00,1,10342.9,10496.63
2018-02-24 15:30:00,1,10439.2,10508.35
2018-02-24 16:00:00,1,10406.5,10504.72
2018-02-24 16:30:00,1,10293.09,10419.31
2018-02-24 17:00:00,1,10416.26,10268.32
2018-02-24 17:30:00,1,10393.34,10147.59
2018-02-24 18:00:00,1,10361.3,10277.32
2018-02-24 18:30:00,1,10146.53,10133.03
2018-02-24 19:00:00,1,10008.39,10136.79
2018-02-24 19:30:00,1,9942.92,9905.69
2018-02-24 20:00:00,1,9642.8,9699.22
2018-02-24 20:30:00,1,9596.19,9525.88
2018-02-24 21:00:00,1,9362.67,9246.25
2018-02-24 21:30:00,1,9120.51,9205.2
2018-02-24 22:00:00,1,8900.9,8908.48
2018-02-24 22:30:00,1,8700.24,8648.59
2018-02-24 23:00:00,1,8361.48,8429.81
2018-02-24 23:30:00,1,8058.32,8129.97
2018-03-15 00:00:00,1,7358.02,7419.75
2018-03-15 00:30:00,1,7189.69,7217.49
2018-03-15 01:00:00,1,7020.25,7016.32
2018-03-15 01:30:00,1,6713.77,6739.65
2018-03-15 02:00:00,1,6505.99,6524.8
2018-03-15 02:30:00,1,6408.7,6391.42
2018-03-15 03:00:00,1,6341.52,6346.93
2018-03-15 03:30:00,1,6313.55,6360.75
2018-03-15 04:00:00,1,6392.8,6413.33
2018-03-15 04:30:00,1,6591.44,6587.02
2018-03-15 05:00:00,1,6867.48,6849.69
2018-03-15 05:30:00,1,7403.71,7339.79
2018-03-15 06:00:00,1,7837.41,7799.39
2018-03-15 06:30:00,1,8117.15,8225.67
2018-03-15 07:00:00,1,8379.57,8497.04
2018-03-15 07:30:00,1,8416.11,8450.48
2018-03-15 08:00:00,1,8447.67,8487.09
2018-03-15 08:30:00,1,8545.33,8420.33
2018-03-15 09:00:00,1,8657.23,8549.4
2018-03-15 09:30:00,1,8685.61,8779.42
2018-03-15 10:00:00,1,8756.52,8800.41
2018-03-15 10:30:00,1,8782.07,8813.12
2018-03-15 11:00:00,1,8866.64,8885.09
2018-03-15 11:30:00,1,8949.56,8979.21
2018-03-15 12:00:00,1,9089.92,9078.65
2018-03-15 12:30:00,1,9261.29,9227.51
2018-03-15 13:00:00,1,9426.91,9419.91
2018-03-15 13:30:00,1,9616.22,9634.89
2018-03-15 14:00:00,1,9793.74,9820.69
2018-03-15 14:30:00,1,9967.06,10035.32
2018-03-15 15:00:00,1,10257.4,10284.94
2018-03-15 15:30:00,1,10425.88,10454.18
2018-03-15 16:00:00,1,10558.21,10630.65
2018-03-15 16:30:00,1,10562.3,10562.0
2018-03-15 17:00:00,1,10519.76,10560.39
2018-03-15 17:30:00,1,10197.85,10434.33
2018-03-15 18:00:00,1,10099.58,10188.95
2018-03-15 18:30:00,1,9909.72,9778.29
2018-03-15 19:00:00,1,9856.89,9878.64
2018-03-15 19:30:00,1,9634.27,9633.86
2018-03-15 20:00:00,1,9363.69,9388.71
2018-03-15 20:30:00,1,9018.1,9068.54
2018-03-15 21:00:00,1,8666.96,8749.9
2018-03-15 21:30:00,1,8482.26,8508.61
2018-03-15 22:00:00,1,8191.53,8178.64
2018-03-15 22:30:00,1,8085.57,8043.91
2018-03-15 23:00:00,1,7921.6,7895.02
2018-03-15 23:30:00,1,7678.98,7661.75
2018-03-17 00:00:00,1,7378.77,7467.46
2018-03-17 00:30:00,1,7189.38,7208.17
2018-03-17 01:00:00,1,6984.07,6982.79
2018-03-17 01:30:00,1,6643.73,6708.77
2018-03-17 02:00:00,1,6359.48,6443.03
2018-03-17 02:30:00,1,6278.74,6250.62
2018-03-17 03:00:00,1,6199.72,6160.53
2018-03-17 03:30:00,1,6102.5,6175.14
2018-03-17 04:00:00,1,6126.58,6176.54
2018-03-17 04:30:00,1,6189.25,6202.43
2018-03-17 05:00:00,1,6266.13,6279.34
2018-03-17 05:30:00,1,6516.59,6494.01
2018-03-17 06:00:00,1,6718.17,6727.78
2018-03-17 06:30:00,1,6893.46,6980.6
2018-03-17 07:00:00,1,7229.22,7217.47
2018-03-17 07:30:00,1,7502.19,7369.91
2018-03-17 08:00:00,1,7650.9,7744.25
2018-03-17 08:30:00,1,7902.56,7902.12
2018-03-17 09:00:00,1,7953.58,7832.58
2018-03-17 09:30:00,1,7989.31,8052.45
2018-03-17 10:00:00,1,8045.96,8058.85
2018-03-17 10:30:00,1,8037.12,8068.49
2018-03-17 11:00:00,1,8179.0,8173.06
2018-03-17 11:30:00,1,8258.95,8128.17
2018-03-17 12:00:00,1,8361.54,8345.84
2018-03-17 12:30:00,1,8522.83,8515.7
2018-03-17 13:00:00,1,8707.32,8582.43
2018-03-17 13:30:00,1,8928.82,8725.29
2018-03-17 14:00:00,1,9120.09,9034.16
2018-03-17 14:30:00,1,9355.58,9451.7
2018-03-17 15:00:00,1,9615.09,9609.65
2018-03-17 15:30:00,1,9775.25,9805.76
2018-03-17 16:00:00,1,9942.38,9953.38
2018-03-17 16:30:00,1,9958.65,9915.69
2018-03-17 17:00:00,1,9946.75,10029.65
2018-03-17 17:30:00,1,9814.56,9950.11
2018-03-17 18:00:00,1,9610.95,9727.36
2018-03-17 18:30:00,1,9372.5,9638.31
2018-03-17 19:00:00,1,9313.75,9345.81
2018-03-17 19:30:00,1,9147.74,8905.01
2018-03-17 20:00:00,1,8834.85,8825.2
2018-03-17 20:30:00,1,8616.73,8704.36
2018-03-17 21:00:00,1,8389.98,8457.55
2018-03-17 21:30:00,1,8194.17,8327.94
2018-03-17 22:00:00,1,8013.7,8103.44
2018-03-17 22:30:00,1,7941.35,7865.57
2018-03-17 23:00:00,1,7628.07,7605.24
2018-03-17 23:30:00,1,7318.21,7444.03
2018-03-18 00:00:00,1,7118.88,7259.6
2018-03-18 00:30:00,1,6967.37,6995.37
2018-03-18 01:00:00,1,6782.19,6768.75
2018-03-18 01:30:00,1,6448.43,6449.66
2018-03-18 02:00:00,1,6241.29,6261.13
2018-03-18 02:30:00,1,6091.66,6100.54
2018-03-18 03:00:00,1,6010.07,6054.55
2018-03-18 03:30:00,1,5946.84,6019.22
2018-03-18 04:00:00,1,5975.24,5954.46
2018-03-18 04:30:00,1,6008.22,6014.4
2018-03-18 05:00:00,1,6039.41,6131.98
2018-03-18 05:30:00,1,6143.79,6188.54
2018-03-18 06:00:00,1,6246.66,6354.63
2018-03-18 06:30:00,1,6394.78,6520.28
2018-03-18 07:00:00,1,6580.43,6608.57
2018-03-18 07:30:00,1,6807.45,6696.77
2018-03-18 08:00:00,1,6984.55,7018.04
2018-03-18 08:30:00,1,7232.89,7211.15
2018-03-18 09:00:00,1,7418.75,7455.76
2018-03-18 09:30:00,1,7663.87,7701.85
2018-03-18 10:00:00,1,7873.45,7947.14
2018-03-18 10:30:00,1,8111.15,8230.66
2018-03-18 11:00:00,1,8416.84,8577.91
2018-03-18 11:30:00,1,8689.46,8950.15
2018-03-18 12:00:00,1,9046.99,8712.82
2018-03-18 12:30:00,1,9367.74,9096.84
2018-03-18 13:00:00,1,9706.08,9393.1
2018-03-18 13:30:00,1,9974.82,9767.04
2018-03-18 14:00:00,1,10216.28,10048.3
2018-03-18 14:30:00,1,10557.43,10313.3
2018-03-18 15:00:00,1,10820.46,10619.13
2018-03-18 15:30:00,1,11074.34,10857.01
2018-03-18 16:00:00,1,11318.04,11110.68
2018-03-18 16:30:00,1,11430.33,11274.04
2018-03-18 17:00:00,1,11568.13,11427.42
2018-03-18 17:30:00,1,11615.92,11625.81
2018-03-18 18:00:00,1,11526.38,11349.95
2018-03-18 18:30:00,1,11347.41,11515.14
2018-03-18 19:00:00,1,11231.73,11406.12
2018-03-18 19:30:00,1,10895.82,10775.27
2018-03-18 20:00:00,1,10534.57,10724.74
2018-03-18 20:30:00,1,10117.74,10359.36
2018-03-18 21:00:00,1,9560.3,9931.69
2018-03-18 21:30:00,1,9091.1,9440.87
2018-03-18 22:00:00,1,8622.94,8733.79
2018-03-18 22:30:00,1,8323.57,8296.08
2018-03-18 23:00:00,1,7952.73,7926.1
2018-03-18 23:30:00,1,7661.77,7660.21
2018-03-19 00:00:00,1,7476.85,7488.99
2018-03-19 00:30:00,1,7291.41,7310.12
2018-03-19 01:00:00,1,7097.68,7133.43
2018-03-19 01:30:00,1,6812.29,6869.29
2018-03-19 02:00:00,1,6629.0,6640.49
2018-03-19 02:30:00,1,6486.03,6538.22
2018-03-19 03:00:00,1,6397.25,6494.93
2018-03-19 03:30:00,1,6429.15,6448.31
2018-03-19 04:00:00,1,6491.71,6460.49
2018-03-19 04:30:00,1,6694.72,6685.23
2018-03-19 05:00:00,1,6969.64,6922.93
2018-03-19 05:30:00,1,7507.77,7432.19
2018-03-19 06:00:00,1,7943.43,7949.95
2018-03-19 06:30:00,1,8372.5,8346.97
2018-03-19 07:00:00,1,8642.7,8635.74
2018-03-19 07:30:00,1,8820.7,8846.64
2018-03-19 08:00:00,1,8775.63,8797.48
2018-03-19 08:30:00,1,8932.48,8890.51
2018-03-19 09:00:00,1,9031.97,8900.31
2018-03-19 09:30:00,1,8998.77,9020.76
2018-03-19 10:00:00,1,8958.28,9128.03
2018-03-19 10:30:00,1,8925.35,8960.48
2018-03-19 11:00:00,1,9011.18,8945.04
2018-03-19 11:30:00,1,9129.69,8996.25
2018-03-19 12:00:00,1,9303.85,9135.39
2018-03-19 12:30:00,1,9476.17,9397.76
2018-03-19 13:00:00,1,9747.5,9637.64
2018-03-19 13:30:00,1,9945.16,9848.51
2018-03-19 14:00:00,1,10136.59,10102.98
2018-03-19 14:30:00,1,10320.37,10319.6
2018-03-19 15:00:00,1,10625.3,10546.19
2018-03-19 15:30:00,1,10854.75,10739.47
2018-03-19 16:00:00,1,11071.48,11045.54
2018-03-19 16:30:00,1,11139.84,11178.26
2018-03-19 17:00:00,1,11144.14,11274.43
2018-03-19 17:30:00,1,10967.14,11077.64
2018-03-19 18:00:00,1,10701.81,10828.72
2018-03-19 18:30:00,1,10491.05,10749.9
2018-03-19 19:00:00,1,10366.86,10352.21
2018-03-19 19:30:00,1,10017.01,9944.64
2018-03-19 20:00:00,1,9689.08,9761.98
2018-03-19 20:30:00,1,9283.99,9374.81
2018-03-19 21:00:00,1,8941.54,9004.11
2018-03-19 21:30:00,1,8754.64,8720.74
2018-03-19 22:00:00,1,8408.74,8463.16
2018-03-19 22:30:00,1,8285.09,8279.96
2018-03-19 23:00:00,1,7979.82,8019.4
2018-03-19 23:30:00,1,7705.64,7798.08
2018-03-25 00:00:00,1,6713.59,6733.2
2018-03-25 00:30:00,1,6559.05,6578.79
2018-03-25 01:00:00,1,6409.53,6406.22
2018-03-25 01:30:00,1,6136.88,6111.07
2018-03-25 02:00:00,1,5906.3,5896.6
2018-03-25 02:30:00,1,5794.07,5796.87
2018-03-25 03:00:00,1,5705.61,5761.42
2018-03-25 03:30:00,1,5671.8,5734.18
2018-03-25 04:00:00,1,5668.38,5674.78
2018-03-25 04:30:00,1,5656.58,5741.97
2018-03-25 05:00:00,1,5682.62,5792.14
2018-03-25 05:30:00,1,5866.23,5849.54
2018-03-25 06:00:00,1,5975.16,6000.71
2018-03-25 06:30:00,1,6150.81,6251.04
2018-03-25 07:00:00,1,6364.25,6381.08
2018-03-25 07:30:00,1,6630.49,6543.67
2018-03-25 08:00:00,1,6845.72,6889.76
2018-03-25 08:30:00,1,7020.68,6995.84
2018-03-25 09:00:00,1,7129.81,7170.31
2018-03-25 09:30:00,1,7203.09,7313.97
2018-03-25 10:00:00,1,7184.42,7343.26
2018-03-25 10:30:00,1,7278.38,7343.48
2018-03-25 11:00:00,1,7369.04,7355.22
2018-03-25 11:30:00,1,7413.02,7465.19
2018-03-25 12:00:00,1,7473.45,7606.89
2018-03-25 12:30:00,1,7661.19,7593.03
2018-03-25 13:00:00,1,7827.98,7587.6
2018-03-25 13:30:00,1,7957.13,7894.79
2018-03-25 14:00:00,1,8064.58,8083.42
2018-03-25 14:30:00,1,8243.7,8163.83
2018-03-25 15:00:00,1,8377.11,8309.34
2018-03-25 15:30:00,1,8449.84,8666.85
2018-03-25 16:00:00,1,8612.36,8725.56
2018-03-25 16:30:00,1,8670.27,8681.87
2018-03-25 17:00:00,1,8777.68,8843.74
2018-03-25 17:30:00,1,8778.14,8862.49
2018-03-25 18:00:00,1,8721.8,8746.2
2018-03-25 18:30:00,1,8688.51,8830.13
2018-03-25 19:00:00,1,8519.57,8674.59
2018-03-25 19:30:00,1,8250.76,8315.39
2018-03-25 20:00:00,1,7967.4,7976.15
2018-03-25 20:30:00,1,7723.28,7751.16
2018-03-25 21:00:00,1,7405.14,7522.68
2018-03-25 21:30:00,1,7231.58,7299.45
2018-03-25 22:00:00,1,7078.37,7117.46
2018-03-25 22:30:00,1,6980.22,6983.95
2018-03-25 23:00:00,1,6806.86,6813.14
2018-03-25 23:30:00,1,6632.09,6685.57
2018-04-01 00:00:00,1,6775.9,6863.87
2018-04-01 00:30:00,1,6598.45,6716.59
2018-04-01 01:00:00,1,6428.87,6530.79
2018-04-01 01:30:00,1,6158.19,6330.16
2018-04-01 02:00:00,1,6012.85,6067.12
2018-04-01 02:30:00,1,5856.6,5813.61
2018-04-01 03:00:00,1,5778.69,5691.06
2018-04-01 03:30:00,1,5754.54,5596.15
2018-04-01 04:00:00,1,5653.22,5625.92
2018-04-01 04:30:00,1,5673.75,5708.02
2018-04-01 05:00:00,1,5670.34,5583.17
2018-04-01 05:30:00,1,5773.96,5729.3
2018-04-01 06:00:00,1,5802.34,5865.35
2018-04-01 06:30:00,1,5918.79,6026.13
2018-04-01 07:00:00,1,6127.28,6243.08
2018-04-01 07:30:00,1,6356.33,6334.19
2018-04-01 08:00:00,1,6545.05,6721.84
2018-04-01 08:30:00,1,6744.82,6895.2
2018-04-01 09:00:00,1,6793.1,6760.54
2018-04-01 09:30:00,1,6804.46,6889.4
2018-04-01 10:00:00,1,6835.57,6813.29
2018-04-01 10:30:00,1,6828.17,6792.42
2018-04-01 11:00:00,1,6878.0,6941.05
2018-04-01 11:30:00,1,6889.73,6916.1
2018-04-01 12:00:00,1,6997.03,7060.04
2018-04-01 12:30:00,1,7208.89,7037.91
2018-04-01 13:00:00,1,7322.84,7136.25
2018-04-01 13:30:00,1,7436.66,7456.41
2018-04-01 14:00:00,1,7563.41,7639.03
2018-04-01 14:30:00,1,7690.51,7770.94
2018-04-01 15:00:00,1,7880.26,7887.11
2018-04-01 15:30:00,1,8081.79,8004.55
2018-04-01 16:00:00,1,8246.9,8253.68
2018-04-01 16:30:00,1,8413.03,8484.35
2018-04-01 17:00:00,1,8577.88,8596.48
2018-04-01 17:30:00,1,8556.96,8696.97
2018-04-01 18:00:00,1,8532.42,8840.72
2018-04-01 18:30:00,1,8672.46,8803.66
2018-04-01 19:00:00,1,8613.05,8570.0
2018-04-01 19:30:00,1,8410.65,8335.02
2018-04-01 20:00:00,1,8240.03,8109.21
2018-04-01 20:30:00,1,7987.01,8045.97
2018-04-01 21:00:00,1,7804.12,8006.24
2018-04-01 21:30:00,1,7645.52,7645.46
2018-04-01 22:00:00,1,7546.94,7439.33
2018-04-01 22:30:00,1,7451.9,7512.1
2018-04-01 23:00:00,1,7247.68,7323.0
2018-04-01 23:30:00,1,7114.67,7154.72
2018-04-02 00:00:00,1,6944.39,7070.06
2018-04-02 00:30:00,1,6837.28,6877.63
2018-04-02 01:00:00,1,6600.77,6663.54
2018-04-02 01:30:00,1,6367.75,6542.69
2018-04-02 02:00:00,1,6174.27,6274.03
2018-04-02 02:30:00,1,5968.64,5977.64
2018-04-02 03:00:00,1,5829.62,5831.97
2018-04-02 03:30:00,1,5776.16,5766.01
2018-04-02 04:00:00,1,5767.13,5711.83
2018-04-02 04:30:00,1,5801.68,5743.33
2018-04-02 05:00:00,1,5801.94,5816.51
2018-04-02 05:30:00,1,5908.34,5887.71
2018-04-02 06:00:00,1,6022.98,5938.29
2018-04-02 06:30:00,1,6106.82,6099.87
2018-04-02 07:00:00,1,6283.58,6187.28
2018-04-02 07:30:00,1,6461.02,6403.6
2018-04-02 08:00:00,1,6600.5,6717.01
2018-04-02 08:30:00,1,6774.78,6976.03
2018-04-02 09:00:00,1,6979.13,7034.46
2018-04-02 09:30:00,1,7137.62,7130.68
2018-04-02 10:00:00,1,7219.69,7248.82
2018-04-02 10:30:00,1,7386.71,7354.58
2018-04-02 11:00:00,1,7434.72,7354.08
2018-04-02 11:30:00,1,7496.79,7520.8
2018-04-02 12:00:00,1,7564.79,7554.63
2018-04-02 12:30:00,1,7659.5,7657.91
2018-04-02 13:00:00,1,7847.63,7726.77
2018-04-02 13:30:00,1,8047.96,7883.5
2018-04-02 14:00:00,1,8242.79,8116.73
2018-04-02 14:30:00,1,8399.02,8403.54
2018-04-02 15:00:00,1,8650.59,8746.75
2018-04-02 15:30:00,1,8676.75,8801.76
2018-04-02 16:00:00,1,8651.52,9020.31
2018-04-02 16:30:00,1,8777.3,8831.02
2018-04-02 17:00:00,1,8751.4,8734.73
2018-04-02 17:30:00,1,8788.47,8836.1
2018-04-02 18:00:00,1,8873.96,8798.49
2018-04-02 18:30:00,1,8925.76,9088.51
2018-04-02 19:00:00,1,8790.1,8836.27
2018-04-02 19:30:00,1,8468.98,8451.56
2018-04-02 20:00:00,1,8254.06,8188.39
2018-04-02 20:30:00,1,7989.56,7956.45
2018-04-02 21:00:00,1,7786.95,7826.83
2018-04-02 21:30:00,1,7639.33,7572.54
2018-04-02 22:00:00,1,7463.12,7439.13
2018-04-02 22:30:00,1,7435.26,7496.67
2018-04-02 23:00:00,1,7262.35,7346.09
2018-04-02 23:30:00,1,7247.69,7290.82
2018-04-09 00:00:00,1,7006.79,7090.41
2018-04-09 00:30:00,1,6871.8,6917.26
2018-04-09 01:00:00,1,6668.54,6761.74
2018-04-09 01:30:00,1,6472.94,6573.2
2018-04-09 02:00:00,1,6346.49,6344.1
2018-04-09 02:30:00,1,6077.01,6133.32
2018-04-09 03:00:00,1,5946.97,5986.67
2018-04-09 03:30:00,1,5846.59,5876.12
2018-04-09 04:00:00,1,5832.12,5862.89
2018-04-09 04:30:00,1,5876.94,5921.7
2018-04-09 05:00:00,1,6002.48,6025.25
2018-04-09 05:30:00,1,6251.31,6258.3
2018-04-09 06:00:00,1,6544.42,6572.6
2018-04-09 06:30:00,1,7073.33,7023.3
2018-04-09 07:00:00,1,7485.2,7463.95
2018-04-09 07:30:00,1,7692.38,7753.47
2018-04-09 08:00:00,1,7864.83,7903.02
2018-04-09 08:30:00,1,7985.39,7974.03
2018-04-09 09:00:00,1,8025.56,8058.51
2018-04-09 09:30:00,1,8112.81,8044.69
2018-04-09 10:00:00,1,8269.9,8059.05
2018-04-09 10:30:00,1,8283.16,8312.25
2018-04-09 11:00:00,1,8386.49,8432.27
2018-04-09 11:30:00,1,8431.9,8429.26
2018-04-09 12:00:00,1,8507.35,8647.68
2018-04-09 12:30:00,1,8653.24,8691.64
2018-04-09 13:00:00,1,8877.83,8810.85
2018-04-09 13:30:00,1,9101.34,8971.39
2018-04-09 14:00:00,1,9356.94,9258.25
2018-04-09 14:30:00,1,9512.83,9505.57
2018-04-09 15:00:00,1,9737.0,9845.78
2018-04-09 15:30:00,1,9688.19,9891.07
2018-04-09 16:00:00,1,9697.07,10063.95
2018-04-09 16:30:00,1,9680.58,9775.89
2018-04-09 17:00:00,1,9680.95,9636.8
2018-04-09 17:30:00,1,9572.99,9507.5
2018-04-09 18:00:00,1,9588.8,9703.4
2018-04-09 18:30:00,1,9568.68,9703.84
2018-04-09 19:00:00,1,9440.83,9366.83
2018-04-09 19:30:00,1,9065.13,9037.49
2018-04-09 20:00:00,1,8746.1,8804.57
2018-04-09 20:30:00,1,8586.6,8556.19
2018-04-09 21:00:00,1,8281.6,8271.14
2018-04-09 21:30:00,1,8108.17,8093.41
2018-04-09 22:00:00,1,7861.09,7822.46
2018-04-09 22:30:00,1,7822.24,7844.05
2018-04-09 23:00:00,1,7690.18,7699.61
2018-04-09 23:30:00,1,7571.1,7592.47
2018-04-12 00:00:00,1,7530.07,7544.48
2018-04-12 00:30:00,1,7312.52,7355.73
2018-04-12 01:00:00,1,7154.35,7219.97
2018-04-12 01:30:00,1,6916.61,6959.89
2018-04-12 02:00:00,1,6664.42,6742.78
2018-04-12 02:30:00,1,6443.31,6498.51
2018-04-12 03:00:00,1,6209.4,6281.35
2018-04-12 03:30:00,1,6074.3,6189.54
2018-04-12 04:00:00,1,6088.08,6070.57
2018-04-12 04:30:00,1,6158.64,6120.03
2018-04-12 05:00:00,1,6221.43,6304.62
2018-04-12 05:30:00,1,6489.01,6542.49
2018-04-12 06:00:00,1,6771.16,6817.25
2018-04-12 06:30:00,1,7208.74,7261.22
2018-04-12 07:00:00,1,7646.59,7641.73
2018-04-12 07:30:00,1,7821.48,7718.29
2018-04-12 08:00:00,1,8040.86,8019.82
2018-04-12 08:30:00,1,8235.51,8077.77
2018-04-12 09:00:00,1,8211.98,8218.4
2018-04-12 09:30:00,1,8409.15,8436.11
2018-04-12 10:00:00,1,8437.1,8352.21
2018-04-12 10:30:00,1,8528.7,8678.01
2018-04-12 11:00:00,1,8660.28,8632.33
2018-04-12 11:30:00,1,8753.02,8644.96
2018-04-12 12:00:00,1,8874.56,8898.93
2018-04-12 12:30:00,1,9021.45,9074.85
2018-04-12 13:00:00,1,9175.51,9201.91
2018-04-12 13:30:00,1,9379.06,9350.6
2018-04-12 14:00:00,1,9558.71,9524.86
2018-04-12 14:30:00,1,9774.94,9703.15
2018-04-12 15:00:00,1,9907.35,10008.52
2018-04-12 15:30:00,1,10072.25,10209.53
2018-04-12 16:00:00,1,10297.72,10156.58
2018-04-12 16:30:00,1,10358.5,10307.29
2018-04-12 17:00:00,1,10426.74,10564.69
2018-04-12 17:30:00,1,10187.59,10555.25
2018-04-12 18:00:00,1,10215.52,10554.42
2018-04-12 18:30:00,1,10332.67,10223.99
2018-04-12 19:00:00,1,10107.49,10002.48
2018-04-12 19:30:00,1,9760.19,9706.76
2018-04-12 20:00:00,1,9429.07,9430.48
2018-04-12 20:30:00,1,9162.29,9187.1
2018-04-12 21:00:00,1,8855.85,8913.21
2018-04-12 21:30:00,1,8579.53,8575.82
2018-04-12 22:00:00,1,8198.2,8297.17
2018-04-12 22:30:00,1,8196.83,8232.96
2018-04-12 23:00:00,1,7873.24,7905.07
2018-04-12 23:30:00,1,7797.65,7840.1
2018-04-13 00:00:00,1,7597.82,7575.7
2018-04-13 00:30:00,1,7434.15,7468.64
2018-04-13 01:00:00,1,7189.97,7322.02
2018-04-13 01:30:00,1,7002.77,7083.32
2018-04-13 02:00:00,1,6748.37,6820.36
2018-04-13 02:30:00,1,6435.15,6572.11
2018-04-13 03:00:00,1,6300.44,6341.9
2018-04-13 03:30:00,1,6176.59,6180.56
2018-04-13 04:00:00,1,6173.71,6174.43
2018-04-13 04:30:00,1,6179.01,6234.23
2018-04-13 05:00:00,1,6260.21,6383.8
2018-04-13 05:30:00,1,6516.81,6557.03
2018-04-13 06:00:00,1,6784.37,6797.96
2018-04-13 06:30:00,1,7249.81,7307.42
2018-04-13 07:00:00,1,7656.59,7657.24
2018-04-13 07:30:00,1,7934.72,7720.44
2018-04-13 08:00:00,1,8163.57,8156.65
2018-04-13 08:30:00,1,8296.1,8220.78
2018-04-13 09:00:00,1,8433.89,8448.58
2018-04-13 09:30:00,1,8579.02,8504.46
2018-04-13 10:00:00,1,8655.17,8740.3
2018-04-13 10:30:00,1,8819.69,8832.49
2018-04-13 11:00:00,1,8879.66,8849.45
2018-04-13 11:30:00,1,8972.24,8986.39
2018-04-13 12:00:00,1,9060.29,9088.21
2018-04-13 12:30:00,1,9191.78,9228.04
2018-04-13 13:00:00,1,9372.31,9281.04
2018-04-13 13:30:00,1,9498.54,9412.12
2018-04-13 14:00:00,1,9658.48,9564.56
2018-04-13 14:30:00,1,9721.01,9704.98
2018-04-13 15:00:00,1,9903.89,9918.18
2018-04-13 15:30:00,1,9982.04,9920.26
2018-04-13 16:00:00,1,10187.84,10092.98
2018-04-13 16:30:00,1,10255.5,10087.2
2018-04-13 17:00:00,1,10185.84,10260.16
2018-04-13 17:30:00,1,10027.26,10217.18
2018-04-13 18:00:00,1,10008.3,10218.58
2018-04-13 18:30:00,1,9980.75,10130.36
2018-04-13 19:00:00,1,9818.34,9687.14
2018-04-13 19:30:00,1,9493.18,9367.55
2018-04-13 20:00:00,1,9157.55,9126.75
2018-04-13 20:30:00,1,8880.23,8876.48
2018-04-13 21:00:00,1,8617.56,8592.02
2018-04-13 21:30:00,1,8397.96,8358.05
2018-04-13 22:00:00,1,8210.6,8177.51
2018-04-13 22:30:00,1,8174.92,8168.5
2018-04-13 23:00:00,1,7947.51,8019.67
2018-04-13 23:30:00,1,7885.02,7841.58
2018-04-14 00:00:00,1,7727.0,7667.93
2018-04-14 00:30:00,1,7452.87,7490.28
2018-04-14 01:00:00,1,7178.19,7257.69
2018-04-14 01:30:00,1,6988.32,6983.1
2018-04-14 02:00:00,1,6724.71,6769.79
2018-04-14 02:30:00,1,6393.91,6516.29
2018-04-14 03:00:00,1,6247.53,6236.79
2018-04-14 03:30:00,1,6081.02,6057.8
2018-04-14 04:00:00,1,6010.54,5989.91
2018-04-14 04:30:00,1,6021.57,5939.3
2018-04-14 05:00:00,1,6034.97,5894.1
2018-04-14 05:30:00,1,6098.09,6079.99
2018-04-14 06:00:00,1,6177.91,6229.73
2018-04-14 06:30:00,1,6397.09,6507.5
2018-04-14 07:00:00,1,6547.18,6861.2
2018-04-14 07:30:00,1,6758.83,6937.14
2018-04-14 08:00:00,1,7019.37,7122.17
2018-04-14 08:30:00,1,7215.73,7307.99
2018-04-14 09:00:00,1,7301.98,7306.51
2018-04-14 09:30:00,1,7461.72,7386.18
2018-04-14 10:00:00,1,7471.47,7539.87
2018-04-14 10:30:00,1,7499.97,7635.43
2018-04-14 11:00:00,1,7490.03,7569.89
2018-04-14 11:30:00,1,7517.33,7508.65
2018-04-14 12:00:00,1,7597.22,7592.86
2018-04-14 12:30:00,1,7631.26,7649.67
2018-04-14 13:00:00,1,7731.34,7715.91
2018-04-14 13:30:00,1,7773.87,7756.92
2018-04-14 14:00:00,1,7938.09,7785.59
2018-04-14 14:30:00,1,7945.67,7956.0
2018-04-14 15:00:00,1,8055.94,8182.62
2018-04-14 15:30:00,1,8119.01,8034.24
2018-04-14 16:00:00,1,8310.49,8210.29
2018-04-14 16:30:00,1,8412.92,8326.62
2018-04-14 17:00:00,1,8425.63,8535.0
2018-04-14 17:30:00,1,8265.32,8562.24
2018-04-14 18:00:00,1,8414.68,8660.71
2018-04-14 18:30:00,1,8608.08,8429.48
2018-04-14 19:00:00,1,8424.14,8420.18
2018-04-14 19:30:00,1,8255.09,8213.06
2018-04-14 20:00:00,1,7986.98,7921.79
2018-04-14 20:30:00,1,7877.18,7870.96
2018-04-14 21:00:00,1,7754.46,7743.16
2018-04-14 21:30:00,1,7573.59,7540.14
2018-04-14 22:00:00,1,7337.9,7411.24
2018-04-14 22:30:00,1,7267.78,7412.99
2018-04-14 23:00:00,1,7161.2,7133.41
2018-04-14 23:30:00,1,7079.51,6969.14
2018-09-12 00:00:00,1,7617.52,7639.4
2018-09-12 00:30:00,1,7456.42,7475.34
2018-09-12 01:00:00,1,7250.53,7334.85
2018-09-12 01:30:00,1,7075.2,7129.11
2018-09-12 02:00:00,1,6911.47,6885.35
2018-09-12 02:30:00,1,6568.83,6584.51
2018-09-12 03:00:00,1,6388.01,6362.29
2018-09-12 03:30:00,1,6200.43,6219.17
2018-09-12 04:00:00,1,6105.64,6157.22
2018-09-12 04:30:00,1,6044.52,6186.7
2018-09-12 05:00:00,1,6172.57,6221.14
2018-09-12 05:30:00,1,6442.32,6359.62
2018-09-12 06:00:00,1,6835.96,6752.58
2018-09-12 06:30:00,1,7447.28,7375.62
2018-09-12 07:00:00,1,7888.52,7931.25
2018-09-12 07:30:00,1,7958.22,8017.78
2018-09-12 08:00:00,1,8004.21,8011.77
2018-09-12 08:30:00,1,7855.54,7851.56
2018-09-12 09:00:00,1,7625.65,7720.56
2018-09-12 09:30:00,1,7451.67,7547.6
2018-09-12 10:00:00,1,7358.59,7490.32
2018-09-12 10:30:00,1,7348.15,7293.62
2018-09-12 11:00:00,1,7272.4,7302.29
2018-09-12 11:30:00,1,7225.26,7265.75
2018-09-12 12:00:00,1,7149.22,7256.72
2018-09-12 12:30:00,1,7207.76,7292.23
2018-09-12 13:00:00,1,7187.19,7231.35
2018-09-12 13:30:00,1,7219.62,7386.8
2018-09-12 14:00:00,1,7259.01,7384.42
2018-09-12 14:30:00,1,7337.09,7457.41
2018-09-12 15:00:00,1,7490.01,7509.36
2018-09-12 15:30:00,1,7573.67,7607.63
2018-09-12 16:00:00,1,7761.63,7783.1
2018-09-12 16:30:00,1,7930.77,7852.56
2018-09-12 17:00:00,1,8154.07,8053.63
2018-09-12 17:30:00,1,8334.28,8240.71
2018-09-12 18:00:00,1,8711.35,8701.85
2018-09-12 18:30:00,1,8943.38,9120.86
2018-09-12 19:00:00,1,8910.11,9001.09
2018-09-12 19:30:00,1,8662.49,8584.64
2018-09-12 20:00:00,1,8466.79,8438.68
2018-09-12 20:30:00,1,8273.1,8271.61
2018-09-12 21:00:00,1,8080.68,8114.42
2018-09-12 21:30:00,1,7915.88,7909.02
2018-09-12 22:00:00,1,7733.26,7739.75
2018-09-12 22:30:00,1,7779.5,7765.8
2018-09-12 23:00:00,1,7640.85,7653.02
2018-09-12 23:30:00,1,7574.09,7609.71
2018-09-15 00:00:00,1,7580.17,7628.59
2018-09-15 00:30:00,1,7434.89,7422.75
2018-09-15 01:00:00,1,7211.41,7266.48
2018-09-15 01:30:00,1,7039.02,7062.59
2018-09-15 02:00:00,1,6841.81,6808.78
2018-09-15 02:30:00,1,6538.37,6528.09
2018-09-15 03:00:00,1,6323.13,6273.95
2018-09-15 03:30:00,1,6168.95,6107.6
2018-09-15 04:00:00,1,6127.89,6057.41
2018-09-15 04:30:00,1,6051.22,6063.96
2018-09-15 05:00:00,1,6067.01,6091.08
2018-09-15 05:30:00,1,6179.16,6171.06
2018-09-15 06:00:00,1,6255.0,6231.02
2018-09-15 06:30:00,1,6487.62,6532.7
2018-09-15 07:00:00,1,6644.43,6777.95
2018-09-15 07:30:00,1,6793.08,6929.18
2018-09-15 08:00:00,1,6956.74,6959.28
2018-09-15 08:30:00,1,7082.26,7016.14
2018-09-15 09:00:00,1,7115.84,6991.75
2018-09-15 09:30:00,1,7138.65,7086.64
2018-09-15 10:00:00,1,6998.54,6984.51
2018-09-15 10:30:00,1,6967.79,6879.48
2018-09-15 11:00:00,1,6825.95,6822.4
2018-09-15 11:30:00,1,6799.38,6840.82
2018-09-15 12:00:00,1,6857.77,6756.16
2018-09-15 12:30:00,1,6866.06,6887.31
2018-09-15 13:00:00,1,6879.42,6945.38
2018-09-15 13:30:00,1,6863.12,6991.07
2018-09-15 14:00:00,1,6896.21,7042.16
2018-09-15 14:30:00,1,6867.45,7086.58
2018-09-15 15:00:00,1,6948.79,7122.43
2018-09-15 15:30:00,1,7114.28,7087.17
2018-09-15 16:00:00,1,7230.0,7239.65
2018-09-15 16:30:00,1,7384.13,7509.15
2018-09-15 17:00:00,1,7555.06,7509.7
2018-09-15 17:30:00,1,7634.13,7651.38
2018-09-15 18:00:00,1,7850.91,7942.41
2018-09-15 18:30:00,1,8163.1,8267.15
2018-09-15 19:00:00,1,8119.89,8157.94
2018-09-15 19:30:00,1,7903.78,7956.19
2018-09-15 20:00:00,1,7713.26,7767.15
2018-09-15 20:30:00,1,7590.29,7583.77
2018-09-15 21:00:00,1,7522.93,7462.67
2018-09-15 21:30:00,1,7433.81,7309.25
2018-09-15 22:00:00,1,7368.47,7219.32
2018-09-15 22:30:00,1,7352.54,7254.09
2018-09-15 23:00:00,1,7265.6,7223.84
2018-09-15 23:30:00,1,7215.66,7158.13
2018-11-02 00:00:00,1,7425.19,7492.84
2018-11-02 00:30:00,1,7282.89,7235.62
2018-11-02 01:00:00,1,7061.0,7096.84
2018-11-02 01:30:00,1,6784.05,6811.44
2018-11-02 02:00:00,1,6520.71,6585.21
2018-11-02 02:30:00,1,6312.54,6447.18
2018-11-02 03:00:00,1,6235.93,6314.53
2018-11-02 03:30:00,1,6253.33,6270.62
2018-11-02 04:00:00,1,6346.57,6328.01
2018-11-02 04:30:00,1,6540.83,6544.2
2018-11-02 05:00:00,1,6773.44,6752.38
2018-11-02 05:30:00,1,7322.97,7244.68
2018-11-02 06:00:00,1,7790.03,7681.14
2018-11-02 06:30:00,1,7969.42,8127.93
2018-11-02 07:00:00,1,8326.77,8307.24
2018-11-02 07:30:00,1,8445.91,8516.81
2018-11-02 08:00:00,1,8573.86,8684.38
2018-11-02 08:30:00,1,8806.87,8841.45
2018-11-02 09:00:00,1,8745.63,8958.85
2018-11-02 09:30:00,1,8814.67,8829.09
2018-11-02 10:00:00,1,8973.53,8941.82
2018-11-02 10:30:00,1,9071.39,9080.08
2018-11-02 11:00:00,1,9221.22,9269.19
2018-11-02 11:30:00,1,9256.87,9410.95
2018-11-02 12:00:00,1,9407.45,9351.53
2018-11-02 12:30:00,1,9566.96,9565.56
2018-11-02 13:00:00,1,9780.68,9779.86
2018-11-02 13:30:00,1,9912.75,10064.53
2018-11-02 14:00:00,1,10127.66,10114.11
2018-11-02 14:30:00,1,10255.52,10323.15
2018-11-02 15:00:00,1,10639.61,10541.13
2018-11-02 15:30:00,1,10948.68,10867.15
2018-11-02 16:00:00,1,11112.0,11069.96
2018-11-02 16:30:00,1,11150.88,11082.48
2018-11-02 17:00:00,1,11145.96,11035.22
2018-11-02 17:30:00,1,10871.9,10754.04
2018-11-02 18:00:00,1,10707.79,10758.45
2018-11-02 18:30:00,1,10480.23,10347.94
2018-11-02 19:00:00,1,10350.28,10328.49
2018-11-02 19:30:00,1,10030.94,10236.04
2018-11-02 20:00:00,1,9648.57,9811.96
2018-11-02 20:30:00,1,9202.68,9300.34
2018-11-02 21:00:00,1,8797.83,8864.23
2018-11-02 21:30:00,1,8604.04,8668.95
2018-11-02 22:00:00,1,8352.07,8303.49
2018-11-02 22:30:00,1,8211.07,8214.0
2018-11-02 23:00:00,1,7901.49,7964.06
2018-11-02 23:30:00,1,7688.75,7656.38
2018-11-03 00:00:00,1,7526.03,7499.18
2018-11-03 00:30:00,1,7239.34,7324.67
2018-11-03 01:00:00,1,7036.22,7061.31
2018-11-03 01:30:00,1,6760.05,6772.42
2018-11-03 02:00:00,1,6509.83,6536.06
2018-11-03 02:30:00,1,6331.18,6351.33
2018-11-03 03:00:00,1,6248.17,6233.39
2018-11-03 03:30:00,1,6185.67,6222.83
2018-11-03 04:00:00,1,6169.49,6190.04
2018-11-03 04:30:00,1,6262.43,6225.7
2018-11-03 05:00:00,1,6307.06,6326.19
2018-11-03 05:30:00,1,6452.7,6475.99
2018-11-03 06:00:00,1,6650.27,6643.94
2018-11-03 06:30:00,1,6885.85,6915.21
2018-11-03 07:00:00,1,7150.35,7175.1
2018-11-03 07:30:00,1,7420.23,7427.95
2018-11-03 08:00:00,1,7600.07,7648.44
2018-11-03 08:30:00,1,7835.13,7739.03
2018-11-03 09:00:00,1,7944.86,7878.18
2018-11-03 09:30:00,1,8070.38,8113.16
2018-11-03 10:00:00,1,8068.66,8124.58
2018-11-03 10:30:00,1,8156.96,8210.97
2018-11-03 11:00:00,1,8255.34,8250.32
2018-11-03 11:30:00,1,8219.59,8275.03
2018-11-03 12:00:00,1,8380.33,8401.01
2018-11-03 12:30:00,1,8481.76,8506.95
2018-11-03 13:00:00,1,8573.41,8597.05
2018-11-03 13:30:00,1,8659.88,8683.88
2018-11-03 14:00:00,1,8846.11,8745.16
2018-11-03 14:30:00,1,8892.72,8963.48
2018-11-03 15:00:00,1,9053.8,8983.94
2018-11-03 15:30:00,1,9062.12,9171.23
2018-11-03 16:00:00,1,8974.42,9032.58
2018-11-03 16:30:00,1,8735.76,8824.57
2018-11-03 17:00:00,1,8696.92,8713.88
2018-11-03 17:30:00,1,8596.72,8595.04
2018-11-03 18:00:00,1,8495.41,8533.5
2018-11-03 18:30:00,1,8420.0,8418.11
2018-11-03 19:00:00,1,8394.44,8396.92
2018-11-03 19:30:00,1,8363.88,8399.41
2018-11-03 20:00:00,1,8081.99,8225.72
2018-11-03 20:30:00,1,8012.04,7988.97
2018-11-03 21:00:00,1,7766.99,7828.27
2018-11-03 21:30:00,1,7659.42,7736.17
2018-11-03 22:00:00,1,7536.55,7526.9
2018-11-03 22:30:00,1,7566.1,7512.93
2018-11-03 23:00:00,1,7360.29,7333.47
2018-11-03 23:30:00,1,7126.11,7197.38
2018-11-06 00:00:00,1,7386.13,7379.88
2018-11-06 00:30:00,1,7258.9,7244.04
2018-11-06 01:00:00,1,6973.52,7022.26
2018-11-06 01:30:00,1,6691.53,6734.34
2018-11-06 02:00:00,1,6504.85,6523.39
2018-11-06 02:30:00,1,6354.13,6368.45
2018-11-06 03:00:00,1,6330.61,6310.12
2018-11-06 03:30:00,1,6285.47,6332.56
2018-11-06 04:00:00,1,6370.5,6371.37
2018-11-06 04:30:00,1,6611.65,6605.37
2018-11-06 05:00:00,1,6912.88,6800.76
2018-11-06 05:30:00,1,7335.72,7373.64
2018-11-06 06:00:00,1,7804.9,7799.87
2018-11-06 06:30:00,1,8193.34,8175.06
2018-11-06 07:00:00,1,8450.43,8483.65
2018-11-06 07:30:00,1,8625.49,8649.3
2018-11-06 08:00:00,1,8649.19,8717.22
2018-11-06 08:30:00,1,8741.0,8760.12
2018-11-06 09:00:00,1,8899.82,8889.37
2018-11-06 09:30:00,1,8967.77,8974.35
2018-11-06 10:00:00,1,8991.04,9029.72
2018-11-06 10:30:00,1,9103.55,9158.42
2018-11-06 11:00:00,1,9179.26,9229.82
2018-11-06 11:30:00,1,9102.13,9198.45
2018-11-06 12:00:00,1,9131.67,9207.0
2018-11-06 12:30:00,1,9156.9,9305.05
2018-11-06 13:00:00,1,9093.48,9240.57
2018-11-06 13:30:00,1,9174.46,9236.08
2018-11-06 14:00:00,1,9329.83,9251.44
2018-11-06 14:30:00,1,9475.16,9470.56
2018-11-06 15:00:00,1,9714.26,9735.78
2018-11-06 15:30:00,1,9945.68,9848.21
2018-11-06 16:00:00,1,10112.06,10067.91
2018-11-06 16:30:00,1,10184.13,10165.29
2018-11-06 17:00:00,1,10143.16,10144.24
2018-11-06 17:30:00,1,10058.47,9956.49
2018-11-06 18:00:00,1,10020.85,9975.76
2018-11-06 18:30:00,1,9860.79,9829.41
2018-11-06 19:00:00,1,9860.88,9809.76
2018-11-06 19:30:00,1,9792.76,9773.3
2018-11-06 20:00:00,1,9502.58,9597.32
2018-11-06 20:30:00,1,9206.21,9211.09
2018-11-06 21:00:00,1,8830.61,8871.59
2018-11-06 21:30:00,1,8616.17,8658.75
2018-11-06 22:00:00,1,8352.1,8314.11
2018-11-06 22:30:00,1,8192.26,8209.38
2018-11-06 23:00:00,1,7973.03,7963.15
2018-11-06 23:30:00,1,7782.78,7768.66
2018-12-02 00:00:00,1,6781.9,6829.1
2018-12-02 00:30:00,1,6640.28,6648.0
2018-12-02 01:00:00,1,6485.84,6509.04
2018-12-02 01:30:00,1,6223.18,6261.15
2018-12-02 02:00:00,1,6063.49,6083.94
2018-12-02 02:30:00,1,5909.74,5946.37
2018-12-02 03:00:00,1,5832.36,5899.26
2018-12-02 03:30:00,1,5766.62,5810.5
2018-12-02 04:00:00,1,5731.18,5829.35
2018-12-02 04:30:00,1,5726.22,5790.17
2018-12-02 05:00:00,1,5698.62,5762.6
2018-12-02 05:30:00,1,5816.66,5829.77
2018-12-02 06:00:00,1,5910.35,5940.59
2018-12-02 06:30:00,1,6060.38,6139.97
2018-12-02 07:00:00,1,6232.64,6265.81
2018-12-02 07:30:00,1,6455.38,6424.61
2018-12-02 08:00:00,1,6608.68,6574.08
2018-12-02 08:30:00,1,6666.75,6761.77
2018-12-02 09:00:00,1,6662.33,6675.52
2018-12-02 09:30:00,1,6932.2,6788.25
2018-12-02 10:00:00,1,7002.65,6920.52
2018-12-02 10:30:00,1,7032.15,7037.75
2018-12-02 11:00:00,1,7091.78,7107.86
2018-12-02 11:30:00,1,7246.55,7101.77
2018-12-02 12:00:00,1,7396.15,7342.71
2018-12-02 12:30:00,1,7410.53,7374.94
2018-12-02 13:00:00,1,7454.27,7441.95
2018-12-02 13:30:00,1,7608.4,7527.11
2018-12-02 14:00:00,1,7838.11,7695.02
2018-12-02 14:30:00,1,8008.72,7955.71
2018-12-02 15:00:00,1,8256.86,8104.43
2018-12-02 15:30:00,1,8479.75,8374.99
2018-12-02 16:00:00,1,8688.88,8624.69
2018-12-02 16:30:00,1,8828.9,8738.37
2018-12-02 17:00:00,1,9024.17,8944.74
2018-12-02 17:30:00,1,8997.14,8972.82
2018-12-02 18:00:00,1,8844.91,8921.92
2018-12-02 18:30:00,1,8546.31,8612.98
2018-12-02 19:00:00,1,8321.06,8448.15
2018-12-02 19:30:00,1,8349.69,8323.64
2018-12-02 20:00:00,1,8180.23,8309.88
2018-12-02 20:30:00,1,7941.21,8061.77
2018-12-02 21:00:00,1,7665.68,7782.39
2018-12-02 21:30:00,1,7430.87,7586.08
2018-12-02 22:00:00,1,7239.61,7289.91
2018-12-02 22:30:00,1,7130.57,7204.77
2018-12-02 23:00:00,1,6900.77,6945.31
2018-12-02 23:30:00,1,6779.64,6776.95
2018-12-03 00:00:00,1,6642.78,6689.48
2018-12-03 00:30:00,1,6536.38,6563.74
2018-12-03 01:00:00,1,6376.88,6453.64
2018-12-03 01:30:00,1,6152.02,6201.11
2018-12-03 02:00:00,1,5978.36,6041.99
2018-12-03 02:30:00,1,5903.29,5960.49
2018-12-03 03:00:00,1,5891.41,5870.22
2018-12-03 03:30:00,1,5899.02,5946.44
2018-12-03 04:00:00,1,5991.38,5992.35
2018-12-03 04:30:00,1,6153.34,6230.64
2018-12-03 05:00:00,1,6298.43,6383.53
2018-12-03 05:30:00,1,6790.72,6798.22
2018-12-03 06:00:00,1,7169.36,7207.2
2018-12-03 06:30:00,1,7481.51,7490.22
2018-12-03 07:00:00,1,7622.47,7761.16
2018-12-03 07:30:00,1,7677.63,7772.87
2018-12-03 08:00:00,1,7591.22,7685.01
2018-12-03 08:30:00,1,7599.01,7673.35
2018-12-03 09:00:00,1,7522.18,7661.57
2018-12-03 09:30:00,1,7543.1,7566.74
2018-12-03 10:00:00,1,7483.68,7588.99
2018-12-03 10:30:00,1,7528.55,7528.29
2018-12-03 11:00:00,1,7517.59,7544.6
2018-12-03 11:30:00,1,7497.17,7550.9
2018-12-03 12:00:00,1,7562.17,7521.06
2018-12-03 12:30:00,1,7598.21,7647.92
2018-12-03 13:00:00,1,7717.86,7725.16
2018-12-03 13:30:00,1,7816.11,7822.72
2018-12-03 14:00:00,1,7954.25,7953.63
2018-12-03 14:30:00,1,8105.22,8012.65
2018-12-03 15:00:00,1,8447.58,8330.19
2018-12-03 15:30:00,1,8645.65,8581.38
2018-12-03 16:00:00,1,8901.41,8749.48
2018-12-03 16:30:00,1,9030.86,9101.77
2018-12-03 17:00:00,1,9175.87,9077.66
2018-12-03 17:30:00,1,9151.12,9101.57
2018-12-03 18:00:00,1,9167.08,9155.38
2018-12-03 18:30:00,1,9015.61,8967.41
2018-12-03 19:00:00,1,8852.27,8938.77
2018-12-03 19:30:00,1,8814.7,8815.79
2018-12-03 20:00:00,1,8786.22,8792.48
2018-12-03 20:30:00,1,8569.05,8608.24
2018-12-03 21:00:00,1,8300.6,8312.12
2018-12-03 21:30:00,1,8123.69,8175.49
2018-12-03 22:00:00,1,7922.88,7943.78
2018-12-03 22:30:00,1,7808.38,7836.04
2018-12-03 23:00:00,1,7627.4,7641.75
2018-12-03 23:30:00,1,7321.83,7468.35
2018-12-26 00:00:00,1,6819.77,6836.8
2018-12-26 00:30:00,1,6614.98,6597.81
2018-12-26 01:00:00,1,6393.6,6426.55
2018-12-26 01:30:00,1,6122.29,6157.84
2018-12-26 02:00:00,1,5926.83,5948.49
2018-12-26 02:30:00,1,5761.56,5778.03
2018-12-26 03:00:00,1,5666.4,5713.5
2018-12-26 03:30:00,1,5654.26,5646.29
2018-12-26 04:00:00,1,5641.96,5658.5
2018-12-26 04:30:00,1,5675.44,5705.1
2018-12-26 05:00:00,1,5673.37,5702.59
2018-12-26 05:30:00,1,5804.53,5836.13
2018-12-26 06:00:00,1,5891.57,5953.78
2018-12-26 06:30:00,1,6027.67,6049.52
2018-12-26 07:00:00,1,6165.82,6184.99
2018-12-26 07:30:00,1,6348.6,6343.59
2018-12-26 08:00:00,1,6485.08,6806.53
2018-12-26 08:30:00,1,6689.3,6691.66
2018-12-26 09:00:00,1,6825.2,6849.11
2018-12-26 09:30:00,1,7045.82,7033.86
2018-12-26 10:00:00,1,7208.77,7174.07
2018-12-26 10:30:00,1,7340.24,7285.55
2018-12-26 11:00:00,1,7473.21,7474.49
2018-12-26 11:30:00,1,7630.67,7565.62
2018-12-26 12:00:00,1,7693.5,7747.05
2018-12-26 12:30:00,1,7840.15,7852.64
2018-12-26 13:00:00,1,8006.62,7979.1
2018-12-26 13:30:00,1,8146.34,8106.15
2018-12-26 14:00:00,1,8285.87,8237.44
2018-12-26 14:30:00,1,8467.96,8449.58
2018-12-26 15:00:00,1,8658.04,8558.96
2018-12-26 15:30:00,1,8838.5,8727.67
2018-12-26 16:00:00,1,9064.47,8961.72
2018-12-26 16:30:00,1,9238.03,9103.94
2018-12-26 17:00:00,1,9436.29,9345.53
2018-12-26 17:30:00,1,9456.77,9328.81
2018-12-26 18:00:00,1,9443.4,9422.06
2018-12-26 18:30:00,1,9294.35,9329.76
2018-12-26 19:00:00,1,9117.93,9207.19
2018-12-26 19:30:00,1,8962.26,9118.4
2018-12-26 20:00:00,1,8960.52,8917.49
2018-12-26 20:30:00,1,8757.5,8791.73
2018-12-26 21:00:00,1,8419.14,8542.23
2018-12-26 21:30:00,1,8172.53,8320.49
2018-12-26 22:00:00,1,7957.63,8027.45
2018-12-26 22:30:00,1,7849.81,7895.63
2018-12-26 23:00:00,1,7589.43,7612.53
2018-12-26 23:30:00,1,7336.09,7405.95
2018-12-27 00:00:00,1,7182.93,7154.1
2018-12-27 00:30:00,1,6983.57,7012.78
2018-12-27 01:00:00,1,6784.19,6796.71
2018-12-27 01:30:00,1,6484.66,6488.83
2018-12-27 02:00:00,1,6282.28,6322.25
2018-12-27 02:30:00,1,6108.81,6147.18
2018-12-27 03:00:00,1,6063.5,6084.81
2018-12-27 03:30:00,1,6066.2,6057.94
2018-12-27 04:00:00,1,6045.53,6078.6
2018-12-27 04:30:00,1,6170.7,6179.24
2018-12-27 05:00:00,1,6195.26,6231.13
2018-12-27 05:30:00,1,6435.14,6410.77
2018-12-27 06:00:00,1,6633.35,6641.74
2018-12-27 06:30:00,1,6839.99,6887.04
2018-12-27 07:00:00,1,7079.31,7099.0
2018-12-27 07:30:00,1,7334.33,7380.07
2018-12-27 08:00:00,1,7594.94,7582.93
2018-12-27 08:30:00,1,7864.65,7827.18
2018-12-27 09:00:00,1,8008.54,8041.7
2018-12-27 09:30:00,1,8168.85,8127.19
2018-12-27 10:00:00,1,8365.14,8332.99
2018-12-27 10:30:00,1,8555.39,8483.85
2018-12-27 11:00:00,1,8734.44,8700.64
2018-12-27 11:30:00,1,8868.92,8864.04
2018-12-27 12:00:00,1,9123.79,9030.93
2018-12-27 12:30:00,1,9398.21,9282.22
2018-12-27 13:00:00,1,9597.45,9554.34
2018-12-27 13:30:00,1,9800.94,9793.8
2018-12-27 14:00:00,1,10019.52,9939.95
2018-12-27 14:30:00,1,10217.45,10167.81
2018-12-27 15:00:00,1,10477.71,10355.56
2018-12-27 15:30:00,1,10656.44,10573.97
2018-12-27 16:00:00,1,10855.92,10835.54
2018-12-27 16:30:00,1,10961.84,10952.2
2018-12-27 17:00:00,1,11011.81,11009.68
2018-12-27 17:30:00,1,10797.84,10759.79
2018-12-27 18:00:00,1,10671.86,10717.35
2018-12-27 18:30:00,1,10500.27,10499.99
2018-12-27 19:00:00,1,10294.71,10324.6
2018-12-27 19:30:00,1,10027.11,10192.45
2018-12-27 20:00:00,1,9891.13,9979.2
2018-12-27 20:30:00,1,9539.97,9698.93
2018-12-27 21:00:00,1,9132.33,9258.52
2018-12-27 21:30:00,1,8901.53,9007.38
2018-12-27 22:00:00,1,8566.08,8617.18
2018-12-27 22:30:00,1,8359.28,8396.26
2018-12-27 23:00:00,1,8028.11,8128.9
2018-12-27 23:30:00,1,7775.54,7816.13
2018-12-28 00:00:00,1,7526.54,7599.71
2018-12-28 00:30:00,1,7286.43,7305.08
2018-12-28 01:00:00,1,7035.72,7091.61
2018-12-28 01:30:00,1,6747.78,6789.44
2018-12-28 02:00:00,1,6554.87,6561.68
2018-12-28 02:30:00,1,6434.53,6421.12
2018-12-28 03:00:00,1,6324.32,6352.53
2018-12-28 03:30:00,1,6306.84,6319.25
2018-12-28 04:00:00,1,6315.29,6322.18
2018-12-28 04:30:00,1,6434.88,6422.27
2018-12-28 05:00:00,1,6474.02,6482.02
2018-12-28 05:30:00,1,6658.97,6695.65
2018-12-28 06:00:00,1,6877.32,6909.97
2018-12-28 06:30:00,1,7127.05,7193.6
2018-12-28 07:00:00,1,7398.91,7410.07
2018-12-28 07:30:00,1,7638.01,7711.63
2018-12-28 08:00:00,1,7839.24,7929.58
2018-12-28 08:30:00,1,8094.06,8153.33
2018-12-28 09:00:00,1,8301.74,8318.69
2018-12-28 09:30:00,1,8558.43,8468.02
2018-12-28 10:00:00,1,8785.16,8733.98
2018-12-28 10:30:00,1,8996.91,8958.43
2018-12-28 11:00:00,1,9193.56,9174.12
2018-12-28 11:30:00,1,9373.01,9395.56
2018-12-28 12:00:00,1,9622.15,9556.66
2018-12-28 12:30:00,1,9859.55,9871.21
2018-12-28 13:00:00,1,10087.52,10057.2
2018-12-28 13:30:00,1,10256.29,10251.17
2018-12-28 14:00:00,1,10480.43,10397.23
2018-12-28 14:30:00,1,10657.47,10610.55
2018-12-28 15:00:00,1,10853.0,10821.7
2018-12-28 15:30:00,1,11066.55,10944.4
2018-12-28 16:00:00,1,11248.07,11164.37
2018-12-28 16:30:00,1,11302.14,11245.79
2018-12-28 17:00:00,1,11323.33,11204.77
2018-12-28 17:30:00,1,11136.85,11058.18
2018-12-28 18:00:00,1,10993.44,10925.97
2018-12-28 18:30:00,1,10752.02,10705.72
2018-12-28 19:00:00,1,10385.03,10546.7
2018-12-28 19:30:00,1,10174.13,10343.32
2018-12-28 20:00:00,1,10074.84,10140.26
2018-12-28 20:30:00,1,9789.86,9870.89
2018-12-28 21:00:00,1,9442.06,9550.34
2018-12-28 21:30:00,1,9257.17,9334.09
2018-12-28 22:00:00,1,8918.59,8972.12
2018-12-28 22:30:00,1,8686.74,8755.48
2018-12-28 23:00:00,1,8327.9,8393.99
2018-12-28 23:30:00,1,8048.91,8105.35
2018-12-29 00:00:00,1,7770.17,7823.68
2018-12-29 00:30:00,1,7557.2,7573.54
2018-12-29 01:00:00,1,7244.98,7325.56
2018-12-29 01:30:00,1,6912.61,6994.56
2018-12-29 02:00:00,1,6685.92,6724.28
2018-12-29 02:30:00,1,6505.67,6541.55
2018-12-29 03:00:00,1,6368.57,6435.67
2018-12-29 03:30:00,1,6365.54,6375.22
2018-12-29 04:00:00,1,6353.23,6325.9
2018-12-29 04:30:00,1,6432.36,6389.3
2018-12-29 05:00:00,1,6365.05,6414.85
2018-12-29 05:30:00,1,6496.8,6478.36
2018-12-29 06:00:00,1,6591.88,6574.53
2018-12-29 06:30:00,1,6846.69,6852.01
2018-12-29 07:00:00,1,7061.34,7091.72
2018-12-29 07:30:00,1,7339.48,7421.5
2018-12-29 08:00:00,1,7535.19,7560.74
2018-12-29 08:30:00,1,7761.59,7767.27
2018-12-29 09:00:00,1,7919.99,7915.37
2018-12-29 09:30:00,1,8088.44,8047.76
2018-12-29 10:00:00,1,8208.8,8223.1
2018-12-29 10:30:00,1,8491.82,8425.06
2018-12-29 11:00:00,1,8693.08,8687.52
2018-12-29 11:30:00,1,8880.01,8788.23
2018-12-29 12:00:00,1,9125.02,9065.13
2018-12-29 12:30:00,1,9352.6,9323.28
2018-12-29 13:00:00,1,9574.4,9517.85
2018-12-29 13:30:00,1,9729.56,9710.55
2018-12-29 14:00:00,1,9935.76,9916.17
2018-12-29 14:30:00,1,10100.13,10103.88
2018-12-29 15:00:00,1,10319.03,10270.73
2018-12-29 15:30:00,1,10507.6,10520.44
2018-12-29 16:00:00,1,10662.52,10625.66
2018-12-29 16:30:00,1,10761.59,10723.07
2018-12-29 17:00:00,1,10866.34,10826.63
2018-12-29 17:30:00,1,10776.6,10847.62
2018-12-29 18:00:00,1,10657.22,10646.31
2018-12-29 18:30:00,1,10411.26,10462.58
2018-12-29 19:00:00,1,10041.94,10229.76
2018-12-29 19:30:00,1,9809.44,9960.41
2018-12-29 20:00:00,1,9707.83,9741.32
2018-12-29 20:30:00,1,9485.07,9534.64
2018-12-29 21:00:00,1,9197.21,9262.32
2018-12-29 21:30:00,1,8949.34,9013.07
2018-12-29 22:00:00,1,8653.01,8697.06
2018-12-29 22:30:00,1,8451.89,8474.45
2018-12-29 23:00:00,1,8049.93,8148.28
2018-12-29 23:30:00,1,7775.01,7790.84
2018-12-30 00:00:00,1,7561.0,7579.31
2018-12-30 00:30:00,1,7342.27,7376.54
2018-12-30 01:00:00,1,7154.82,7158.03
2018-12-30 01:30:00,1,6863.46,6911.06
2018-12-30 02:00:00,1,6623.68,6696.02
2018-12-30 02:30:00,1,6519.22,6538.42
2018-12-30 03:00:00,1,6449.23,6458.85
2018-12-30 03:30:00,1,6362.75,6403.35
2018-12-30 04:00:00,1,6334.21,6371.72
2018-12-30 04:30:00,1,6395.08,6376.24
2018-12-30 05:00:00,1,6356.52,6360.76
2018-12-30 05:30:00,1,6431.19,6446.78
2018-12-30 06:00:00,1,6504.18,6524.85
2018-12-30 06:30:00,1,6691.73,6720.84
2018-12-30 07:00:00,1,6901.26,6905.22
2018-12-30 07:30:00,1,7106.28,7192.11
2018-12-30 08:00:00,1,7349.01,7350.46
2018-12-30 08:30:00,1,7650.15,7541.3
2018-12-30 09:00:00,1,7912.14,7839.1
2018-12-30 09:30:00,1,8175.09,8122.29
2018-12-30 10:00:00,1,8465.24,8344.58
2018-12-30 10:30:00,1,8679.48,8662.02
2018-12-30 11:00:00,1,8869.95,8817.66
2018-12-30 11:30:00,1,9022.36,9056.11
2018-12-30 12:00:00,1,9189.83,9173.99
2018-12-30 12:30:00,1,9379.73,9398.36
2018-12-30 13:00:00,1,9552.16,9533.47
2018-12-30 13:30:00,1,9668.35,9733.3
2018-12-30 14:00:00,1,9809.03,9814.19
2018-12-30 14:30:00,1,10026.82,9951.55
2018-12-30 15:00:00,1,10074.32,10055.69
2018-12-30 15:30:00,1,10115.02,10136.36
2018-12-30 16:00:00,1,10174.24,10204.35
2018-12-30 16:30:00,1,10126.48,10114.96
2018-12-30 17:00:00,1,10194.7,10173.15
2018-12-30 17:30:00,1,10219.71,10138.78
2018-12-30 18:00:00,1,10149.91,10126.98
2018-12-30 18:30:00,1,9965.37,9995.03
2018-12-30 19:00:00,1,9787.64,9793.01
2018-12-30 19:30:00,1,9732.9,9774.19
2018-12-30 20:00:00,1,9757.01,9703.48
2018-12-30 20:30:00,1,9548.8,9564.28
2018-12-30 21:00:00,1,9244.56,9273.01
2018-12-30 21:30:00,1,8947.74,9037.73
2018-12-30 22:00:00,1,8678.5,8677.0
2018-12-30 22:30:00,1,8399.12,8466.71
2018-12-30 23:00:00,1,8066.96,8128.7
2018-12-30 23:30:00,1,7734.31,7839.68
2018-12-31 00:00:00,1,7511.01,7605.26
2018-12-31 00:30:00,1,7280.24,7353.7
2018-12-31 01:00:00,1,7133.3,7100.28
2018-12-31 01:30:00,1,6865.45,6898.5
2018-12-31 02:00:00,1,6698.99,6677.36
2018-12-31 02:30:00,1,6557.32,6623.15
2018-12-31 03:00:00,1,6521.64,6520.06
2018-12-31 03:30:00,1,6517.98,6480.76
2018-12-31 04:00:00,1,6477.92,6502.64
2018-12-31 04:30:00,1,6578.35,6575.46
2018-12-31 05:00:00,1,6631.21,6645.92
2018-12-31 05:30:00,1,6837.35,6776.57
2018-12-31 06:00:00,1,7065.18,7000.94
2018-12-31 06:30:00,1,7279.11,7346.51
2018-12-31 07:00:00,1,7585.88,7649.04
2018-12-31 07:30:00,1,7847.52,7978.25
2018-12-31 08:00:00,1,8117.81,8122.21
2018-12-31 08:30:00,1,8463.78,8390.13
2018-12-31 09:00:00,1,8652.78,8677.68
2018-12-31 09:30:00,1,8749.07,8826.88
2018-12-31 10:00:00,1,8890.89,8914.18
2018-12-31 10:30:00,1,9005.86,9016.15
2018-12-31 11:00:00,1,9279.25,9182.73
2018-12-31 11:30:00,1,9493.63,9468.21
2018-12-31 12:00:00,1,9730.98,9677.74
2018-12-31 12:30:00,1,9968.04,9953.18
2018-12-31 13:00:00,1,10159.68,10185.21
2018-12-31 13:30:00,1,10265.94,10338.07
2018-12-31 14:00:00,1,10340.55,10333.97
2018-12-31 14:30:00,1,10552.14,10478.94
2018-12-31 15:00:00,1,10626.82,10685.99
2018-12-31 15:30:00,1,10650.54,10602.07
2018-12-31 16:00:00,1,10537.41,10558.39
2018-12-31 16:30:00,1,10336.37,10352.65
2018-12-31 17:00:00,1,10114.79,10109.89
2018-12-31 17:30:00,1,9734.04,9664.91
2018-12-31 18:00:00,1,9350.02,9400.64
2018-12-31 18:30:00,1,8957.53,8947.42
2018-12-31 19:00:00,1,8717.12,8662.17
2018-12-31 19:30:00,1,8499.08,8592.28
2018-12-31 20:00:00,1,8371.98,8422.57
2018-12-31 20:30:00,1,8151.07,8129.21
2018-12-31 21:00:00,1,8059.32,8070.63
2018-12-31 21:30:00,1,8138.32,8180.05
2018-12-31 22:00:00,1,8053.74,8084.67
2018-12-31 22:30:00,1,8043.91,8106.43
2018-12-31 23:00:00,1,7901.73,7992.06
2018-12-31 23:30:00,1,7720.44,7730.76
2019-01-01 00:00:00,1,7612.74,7662.71
2019-01-01 00:30:00,1,7457.58,7445.34
2019-01-01 01:00:00,1,7243.21,7244.05
2019-01-01 01:30:00,1,6918.55,6992.6
2019-01-01 02:00:00,1,6676.58,6700.6
2019-01-01 02:30:00,1,6513.24,6562.31
2019-01-01 03:00:00,1,6400.0,6418.82
2019-01-01 03:30:00,1,6317.4,6354.19
2019-01-01 04:00:00,1,6242.08,6280.63
2019-01-01 04:30:00,1,6229.28,6263.14
2019-01-01 05:00:00,1,6198.13,6229.92
2019-01-01 05:30:00,1,6241.44,6272.84
2019-01-01 06:00:00,1,6290.89,6319.86
2019-01-01 06:30:00,1,6415.2,6479.65
2019-01-01 07:00:00,1,6508.09,6568.89
2019-01-01 07:30:00,1,6749.01,6747.82
2019-01-01 08:00:00,1,6920.99,6932.26
2019-01-01 08:30:00,1,7208.88,7143.05
2019-01-01 09:00:00,1,7441.69,7439.24
2019-01-01 09:30:00,1,7711.7,7669.5
2019-01-01 10:00:00,1,7995.99,7935.84
2019-01-01 10:30:00,1,8241.91,8095.5
2019-01-01 11:00:00,1,8448.3,8370.07
2019-01-01 11:30:00,1,8662.51,8586.68
2019-01-01 12:00:00,1,8903.65,8780.86
2019-01-01 12:30:00,1,9098.25,9019.05
2019-01-01 13:00:00,1,9261.03,9237.88
2019-01-01 13:30:00,1,9438.9,9327.58
2019-01-01 14:00:00,1,9618.07,9564.49
2019-01-01 14:30:00,1,9761.39,9691.2
2019-01-01 15:00:00,1,9932.58,9887.37
2019-01-01 15:30:00,1,10088.02,9980.49
2019-01-01 16:00:00,1,10242.97,10169.43
2019-01-01 16:30:00,1,10398.45,10325.76
2019-01-01 17:00:00,1,10562.71,10474.79
2019-01-01 17:30:00,1,10612.81,10438.18
2019-01-01 18:00:00,1,10522.14,10483.37
2019-01-01 18:30:00,1,10333.52,10306.99
2019-01-01 19:00:00,1,10063.53,10099.65
2019-01-01 19:30:00,1,9801.12,9897.73
2019-01-01 20:00:00,1,9696.41,9715.23
2019-01-01 20:30:00,1,9474.14,9522.71
2019-01-01 21:00:00,1,9220.31,9228.9
2019-01-01 21:30:00,1,8956.15,9027.65
2019-01-01 22:00:00,1,8574.7,8658.43
2019-01-01 22:30:00,1,8412.75,8428.7
2019-01-01 23:00:00,1,8118.29,8156.06
2019-01-01 23:30:00,1,7839.53,7846.11
2019-01-05 00:00:00,1,8304.4,8309.52
2019-01-05 00:30:00,1,7961.85,8039.44
2019-01-05 01:00:00,1,7619.9,7742.03
2019-01-05 01:30:00,1,7297.99,7377.14
2019-01-05 02:00:00,1,7048.65,7098.88
2019-01-05 02:30:00,1,6921.53,6906.48
2019-01-05 03:00:00,1,6808.89,6842.04
2019-01-05 03:30:00,1,6750.07,6764.51
2019-01-05 04:00:00,1,6707.35,6767.14
2019-01-05 04:30:00,1,6741.48,6784.79
2019-01-05 05:00:00,1,6748.97,6806.2
2019-01-05 05:30:00,1,6854.81,6905.86
2019-01-05 06:00:00,1,6990.18,7028.98
2019-01-05 06:30:00,1,7271.29,7266.88
2019-01-05 07:00:00,1,7619.32,7568.72
2019-01-05 07:30:00,1,7995.09,7976.98
2019-01-05 08:00:00,1,8432.02,8313.05
2019-01-05 08:30:00,1,8903.83,8757.24
2019-01-05 09:00:00,1,9274.18,9140.6
2019-01-05 09:30:00,1,9626.13,9560.69
2019-01-05 10:00:00,1,9956.11,9809.54
2019-01-05 10:30:00,1,10294.03,10146.98
2019-01-05 11:00:00,1,10429.72,10524.29
2019-01-05 11:30:00,1,10573.65,10539.49
2019-01-05 12:00:00,1,10670.87,10724.39
2019-01-05 12:30:00,1,10780.16,10797.28
2019-01-05 13:00:00,1,10828.94,10907.33
2019-01-05 13:30:00,1,10681.83,10855.99
2019-01-05 14:00:00,1,10569.65,10623.17
2019-01-05 14:30:00,1,10282.88,10604.62
2019-01-05 15:00:00,1,10162.83,10257.41
2019-01-05 15:30:00,1,10078.22,10150.13
2019-01-05 16:00:00,1,9848.05,9897.29
2019-01-05 16:30:00,1,9674.59,9760.53
2019-01-05 17:00:00,1,9532.0,9566.49
2019-01-05 17:30:00,1,9275.98,9377.81
2019-01-05 18:00:00,1,9098.93,9122.67
2019-01-05 18:30:00,1,8801.41,8966.33
2019-01-05 19:00:00,1,8495.44,8619.0
2019-01-05 19:30:00,1,8429.52,8426.5
2019-01-05 20:00:00,1,8307.79,8394.14
2019-01-05 20:30:00,1,8095.0,8214.85
2019-01-05 21:00:00,1,7910.98,7961.63
2019-01-05 21:30:00,1,7795.16,7834.79
2019-01-05 22:00:00,1,7614.44,7641.65
2019-01-05 22:30:00,1,7496.89,7551.78
2019-01-05 23:00:00,1,7346.8,7315.18
2019-01-05 23:30:00,1,7167.1,7140.56
2019-01-12 00:00:00,1,7556.28,7551.39
2019-01-12 00:30:00,1,7339.67,7371.01
2019-01-12 01:00:00,1,7112.97,7114.2
2019-01-12 01:30:00,1,6748.91,6882.06
2019-01-12 02:00:00,1,6592.97,6536.42
2019-01-12 02:30:00,1,6367.38,6454.22
2019-01-12 03:00:00,1,6341.58,6310.26
2019-01-12 03:30:00,1,6372.09,6325.59
2019-01-12 04:00:00,1,6368.97,6364.81
2019-01-12 04:30:00,1,6373.4,6421.09
2019-01-12 05:00:00,1,6471.64,6437.49
2019-01-12 05:30:00,1,6545.5,6592.49
2019-01-12 06:00:00,1,6699.27,6684.27
2019-01-12 06:30:00,1,6944.27,6956.77
2019-01-12 07:00:00,1,7192.76,7213.03
2019-01-12 07:30:00,1,7397.2,7447.53
2019-01-12 08:00:00,1,7645.06,7668.26
2019-01-12 08:30:00,1,7885.06,7782.94
2019-01-12 09:00:00,1,7924.19,7983.63
2019-01-12 09:30:00,1,8031.76,8074.57
2019-01-12 10:00:00,1,8066.5,8065.38
2019-01-12 10:30:00,1,8288.87,8185.42
2019-01-12 11:00:00,1,8390.1,8406.37
2019-01-12 11:30:00,1,8570.6,8518.59
2019-01-12 12:00:00,1,8815.62,8690.0
2019-01-12 12:30:00,1,8989.71,8973.24
2019-01-12 13:00:00,1,9241.23,9161.68
2019-01-12 13:30:00,1,9451.14,9346.42
2019-01-12 14:00:00,1,9659.54,9610.23
2019-01-12 14:30:00,1,9865.42,9785.6
2019-01-12 15:00:00,1,10045.57,10037.04
2019-01-12 15:30:00,1,10264.55,10167.1
2019-01-12 16:00:00,1,10471.58,10397.66
2019-01-12 16:30:00,1,10584.4,10533.55
2019-01-12 17:00:00,1,10751.63,10704.97
2019-01-12 17:30:00,1,10682.57,10704.8
2019-01-12 18:00:00,1,10643.41,10593.56
2019-01-12 18:30:00,1,10503.48,10483.65
2019-01-12 19:00:00,1,10298.99,10289.9
2019-01-12 19:30:00,1,10072.1,10193.38
2019-01-12 20:00:00,1,9979.48,9978.92
2019-01-12 20:30:00,1,9729.87,9809.99
2019-01-12 21:00:00,1,9412.19,9472.39
2019-01-12 21:30:00,1,9097.47,9221.44
2019-01-12 22:00:00,1,8811.68,8863.12
2019-01-12 22:30:00,1,8545.45,8643.23
2019-01-12 23:00:00,1,8176.74,8305.32
2019-01-12 23:30:00,1,7838.54,7982.16
2019-01-16 00:00:00,1,8501.58,8517.47
2019-01-16 00:30:00,1,8283.95,8243.81
2019-01-16 01:00:00,1,8004.58,8032.31
2019-01-16 01:30:00,1,7681.96,7724.36
2019-01-16 02:00:00,1,7469.48,7508.23
2019-01-16 02:30:00,1,7324.51,7337.43
2019-01-16 03:00:00,1,7220.8,7253.12
2019-01-16 03:30:00,1,7211.82,7218.38
2019-01-16 04:00:00,1,7252.0,7254.39
2019-01-16 04:30:00,1,7394.62,7424.88
2019-01-16 05:00:00,1,7535.36,7599.14
2019-01-16 05:30:00,1,7881.41,7933.94
2019-01-16 06:00:00,1,8255.06,8251.11
2019-01-16 06:30:00,1,8685.53,8725.28
2019-01-16 07:00:00,1,9060.48,9134.96
2019-01-16 07:30:00,1,9462.87,9417.64
2019-01-16 08:00:00,1,9730.94,9755.47
2019-01-16 08:30:00,1,10096.36,9983.73
2019-01-16 09:00:00,1,10343.51,10296.93
2019-01-16 09:30:00,1,10599.61,10527.29
2019-01-16 10:00:00,1,10831.28,10699.73
2019-01-16 10:30:00,1,11130.83,10916.92
2019-01-16 11:00:00,1,11369.6,11142.9
2019-01-16 11:30:00,1,11518.35,11556.43
2019-01-16 12:00:00,1,11779.73,11745.54
2019-01-16 12:30:00,1,12011.37,12020.89
2019-01-16 13:00:00,1,12200.25,12204.88
2019-01-16 13:30:00,1,12353.48,12371.58
2019-01-16 14:00:00,1,12557.64,12497.22
2019-01-16 14:30:00,1,12667.15,12719.21
2019-01-16 15:00:00,1,12875.99,13124.27
2019-01-16 15:30:00,1,13034.62,12983.44
2019-01-16 16:00:00,1,13126.55,13104.45
2019-01-16 16:30:00,1,13270.16,13114.53
2019-01-16 17:00:00,1,13227.27,13251.52
2019-01-16 17:30:00,1,12890.62,12848.23
2019-01-16 18:00:00,1,12836.32,12709.05
2019-01-16 18:30:00,1,12545.34,12514.04
2019-01-16 19:00:00,1,12201.35,12272.81
2019-01-16 19:30:00,1,11836.58,12022.93
2019-01-16 20:00:00,1,11618.03,11692.24
2019-01-16 20:30:00,1,11223.38,11283.55
2019-01-16 21:00:00,1,10718.46,10826.29
2019-01-16 21:30:00,1,10302.4,10448.65
2019-01-16 22:00:00,1,9758.02,9843.09
2019-01-16 22:30:00,1,9408.67,9489.97
2019-01-16 23:00:00,1,9063.15,9057.2
2019-01-16 23:30:00,1,8703.93,8740.73
2019-01-17 00:00:00,1,8438.42,8415.79
2019-01-17 00:30:00,1,8172.21,8172.72
2019-01-17 01:00:00,1,7925.98,7972.07
2019-01-17 01:30:00,1,7636.51,7665.29
2019-01-17 02:00:00,1,7500.15,7451.76
2019-01-17 02:30:00,1,7392.84,7382.7
2019-01-17 03:00:00,1,7308.73,7337.74
2019-01-17 03:30:00,1,7302.44,7293.67
2019-01-17 04:00:00,1,7384.57,7339.08
2019-01-17 04:30:00,1,7570.83,7567.3
2019-01-17 05:00:00,1,7815.33,7769.27
2019-01-17 05:30:00,1,8128.45,8230.81
2019-01-17 06:00:00,1,8504.42,8535.53
2019-01-17 06:30:00,1,8613.22,8963.01
2019-01-17 07:00:00,1,9237.21,9237.93
2019-01-17 07:30:00,1,9610.77,9484.01
2019-01-17 08:00:00,1,9784.47,9737.75
2019-01-17 08:30:00,1,10072.48,10119.02
2019-01-17 09:00:00,1,10287.24,10191.03
2019-01-17 09:30:00,1,10536.62,10466.6
2019-01-17 10:00:00,1,10790.99,10744.91
2019-01-17 10:30:00,1,11031.68,11059.71
2019-01-17 11:00:00,1,11289.78,11366.14
2019-01-17 11:30:00,1,11424.6,11600.43
2019-01-17 12:00:00,1,11680.11,11851.37
2019-01-17 12:30:00,1,11912.16,12041.49
2019-01-17 13:00:00,1,12130.35,12288.73
2019-01-17 13:30:00,1,12340.81,12515.12
2019-01-17 14:00:00,1,12581.62,12754.23
2019-01-17 14:30:00,1,12668.56,13018.12
2019-01-17 15:00:00,1,12870.55,13300.38
2019-01-17 15:30:00,1,13093.84,13183.23
2019-01-17 16:00:00,1,13377.47,13504.57
2019-01-17 16:30:00,1,13475.75,13504.79
2019-01-17 17:00:00,1,13545.39,13447.22
2019-01-17 17:30:00,1,13364.15,13248.42
2019-01-17 18:00:00,1,13208.83,13196.05
2019-01-17 18:30:00,1,12779.16,12776.78
2019-01-17 19:00:00,1,12289.81,12514.25
2019-01-17 19:30:00,1,12095.24,12119.44
2019-01-17 20:00:00,1,11809.57,11934.36
2019-01-17 20:30:00,1,11383.02,11487.48
2019-01-17 21:00:00,1,10809.48,10921.74
2019-01-17 21:30:00,1,10454.1,10539.41
2019-01-17 22:00:00,1,9956.41,9987.01
2019-01-17 22:30:00,1,9573.57,9617.64
2019-01-17 23:00:00,1,9247.37,9257.65
2019-01-17 23:30:00,1,8935.03,8887.07
2019-01-18 00:00:00,1,8660.91,8667.23
2019-01-18 00:30:00,1,8362.13,8415.1
2019-01-18 01:00:00,1,8110.52,8086.47
2019-01-18 01:30:00,1,7804.5,7831.83
2019-01-18 02:00:00,1,7620.26,7596.25
2019-01-18 02:30:00,1,7448.81,7514.25
2019-01-18 03:00:00,1,7417.7,7343.56
2019-01-18 03:30:00,1,7405.34,7389.57
2019-01-18 04:00:00,1,7421.37,7461.32
2019-01-18 04:30:00,1,7580.49,7602.04
2019-01-18 05:00:00,1,7782.0,7777.04
2019-01-18 05:30:00,1,8191.16,8194.98
2019-01-18 06:00:00,1,8487.89,8539.32
2019-01-18 06:30:00,1,8896.26,8991.82
2019-01-18 07:00:00,1,9313.4,9342.87
2019-01-18 07:30:00,1,9612.51,9711.1
2019-01-18 08:00:00,1,9875.22,9898.84
2019-01-18 08:30:00,1,10072.53,10142.16
2019-01-18 09:00:00,1,10235.78,10602.22
2019-01-18 09:30:00,1,10473.67,10932.32
2019-01-18 10:00:00,1,10708.02,10772.91
2019-01-18 10:30:00,1,10890.66,11091.72
2019-01-18 11:00:00,1,11084.5,11402.84
2019-01-18 11:30:00,1,11377.05,11604.44
2019-01-18 12:00:00,1,11596.91,11903.18
2019-01-18 12:30:00,1,11881.87,11892.85
2019-01-18 13:00:00,1,12098.17,12180.64
2019-01-18 13:30:00,1,12275.58,12408.25
2019-01-18 14:00:00,1,12515.35,12710.89
2019-01-18 14:30:00,1,12780.55,12950.01
2019-01-18 15:00:00,1,12976.16,13252.11
2019-01-18 15:30:00,1,13096.69,13258.92
2019-01-18 16:00:00,1,13249.45,13485.37
2019-01-18 16:30:00,1,13267.43,13508.56
2019-01-18 17:00:00,1,13301.42,13062.37
2019-01-18 17:30:00,1,13120.67,13027.18
2019-01-18 18:00:00,1,12984.96,12941.1
2019-01-18 18:30:00,1,12680.21,12729.65
2019-01-18 19:00:00,1,12380.26,12404.63
2019-01-18 19:30:00,1,12190.71,12149.5
2019-01-18 20:00:00,1,12022.12,12035.42
2019-01-18 20:30:00,1,11736.28,11707.6
2019-01-18 21:00:00,1,11343.09,11316.74
2019-01-18 21:30:00,1,11068.88,11047.18
2019-01-18 22:00:00,1,10781.16,10598.74
2019-01-18 22:30:00,1,10412.6,10388.64
2019-01-18 23:00:00,1,9859.5,9945.15
2019-01-18 23:30:00,1,9433.01,9457.13
2019-01-22 00:00:00,1,7962.14,8000.06
2019-01-22 00:30:00,1,7759.57,7755.18
2019-01-22 01:00:00,1,7539.02,7558.5
2019-01-22 01:30:00,1,7248.81,7286.16
2019-01-22 02:00:00,1,7073.7,7044.76
2019-01-22 02:30:00,1,6901.33,6928.71
2019-01-22 03:00:00,1,6855.04,6834.49
2019-01-22 03:30:00,1,6824.18,6835.97
2019-01-22 04:00:00,1,6843.0,6855.3
2019-01-22 04:30:00,1,7092.84,7050.27
2019-01-22 05:00:00,1,7269.47,7288.23
2019-01-22 05:30:00,1,7652.94,7640.26
2019-01-22 06:00:00,1,8034.57,8005.4
2019-01-22 06:30:00,1,8391.76,8478.09
2019-01-22 07:00:00,1,8751.8,8791.83
2019-01-22 07:30:00,1,9028.29,9039.01
2019-01-22 08:00:00,1,9225.56,9289.48
2019-01-22 08:30:00,1,9483.17,9409.81
2019-01-22 09:00:00,1,9508.68,9623.08
2019-01-22 09:30:00,1,9688.27,9632.08
2019-01-22 10:00:00,1,9856.05,9966.68
2019-01-22 10:30:00,1,10101.77,10225.09
2019-01-22 11:00:00,1,10214.09,10415.89
2019-01-22 11:30:00,1,10406.78,10609.66
2019-01-22 12:00:00,1,10647.24,10636.01
2019-01-22 12:30:00,1,10934.41,10907.92
2019-01-22 13:00:00,1,11169.52,11221.04
2019-01-22 13:30:00,1,11402.91,11569.05
2019-01-22 14:00:00,1,11634.43,11841.88
2019-01-22 14:30:00,1,11878.91,11792.45
2019-01-22 15:00:00,1,12121.4,12059.84
2019-01-22 15:30:00,1,12290.73,12193.5
2019-01-22 16:00:00,1,12575.07,12437.51
2019-01-22 16:30:00,1,12634.08,12610.23
2019-01-22 17:00:00,1,12712.0,12592.49
2019-01-22 17:30:00,1,12516.12,12486.12
2019-01-22 18:00:00,1,12365.54,12372.13
2019-01-22 18:30:00,1,12052.04,12030.64
2019-01-22 19:00:00,1,11733.93,11784.76
2019-01-22 19:30:00,1,11480.98,11588.61
2019-01-22 20:00:00,1,11214.58,11314.42
2019-01-22 20:30:00,1,10802.09,10953.78
2019-01-22 21:00:00,1,10342.4,10420.84
2019-01-22 21:30:00,1,9966.0,10081.21
2019-01-22 22:00:00,1,9570.85,9566.55
2019-01-22 22:30:00,1,9246.18,9321.81
2019-01-22 23:00:00,1,8891.22,8928.65
2019-01-22 23:30:00,1,8521.02,8630.26
2019-01-25 00:00:00,1,8109.48,8156.77
2019-01-25 00:30:00,1,7913.0,7903.03
2019-01-25 01:00:00,1,7692.56,7695.31
2019-01-25 01:30:00,1,7378.15,7411.88
2019-01-25 02:00:00,1,7191.78,7219.47
2019-01-25 02:30:00,1,7078.59,7051.29
2019-01-25 03:00:00,1,6983.35,7042.12
2019-01-25 03:30:00,1,7030.74,6983.1
2019-01-25 04:00:00,1,7075.36,7086.37
2019-01-25 04:30:00,1,7228.24,7269.18
2019-01-25 05:00:00,1,7432.22,7444.18
2019-01-25 05:30:00,1,7798.2,7830.77
2019-01-25 06:00:00,1,8216.48,8136.69
2019-01-25 06:30:00,1,8572.1,8645.62
2019-01-25 07:00:00,1,8991.46,8976.9
2019-01-25 07:30:00,1,9359.51,9305.69
2019-01-25 08:00:00,1,9600.91,9634.88
2019-01-25 08:30:00,1,9879.01,9793.8
2019-01-25 09:00:00,1,10065.18,10023.97
2019-01-25 09:30:00,1,10275.0,10252.97
2019-01-25 10:00:00,1,10492.12,10422.85
2019-01-25 10:30:00,1,10607.32,10668.66
2019-01-25 11:00:00,1,10881.09,10800.01
2019-01-25 11:30:00,1,11067.73,11042.29
2019-01-25 12:00:00,1,11176.6,11274.33
2019-01-25 12:30:00,1,11440.11,11398.75
2019-01-25 13:00:00,1,11693.95,11609.09
2019-01-25 13:30:00,1,11897.1,11869.96
2019-01-25 14:00:00,1,12143.71,12046.54
2019-01-25 14:30:00,1,12366.13,12211.72
2019-01-25 15:00:00,1,12616.08,12481.21
2019-01-25 15:30:00,1,12818.99,12647.53
2019-01-25 16:00:00,1,13016.55,12785.57
2019-01-25 16:30:00,1,13119.29,13091.73
2019-01-25 17:00:00,1,13206.9,13074.36
2019-01-25 17:30:00,1,13038.9,12962.65
2019-01-25 18:00:00,1,12954.25,12881.63
2019-01-25 18:30:00,1,12608.3,12614.21
2019-01-25 19:00:00,1,12401.96,12334.5
2019-01-25 19:30:00,1,12161.57,12185.58
2019-01-25 20:00:00,1,11993.21,12015.5
2019-01-25 20:30:00,1,11648.81,11666.99
2019-01-25 21:00:00,1,11207.6,11238.75
2019-01-25 21:30:00,1,10870.72,10943.4
2019-01-25 22:00:00,1,10423.72,10450.71
2019-01-25 22:30:00,1,10061.96,10136.65
2019-01-25 23:00:00,1,9621.17,9696.44
2019-01-25 23:30:00,1,9230.24,9327.13
2019-01-26 00:00:00,1,8959.53,8949.25
2019-01-26 00:30:00,1,8572.27,8673.27
2019-01-26 01:00:00,1,8251.83,8305.76
2019-01-26 01:30:00,1,7930.4,7982.38
2019-01-26 02:00:00,1,7625.08,7709.76
2019-01-26 02:30:00,1,7523.3,7489.39
2019-01-26 03:00:00,1,7376.68,7388.77
2019-01-26 03:30:00,1,7330.69,7315.51
2019-01-26 04:00:00,1,7299.31,7328.68
2019-01-26 04:30:00,1,7310.66,7331.88
2019-01-26 05:00:00,1,7408.17,7421.89
2019-01-26 05:30:00,1,7453.71,7526.38
2019-01-26 06:00:00,1,7540.97,7613.78
2019-01-26 06:30:00,1,7832.84,7830.47
2019-01-26 07:00:00,1,8176.55,8192.77
2019-01-26 07:30:00,1,8609.63,8523.56
2019-01-26 08:00:00,1,9006.59,9000.53
2019-01-26 08:30:00,1,9512.12,9381.45
2019-01-26 09:00:00,1,9813.5,9719.67
2019-01-26 09:30:00,1,10222.3,10194.48
2019-01-26 10:00:00,1,10471.65,10461.75
2019-01-26 10:30:00,1,10751.41,10695.75
2019-01-26 11:00:00,1,10927.65,10980.66
2019-01-26 11:30:00,1,11058.58,11162.01
2019-01-26 12:00:00,1,11214.65,11207.56
2019-01-26 12:30:00,1,11233.03,11338.1
2019-01-26 13:00:00,1,11274.68,11377.88
2019-01-26 13:30:00,1,11315.56,11366.67
2019-01-26 14:00:00,1,11431.08,11471.27
2019-01-26 14:30:00,1,11462.05,11529.89
2019-01-26 15:00:00,1,11613.09,11575.56
2019-01-26 15:30:00,1,11700.39,11693.3
2019-01-26 16:00:00,1,11771.98,11742.39
2019-01-26 16:30:00,1,11694.02,11658.49
2019-01-26 17:00:00,1,11617.11,11693.17
2019-01-26 17:30:00,1,11522.4,11439.82
2019-01-26 18:00:00,1,11306.54,11371.01
2019-01-26 18:30:00,1,11178.16,11128.69
2019-01-26 19:00:00,1,10932.26,10891.7
2019-01-26 19:30:00,1,10854.07,10768.03
2019-01-26 20:00:00,1,10704.43,10736.33
2019-01-26 20:30:00,1,10409.09,10466.33
2019-01-26 21:00:00,1,10133.49,10131.68
2019-01-26 21:30:00,1,9830.57,9867.8
2019-01-26 22:00:00,1,9560.38,9517.12
2019-01-26 22:30:00,1,9268.64,9287.08
2019-01-26 23:00:00,1,8841.45,8883.37
2019-01-26 23:30:00,1,8558.31,8537.92
2019-01-27 00:00:00,1,8205.08,8239.41
2019-01-27 00:30:00,1,7980.93,7993.36
2019-01-27 01:00:00,1,7800.81,7727.83
2019-01-27 01:30:00,1,7481.26,7491.56
2019-01-27 02:00:00,1,7246.94,7346.8
2019-01-27 02:30:00,1,7222.72,7122.57
2019-01-27 03:00:00,1,7139.92,7111.54
2019-01-27 03:30:00,1,7020.82,7058.76
2019-01-27 04:00:00,1,7007.83,7047.93
2019-01-27 04:30:00,1,6995.12,7049.14
2019-01-27 05:00:00,1,7002.34,7049.85
2019-01-27 05:30:00,1,7003.35,7073.22
2019-01-27 06:00:00,1,7052.45,7140.38
2019-01-27 06:30:00,1,7219.23,7298.1
2019-01-27 07:00:00,1,7469.19,7472.64
2019-01-27 07:30:00,1,7812.28,7783.92
2019-01-27 08:00:00,1,8137.12,8049.06
2019-01-27 08:30:00,1,8506.86,8429.6
2019-01-27 09:00:00,1,8822.88,8722.31
2019-01-27 09:30:00,1,9235.2,9109.61
2019-01-27 10:00:00,1,9513.2,9527.67
2019-01-27 10:30:00,1,9721.8,9744.66
2019-01-27 11:00:00,1,10008.33,9971.43
2019-01-27 11:30:00,1,10184.37,10211.15
2019-01-27 12:00:00,1,10371.14,10328.08
2019-01-27 12:30:00,1,10549.65,10488.74
2019-01-27 13:00:00,1,10579.43,10649.01
2019-01-27 13:30:00,1,10621.34,10700.82
2019-01-27 14:00:00,1,10656.11,10699.56
2019-01-27 14:30:00,1,10669.73,10719.84
2019-01-27 15:00:00,1,10732.39,10732.2
2019-01-27 15:30:00,1,10777.77,10760.35
2019-01-27 16:00:00,1,10678.78,10833.52
2019-01-27 16:30:00,1,10325.07,10451.62
2019-01-27 17:00:00,1,10265.15,10292.51
2019-01-27 17:30:00,1,10129.34,10202.93
2019-01-27 18:00:00,1,9985.34,10036.77
2019-01-27 18:30:00,1,9766.98,9762.62
2019-01-27 19:00:00,1,9616.99,9593.24
2019-01-27 19:30:00,1,9589.64,9549.03
2019-01-27 20:00:00,1,9516.59,9535.25
2019-01-27 20:30:00,1,9294.01,9294.14
2019-01-27 21:00:00,1,9124.03,8974.35
2019-01-27 21:30:00,1,8931.91,8887.82
2019-01-27 22:00:00,1,8669.72,8644.47
2019-01-27 22:30:00,1,8529.53,8504.04
2019-01-27 23:00:00,1,8245.44,8208.72
2019-01-27 23:30:00,1,7958.25,7955.87
2019-01-29 00:00:00,1,7855.9,7849.65
2019-01-29 00:30:00,1,7642.27,7678.07
2019-01-29 01:00:00,1,7443.95,7474.75
2019-01-29 01:30:00,1,7193.63,7195.21
2019-01-29 02:00:00,1,7007.88,7020.79
2019-01-29 02:30:00,1,6921.5,6877.22
2019-01-29 03:00:00,1,6895.48,6880.48
2019-01-29 03:30:00,1,6878.38,6888.75
2019-01-29 04:00:00,1,6897.39,6919.84
2019-01-29 04:30:00,1,7094.42,7078.84
2019-01-29 05:00:00,1,7287.16,7265.34
2019-01-29 05:30:00,1,7764.49,7676.15
2019-01-29 06:00:00,1,8164.47,8084.28
2019-01-29 06:30:00,1,8616.39,8606.71
2019-01-29 07:00:00,1,9012.86,9045.55
2019-01-29 07:30:00,1,9376.94,9372.87
2019-01-29 08:00:00,1,9658.7,9654.68
2019-01-29 08:30:00,1,9836.43,9921.79
2019-01-29 09:00:00,1,10027.54,10020.37
2019-01-29 09:30:00,1,10201.98,10196.39
2019-01-29 10:00:00,1,10296.53,10310.9
2019-01-29 10:30:00,1,10478.83,10422.95
2019-01-29 11:00:00,1,10603.95,10664.54
2019-01-29 11:30:00,1,10838.68,10758.43
2019-01-29 12:00:00,1,11073.55,11065.16
2019-01-29 12:30:00,1,11340.56,11240.5
2019-01-29 13:00:00,1,11591.51,11528.18
2019-01-29 13:30:00,1,11921.88,11768.06
2019-01-29 14:00:00,1,12047.87,11983.35
2019-01-29 14:30:00,1,12304.45,12120.38
2019-01-29 15:00:00,1,12526.13,12523.2
2019-01-29 15:30:00,1,12732.53,12619.46
2019-01-29 16:00:00,1,12923.19,12846.24
2019-01-29 16:30:00,1,12871.28,12937.4
2019-01-29 17:00:00,1,12842.56,12804.56
2019-01-29 17:30:00,1,12691.98,12582.53
2019-01-29 18:00:00,1,12572.28,12556.58
2019-01-29 18:30:00,1,12219.16,12273.71
2019-01-29 19:00:00,1,11883.86,11924.25
2019-01-29 19:30:00,1,11506.37,11701.93
2019-01-29 20:00:00,1,11280.31,11370.5
2019-01-29 20:30:00,1,10841.57,10994.97
2019-01-29 21:00:00,1,10422.24,10451.79
2019-01-29 21:30:00,1,9994.41,10157.18
2019-01-29 22:00:00,1,9548.38,9603.26
2019-01-29 22:30:00,1,9273.1,9322.6
2019-01-29 23:00:00,1,8884.25,8972.71
2019-01-29 23:30:00,1,8544.63,8625.22
2019-01-30 00:00:00,1,8330.48,8342.35
2019-01-30 00:30:00,1,8116.18,8096.08
2019-01-30 01:00:00,1,7866.53,7884.22
2019-01-30 01:30:00,1,7614.39,7621.5
2019-01-30 02:00:00,1,7352.3,7400.46
2019-01-30 02:30:00,1,7206.91,7231.64
2019-01-30 03:00:00,1,7099.81,7162.01
2019-01-30 03:30:00,1,7157.93,7115.29
2019-01-30 04:00:00,1,7202.66,7192.56
2019-01-30 04:30:00,1,7463.49,7396.95
2019-01-30 05:00:00,1,7605.38,7611.5
2019-01-30 05:30:00,1,8084.87,7997.51
2019-01-30 06:00:00,1,8470.69,8425.36
2019-01-30 06:30:00,1,8903.23,8924.68
2019-01-30 07:00:00,1,9291.9,9335.17
2019-01-30 07:30:00,1,9514.2,9634.98
2019-01-30 08:00:00,1,9609.19,9668.37
2019-01-30 08:30:00,1,9834.8,9835.74
2019-01-30 09:00:00,1,10038.76,9964.97
2019-01-30 09:30:00,1,10272.92,10164.08
2019-01-30 10:00:00,1,10415.96,10419.08
2019-01-30 10:30:00,1,10603.12,10537.39
2019-01-30 11:00:00,1,10785.32,10815.54
2019-01-30 11:30:00,1,11022.7,10912.91
2019-01-30 12:00:00,1,11122.86,11061.96
2019-01-30 12:30:00,1,11276.04,11311.92
2019-01-30 13:00:00,1,11632.12,11626.73
2019-01-30 13:30:00,1,11686.26,11861.8
2019-01-30 14:00:00,1,11715.13,12161.85
2019-01-30 14:30:00,1,11780.92,12310.92
2019-01-30 15:00:00,1,11899.53,12023.5
2019-01-30 15:30:00,1,12208.95,12296.43
2019-01-30 16:00:00,1,12369.34,12565.87
2019-01-30 16:30:00,1,12228.83,12657.21
2019-01-30 17:00:00,1,12252.69,12172.44
2019-01-30 17:30:00,1,12004.28,12005.18
2019-01-30 18:00:00,1,11921.19,11875.94
2019-01-30 18:30:00,1,11649.07,11646.45
2019-01-30 19:00:00,1,11440.62,11430.01
2019-01-30 19:30:00,1,11298.74,11335.71
2019-01-30 20:00:00,1,11091.36,11150.11
2019-01-30 20:30:00,1,10784.07,10779.38
2019-01-30 21:00:00,1,10349.6,10387.82
2019-01-30 21:30:00,1,9989.79,10050.94
2019-01-30 22:00:00,1,9537.1,9594.4
2019-01-30 22:30:00,1,9206.15,9283.64
2019-01-30 23:00:00,1,8910.11,8908.53
2019-01-30 23:30:00,1,8502.88,8606.94
2019-01-31 00:00:00,1,8246.14,8293.24
2019-01-31 00:30:00,1,7995.66,8039.24
2019-01-31 01:00:00,1,7780.72,7788.79
2019-01-31 01:30:00,1,7435.8,7521.56
2019-01-31 02:00:00,1,7234.96,7257.2
2019-01-31 02:30:00,1,7131.98,7113.34
2019-01-31 03:00:00,1,7047.88,7084.73
2019-01-31 03:30:00,1,7101.5,7062.09
2019-01-31 04:00:00,1,7086.18,7119.48
2019-01-31 04:30:00,1,7325.73,7277.61
2019-01-31 05:00:00,1,7613.07,7523.79
2019-01-31 05:30:00,1,8097.27,8029.41
2019-01-31 06:00:00,1,8503.32,8499.48
2019-01-31 06:30:00,1,8906.25,8981.65
2019-01-31 07:00:00,1,9273.24,9355.69
2019-01-31 07:30:00,1,9536.96,9691.81
2019-01-31 08:00:00,1,9728.73,9837.08
2019-01-31 08:30:00,1,9942.5,9941.7
2019-01-31 09:00:00,1,10170.82,10169.46
2019-01-31 09:30:00,1,10380.41,10408.28
2019-01-31 10:00:00,1,10602.12,10554.06
2019-01-31 10:30:00,1,10693.5,10808.74
2019-01-31 11:00:00,1,10801.99,10900.53
2019-01-31 11:30:00,1,11024.88,11008.82
2019-01-31 12:00:00,1,11345.58,11215.34
2019-01-31 12:30:00,1,11555.76,11583.68
2019-01-31 13:00:00,1,11966.23,11857.81
2019-01-31 13:30:00,1,12210.65,12115.46
2019-01-31 14:00:00,1,12450.94,12336.43
2019-01-31 14:30:00,1,12658.02,12690.47
2019-01-31 15:00:00,1,13043.68,13114.8
2019-01-31 15:30:00,1,13388.48,13336.96
2019-01-31 16:00:00,1,13638.66,13487.37
2019-01-31 16:30:00,1,13700.9,13613.5
2019-01-31 17:00:00,1,13607.67,13590.14
2019-01-31 17:30:00,1,12853.58,13203.59
2019-01-31 18:00:00,1,12115.24,12454.52
2019-01-31 18:30:00,1,11422.04,11643.2
2019-01-31 19:00:00,1,10889.16,11069.33
2019-01-31 19:30:00,1,10430.67,10638.1
2019-01-31 20:00:00,1,10151.35,10260.33
2019-01-31 20:30:00,1,9639.91,9858.43
2019-01-31 21:00:00,1,9156.11,9283.83
2019-01-31 21:30:00,1,8898.25,8948.54
2019-01-31 22:00:00,1,8584.26,8561.66
2019-01-31 22:30:00,1,8351.58,8399.02
2019-01-31 23:00:00,1,8060.04,8115.24
2019-01-31 23:30:00,1,7803.95,7860.34
2019-02-04 00:00:00,1,7521.28,7595.7
2019-02-04 00:30:00,1,7368.77,7372.59
2019-02-04 01:00:00,1,7144.34,7235.38
2019-02-04 01:30:00,1,6881.18,6927.26
2019-02-04 02:00:00,1,6695.11,6749.1
2019-02-04 02:30:00,1,6670.31,6671.94
2019-02-04 03:00:00,1,6622.75,6636.69
2019-02-04 03:30:00,1,6661.79,6619.35
2019-02-04 04:00:00,1,6724.73,6732.26
2019-02-04 04:30:00,1,6958.25,6916.87
2019-02-04 05:00:00,1,7227.7,7187.91
2019-02-04 05:30:00,1,7763.92,7750.65
2019-02-04 06:00:00,1,8216.45,8169.0
2019-02-04 06:30:00,1,8607.54,8639.08
2019-02-04 07:00:00,1,8917.51,8979.97
2019-02-04 07:30:00,1,9150.31,9167.44
2019-02-04 08:00:00,1,9283.49,9341.39
2019-02-04 08:30:00,1,9488.01,9470.36
2019-02-04 09:00:00,1,9641.92,9572.68
2019-02-04 09:30:00,1,9737.32,9821.81
2019-02-04 10:00:00,1,9919.89,9855.39
2019-02-04 10:30:00,1,10041.99,10039.72
2019-02-04 11:00:00,1,10181.96,10186.24
2019-02-04 11:30:00,1,10260.5,10328.24
2019-02-04 12:00:00,1,10529.92,10409.37
2019-02-04 12:30:00,1,10832.14,10718.99
2019-02-04 13:00:00,1,11035.19,10985.54
2019-02-04 13:30:00,1,11220.72,11148.74
2019-02-04 14:00:00,1,11366.72,11310.56
2019-02-04 14:30:00,1,11453.06,11405.97
2019-02-04 15:00:00,1,11815.99,11694.5
2019-02-04 15:30:00,1,12031.53,11950.09
2019-02-04 16:00:00,1,12226.27,12215.47
2019-02-04 16:30:00,1,12208.69,12258.24
2019-02-04 17:00:00,1,12194.47,12180.56
2019-02-04 17:30:00,1,11970.61,11886.73
2019-02-04 18:00:00,1,11838.53,11804.34
2019-02-04 18:30:00,1,11482.01,11483.7
2019-02-04 19:00:00,1,11212.06,11222.13
2019-02-04 19:30:00,1,10977.26,11089.31
2019-02-04 20:00:00,1,10718.9,10785.06
2019-02-04 20:30:00,1,10291.77,10381.92
2019-02-04 21:00:00,1,9982.65,9920.94
2019-02-04 21:30:00,1,9717.14,9680.1
2019-02-04 22:00:00,1,9292.71,9292.13
2019-02-04 22:30:00,1,9026.96,9062.88
2019-02-04 23:00:00,1,8619.02,8757.43
2019-02-04 23:30:00,1,8331.52,8438.0
2019-02-08 00:00:00,1,7989.15,7982.65
2019-02-08 00:30:00,1,7766.15,7771.04
2019-02-08 01:00:00,1,7531.38,7573.89
2019-02-08 01:30:00,1,7274.63,7258.52
2019-02-08 02:00:00,1,7094.74,7113.62
2019-02-08 02:30:00,1,6973.31,6967.31
2019-02-08 03:00:00,1,6880.87,6915.2
2019-02-08 03:30:00,1,6883.47,6880.54
2019-02-08 04:00:00,1,6941.74,6946.18
2019-02-08 04:30:00,1,7147.76,7124.29
2019-02-08 05:00:00,1,7397.56,7381.32
2019-02-08 05:30:00,1,7827.64,7869.34
2019-02-08 06:00:00,1,8256.85,8223.27
2019-02-08 06:30:00,1,8645.4,8657.14
2019-02-08 07:00:00,1,8951.09,9017.37
2019-02-08 07:30:00,1,9161.16,9153.52
2019-02-08 08:00:00,1,9234.09,9321.56
2019-02-08 08:30:00,1,9382.7,9466.49
2019-02-08 09:00:00,1,9493.89,9471.67
2019-02-08 09:30:00,1,9566.17,9607.82
2019-02-08 10:00:00,1,9617.52,9690.41
2019-02-08 10:30:00,1,9757.81,9751.83
2019-02-08 11:00:00,1,9831.76,9877.5
2019-02-08 11:30:00,1,9979.02,9982.5
2019-02-08 12:00:00,1,10139.47,10111.51
2019-02-08 12:30:00,1,10269.0,10322.96
2019-02-08 13:00:00,1,10567.2,10450.75
2019-02-08 13:30:00,1,10707.06,10710.53
2019-02-08 14:00:00,1,10836.6,10841.26
2019-02-08 14:30:00,1,10947.4,10945.41
2019-02-08 15:00:00,1,11242.69,11209.83
2019-02-08 15:30:00,1,11294.61,11382.78
2019-02-08 16:00:00,1,11403.56,11442.57
2019-02-08 16:30:00,1,11299.49,11476.41
2019-02-08 17:00:00,1,11033.5,11179.2
2019-02-08 17:30:00,1,10397.48,10648.55
2019-02-08 18:00:00,1,9892.39,9952.12
2019-02-08 18:30:00,1,9537.89,9628.39
2019-02-08 19:00:00,1,9288.19,9406.89
2019-02-08 19:30:00,1,9139.91,9275.06
2019-02-08 20:00:00,1,9006.78,9035.0
2019-02-08 20:30:00,1,8801.78,8763.18
2019-02-08 21:00:00,1,8516.91,8605.61
2019-02-08 21:30:00,1,8476.8,8446.06
2019-02-08 22:00:00,1,8278.26,8260.21
2019-02-08 22:30:00,1,8175.67,8190.74
2019-02-08 23:00:00,1,7930.54,7971.9
2019-02-08 23:30:00,1,7720.69,7743.65
2019-02-09 00:00:00,1,7561.64,7568.7
2019-02-09 00:30:00,1,7267.17,7338.94
2019-02-09 01:00:00,1,7096.98,7104.83
2019-02-09 01:30:00,1,6783.95,6812.23
2019-02-09 02:00:00,1,6566.59,6624.64
2019-02-09 02:30:00,1,6449.73,6453.06
2019-02-09 03:00:00,1,6331.29,6380.15
2019-02-09 03:30:00,1,6332.49,6340.06
2019-02-09 04:00:00,1,6347.11,6315.37
2019-02-09 04:30:00,1,6377.09,6405.67
2019-02-09 05:00:00,1,6452.45,6443.93
2019-02-09 05:30:00,1,6638.97,6599.92
2019-02-09 06:00:00,1,6749.68,6717.02
2019-02-09 06:30:00,1,6874.49,6993.0
2019-02-09 07:00:00,1,7086.78,7122.05
2019-02-09 07:30:00,1,7280.72,7340.45
2019-02-09 08:00:00,1,7413.03,7523.6
2019-02-09 08:30:00,1,7630.27,7570.13
2019-02-09 09:00:00,1,7645.72,7661.01
2019-02-09 09:30:00,1,7752.54,7741.6
2019-02-09 10:00:00,1,7799.38,7763.31
2019-02-09 10:30:00,1,7885.1,7835.49
2019-02-09 11:00:00,1,8022.56,7947.36
2019-02-09 11:30:00,1,8288.2,8012.17
2019-02-09 12:00:00,1,8384.64,8400.64
2019-02-09 12:30:00,1,8504.44,8475.73
2019-02-09 13:00:00,1,8648.45,8598.11
2019-02-09 13:30:00,1,8697.37,8725.42
2019-02-09 14:00:00,1,8734.38,8726.64
2019-02-09 14:30:00,1,8703.7,8745.02
2019-02-09 15:00:00,1,8856.57,8751.53
2019-02-09 15:30:00,1,9061.01,8997.07
2019-02-09 16:00:00,1,9254.32,9182.13
2019-02-09 16:30:00,1,9320.91,9256.48
2019-02-09 17:00:00,1,9371.2,9432.29
2019-02-09 17:30:00,1,9340.44,9329.47
2019-02-09 18:00:00,1,9298.58,9244.88
2019-02-09 18:30:00,1,9100.51,9139.14
2019-02-09 19:00:00,1,8840.58,8961.99
2019-02-09 19:30:00,1,8729.58,8775.99
2019-02-09 20:00:00,1,8641.89,8641.99
2019-02-09 20:30:00,1,8362.5,8478.15
2019-02-09 21:00:00,1,8214.56,8214.21
2019-02-09 21:30:00,1,7998.99,8088.25
2019-02-09 22:00:00,1,7812.08,7882.81
2019-02-09 22:30:00,1,7745.37,7797.21
2019-02-09 23:00:00,1,7486.43,7535.35
2019-02-09 23:30:00,1,7289.11,7345.98
2019-02-12 00:00:00,1,7492.15,7545.99
2019-02-12 00:30:00,1,7267.14,7313.39
2019-02-12 01:00:00,1,7047.43,7093.41
2019-02-12 01:30:00,1,6750.47,6812.9
2019-02-12 02:00:00,1,6521.74,6595.37
2019-02-12 02:30:00,1,6368.84,6463.51
2019-02-12 03:00:00,1,6336.18,6381.46
2019-02-12 03:30:00,1,6306.53,6382.73
2019-02-12 04:00:00,1,6367.04,6399.84
2019-02-12 04:30:00,1,6561.64,6581.61
2019-02-12 05:00:00,1,6720.47,6801.78
2019-02-12 05:30:00,1,7225.29,7237.11
2019-02-12 06:00:00,1,7575.02,7565.98
2019-02-12 06:30:00,1,7938.4,7955.09
2019-02-12 07:00:00,1,8160.27,8242.17
2019-02-12 07:30:00,1,8140.01,8292.67
2019-02-12 08:00:00,1,8203.0,8220.39
2019-02-12 08:30:00,1,8292.75,8316.39
2019-02-12 09:00:00,1,8401.33,8468.85
2019-02-12 09:30:00,1,8528.97,8464.54
2019-02-12 10:00:00,1,8622.0,8634.71
2019-02-12 10:30:00,1,8758.73,8730.66
2019-02-12 11:00:00,1,8961.05,8901.09
2019-02-12 11:30:00,1,9132.15,9088.63
2019-02-12 12:00:00,1,9364.01,9263.59
2019-02-12 12:30:00,1,9573.04,9543.73
2019-02-12 13:00:00,1,9843.52,9788.42
2019-02-12 13:30:00,1,10059.12,10028.55
2019-02-12 14:00:00,1,10393.68,10270.83
2019-02-12 14:30:00,1,10667.63,10541.13
2019-02-12 15:00:00,1,11121.6,10895.62
2019-02-12 15:30:00,1,11493.86,11264.4
2019-02-12 16:00:00,1,11751.21,11628.35
2019-02-12 16:30:00,1,11933.23,11775.52
2019-02-12 17:00:00,1,12110.45,12013.99
2019-02-12 17:30:00,1,12005.72,11957.4
2019-02-12 18:00:00,1,11936.42,11871.08
2019-02-12 18:30:00,1,11643.41,11663.08
2019-02-12 19:00:00,1,11278.32,11437.83
2019-02-12 19:30:00,1,11079.55,11105.65
2019-02-12 20:00:00,1,10781.32,10822.87
2019-02-12 20:30:00,1,10367.55,10402.03
2019-02-12 21:00:00,1,9786.69,9941.06
2019-02-12 21:30:00,1,9434.46,9493.52
2019-02-12 22:00:00,1,8941.23,9086.57
2019-02-12 22:30:00,1,8629.82,8716.2
2019-02-12 23:00:00,1,8271.18,8400.22
2019-02-12 23:30:00,1,8072.01,8060.96
2019-02-17 00:00:00,1,7085.7,7126.54
2019-02-17 00:30:00,1,6874.52,6948.55
2019-02-17 01:00:00,1,6804.86,6772.01
2019-02-17 01:30:00,1,6557.16,6587.78
2019-02-17 02:00:00,1,6410.46,6402.93
2019-02-17 02:30:00,1,6292.99,6300.59
2019-02-17 03:00:00,1,6276.36,6241.0
2019-02-17 03:30:00,1,6278.64,6265.84
2019-02-17 04:00:00,1,6243.35,6266.74
2019-02-17 04:30:00,1,6258.32,6283.44
2019-02-17 05:00:00,1,6302.06,6305.45
2019-02-17 05:30:00,1,6442.99,6391.93
2019-02-17 06:00:00,1,6489.68,6512.22
2019-02-17 06:30:00,1,6590.49,6657.0
2019-02-17 07:00:00,1,6760.38,6816.95
2019-02-17 07:30:00,1,6860.15,7005.44
2019-02-17 08:00:00,1,6950.58,7067.11
2019-02-17 08:30:00,1,7096.1,7118.62
2019-02-17 09:00:00,1,7212.96,7305.26
2019-02-17 09:30:00,1,7283.01,7309.04
2019-02-17 10:00:00,1,7359.82,7375.16
2019-02-17 10:30:00,1,7372.29,7437.82
2019-02-17 11:00:00,1,7474.63,7504.25
2019-02-17 11:30:00,1,7562.44,7576.42
2019-02-17 12:00:00,1,7740.75,7697.75
2019-02-17 12:30:00,1,7931.31,7815.29
2019-02-17 13:00:00,1,8081.43,8062.52
2019-02-17 13:30:00,1,8263.55,8212.75
2019-02-17 14:00:00,1,8514.46,8432.73
2019-02-17 14:30:00,1,8704.62,8642.52
2019-02-17 15:00:00,1,9002.52,8892.12
2019-02-17 15:30:00,1,9217.32,9176.02
2019-02-17 16:00:00,1,9511.15,9326.79
2019-02-17 16:30:00,1,9663.27,9614.09
2019-02-17 17:00:00,1,9924.3,9783.09
2019-02-17 17:30:00,1,9974.41,9902.9
2019-02-17 18:00:00,1,9902.32,9914.68
2019-02-17 18:30:00,1,9777.14,9775.17
2019-02-17 19:00:00,1,9561.73,9647.75
2019-02-17 19:30:00,1,9505.99,9513.1
2019-02-17 20:00:00,1,9417.63,9375.69
2019-02-17 20:30:00,1,9069.32,9165.45
2019-02-17 21:00:00,1,8765.75,8818.81
2019-02-17 21:30:00,1,8445.81,8558.48
2019-02-17 22:00:00,1,8179.41,8212.28
2019-02-17 22:30:00,1,7963.86,8008.13
2019-02-17 23:00:00,1,7658.01,7730.02
2019-02-17 23:30:00,1,7434.32,7474.41
2019-02-18 00:00:00,1,7283.03,7279.45
2019-02-18 00:30:00,1,7110.02,7120.75
2019-02-18 01:00:00,1,6949.94,6986.4
2019-02-18 01:30:00,1,6702.29,6763.84
2019-02-18 02:00:00,1,6539.48,6579.86
2019-02-18 02:30:00,1,6445.26,6503.95
2019-02-18 03:00:00,1,6446.14,6442.03
2019-02-18 03:30:00,1,6497.61,6455.34
2019-02-18 04:00:00,1,6539.46,6543.28
2019-02-18 04:30:00,1,6774.89,6747.67
2019-02-18 05:00:00,1,7037.98,6990.53
2019-02-18 05:30:00,1,7521.19,7496.68
2019-02-18 06:00:00,1,7917.57,7933.82
2019-02-18 06:30:00,1,8295.46,8322.99
2019-02-18 07:00:00,1,8564.22,8624.45
2019-02-18 07:30:00,1,8667.27,8794.54
2019-02-18 08:00:00,1,8742.65,8835.76
2019-02-18 08:30:00,1,8755.88,8859.0
2019-02-18 09:00:00,1,8962.05,8886.62
2019-02-18 09:30:00,1,9005.73,9035.04
2019-02-18 10:00:00,1,9209.06,9172.14
2019-02-18 10:30:00,1,9246.88,9294.92
2019-02-18 11:00:00,1,9382.17,9456.86
2019-02-18 11:30:00,1,9553.54,9523.16
2019-02-18 12:00:00,1,9832.33,9792.45
2019-02-18 12:30:00,1,10047.62,10060.91
2019-02-18 13:00:00,1,10244.15,10251.34
2019-02-18 13:30:00,1,10480.68,10454.03
2019-02-18 14:00:00,1,10693.22,10634.86
2019-02-18 14:30:00,1,10918.94,10810.99
2019-02-18 15:00:00,1,11280.17,11234.26
2019-02-18 15:30:00,1,11596.16,11500.17
2019-02-18 16:00:00,1,11833.88,11760.25
2019-02-18 16:30:00,1,11898.99,11839.12
2019-02-18 17:00:00,1,11842.81,11791.49
2019-02-18 17:30:00,1,11572.93,11614.3
2019-02-18 18:00:00,1,11461.16,11470.15
2019-02-18 18:30:00,1,11113.47,11162.76
2019-02-18 19:00:00,1,10749.12,10889.58
2019-02-18 19:30:00,1,10597.3,10631.54
2019-02-18 20:00:00,1,10225.38,10354.59
2019-02-18 20:30:00,1,9834.35,10003.46
2019-02-18 21:00:00,1,9333.93,9461.12
2019-02-18 21:30:00,1,9131.27,9196.95
2019-02-18 22:00:00,1,8740.22,8816.0
2019-02-18 22:30:00,1,8569.41,8608.61
2019-02-18 23:00:00,1,8231.83,8314.75
2019-02-18 23:30:00,1,7997.81,8056.48
2019-03-06 00:00:00,1,7755.74,7696.78
2019-03-06 00:30:00,1,7482.17,7535.36
2019-03-06 01:00:00,1,7253.59,7316.72
2019-03-06 01:30:00,1,6895.57,7016.61
2019-03-06 02:00:00,1,6688.93,6723.41
2019-03-06 02:30:00,1,6539.14,6583.38
2019-03-06 03:00:00,1,6493.42,6534.34
2019-03-06 03:30:00,1,6536.35,6532.23
2019-03-06 04:00:00,1,6565.46,6597.02
2019-03-06 04:30:00,1,6832.52,6816.83
2019-03-06 05:00:00,1,7116.33,7109.41
2019-03-06 05:30:00,1,7618.19,7655.34
2019-03-06 06:00:00,1,8017.94,8069.72
2019-03-06 06:30:00,1,8424.79,8419.31
2019-03-06 07:00:00,1,8624.69,8667.74
2019-03-06 07:30:00,1,8780.45,8794.36
2019-03-06 08:00:00,1,8877.6,8890.3
2019-03-06 08:30:00,1,9046.78,9068.79
2019-03-06 09:00:00,1,9176.32,9130.42
2019-03-06 09:30:00,1,9308.59,9255.39
2019-03-06 10:00:00,1,9496.23,9452.73
2019-03-06 10:30:00,1,9556.51,9560.6
2019-03-06 11:00:00,1,9586.99,9635.48
2019-03-06 11:30:00,1,9626.04,9661.83
2019-03-06 12:00:00,1,9867.68,9728.43
2019-03-06 12:30:00,1,10026.83,10027.68
2019-03-06 13:00:00,1,10311.13,10187.26
2019-03-06 13:30:00,1,10176.0,10372.34
2019-03-06 14:00:00,1,9897.31,10186.68
2019-03-06 14:30:00,1,9707.63,9906.16
2019-03-06 15:00:00,1,9650.9,9749.57
2019-03-06 15:30:00,1,9619.65,9712.44
2019-03-06 16:00:00,1,9532.8,9666.93
2019-03-06 16:30:00,1,9411.69,9502.53
2019-03-06 17:00:00,1,9474.99,9417.47
2019-03-06 17:30:00,1,9450.61,9398.27
2019-03-06 18:00:00,1,9425.91,9462.23
2019-03-06 18:30:00,1,9274.01,9327.3
2019-03-06 19:00:00,1,9233.23,9257.19
2019-03-06 19:30:00,1,9158.87,9141.57
2019-03-06 20:00:00,1,8887.7,8981.41
2019-03-06 20:30:00,1,8647.86,8681.43
2019-03-06 21:00:00,1,8348.22,8386.77
2019-03-06 21:30:00,1,8180.88,8221.06
2019-03-06 22:00:00,1,7929.82,7969.69
2019-03-06 22:30:00,1,7795.07,7884.02
2019-03-06 23:00:00,1,7651.63,7662.13
2019-03-06 23:30:00,1,7484.66,7476.08
2019-03-12 00:00:00,1,7705.35,7660.38
2019-03-12 00:30:00,1,7485.52,7512.04
2019-03-12 01:00:00,1,7251.38,7302.52
2019-03-12 01:30:00,1,6929.53,6979.16
2019-03-12 02:00:00,1,6701.86,6726.73
2019-03-12 02:30:00,1,6590.73,6614.16
2019-03-12 03:00:00,1,6576.68,6567.32
2019-03-12 03:30:00,1,6577.23,6570.15
2019-03-12 04:00:00,1,6585.5,6639.87
2019-03-12 04:30:00,1,6827.41,6801.06
2019-03-12 05:00:00,1,7073.42,7068.71
2019-03-12 05:30:00,1,7590.22,7604.8
2019-03-12 06:00:00,1,8017.41,8057.09
2019-03-12 06:30:00,1,8365.9,8380.58
2019-03-12 07:00:00,1,8625.31,8684.62
2019-03-12 07:30:00,1,8703.51,8771.26
2019-03-12 08:00:00,1,8759.38,8821.57
2019-03-12 08:30:00,1,8852.37,8895.46
2019-03-12 09:00:00,1,8836.9,8912.81
2019-03-12 09:30:00,1,8877.25,8904.09
2019-03-12 10:00:00,1,8916.6,8972.65
2019-03-12 10:30:00,1,8941.28,9002.02
2019-03-12 11:00:00,1,9028.89,9022.84
2019-03-12 11:30:00,1,9073.43,9116.33
2019-03-12 12:00:00,1,9254.23,9198.85
2019-03-12 12:30:00,1,9383.02,9384.0
2019-03-12 13:00:00,1,9607.23,9489.93
2019-03-12 13:30:00,1,9770.0,9730.95
2019-03-12 14:00:00,1,9876.56,9884.85
2019-03-12 14:30:00,1,10078.69,9996.51
2019-03-12 15:00:00,1,10369.77,10298.56
2019-03-12 15:30:00,1,10673.08,10569.19
2019-03-12 16:00:00,1,10782.97,10780.39
2019-03-12 16:30:00,1,10882.64,10860.53
2019-03-12 17:00:00,1,10997.06,10901.53
2019-03-12 17:30:00,1,10877.09,10823.99
2019-03-12 18:00:00,1,10780.2,10816.18
2019-03-12 18:30:00,1,10443.38,10577.49
2019-03-12 19:00:00,1,10360.78,10372.38
2019-03-12 19:30:00,1,10124.06,10170.6
2019-03-12 20:00:00,1,9891.18,9909.67
2019-03-12 20:30:00,1,9483.66,9574.27
2019-03-12 21:00:00,1,9034.47,9155.18
2019-03-12 21:30:00,1,8733.93,8863.73
2019-03-12 22:00:00,1,8377.5,8431.59
2019-03-12 22:30:00,1,8215.9,8269.6
2019-03-12 23:00:00,1,7958.68,7989.56
2019-03-12 23:30:00,1,7792.35,7752.22
2019-03-24 00:00:00,1,6965.13,6943.96
2019-03-24 00:30:00,1,6788.05,6826.77
2019-03-24 01:00:00,1,6615.18,6662.29
2019-03-24 01:30:00,1,6381.62,6422.75
2019-03-24 02:00:00,1,6219.18,6234.93
2019-03-24 02:30:00,1,6098.74,6122.11
2019-03-24 03:00:00,1,6014.65,6058.25
2019-03-24 03:30:00,1,6017.34,6000.36
2019-03-24 04:00:00,1,5969.84,5981.2
2019-03-24 04:30:00,1,6023.55,6012.6
2019-03-24 05:00:00,1,6055.28,6078.06
2019-03-24 05:30:00,1,6218.41,6191.59
2019-03-24 06:00:00,1,6376.72,6325.38
2019-03-24 06:30:00,1,6570.15,6555.09
2019-03-24 07:00:00,1,6792.61,6764.7
2019-03-24 07:30:00,1,7039.78,7038.88
2019-03-24 08:00:00,1,7175.51,7203.56
2019-03-24 08:30:00,1,7308.23,7276.09
2019-03-24 09:00:00,1,7393.58,7376.13
2019-03-24 09:30:00,1,7540.97,7481.66
2019-03-24 10:00:00,1,7499.91,7584.78
2019-03-24 10:30:00,1,7562.87,7525.15
2019-03-24 11:00:00,1,7640.48,7691.32
2019-03-24 11:30:00,1,7771.67,7726.16
2019-03-24 12:00:00,1,7888.33,7871.15
2019-03-24 12:30:00,1,7994.07,8039.08
2019-03-24 13:00:00,1,8219.58,8180.21
2019-03-24 13:30:00,1,8307.54,8389.57
2019-03-24 14:00:00,1,8446.16,8411.7
2019-03-24 14:30:00,1,8622.08,8655.9
2019-03-24 15:00:00,1,8918.76,8806.42
2019-03-24 15:30:00,1,8980.47,8974.82
2019-03-24 16:00:00,1,9034.35,9082.02
2019-03-24 16:30:00,1,9095.9,9022.31
2019-03-24 17:00:00,1,9129.7,9171.04
2019-03-24 17:30:00,1,9112.89,9112.11
2019-03-24 18:00:00,1,9006.47,8992.84
2019-03-24 18:30:00,1,8911.47,8958.9
2019-03-24 19:00:00,1,8802.33,8857.85
2019-03-24 19:30:00,1,8497.17,8638.9
2019-03-24 20:00:00,1,8340.3,8307.84
2019-03-24 20:30:00,1,8109.26,8150.42
2019-03-24 21:00:00,1,7905.92,7868.25
2019-03-24 21:30:00,1,7621.83,7735.94
2019-03-24 22:00:00,1,7407.72,7443.29
2019-03-24 22:30:00,1,7322.95,7339.53
2019-03-24 23:00:00,1,7092.93,7110.61
2019-03-24 23:30:00,1,6875.21,6971.33
2019-04-08 00:00:00,1,6900.78,6953.42
2019-04-08 00:30:00,1,6780.04,6766.2
2019-04-08 01:00:00,1,6647.6,6631.53
2019-04-08 01:30:00,1,6472.63,6476.89
2019-04-08 02:00:00,1,6380.37,6348.27
2019-04-08 02:30:00,1,6200.18,6186.86
2019-04-08 03:00:00,1,6070.64,6049.09
2019-04-08 03:30:00,1,5978.87,5981.97
2019-04-08 04:00:00,1,5999.97,5957.55
2019-04-08 04:30:00,1,6055.79,6044.49
2019-04-08 05:00:00,1,6171.37,6139.55
2019-04-08 05:30:00,1,6437.25,6393.62
2019-04-08 06:00:00,1,6750.85,6685.01
2019-04-08 06:30:00,1,7188.8,7238.88
2019-04-08 07:00:00,1,7657.98,7644.27
2019-04-08 07:30:00,1,7755.98,7972.88
2019-04-08 08:00:00,1,7861.02,7927.71
2019-04-08 08:30:00,1,7902.16,7993.84
2019-04-08 09:00:00,1,7839.02,7923.73
2019-04-08 09:30:00,1,7823.39,7861.82
2019-04-08 10:00:00,1,7855.56,7886.82
2019-04-08 10:30:00,1,7883.0,7970.67
2019-04-08 11:00:00,1,7956.7,7999.91
2019-04-08 11:30:00,1,7975.33,7983.09
2019-04-08 12:00:00,1,8040.64,8041.43
2019-04-08 12:30:00,1,8158.64,8208.91
2019-04-08 13:00:00,1,8264.91,8281.64
2019-04-08 13:30:00,1,8424.46,8386.11
2019-04-08 14:00:00,1,8701.74,8566.54
2019-04-08 14:30:00,1,8803.19,8891.74
2019-04-08 15:00:00,1,8939.21,8898.13
2019-04-08 15:30:00,1,9058.89,9053.73
2019-04-08 16:00:00,1,9254.77,9223.46
2019-04-08 16:30:00,1,9382.27,9303.15
2019-04-08 17:00:00,1,9517.44,9465.29
2019-04-08 17:30:00,1,9459.51,9492.66
2019-04-08 18:00:00,1,9584.54,9631.25
2019-04-08 18:30:00,1,9703.26,9573.03
2019-04-08 19:00:00,1,9553.17,9529.91
2019-04-08 19:30:00,1,9189.8,9269.19
2019-04-08 20:00:00,1,8908.58,8935.76
2019-04-08 20:30:00,1,8616.12,8712.86
2019-04-08 21:00:00,1,8372.94,8408.17
2019-04-08 21:30:00,1,8104.25,8178.4
2019-04-08 22:00:00,1,7886.43,7901.06
2019-04-08 22:30:00,1,7780.78,7874.57
2019-04-08 23:00:00,1,7555.4,7616.32
2019-04-08 23:30:00,1,7364.24,7510.41
2019-10-04 00:00:00,1,7374.65,7418.98
2019-10-04 00:30:00,1,7134.87,7253.06
2019-10-04 01:00:00,1,7005.09,7019.91
2019-10-04 01:30:00,1,6818.94,6817.08
2019-10-04 02:00:00,1,6593.52,6626.02
2019-10-04 02:30:00,1,6301.97,6361.0
2019-10-04 03:00:00,1,6106.83,6143.75
2019-10-04 03:30:00,1,5990.67,6015.67
2019-10-04 04:00:00,1,5933.1,5964.46
2019-10-04 04:30:00,1,5963.51,6012.57
2019-10-04 05:00:00,1,6025.96,6088.47
2019-10-04 05:30:00,1,6302.54,6290.57
2019-10-04 06:00:00,1,6436.76,6505.76
2019-10-04 06:30:00,1,6743.07,6793.06
2019-10-04 07:00:00,1,6991.48,7025.35
2019-10-04 07:30:00,1,7045.98,7158.49
2019-10-04 08:00:00,1,7162.42,7200.44
2019-10-04 08:30:00,1,7160.52,7266.98
2019-10-04 09:00:00,1,7157.66,7191.95
2019-10-04 09:30:00,1,7267.22,7273.34
2019-10-04 10:00:00,1,7278.39,7275.98
2019-10-04 10:30:00,1,7279.78,7325.1
2019-10-04 11:00:00,1,7278.02,7350.08
2019-10-04 11:30:00,1,7351.31,7343.31
2019-10-04 12:00:00,1,7393.81,7383.05
2019-10-04 12:30:00,1,7445.2,7454.45
2019-10-04 13:00:00,1,7479.02,7497.94
2019-10-04 13:30:00,1,7581.5,7563.91
2019-10-04 14:00:00,1,7673.74,7636.14
2019-10-04 14:30:00,1,7735.22,7799.02
2019-10-04 15:00:00,1,7780.17,7825.25
2019-10-04 15:30:00,1,7828.16,7853.9
2019-10-04 16:00:00,1,7869.96,7934.67
2019-10-04 16:30:00,1,8028.72,7929.39
2019-10-04 17:00:00,1,8180.64,8026.23
2019-10-04 17:30:00,1,8223.12,8182.48
2019-10-04 18:00:00,1,8415.97,8354.16
2019-10-04 18:30:00,1,8515.09,8502.79
2019-10-04 19:00:00,1,8422.91,8576.16
2019-10-04 19:30:00,1,8213.12,8173.66
2019-10-04 20:00:00,1,8021.39,7984.66
2019-10-04 20:30:00,1,7868.4,7859.92
2019-10-04 21:00:00,1,7724.23,7744.39
2019-10-04 21:30:00,1,7615.6,7674.48
2019-10-04 22:00:00,1,7450.93,7518.93
2019-10-04 22:30:00,1,7566.27,7531.95
2019-10-04 23:00:00,1,7442.07,7447.46
2019-10-04 23:30:00,1,7418.91,7395.09
2019-10-25 00:00:00,1,7167.75,7197.46
2019-10-25 00:30:00,1,7014.4,7038.39
2019-10-25 01:00:00,1,6789.73,6823.51
2019-10-25 01:30:00,1,6515.4,6510.65
2019-10-25 02:00:00,1,6285.34,6283.95
2019-10-25 02:30:00,1,6166.68,6135.3
2019-10-25 03:00:00,1,6132.08,6077.64
2019-10-25 03:30:00,1,6119.26,6098.14
2019-10-25 04:00:00,1,6213.61,6182.71
2019-10-25 04:30:00,1,6374.74,6436.63
2019-10-25 05:00:00,1,6665.81,6644.17
2019-10-25 05:30:00,1,7080.82,7110.05
2019-10-25 06:00:00,1,7473.6,7450.37
2019-10-25 06:30:00,1,7697.84,7741.69
2019-10-25 07:00:00,1,7846.21,7924.69
2019-10-25 07:30:00,1,7757.12,7924.22
2019-10-25 08:00:00,1,7719.45,7844.76
2019-10-25 08:30:00,1,7741.5,7841.25
2019-10-25 09:00:00,1,7767.06,7828.09
2019-10-25 09:30:00,1,7836.41,7858.67
2019-10-25 10:00:00,1,7959.9,7962.88
2019-10-25 10:30:00,1,8025.39,8020.13
2019-10-25 11:00:00,1,8102.05,8099.26
2019-10-25 11:30:00,1,8232.13,8191.9
2019-10-25 12:00:00,1,8329.86,8383.98
2019-10-25 12:30:00,1,8477.02,8494.19
2019-10-25 13:00:00,1,8606.28,8638.96
2019-10-25 13:30:00,1,8788.12,8830.08
2019-10-25 14:00:00,1,8997.73,8977.57
2019-10-25 14:30:00,1,9124.67,9140.14
2019-10-25 15:00:00,1,9331.38,9403.83
2019-10-25 15:30:00,1,9373.45,9440.29
2019-10-25 16:00:00,1,9497.16,9461.1
2019-10-25 16:30:00,1,9514.79,9509.27
2019-10-25 17:00:00,1,9343.44,9429.82
2019-10-25 17:30:00,1,9184.71,9143.46
2019-10-25 18:00:00,1,9088.73,9110.16
2019-10-25 18:30:00,1,8996.47,8997.35
2019-10-25 19:00:00,1,8977.48,8969.55
2019-10-25 19:30:00,1,8799.37,8774.09
2019-10-25 20:00:00,1,8646.88,8667.48
2019-10-25 20:30:00,1,8430.98,8392.59
2019-10-25 21:00:00,1,8202.44,8195.15
2019-10-25 21:30:00,1,8075.99,8100.67
2019-10-25 22:00:00,1,7866.98,7847.33
2019-10-25 22:30:00,1,7869.35,7788.47
2019-10-25 23:00:00,1,7750.17,7630.44
2019-10-25 23:30:00,1,7475.86,7537.47
2019-10-26 00:00:00,1,7303.25,7332.72
2019-10-26 00:30:00,1,7068.66,7157.02
2019-10-26 01:00:00,1,6801.21,6811.34
2019-10-26 01:30:00,1,6541.07,6522.98
2019-10-26 02:00:00,1,6280.26,6254.06
2019-10-26 02:30:00,1,6128.43,6118.61
2019-10-26 03:00:00,1,6027.77,6007.52
2019-10-26 03:30:00,1,5988.11,6003.04
2019-10-26 04:00:00,1,6022.09,6013.73
2019-10-26 04:30:00,1,6029.44,6114.55
2019-10-26 05:00:00,1,6180.26,6184.71
2019-10-26 05:30:00,1,6309.76,6381.57
2019-10-26 06:00:00,1,6463.05,6473.25
2019-10-26 06:30:00,1,6658.06,6675.52
2019-10-26 07:00:00,1,6815.9,6881.67
2019-10-26 07:30:00,1,6995.06,7029.51
2019-10-26 08:00:00,1,6989.77,7113.88
2019-10-26 08:30:00,1,7212.12,7177.96
2019-10-26 09:00:00,1,7143.43,7227.83
2019-10-26 09:30:00,1,7111.72,7239.27
2019-10-26 10:00:00,1,6994.39,7112.81
2019-10-26 10:30:00,1,6985.5,6989.89
2019-10-26 11:00:00,1,6885.88,7013.71
2019-10-26 11:30:00,1,6895.06,6898.69
2019-10-26 12:00:00,1,7006.37,6935.47
2019-10-26 12:30:00,1,7051.71,7119.64
2019-10-26 13:00:00,1,6990.42,7050.94
2019-10-26 13:30:00,1,6992.28,7066.84
2019-10-26 14:00:00,1,7041.77,7142.71
2019-10-26 14:30:00,1,7164.25,7127.75
2019-10-26 15:00:00,1,7243.6,7263.31
2019-10-26 15:30:00,1,7392.97,7341.36
2019-10-26 16:00:00,1,7592.24,7429.33
2019-10-26 16:30:00,1,7631.95,7566.56
2019-10-26 17:00:00,1,7783.86,7689.38
2019-10-26 17:30:00,1,7875.88,7818.64
2019-10-26 18:00:00,1,7866.04,7834.98
2019-10-26 18:30:00,1,7776.57,7875.54
2019-10-26 19:00:00,1,7813.3,7743.76
2019-10-26 19:30:00,1,7678.8,7727.65
2019-10-26 20:00:00,1,7557.31,7519.08
2019-10-26 20:30:00,1,7450.78,7406.88
2019-10-26 21:00:00,1,7287.79,7311.71
2019-10-26 21:30:00,1,7189.37,7200.74
2019-10-26 22:00:00,1,7064.8,7056.39
2019-10-26 22:30:00,1,7006.28,7063.57
2019-10-26 23:00:00,1,6841.52,6879.7
2019-10-26 23:30:00,1,6674.53,6674.29
2019-11-03 00:00:00,1,6906.28,6880.81
2019-11-03 00:30:00,1,6779.41,6803.0
2019-11-03 01:00:00,1,6588.56,6633.17
2019-11-03 01:30:00,1,6327.79,6372.64
2019-11-03 02:00:00,1,6160.27,6128.12
2019-11-03 02:30:00,1,6045.91,6036.43
2019-11-03 03:00:00,1,6045.22,5980.27
2019-11-03 03:30:00,1,5984.93,5986.78
2019-11-03 04:00:00,1,6004.34,5958.55
2019-11-03 04:30:00,1,5998.54,6054.15
2019-11-03 05:00:00,1,6047.7,6018.06
2019-11-03 05:30:00,1,6063.15,6099.53
2019-11-03 06:00:00,1,6133.5,6165.78
2019-11-03 06:30:00,1,6298.89,6335.7
2019-11-03 07:00:00,1,6429.63,6485.12
2019-11-03 07:30:00,1,6566.27,6567.76
2019-11-03 08:00:00,1,6718.61,6683.64
2019-11-03 08:30:00,1,6811.45,6866.35
2019-11-03 09:00:00,1,6852.56,6897.27
2019-11-03 09:30:00,1,6894.22,7009.28
2019-11-03 10:00:00,1,6938.71,6914.27
2019-11-03 10:30:00,1,7047.91,6983.44
2019-11-03 11:00:00,1,7159.48,7067.36
2019-11-03 11:30:00,1,7312.58,7312.79
2019-11-03 12:00:00,1,7355.38,7439.16
2019-11-03 12:30:00,1,7534.9,7421.14
2019-11-03 13:00:00,1,7622.61,7630.76
2019-11-03 13:30:00,1,7601.02,7679.95
2019-11-03 14:00:00,1,7652.24,7624.56
2019-11-03 14:30:00,1,7972.96,7848.84
2019-11-03 15:00:00,1,8125.98,7967.87
2019-11-03 15:30:00,1,8111.65,8180.42
2019-11-03 16:00:00,1,8055.71,8075.55
2019-11-03 16:30:00,1,8102.92,8073.25
2019-11-03 17:00:00,1,8157.07,8257.28
2019-11-03 17:30:00,1,8212.73,8114.01
2019-11-03 18:00:00,1,8256.86,8184.11
2019-11-03 18:30:00,1,8312.16,8132.39
2019-11-03 19:00:00,1,8360.95,8357.21
2019-11-03 19:30:00,1,8195.16,8328.15
2019-11-03 20:00:00,1,8060.75,8063.13
2019-11-03 20:30:00,1,7912.74,7893.32
2019-11-03 21:00:00,1,7676.82,7668.02
2019-11-03 21:30:00,1,7505.38,7563.76
2019-11-03 22:00:00,1,7333.09,7320.54
2019-11-03 22:30:00,1,7240.06,7264.61
2019-11-03 23:00:00,1,7041.83,7052.76
2019-11-03 23:30:00,1,6885.67,6893.33
2019-11-12 00:00:00,1,7113.79,7060.18
2019-11-12 00:30:00,1,6902.87,6947.89
2019-11-12 01:00:00,1,6745.56,6748.61
2019-11-12 01:30:00,1,6435.53,6526.11
2019-11-12 02:00:00,1,6237.49,6238.62
2019-11-12 02:30:00,1,6075.54,6108.13
2019-11-12 03:00:00,1,6052.86,6028.56
2019-11-12 03:30:00,1,6063.56,6040.85
2019-11-12 04:00:00,1,6105.17,6132.87
2019-11-12 04:30:00,1,6353.95,6341.56
2019-11-12 05:00:00,1,6434.13,6561.46
2019-11-12 05:30:00,1,6848.11,6857.18
2019-11-12 06:00:00,1,7227.15,7230.21
2019-11-12 06:30:00,1,7349.9,7452.18
2019-11-12 07:00:00,1,7390.29,7510.83
2019-11-12 07:30:00,1,7447.8,7488.13
2019-11-12 08:00:00,1,7381.48,7464.01
2019-11-12 08:30:00,1,7443.97,7469.56
2019-11-12 09:00:00,1,7475.49,7529.64
2019-11-12 09:30:00,1,7546.14,7572.05
2019-11-12 10:00:00,1,7609.75,7671.76
2019-11-12 10:30:00,1,7701.89,7719.72
2019-11-12 11:00:00,1,7824.23,7782.93
2019-11-12 11:30:00,1,7859.06,7893.34
2019-11-12 12:00:00,1,7994.03,7917.0
2019-11-12 12:30:00,1,8165.55,8097.23
2019-11-12 13:00:00,1,8308.91,8254.37
2019-11-12 13:30:00,1,8501.44,8483.87
2019-11-12 14:00:00,1,8735.58,8594.35
2019-11-12 14:30:00,1,9001.26,8879.42
2019-11-12 15:00:00,1,9355.2,9299.63
2019-11-12 15:30:00,1,9592.36,9507.48
2019-11-12 16:00:00,1,9860.49,9741.3
2019-11-12 16:30:00,1,10036.97,9937.12
2019-11-12 17:00:00,1,10183.0,10120.26
2019-11-12 17:30:00,1,10063.94,10034.49
2019-11-12 18:00:00,1,9900.75,9944.43
2019-11-12 18:30:00,1,9663.88,9649.44
2019-11-12 19:00:00,1,9422.64,9526.38
2019-11-12 19:30:00,1,9140.12,9316.44
2019-11-12 20:00:00,1,8876.28,8942.36
2019-11-12 20:30:00,1,8437.48,8618.27
2019-11-12 21:00:00,1,8003.52,8137.95
2019-11-12 21:30:00,1,7755.88,7915.32
2019-11-12 22:00:00,1,7551.94,7562.06
2019-11-12 22:30:00,1,7444.66,7489.44
2019-11-12 23:00:00,1,7237.41,7311.37
2019-11-12 23:30:00,1,7130.78,7166.12
2019-11-15 00:00:00,1,7098.5,7124.73
2019-11-15 00:30:00,1,6929.17,6942.41
2019-11-15 01:00:00,1,6684.71,6748.47
2019-11-15 01:30:00,1,6458.96,6431.74
2019-11-15 02:00:00,1,6250.12,6218.48
2019-11-15 02:30:00,1,6116.04,6101.62
2019-11-15 03:00:00,1,6029.96,6017.96
2019-11-15 03:30:00,1,6073.04,6051.04
2019-11-15 04:00:00,1,6105.95,6128.82
2019-11-15 04:30:00,1,6362.15,6317.55
2019-11-15 05:00:00,1,6521.68,6554.13
2019-11-15 05:30:00,1,6888.35,6951.11
2019-11-15 06:00:00,1,7186.41,7227.14
2019-11-15 06:30:00,1,7373.44,7416.04
2019-11-15 07:00:00,1,7483.04,7562.02
2019-11-15 07:30:00,1,7500.27,7597.37
2019-11-15 08:00:00,1,7361.45,7443.8
2019-11-15 08:30:00,1,7399.78,7423.85
2019-11-15 09:00:00,1,7298.76,7419.0
2019-11-15 09:30:00,1,7249.99,7300.16
2019-11-15 10:00:00,1,7298.67,7300.87
2019-11-15 10:30:00,1,7227.75,7370.13
2019-11-15 11:00:00,1,7265.27,7266.19
2019-11-15 11:30:00,1,7223.72,7323.94
2019-11-15 12:00:00,1,7332.68,7256.94
2019-11-15 12:30:00,1,7431.54,7409.11
2019-11-15 13:00:00,1,7571.49,7570.75
2019-11-15 13:30:00,1,7665.29,7649.06
2019-11-15 14:00:00,1,7797.97,7830.89
2019-11-15 14:30:00,1,7987.89,7979.51
2019-11-15 15:00:00,1,8226.82,8288.61
2019-11-15 15:30:00,1,8426.34,8330.2
2019-11-15 16:00:00,1,8661.07,8570.62
2019-11-15 16:30:00,1,8853.54,8754.95
2019-11-15 17:00:00,1,9016.46,8969.95
2019-11-15 17:30:00,1,8854.25,8845.82
2019-11-15 18:00:00,1,8806.53,8737.41
2019-11-15 18:30:00,1,8648.17,8769.58
2019-11-15 19:00:00,1,8598.56,8642.74
2019-11-15 19:30:00,1,8581.46,8572.25
2019-11-15 20:00:00,1,8460.56,8474.97
2019-11-15 20:30:00,1,8241.88,8278.4
2019-11-15 21:00:00,1,7974.49,8059.21
2019-11-15 21:30:00,1,7902.15,7923.2
2019-11-15 22:00:00,1,7673.26,7783.16
2019-11-15 22:30:00,1,7624.62,7655.5
2019-11-15 23:00:00,1,7424.8,7504.15
2019-11-15 23:30:00,1,7330.83,7305.38
2019-11-19 00:00:00,1,7239.11,7170.39
2019-11-19 00:30:00,1,7016.41,7060.77
2019-11-19 01:00:00,1,6845.31,6857.6
2019-11-19 01:30:00,1,6594.5,6591.63
2019-11-19 02:00:00,1,6369.78,6400.6
2019-11-19 02:30:00,1,6256.3,6239.39
2019-11-19 03:00:00,1,6161.05,6220.39
2019-11-19 03:30:00,1,6166.5,6175.0
2019-11-19 04:00:00,1,6254.7,6255.69
2019-11-19 04:30:00,1,6479.41,6458.31
2019-11-19 05:00:00,1,6616.71,6711.6
2019-11-19 05:30:00,1,7064.24,7037.44
2019-11-19 06:00:00,1,7401.6,7450.55
2019-11-19 06:30:00,1,7557.34,7679.49
2019-11-19 07:00:00,1,7695.95,7738.7
2019-11-19 07:30:00,1,7654.84,7756.95
2019-11-19 08:00:00,1,7694.87,7617.69
2019-11-19 08:30:00,1,7647.38,7823.07
2019-11-19 09:00:00,1,7623.26,7687.39
2019-11-19 09:30:00,1,7666.58,7667.94
2019-11-19 10:00:00,1,7764.81,7740.81
2019-11-19 10:30:00,1,7769.92,7841.98
2019-11-19 11:00:00,1,7951.35,7876.3
2019-11-19 11:30:00,1,8002.43,8045.09
2019-11-19 12:00:00,1,8207.19,8131.72
2019-11-19 12:30:00,1,8361.73,8343.4
2019-11-19 13:00:00,1,8568.43,8547.79
2019-11-19 13:30:00,1,8779.95,8712.71
2019-11-19 14:00:00,1,8921.38,8910.09
2019-11-19 14:30:00,1,9129.83,9020.18
2019-11-19 15:00:00,1,9408.68,9269.49
2019-11-19 15:30:00,1,9682.55,9540.86
2019-11-19 16:00:00,1,9844.49,9811.62
2019-11-19 16:30:00,1,10008.76,9876.49
2019-11-19 17:00:00,1,10106.45,10054.24
2019-11-19 17:30:00,1,9966.35,9921.05
2019-11-19 18:00:00,1,9917.93,9955.68
2019-11-19 18:30:00,1,9455.37,9705.39
2019-11-19 19:00:00,1,9243.73,9501.34
2019-11-19 19:30:00,1,9031.47,9156.9
2019-11-19 20:00:00,1,8849.56,8913.79
2019-11-19 20:30:00,1,8537.2,8648.77
2019-11-19 21:00:00,1,8169.59,8293.79
2019-11-19 21:30:00,1,8031.34,8086.76
2019-11-19 22:00:00,1,7829.54,7852.91
2019-11-19 22:30:00,1,7746.91,7759.21
2019-11-19 23:00:00,1,7625.62,7629.67
2019-11-19 23:30:00,1,7411.75,7458.18
2019-11-25 00:00:00,1,6943.84,6973.21
2019-11-25 00:30:00,1,6849.14,6837.72
2019-11-25 01:00:00,1,6655.26,6724.65
2019-11-25 01:30:00,1,6449.47,6471.49
2019-11-25 02:00:00,1,6273.14,6299.29
2019-11-25 02:30:00,1,6233.55,6195.34
2019-11-25 03:00:00,1,6188.02,6202.07
2019-11-25 03:30:00,1,6159.54,6234.6
2019-11-25 04:00:00,1,6227.3,6245.0
2019-11-25 04:30:00,1,6462.06,6488.41
2019-11-25 05:00:00,1,6633.75,6686.51
2019-11-25 05:30:00,1,7043.24,7092.38
2019-11-25 06:00:00,1,7397.58,7457.03
2019-11-25 06:30:00,1,7646.64,7718.35
2019-11-25 07:00:00,1,7795.16,7844.45
2019-11-25 07:30:00,1,7938.52,7905.73
2019-11-25 08:00:00,1,7969.46,8025.67
2019-11-25 08:30:00,1,7989.13,8059.88
2019-11-25 09:00:00,1,7910.02,7991.23
2019-11-25 09:30:00,1,8001.8,7971.24
2019-11-25 10:00:00,1,7915.78,8051.01
2019-11-25 10:30:00,1,7910.44,7994.61
2019-11-25 11:00:00,1,7926.14,8036.2
2019-11-25 11:30:00,1,7960.71,7995.15
2019-11-25 12:00:00,1,8139.71,8068.2
2019-11-25 12:30:00,1,8387.08,8306.31
2019-11-25 13:00:00,1,8612.31,8540.67
2019-11-25 13:30:00,1,8837.5,8774.33
2019-11-25 14:00:00,1,9112.62,9005.36
2019-11-25 14:30:00,1,9198.97,9207.35
2019-11-25 15:00:00,1,9343.94,9445.99
2019-11-25 15:30:00,1,9436.87,9457.14
2019-11-25 16:00:00,1,9379.29,9504.41
2019-11-25 16:30:00,1,9345.08,9314.24
2019-11-25 17:00:00,1,9428.38,9354.61
2019-11-25 17:30:00,1,9268.91,9283.29
2019-11-25 18:00:00,1,9186.6,9214.41
2019-11-25 18:30:00,1,9008.01,9010.32
2019-11-25 19:00:00,1,8977.33,9042.74
2019-11-25 19:30:00,1,8872.18,8904.25
2019-11-25 20:00:00,1,8738.49,8784.76
2019-11-25 20:30:00,1,8517.46,8508.62
2019-11-25 21:00:00,1,8211.0,8307.06
2019-11-25 21:30:00,1,8113.38,8120.13
2019-11-25 22:00:00,1,7931.51,7920.69
2019-11-25 22:30:00,1,7838.28,7871.22
2019-11-25 23:00:00,1,7636.7,7717.55
2019-11-25 23:30:00,1,7503.81,7509.55
2019-11-26 00:00:00,1,7359.97,7415.18
2019-11-26 00:30:00,1,7190.39,7230.88
2019-11-26 01:00:00,1,6973.45,7005.23
2019-11-26 01:30:00,1,6656.71,6733.57
2019-11-26 02:00:00,1,6440.9,6457.99
2019-11-26 02:30:00,1,6287.38,6339.47
2019-11-26 03:00:00,1,6218.87,6262.95
2019-11-26 03:30:00,1,6232.83,6270.69
2019-11-26 04:00:00,1,6278.06,6326.29
2019-11-26 04:30:00,1,6518.74,6556.65
2019-11-26 05:00:00,1,6671.94,6799.4
2019-11-26 05:30:00,1,7113.04,7161.07
2019-11-26 06:00:00,1,7458.69,7564.71
2019-11-26 06:30:00,1,7817.48,7785.52
2019-11-26 07:00:00,1,8042.19,8084.82
2019-11-26 07:30:00,1,8122.03,8140.55
2019-11-26 08:00:00,1,8144.4,8221.54
2019-11-26 08:30:00,1,8289.33,8279.18
2019-11-26 09:00:00,1,8305.19,8433.04
2019-11-26 09:30:00,1,8446.82,8428.65
2019-11-26 10:00:00,1,8553.77,8537.47
2019-11-26 10:30:00,1,8719.87,8627.32
2019-11-26 11:00:00,1,8847.43,8903.85
2019-11-26 11:30:00,1,9090.12,8881.85
2019-11-26 12:00:00,1,9275.09,9270.06
2019-11-26 12:30:00,1,8818.39,9239.33
2019-11-26 13:00:00,1,8647.0,8773.13
2019-11-26 13:30:00,1,8733.41,8697.29
2019-11-26 14:00:00,1,8767.0,8834.24
2019-11-26 14:30:00,1,8929.37,8868.91
2019-11-26 15:00:00,1,9144.96,9196.06
2019-11-26 15:30:00,1,9191.62,9207.58
2019-11-26 16:00:00,1,9243.68,9127.21
2019-11-26 16:30:00,1,9261.15,9197.11
2019-11-26 17:00:00,1,9340.89,9287.89
2019-11-26 17:30:00,1,9140.34,9264.0
2019-11-26 18:00:00,1,9034.15,9064.69
2019-11-26 18:30:00,1,8793.13,8885.45
2019-11-26 19:00:00,1,8657.22,8770.8
2019-11-26 19:30:00,1,8563.55,8632.63
2019-11-26 20:00:00,1,8391.47,8456.32
2019-11-26 20:30:00,1,8160.97,8222.68
2019-11-26 21:00:00,1,7866.72,7948.02
2019-11-26 21:30:00,1,7772.43,7832.86
2019-11-26 22:00:00,1,7602.26,7578.23
2019-11-26 22:30:00,1,7503.41,7558.18
2019-11-26 23:00:00,1,7337.6,7421.88
2019-11-26 23:30:00,1,7173.86,7257.33
2019-12-05 00:00:00,1,7083.21,7122.1
2019-12-05 00:30:00,1,6937.14,6931.46
2019-12-05 01:00:00,1,6751.5,6788.94
2019-12-05 01:30:00,1,6469.11,6506.23
2019-12-05 02:00:00,1,6285.21,6301.19
2019-12-05 02:30:00,1,6187.99,6156.77
2019-12-05 03:00:00,1,6132.23,6095.65
2019-12-05 03:30:00,1,6152.49,6109.86
2019-12-05 04:00:00,1,6214.41,6228.12
2019-12-05 04:30:00,1,6409.05,6403.18
2019-12-05 05:00:00,1,6495.46,6584.05
2019-12-05 05:30:00,1,6895.34,6942.26
2019-12-05 06:00:00,1,7171.19,7277.35
2019-12-05 06:30:00,1,7371.37,7479.53
2019-12-05 07:00:00,1,7513.41,7559.16
2019-12-05 07:30:00,1,7530.8,7638.17
2019-12-05 08:00:00,1,7477.94,7577.11
2019-12-05 08:30:00,1,7447.98,7549.58
2019-12-05 09:00:00,1,7444.11,7452.46
2019-12-05 09:30:00,1,7448.65,7518.04
2019-12-05 10:00:00,1,7469.5,7453.75
2019-12-05 10:30:00,1,7571.62,7597.71
2019-12-05 11:00:00,1,7681.11,7630.25
2019-12-05 11:30:00,1,7776.97,7725.28
2019-12-05 12:00:00,1,7873.43,7858.96
2019-12-05 12:30:00,1,8002.69,8014.61
2019-12-05 13:00:00,1,8188.59,8149.77
2019-12-05 13:30:00,1,8508.12,8328.34
2019-12-05 14:00:00,1,8702.12,8660.33
2019-12-05 14:30:00,1,8927.78,8833.83
2019-12-05 15:00:00,1,9195.35,9162.97
2019-12-05 15:30:00,1,9360.01,9305.0
2019-12-05 16:00:00,1,9569.61,9550.63
2019-12-05 16:30:00,1,9680.97,9574.14
2019-12-05 17:00:00,1,9842.08,9737.85
2019-12-05 17:30:00,1,9816.05,9752.12
2019-12-05 18:00:00,1,9761.94,9771.65
2019-12-05 18:30:00,1,9553.48,9597.43
2019-12-05 19:00:00,1,9486.42,9522.76
2019-12-05 19:30:00,1,9383.35,9451.31
2019-12-05 20:00:00,1,9188.05,9280.24
2019-12-05 20:30:00,1,8894.41,9000.7
2019-12-05 21:00:00,1,8547.2,8616.34
2019-12-05 21:30:00,1,8397.4,8416.27
2019-12-05 22:00:00,1,8156.58,8157.44
2019-12-05 22:30:00,1,7940.93,8001.64
2019-12-05 23:00:00,1,7703.88,7801.03
2019-12-05 23:30:00,1,7499.53,7511.96
2019-12-10 00:00:00,1,7508.07,7547.56
2019-12-10 00:30:00,1,7347.43,7355.67
2019-12-10 01:00:00,1,7089.26,7160.23
2019-12-10 01:30:00,1,6785.49,6821.29
2019-12-10 02:00:00,1,6583.02,6623.45
2019-12-10 02:30:00,1,6439.19,6474.4
2019-12-10 03:00:00,1,6435.28,6389.76
2019-12-10 03:30:00,1,6403.72,6423.74
2019-12-10 04:00:00,1,6454.26,6469.62
2019-12-10 04:30:00,1,6642.15,6676.24
2019-12-10 05:00:00,1,6855.9,6817.99
2019-12-10 05:30:00,1,7277.97,7294.86
2019-12-10 06:00:00,1,7649.12,7708.53
2019-12-10 06:30:00,1,7961.96,7999.99
2019-12-10 07:00:00,1,8112.59,8261.57
2019-12-10 07:30:00,1,8321.72,8344.72
2019-12-10 08:00:00,1,8353.51,8407.12
2019-12-10 08:30:00,1,8472.54,8402.86
2019-12-10 09:00:00,1,8615.21,8584.97
2019-12-10 09:30:00,1,8766.15,8753.71
2019-12-10 10:00:00,1,8910.53,8904.33
2019-12-10 10:30:00,1,9183.38,9063.43
2019-12-10 11:00:00,1,9475.01,9391.75
2019-12-10 11:30:00,1,9745.79,9621.33
2019-12-10 12:00:00,1,9984.63,9909.48
2019-12-10 12:30:00,1,10323.16,10148.81
2019-12-10 13:00:00,1,10511.9,10509.42
2019-12-10 13:30:00,1,10534.04,10565.02
2019-12-10 14:00:00,1,10272.3,10561.05
2019-12-10 14:30:00,1,10427.71,10454.82
2019-12-10 15:00:00,1,10658.67,10610.88
2019-12-10 15:30:00,1,10768.37,10720.3
2019-12-10 16:00:00,1,10760.41,10769.13
2019-12-10 16:30:00,1,10633.74,10656.46
2019-12-10 17:00:00,1,10455.4,10513.99
2019-12-10 17:30:00,1,10157.08,10283.53
2019-12-10 18:00:00,1,9971.61,10041.19
2019-12-10 18:30:00,1,9644.26,9733.93
2019-12-10 19:00:00,1,9428.59,9482.51
2019-12-10 19:30:00,1,9209.67,9367.01
2019-12-10 20:00:00,1,8968.14,9093.16
2019-12-10 20:30:00,1,8662.59,8770.69
2019-12-10 21:00:00,1,8343.71,8404.68
2019-12-10 21:30:00,1,8114.33,8241.06
2019-12-10 22:00:00,1,7890.32,7899.93
2019-12-10 22:30:00,1,7737.39,7791.54
2019-12-10 23:00:00,1,7565.72,7583.24
2019-12-10 23:30:00,1,7358.56,7382.89
2019-12-19 00:00:00,1,7487.5,7530.1
2019-12-19 00:30:00,1,7312.01,7326.22
2019-12-19 01:00:00,1,7123.07,7135.02
2019-12-19 01:30:00,1,6805.38,6859.01
2019-12-19 02:00:00,1,6613.47,6626.46
2019-12-19 02:30:00,1,6442.32,6486.63
2019-12-19 03:00:00,1,6412.62,6389.28
2019-12-19 03:30:00,1,6421.37,6406.45
2019-12-19 04:00:00,1,6418.49,6481.24
2019-12-19 04:30:00,1,6616.61,6628.38
2019-12-19 05:00:00,1,6757.49,6793.36
2019-12-19 05:30:00,1,7143.27,7171.33
2019-12-19 06:00:00,1,7413.59,7474.04
2019-12-19 06:30:00,1,7690.89,7725.99
2019-12-19 07:00:00,1,7914.27,7920.49
2019-12-19 07:30:00,1,8068.55,8071.89
2019-12-19 08:00:00,1,8150.96,8186.04
2019-12-19 08:30:00,1,8369.32,8352.37
2019-12-19 09:00:00,1,8528.27,8485.0
2019-12-19 09:30:00,1,8746.48,8755.6
2019-12-19 10:00:00,1,9048.99,8956.4
2019-12-19 10:30:00,1,9370.12,9288.74
2019-12-19 11:00:00,1,9681.14,9577.02
2019-12-19 11:30:00,1,9951.23,9827.64
2019-12-19 12:00:00,1,10343.93,10218.95
2019-12-19 12:30:00,1,10789.97,10595.85
2019-12-19 13:00:00,1,11027.48,11055.74
2019-12-19 13:30:00,1,11189.33,11134.9
2019-12-19 14:00:00,1,11358.48,11345.78
2019-12-19 14:30:00,1,11454.8,11469.35
2019-12-19 15:00:00,1,11453.35,11575.11
2019-12-19 15:30:00,1,11233.5,11404.49
2019-12-19 16:00:00,1,10979.83,11426.87
2019-12-19 16:30:00,1,10940.88,11098.38
2019-12-19 17:00:00,1,10782.84,10731.75
2019-12-19 17:30:00,1,10426.83,10570.94
2019-12-19 18:00:00,1,10218.01,10288.04
2019-12-19 18:30:00,1,9894.81,9981.77
2019-12-19 19:00:00,1,9602.53,9697.77
2019-12-19 19:30:00,1,9443.52,9497.39
2019-12-19 20:00:00,1,9287.66,9361.97
2019-12-19 20:30:00,1,9016.83,9056.79
2019-12-19 21:00:00,1,8716.17,8742.84
2019-12-19 21:30:00,1,8476.98,8533.77
2019-12-19 22:00:00,1,8226.32,8229.43
2019-12-19 22:30:00,1,8073.29,8121.64
2019-12-19 23:00:00,1,7862.19,7883.24
2019-12-19 23:30:00,1,7597.58,7650.71
2019-12-21 00:00:00,1,7559.39,7573.08
2019-12-21 00:30:00,1,7329.46,7386.47
2019-12-21 01:00:00,1,7123.24,7114.41
2019-12-21 01:30:00,1,6817.73,6857.87
2019-12-21 02:00:00,1,6595.83,6601.21
2019-12-21 02:30:00,1,6464.48,6466.63
2019-12-21 03:00:00,1,6369.84,6375.96
2019-12-21 03:30:00,1,6328.27,6332.57
2019-12-21 04:00:00,1,6326.13,6346.05
2019-12-21 04:30:00,1,6399.19,6406.68
2019-12-21 05:00:00,1,6406.55,6443.75
2019-12-21 05:30:00,1,6524.47,6600.96
2019-12-21 06:00:00,1,6631.4,6705.08
2019-12-21 06:30:00,1,6785.44,6856.81
2019-12-21 07:00:00,1,6984.99,7036.49
2019-12-21 07:30:00,1,7189.15,7205.6
2019-12-21 08:00:00,1,7326.78,7389.25
2019-12-21 08:30:00,1,7556.27,7481.42
2019-12-21 09:00:00,1,7660.62,7688.87
2019-12-21 09:30:00,1,7834.55,7764.04
2019-12-21 10:00:00,1,7921.58,7889.48
2019-12-21 10:30:00,1,8171.85,8072.36
2019-12-21 11:00:00,1,8472.5,8338.94
2019-12-21 11:30:00,1,8711.6,8631.45
2019-12-21 12:00:00,1,9073.79,8906.13
2019-12-21 12:30:00,1,9398.76,9246.39
2019-12-21 13:00:00,1,9737.34,9569.2
2019-12-21 13:30:00,1,10104.13,9887.38
2019-12-21 14:00:00,1,10381.27,10255.97
2019-12-21 14:30:00,1,10673.33,10463.89
2019-12-21 15:00:00,1,10886.05,10797.04
2019-12-21 15:30:00,1,11066.65,10945.61
2019-12-21 16:00:00,1,11246.72,11068.85
2019-12-21 16:30:00,1,11269.83,11219.81
2019-12-21 17:00:00,1,10960.98,11184.64
2019-12-21 17:30:00,1,10510.0,10644.45
2019-12-21 18:00:00,1,10186.27,10281.34
2019-12-21 18:30:00,1,9795.77,9860.98
2019-12-21 19:00:00,1,9469.09,9543.12
2019-12-21 19:30:00,1,9151.97,9335.83
2019-12-21 20:00:00,1,8909.09,9041.44
2019-12-21 20:30:00,1,8630.81,8694.18
2019-12-21 21:00:00,1,8336.08,8427.98
2019-12-21 21:30:00,1,8081.15,8182.62
2019-12-21 22:00:00,1,7852.11,7901.69
2019-12-21 22:30:00,1,7685.73,7717.96
2019-12-21 23:00:00,1,7407.87,7450.93
2019-12-21 23:30:00,1,7151.07,7216.91
2019-12-30 00:00:00,1,7145.09,7200.7
2019-12-30 00:30:00,1,6901.29,6972.66
2019-12-30 01:00:00,1,6739.63,6779.22
2019-12-30 01:30:00,1,6478.78,6521.68
2019-12-30 02:00:00,1,6315.74,6363.22
2019-12-30 02:30:00,1,6203.01,6233.09
2019-12-30 03:00:00,1,6167.42,6169.23
2019-12-30 03:30:00,1,6127.94,6165.13
2019-12-30 04:00:00,1,6143.23,6147.84
2019-12-30 04:30:00,1,6281.99,6262.97
2019-12-30 05:00:00,1,6368.6,6336.67
2019-12-30 05:30:00,1,6528.17,6577.35
2019-12-30 06:00:00,1,6721.68,6773.05
2019-12-30 06:30:00,1,6941.36,7003.42
2019-12-30 07:00:00,1,7124.66,7227.38
2019-12-30 07:30:00,1,7308.61,7394.17
2019-12-30 08:00:00,1,7474.73,7522.96
2019-12-30 08:30:00,1,7640.38,7694.46
2019-12-30 09:00:00,1,7710.07,7798.86
2019-12-30 09:30:00,1,7801.92,7795.82
2019-12-30 10:00:00,1,7975.35,7947.79
2019-12-30 10:30:00,1,8082.86,8103.38
2019-12-30 11:00:00,1,8300.02,8309.52
2019-12-30 11:30:00,1,8536.2,8481.16
2019-12-30 12:00:00,1,8769.09,8749.86
2019-12-30 12:30:00,1,9016.19,8965.84
2019-12-30 13:00:00,1,9244.43,9252.29
2019-12-30 13:30:00,1,9525.55,9499.28
2019-12-30 14:00:00,1,9802.83,9745.42
2019-12-30 14:30:00,1,10049.62,9964.99
2019-12-30 15:00:00,1,10237.3,10284.97
2019-12-30 15:30:00,1,10515.44,10437.29
2019-12-30 16:00:00,1,10724.26,10635.37
2019-12-30 16:30:00,1,10814.12,10753.5
2019-12-30 17:00:00,1,10848.99,10881.78
2019-12-30 17:30:00,1,10644.68,10669.32
2019-12-30 18:00:00,1,10565.8,10555.21
2019-12-30 18:30:00,1,10320.94,10340.36
2019-12-30 19:00:00,1,10011.17,10124.39
2019-12-30 19:30:00,1,9837.23,9879.84
2019-12-30 20:00:00,1,9703.67,9788.68
2019-12-30 20:30:00,1,9404.33,9437.26
2019-12-30 21:00:00,1,9069.83,9102.48
2019-12-30 21:30:00,1,8829.08,8884.35
2019-12-30 22:00:00,1,8505.29,8537.81
2019-12-30 22:30:00,1,8306.72,8331.32
2019-12-30 23:00:00,1,7961.29,8063.07
2019-12-30 23:30:00,1,7700.67,7756.24
2019-12-31 00:00:00,1,7494.16,7504.2
2019-12-31 00:30:00,1,7229.04,7288.65
2019-12-31 01:00:00,1,6961.08,7045.1
2019-12-31 01:30:00,1,6660.57,6708.83
2019-12-31 02:00:00,1,6449.59,6503.8
2019-12-31 02:30:00,1,6278.43,6356.21
2019-12-31 03:00:00,1,6216.72,6264.16
2019-12-31 03:30:00,1,6206.5,6210.06
2019-12-31 04:00:00,1,6232.46,6223.08
2019-12-31 04:30:00,1,6334.03,6378.55
2019-12-31 05:00:00,1,6350.3,6437.91
2019-12-31 05:30:00,1,6579.54,6568.85
2019-12-31 06:00:00,1,6694.41,6792.87
2019-12-31 06:30:00,1,6935.31,6911.09
2019-12-31 07:00:00,1,7150.01,7174.34
2019-12-31 07:30:00,1,7356.85,7394.2
2019-12-31 08:00:00,1,7528.16,7662.6
2019-12-31 08:30:00,1,7829.48,7851.16
2019-12-31 09:00:00,1,8052.44,8085.67
2019-12-31 09:30:00,1,8391.28,8299.15
2019-12-31 10:00:00,1,8731.66,8620.61
2019-12-31 10:30:00,1,9038.99,8963.64
2019-12-31 11:00:00,1,9391.3,9345.77
2019-12-31 11:30:00,1,9722.88,9622.93
2019-12-31 12:00:00,1,9961.45,10034.54
2019-12-31 12:30:00,1,10201.56,10224.79
2019-12-31 13:00:00,1,10446.54,10419.82
2019-12-31 13:30:00,1,10610.17,10605.61
2019-12-31 14:00:00,1,10883.9,10701.24
2019-12-31 14:30:00,1,11017.82,11108.38
2019-12-31 15:00:00,1,11266.76,11134.05
2019-12-31 15:30:00,1,11371.6,11284.27
2019-12-31 16:00:00,1,11533.73,11393.79
2019-12-31 16:30:00,1,11638.99,11476.85
2019-12-31 17:00:00,1,11441.29,11467.82
2019-12-31 17:30:00,1,10873.65,10993.42
2019-12-31 18:00:00,1,10109.4,10347.15
2019-12-31 18:30:00,1,9560.47,9705.9
2019-12-31 19:00:00,1,9126.22,9222.74
2019-12-31 19:30:00,1,8804.05,8896.02
2019-12-31 20:00:00,1,8552.62,8600.37
2019-12-31 20:30:00,1,8287.62,8325.67
2019-12-31 21:00:00,1,8041.91,8165.54
2019-12-31 21:30:00,1,7968.04,8085.76
2019-12-31 22:00:00,1,7791.11,7860.6
2019-12-31 22:30:00,1,7757.66,7807.34
2019-12-31 23:00:00,1,7662.03,7647.98
2019-12-31 23:30:00,1,7455.11,7446.57
2020-01-03 00:00:00,1,7279.42,7311.46
2020-01-03 00:30:00,1,7090.53,7097.84
2020-01-03 01:00:00,1,6867.55,6912.53
2020-01-03 01:30:00,1,6607.01,6595.26
2020-01-03 02:00:00,1,6379.64,6387.56
2020-01-03 02:30:00,1,6263.72,6275.24
2020-01-03 03:00:00,1,6238.67,6222.2
2020-01-03 03:30:00,1,6228.45,6223.02
2020-01-03 04:00:00,1,6217.33,6259.82
2020-01-03 04:30:00,1,6366.53,6368.01
2020-01-03 05:00:00,1,6427.33,6489.97
2020-01-03 05:30:00,1,6646.19,6703.05
2020-01-03 06:00:00,1,6870.32,6930.51
2020-01-03 06:30:00,1,7129.26,7188.63
2020-01-03 07:00:00,1,7331.01,7420.11
2020-01-03 07:30:00,1,7507.61,7521.16
2020-01-03 08:00:00,1,7662.33,7698.63
2020-01-03 08:30:00,1,7780.29,7785.06
2020-01-03 09:00:00,1,7827.08,7841.43
2020-01-03 09:30:00,1,7910.03,7877.01
2020-01-03 10:00:00,1,8029.42,8001.74
2020-01-03 10:30:00,1,8185.24,8132.21
2020-01-03 11:00:00,1,8325.86,8315.87
2020-01-03 11:30:00,1,8561.79,8422.51
2020-01-03 12:00:00,1,8779.78,8762.54
2020-01-03 12:30:00,1,9001.77,8926.18
2020-01-03 13:00:00,1,9209.42,9170.42
2020-01-03 13:30:00,1,9450.23,9447.71
2020-01-03 14:00:00,1,9718.05,9685.34
2020-01-03 14:30:00,1,9989.26,9940.43
2020-01-03 15:00:00,1,10190.21,10184.02
2020-01-03 15:30:00,1,10432.6,10371.22
2020-01-03 16:00:00,1,10668.5,10613.42
2020-01-03 16:30:00,1,10789.24,10751.28
2020-01-03 17:00:00,1,10858.09,10831.63
2020-01-03 17:30:00,1,10713.52,10658.08
2020-01-03 18:00:00,1,10647.08,10651.62
2020-01-03 18:30:00,1,10388.36,10378.98
2020-01-03 19:00:00,1,10160.62,10161.25
2020-01-03 19:30:00,1,9950.09,10022.8
2020-01-03 20:00:00,1,9776.93,9876.96
2020-01-03 20:30:00,1,9516.29,9608.1
2020-01-03 21:00:00,1,9211.98,9255.15
2020-01-03 21:30:00,1,8981.35,9023.7
2020-01-03 22:00:00,1,8719.7,8725.66
2020-01-03 22:30:00,1,8570.59,8558.97
2020-01-03 23:00:00,1,8246.02,8301.36
2020-01-03 23:30:00,1,7964.58,8036.89
2020-01-04 00:00:00,1,7746.15,7777.32
2020-01-04 00:30:00,1,7535.36,7522.76
2020-01-04 01:00:00,1,7307.37,7294.1
2020-01-04 01:30:00,1,7000.25,7013.92
2020-01-04 02:00:00,1,6779.59,6764.36
2020-01-04 02:30:00,1,6624.14,6633.82
2020-01-04 03:00:00,1,6536.29,6548.61
2020-01-04 03:30:00,1,6495.37,6512.86
2020-01-04 04:00:00,1,6470.78,6496.12
2020-01-04 04:30:00,1,6485.3,6510.82
2020-01-04 05:00:00,1,6480.8,6545.99
2020-01-04 05:30:00,1,6557.64,6575.0
2020-01-04 06:00:00,1,6633.56,6657.86
2020-01-04 06:30:00,1,6763.95,6858.19
2020-01-04 07:00:00,1,6955.65,6994.7
2020-01-04 07:30:00,1,7256.29,7252.42
2020-01-04 08:00:00,1,7573.41,7547.22
2020-01-04 08:30:00,1,7956.57,7915.66
2020-01-04 09:00:00,1,8262.82,8262.91
2020-01-04 09:30:00,1,8771.94,8633.46
2020-01-04 10:00:00,1,9179.73,9070.55
2020-01-04 10:30:00,1,9643.19,9511.23
2020-01-04 11:00:00,1,10038.1,9963.4
2020-01-04 11:30:00,1,10402.25,10276.5
2020-01-04 12:00:00,1,10757.67,10679.91
2020-01-04 12:30:00,1,11036.31,10975.78
2020-01-04 13:00:00,1,11259.31,11197.41
2020-01-04 13:30:00,1,11344.93,11326.47
2020-01-04 14:00:00,1,11448.2,11370.61
2020-01-04 14:30:00,1,11547.89,11651.35
2020-01-04 15:00:00,1,11801.52,11687.92
2020-01-04 15:30:00,1,11968.77,11940.72
2020-01-04 16:00:00,1,12177.46,12430.19
2020-01-04 16:30:00,1,12334.04,11581.13
2020-01-04 17:00:00,1,12148.06,11901.92
2020-01-04 17:30:00,1,12153.65,11594.67
2020-01-04 18:00:00,1,11977.22,11336.54
2020-01-04 18:30:00,1,11616.79,11162.2
2020-01-04 19:00:00,1,11460.19,10865.78
2020-01-04 19:30:00,1,11389.8,11040.4
2020-01-04 20:00:00,1,11668.34,10687.32
2020-01-04 20:30:00,1,11660.64,10935.77
2020-01-04 21:00:00,1,11169.02,10507.71
2020-01-04 21:30:00,1,10396.27,10143.67
2020-01-04 22:00:00,1,9743.76,9758.43
2020-01-04 22:30:00,1,9384.84,9404.21
2020-01-04 23:00:00,1,8832.74,8906.29
2020-01-04 23:30:00,1,8317.95,8471.83
2020-01-10 00:00:00,1,7426.29,7446.68
2020-01-10 00:30:00,1,7203.9,7257.09
2020-01-10 01:00:00,1,6994.91,7034.31
2020-01-10 01:30:00,1,6749.26,6755.4
2020-01-10 02:00:00,1,6549.32,6561.55
2020-01-10 02:30:00,1,6464.77,6447.29
2020-01-10 03:00:00,1,6403.06,6427.02
2020-01-10 03:30:00,1,6440.99,6396.72
2020-01-10 04:00:00,1,6478.07,6499.99
2020-01-10 04:30:00,1,6646.28,6678.34
2020-01-10 05:00:00,1,6825.2,6870.83
2020-01-10 05:30:00,1,7128.01,7181.69
2020-01-10 06:00:00,1,7442.0,7463.12
2020-01-10 06:30:00,1,7770.48,7774.06
2020-01-10 07:00:00,1,8053.63,8098.86
2020-01-10 07:30:00,1,8261.59,8256.98
2020-01-10 08:00:00,1,8394.93,8508.93
2020-01-10 08:30:00,1,8507.1,8536.52
2020-01-10 09:00:00,1,8571.68,8578.46
2020-01-10 09:30:00,1,8654.53,8685.32
2020-01-10 10:00:00,1,8698.5,8724.55
2020-01-10 10:30:00,1,8809.77,8829.96
2020-01-10 11:00:00,1,8947.38,8953.87
2020-01-10 11:30:00,1,9201.64,9146.23
2020-01-10 12:00:00,1,9454.39,9393.88
2020-01-10 12:30:00,1,9755.17,9672.94
2020-01-10 13:00:00,1,10056.13,10019.1
2020-01-10 13:30:00,1,10324.82,10322.34
2020-01-10 14:00:00,1,10610.27,10578.95
2020-01-10 14:30:00,1,10889.15,10824.31
2020-01-10 15:00:00,1,11183.2,11118.33
2020-01-10 15:30:00,1,11483.62,11385.88
2020-01-10 16:00:00,1,11778.49,11700.55
2020-01-10 16:30:00,1,11907.82,11840.09
2020-01-10 17:00:00,1,11920.34,11891.26
2020-01-10 17:30:00,1,11750.32,11691.01
2020-01-10 18:00:00,1,11693.1,11644.49
2020-01-10 18:30:00,1,11440.5,11468.86
2020-01-10 19:00:00,1,11205.86,11263.53
2020-01-10 19:30:00,1,10974.76,11057.7
2020-01-10 20:00:00,1,10855.2,10900.67
2020-01-10 20:30:00,1,10627.8,10629.21
2020-01-10 21:00:00,1,10207.99,10299.0
2020-01-10 21:30:00,1,9917.39,10008.87
2020-01-10 22:00:00,1,9538.04,9601.15
2020-01-10 22:30:00,1,9229.41,9308.17
2020-01-10 23:00:00,1,8820.51,8970.64
2020-01-10 23:30:00,1,8475.72,8599.77
2020-01-21 00:00:00,1,7342.78,7337.34
2020-01-21 00:30:00,1,7128.86,7175.44
2020-01-21 01:00:00,1,6915.36,6947.29
2020-01-21 01:30:00,1,6614.56,6693.61
2020-01-21 02:00:00,1,6348.35,6457.16
2020-01-21 02:30:00,1,6217.79,6272.06
2020-01-21 03:00:00,1,6190.65,6183.91
2020-01-21 03:30:00,1,6243.67,6172.49
2020-01-21 04:00:00,1,6265.48,6254.38
2020-01-21 04:30:00,1,6446.08,6432.7
2020-01-21 05:00:00,1,6548.78,6659.46
2020-01-21 05:30:00,1,6895.94,6920.96
2020-01-21 06:00:00,1,7278.14,7191.95
2020-01-21 06:30:00,1,7569.15,7550.0
2020-01-21 07:00:00,1,7777.22,7822.13
2020-01-21 07:30:00,1,7872.56,7946.54
2020-01-21 08:00:00,1,7909.1,7900.96
2020-01-21 08:30:00,1,7958.62,8042.68
2020-01-21 09:00:00,1,7919.96,7963.55
2020-01-21 09:30:00,1,7971.61,7911.74
2020-01-21 10:00:00,1,8018.74,8000.18
2020-01-21 10:30:00,1,7984.7,8004.55
2020-01-21 11:00:00,1,8050.93,8034.88
2020-01-21 11:30:00,1,8153.09,8078.0
2020-01-21 12:00:00,1,8209.52,8259.76
2020-01-21 12:30:00,1,8366.84,8350.76
2020-01-21 13:00:00,1,8549.23,8443.65
2020-01-21 13:30:00,1,8672.74,8664.8
2020-01-21 14:00:00,1,8823.19,8796.4
2020-01-21 14:30:00,1,8980.79,9000.62
2020-01-21 15:00:00,1,9093.77,9167.97
2020-01-21 15:30:00,1,9261.29,9353.64
2020-01-21 16:00:00,1,9583.98,9436.1
2020-01-21 16:30:00,1,9648.24,9659.89
2020-01-21 17:00:00,1,9925.09,9813.17
2020-01-21 17:30:00,1,9845.79,9791.61
2020-01-21 18:00:00,1,9907.29,9815.25
2020-01-21 18:30:00,1,9684.78,9742.28
2020-01-21 19:00:00,1,9489.27,9505.25
2020-01-21 19:30:00,1,9347.67,9392.54
2020-01-21 20:00:00,1,9313.46,9298.96
2020-01-21 20:30:00,1,9113.44,9127.51
2020-01-21 21:00:00,1,8847.0,8871.87
2020-01-21 21:30:00,1,8659.7,8703.17
2020-01-21 22:00:00,1,8342.44,8439.92
2020-01-21 22:30:00,1,8196.12,8265.95
2020-01-21 23:00:00,1,7929.96,8011.56
2020-01-21 23:30:00,1,7733.6,7751.77
2020-01-22 00:00:00,1,7498.35,7600.58
2020-01-22 00:30:00,1,7254.12,7311.41
2020-01-22 01:00:00,1,7095.15,7079.39
2020-01-22 01:30:00,1,6801.71,6806.43
2020-01-22 02:00:00,1,6603.42,6590.86
2020-01-22 02:30:00,1,6481.06,6529.0
2020-01-22 03:00:00,1,6424.9,6447.86
2020-01-22 03:30:00,1,6434.88,6441.12
2020-01-22 04:00:00,1,6479.38,6493.89
2020-01-22 04:30:00,1,6676.09,6659.03
2020-01-22 05:00:00,1,6870.84,6860.31
2020-01-22 05:30:00,1,7224.62,7259.62
2020-01-22 06:00:00,1,7459.85,7504.04
2020-01-22 06:30:00,1,7753.0,7798.45
2020-01-22 07:00:00,1,7964.1,8043.94
2020-01-22 07:30:00,1,8128.97,8147.77
2020-01-22 08:00:00,1,8285.88,8261.1
2020-01-22 08:30:00,1,8377.02,8464.33
2020-01-22 09:00:00,1,8428.6,8442.43
2020-01-22 09:30:00,1,8498.37,8538.79
2020-01-22 10:00:00,1,8470.06,8549.31
2020-01-22 10:30:00,1,8577.19,8601.98
2020-01-22 11:00:00,1,8750.04,8709.51
2020-01-22 11:30:00,1,8942.83,8902.23
2020-01-22 12:00:00,1,9196.29,9103.41
2020-01-22 12:30:00,1,9488.34,9410.76
2020-01-22 13:00:00,1,9764.32,9657.18
2020-01-22 13:30:00,1,9960.84,9898.32
2020-01-22 14:00:00,1,10180.51,10131.47
2020-01-22 14:30:00,1,10375.38,10322.52
2020-01-22 15:00:00,1,10707.89,10578.7
2020-01-22 15:30:00,1,10918.92,10806.43
2020-01-22 16:00:00,1,11266.51,11116.78
2020-01-22 16:30:00,1,11515.49,11401.04
2020-01-22 17:00:00,1,11679.1,11563.32
2020-01-22 17:30:00,1,11528.38,11520.11
2020-01-22 18:00:00,1,11495.35,11424.87
2020-01-22 18:30:00,1,11251.27,11280.78
2020-01-22 19:00:00,1,10961.66,11011.08
2020-01-22 19:30:00,1,10702.79,10833.47
2020-01-22 20:00:00,1,10585.51,10559.26
2020-01-22 20:30:00,1,10242.6,10304.91
2020-01-22 21:00:00,1,9811.46,9884.26
2020-01-22 21:30:00,1,9468.69,9589.16
2020-01-22 22:00:00,1,9039.38,9119.04
2020-01-22 22:30:00,1,8745.45,8830.99
2020-01-22 23:00:00,1,8379.78,8475.37
2020-01-22 23:30:00,1,8080.54,8152.8
2020-01-23 00:00:00,1,7874.24,7941.51
2020-01-23 00:30:00,1,7649.19,7701.25
2020-01-23 01:00:00,1,7383.78,7460.43
2020-01-23 01:30:00,1,7032.61,7146.49
2020-01-23 02:00:00,1,6798.68,6878.11
2020-01-23 02:30:00,1,6642.47,6740.92
2020-01-23 03:00:00,1,6600.81,6616.51
2020-01-23 03:30:00,1,6582.13,6603.62
2020-01-23 04:00:00,1,6584.71,6634.58
2020-01-23 04:30:00,1,6783.5,6800.37
2020-01-23 05:00:00,1,6978.36,6971.02
2020-01-23 05:30:00,1,7330.45,7364.1
2020-01-23 06:00:00,1,7662.89,7664.8
2020-01-23 06:30:00,1,8094.25,8109.3
2020-01-23 07:00:00,1,8462.72,8407.62
2020-01-23 07:30:00,1,8753.46,8824.68
2020-01-23 08:00:00,1,9063.97,8990.72
2020-01-23 08:30:00,1,9384.01,9314.74
2020-01-23 09:00:00,1,9667.92,9598.89
2020-01-23 09:30:00,1,10047.46,9893.57
2020-01-23 10:00:00,1,10425.12,10257.96
2020-01-23 10:30:00,1,10734.72,10540.57
2020-01-23 11:00:00,1,11103.3,10922.39
2020-01-23 11:30:00,1,11446.14,11303.8
2020-01-23 12:00:00,1,11712.42,11606.64
2020-01-23 12:30:00,1,11918.68,11976.06
2020-01-23 13:00:00,1,11950.46,12097.22
2020-01-23 13:30:00,1,12261.87,12227.78
2020-01-23 14:00:00,1,12511.73,12432.71
2020-01-23 14:30:00,1,12674.07,12699.13
2020-01-23 15:00:00,1,12920.23,12921.04
2020-01-23 15:30:00,1,12861.33,13023.11
2020-01-23 16:00:00,1,13093.58,12847.46
2020-01-23 16:30:00,1,13215.23,13069.64
2020-01-23 17:00:00,1,13330.14,13177.49
2020-01-23 17:30:00,1,13166.18,13074.85
2020-01-23 18:00:00,1,12780.53,12890.92
2020-01-23 18:30:00,1,12601.19,12717.59
2020-01-23 19:00:00,1,12531.11,12677.48
2020-01-23 19:30:00,1,12328.18,12453.78
2020-01-23 20:00:00,1,12340.1,12444.03
2020-01-23 20:30:00,1,12092.42,12129.91
2020-01-23 21:00:00,1,11680.73,11580.13
2020-01-23 21:30:00,1,11195.89,11285.56
2020-01-23 22:00:00,1,10615.17,10662.34
2020-01-23 22:30:00,1,10252.59,10224.43
2020-01-23 23:00:00,1,9810.02,9770.47
2020-01-23 23:30:00,1,9417.32,9403.12
2020-01-24 00:00:00,1,9150.49,9152.19
2020-01-24 00:30:00,1,8799.92,8856.46
2020-01-24 01:00:00,1,8503.32,8532.86
2020-01-24 01:30:00,1,8210.37,8217.02
2020-01-24 02:00:00,1,8020.1,7994.75
2020-01-24 02:30:00,1,7824.24,7841.83
2020-01-24 03:00:00,1,7664.37,7707.74
2020-01-24 03:30:00,1,7565.86,7615.82
2020-01-24 04:00:00,1,7588.78,7593.1
2020-01-24 04:30:00,1,7697.72,7758.56
2020-01-24 05:00:00,1,7868.35,7889.75
2020-01-24 05:30:00,1,8166.66,8232.64
2020-01-24 06:00:00,1,8446.45,8542.58
2020-01-24 06:30:00,1,8872.49,8825.92
2020-01-24 07:00:00,1,9091.11,9218.62
2020-01-24 07:30:00,1,9373.88,9332.64
2020-01-24 08:00:00,1,9390.41,9526.28
2020-01-24 08:30:00,1,9485.77,9440.93
2020-01-24 09:00:00,1,9417.94,9475.76
2020-01-24 09:30:00,1,9493.3,9509.91
2020-01-24 10:00:00,1,9426.68,9472.17
2020-01-24 10:30:00,1,9305.54,9480.68
2020-01-24 11:00:00,1,9237.96,9305.04
2020-01-24 11:30:00,1,9132.05,9303.71
2020-01-24 12:00:00,1,9048.64,9218.27
2020-01-24 12:30:00,1,9057.99,9185.51
2020-01-24 13:00:00,1,9064.7,9177.62
2020-01-24 13:30:00,1,9077.54,9205.78
2020-01-24 14:00:00,1,9170.1,9269.18
2020-01-24 14:30:00,1,9099.45,9293.17
2020-01-24 15:00:00,1,9161.06,9236.92
2020-01-24 15:30:00,1,9443.1,9383.9
2020-01-24 16:00:00,1,9730.72,9677.45
2020-01-24 16:30:00,1,9901.02,9856.14
2020-01-24 17:00:00,1,10052.6,9993.28
2020-01-24 17:30:00,1,9896.36,9947.6
2020-01-24 18:00:00,1,9841.21,9782.91
2020-01-24 18:30:00,1,9722.92,9678.63
2020-01-24 19:00:00,1,9578.78,9563.77
2020-01-24 19:30:00,1,9568.02,9527.22
2020-01-24 20:00:00,1,9384.13,9511.64
2020-01-24 20:30:00,1,9222.65,9281.37
2020-01-24 21:00:00,1,8989.76,9016.95
2020-01-24 21:30:00,1,8893.64,8870.49
2020-01-24 22:00:00,1,8658.46,8687.11
2020-01-24 22:30:00,1,8507.36,8536.79
2020-01-24 23:00:00,1,8316.6,8317.92
2020-01-24 23:30:00,1,8086.44,8112.75
2020-01-26 00:00:00,1,7808.27,7798.41
2020-01-26 00:30:00,1,7576.16,7577.04
2020-01-26 01:00:00,1,7360.25,7377.85
2020-01-26 01:30:00,1,7059.69,7090.18
2020-01-26 02:00:00,1,6865.69,6880.24
2020-01-26 02:30:00,1,6784.22,6783.12
2020-01-26 03:00:00,1,6698.02,6689.55
2020-01-26 03:30:00,1,6652.02,6636.4
2020-01-26 04:00:00,1,6605.66,6560.76
2020-01-26 04:30:00,1,6642.08,6560.36
2020-01-26 05:00:00,1,6718.97,6582.79
2020-01-26 05:30:00,1,6793.61,6619.1
2020-01-26 06:00:00,1,6841.7,6773.1
2020-01-26 06:30:00,1,6979.22,7024.64
2020-01-26 07:00:00,1,7192.83,7164.42
2020-01-26 07:30:00,1,7426.11,7593.18
2020-01-26 08:00:00,1,7700.57,7713.69
2020-01-26 08:30:00,1,8024.78,8004.39
2020-01-26 09:00:00,1,8313.88,8383.09
2020-01-26 09:30:00,1,8575.67,8603.16
2020-01-26 10:00:00,1,8783.36,8789.05
2020-01-26 10:30:00,1,8978.33,9026.36
2020-01-26 11:00:00,1,9173.92,9173.73
2020-01-26 11:30:00,1,9259.96,9327.91
2020-01-26 12:00:00,1,9536.49,9507.7
2020-01-26 12:30:00,1,9669.85,9662.94
2020-01-26 13:00:00,1,9870.27,9833.87
2020-01-26 13:30:00,1,10128.51,10022.54
2020-01-26 14:00:00,1,10337.5,10307.82
2020-01-26 14:30:00,1,10452.44,10448.55
2020-01-26 15:00:00,1,10524.63,10553.61
2020-01-26 15:30:00,1,10330.64,10512.28
2020-01-26 16:00:00,1,10351.33,10272.45
2020-01-26 16:30:00,1,10637.7,10456.44
2020-01-26 17:00:00,1,10809.57,10684.54
2020-01-26 17:30:00,1,10823.77,10789.22
2020-01-26 18:00:00,1,10840.67,10681.35
2020-01-26 18:30:00,1,10616.15,10675.45
2020-01-26 19:00:00,1,10407.6,10465.06
2020-01-26 19:30:00,1,10323.28,10325.3
2020-01-26 20:00:00,1,10147.9,10248.3
2020-01-26 20:30:00,1,9957.38,10051.44
2020-01-26 21:00:00,1,9691.09,9759.43
2020-01-26 21:30:00,1,9422.66,9468.66
2020-01-26 22:00:00,1,9092.11,9176.64
2020-01-26 22:30:00,1,8773.61,8840.22
2020-01-26 23:00:00,1,8407.56,8476.96
2020-01-26 23:30:00,1,8054.86,8143.77
2020-01-28 00:00:00,1,7922.1,7931.67
2020-01-28 00:30:00,1,7659.76,7700.18
2020-01-28 01:00:00,1,7454.37,7465.05
2020-01-28 01:30:00,1,7174.79,7187.15
2020-01-28 02:00:00,1,6965.77,7003.3
2020-01-28 02:30:00,1,6828.75,6861.26
2020-01-28 03:00:00,1,6827.31,6785.79
2020-01-28 03:30:00,1,6806.24,6824.57
2020-01-28 04:00:00,1,6865.24,6847.26
2020-01-28 04:30:00,1,7088.58,7034.66
2020-01-28 05:00:00,1,7254.01,7262.3
2020-01-28 05:30:00,1,7728.92,7662.85
2020-01-28 06:00:00,1,8088.74,8054.67
2020-01-28 06:30:00,1,8521.08,8511.66
2020-01-28 07:00:00,1,8845.12,8882.74
2020-01-28 07:30:00,1,9125.54,9147.29
2020-01-28 08:00:00,1,9322.09,9372.81
2020-01-28 08:30:00,1,9523.45,9571.69
2020-01-28 09:00:00,1,9617.9,9567.82
2020-01-28 09:30:00,1,9764.53,9704.04
2020-01-28 10:00:00,1,9939.75,9923.69
2020-01-28 10:30:00,1,10106.85,10070.15
2020-01-28 11:00:00,1,10250.05,10252.24
2020-01-28 11:30:00,1,10491.78,10428.57
2020-01-28 12:00:00,1,10699.19,10621.53
2020-01-28 12:30:00,1,10975.14,10885.37
2020-01-28 13:00:00,1,11217.38,11200.43
2020-01-28 13:30:00,1,11364.98,11284.49
2020-01-28 14:00:00,1,11668.05,11544.88
2020-01-28 14:30:00,1,11837.59,11761.58
2020-01-28 15:00:00,1,12019.52,11927.51
2020-01-28 15:30:00,1,12128.3,12159.92
2020-01-28 16:00:00,1,12202.88,12162.97
2020-01-28 16:30:00,1,12349.85,12222.13
2020-01-28 17:00:00,1,12237.97,12301.37
2020-01-28 17:30:00,1,12153.95,11953.17
2020-01-28 18:00:00,1,12223.24,11657.97
2020-01-28 18:30:00,1,12249.67,11491.16
2020-01-28 19:00:00,1,11067.1,11181.72
2020-01-28 19:30:00,1,10776.54,10769.91
2020-01-28 20:00:00,1,10489.01,10653.04
2020-01-28 20:30:00,1,10196.2,10226.27
2020-01-28 21:00:00,1,9819.08,9835.09
2020-01-28 21:30:00,1,9514.0,9554.07
2020-01-28 22:00:00,1,9079.73,9160.36
2020-01-28 22:30:00,1,8875.56,8893.68
2020-01-28 23:00:00,1,8570.46,8594.71
2020-01-28 23:30:00,1,8342.08,8284.38
2020-01-31 00:00:00,1,8229.38,8191.92
2020-01-31 00:30:00,1,7894.46,7992.03
2020-01-31 01:00:00,1,7659.81,7710.26
2020-01-31 01:30:00,1,7348.69,7370.87
2020-01-31 02:00:00,1,7166.21,7169.7
2020-01-31 02:30:00,1,7093.64,7046.44
2020-01-31 03:00:00,1,6947.14,7033.49
2020-01-31 03:30:00,1,6956.21,6966.18
2020-01-31 04:00:00,1,7006.59,6999.61
2020-01-31 04:30:00,1,7245.66,7194.94
2020-01-31 05:00:00,1,7464.14,7424.93
2020-01-31 05:30:00,1,7878.78,7840.01
2020-01-31 06:00:00,1,8321.65,8215.96
2020-01-31 06:30:00,1,8769.52,8762.24
2020-01-31 07:00:00,1,9072.87,9198.7
2020-01-31 07:30:00,1,9396.38,9371.35
2020-01-31 08:00:00,1,9493.16,9571.29
2020-01-31 08:30:00,1,9644.86,9629.56
2020-01-31 09:00:00,1,9800.98,9831.76
2020-01-31 09:30:00,1,9939.8,9992.41
2020-01-31 10:00:00,1,10093.82,10116.43
2020-01-31 10:30:00,1,10429.73,10275.54
2020-01-31 11:00:00,1,10671.45,10664.65
2020-01-31 11:30:00,1,10966.57,10944.56
2020-01-31 12:00:00,1,11311.9,11246.14
2020-01-31 12:30:00,1,11577.56,11581.82
2020-01-31 13:00:00,1,11826.45,11744.9
2020-01-31 13:30:00,1,12083.1,11970.02
2020-01-31 14:00:00,1,12290.83,12261.4
2020-01-31 14:30:00,1,12509.37,12538.78
2020-01-31 15:00:00,1,12784.73,12774.78
2020-01-31 15:30:00,1,13143.76,12919.57
2020-01-31 16:00:00,1,12967.48,13334.84
2020-01-31 16:30:00,1,13062.96,12978.86
2020-01-31 17:00:00,1,13053.11,12974.01
2020-01-31 17:30:00,1,12717.59,13066.1
2020-01-31 18:00:00,1,13049.39,12690.38
2020-01-31 18:30:00,1,12793.0,12772.45
2020-01-31 19:00:00,1,12466.83,12442.07
2020-01-31 19:30:00,1,12226.41,12246.13
2020-01-31 20:00:00,1,12009.85,12036.66
2020-01-31 20:30:00,1,11657.69,11723.67
2020-01-31 21:00:00,1,11181.49,11269.59
2020-01-31 21:30:00,1,10833.11,10916.59
2020-01-31 22:00:00,1,10391.56,10380.78
2020-01-31 22:30:00,1,10087.11,10059.22
2020-01-31 23:00:00,1,9650.78,9682.31
2020-01-31 23:30:00,1,9282.39,9265.8
2020-02-01 00:00:00,1,8971.44,8993.27
2020-02-01 00:30:00,1,8565.63,8648.06
2020-02-01 01:00:00,1,8275.4,8288.65
2020-02-01 01:30:00,1,7854.8,7961.56
2020-02-01 02:00:00,1,7645.57,7682.36
2020-02-01 02:30:00,1,7521.21,7508.66
2020-02-01 03:00:00,1,7389.93,7432.57
2020-02-01 03:30:00,1,7404.46,7328.58
2020-02-01 04:00:00,1,7323.84,7358.56
2020-02-01 04:30:00,1,7388.76,7389.74
2020-02-01 05:00:00,1,7432.72,7440.46
2020-02-01 05:30:00,1,7541.14,7623.85
2020-02-01 06:00:00,1,7593.69,7668.07
2020-02-01 06:30:00,1,7860.48,7923.87
2020-02-01 07:00:00,1,8185.2,8254.26
2020-02-01 07:30:00,1,8636.49,8595.47
2020-02-01 08:00:00,1,9056.01,9044.94
2020-02-01 08:30:00,1,9582.2,9510.11
2020-02-01 09:00:00,1,9942.2,9948.92
2020-02-01 09:30:00,1,10483.65,10424.17
2020-02-01 10:00:00,1,10873.91,10808.83
2020-02-01 10:30:00,1,11234.53,11218.57
2020-02-01 11:00:00,1,11577.88,11557.23
2020-02-01 11:30:00,1,11799.08,11854.48
2020-02-01 12:00:00,1,12047.17,12072.46
2020-02-01 12:30:00,1,12220.43,12322.52
2020-02-01 13:00:00,1,12358.64,12398.36
2020-02-01 13:30:00,1,12507.8,12628.37
2020-02-01 14:00:00,1,12612.76,12736.94
2020-02-01 14:30:00,1,12769.86,12945.34
2020-02-01 15:00:00,1,12954.7,12947.37
2020-02-01 15:30:00,1,13164.26,13065.24
2020-02-01 16:00:00,1,13363.0,13161.92
2020-02-01 16:30:00,1,13464.42,13188.35
2020-02-01 17:00:00,1,13621.75,13451.02
2020-02-01 17:30:00,1,13634.63,13486.53
2020-02-01 18:00:00,1,13588.73,13503.79
2020-02-01 18:30:00,1,13441.78,13321.79
2020-02-01 19:00:00,1,13182.2,13173.37
2020-02-01 19:30:00,1,13057.93,12938.48
2020-02-01 20:00:00,1,12978.96,12810.5
2020-02-01 20:30:00,1,12743.92,12589.38
2020-02-01 21:00:00,1,12425.11,12328.41
2020-02-01 21:30:00,1,12010.47,11937.89
2020-02-01 22:00:00,1,11516.78,11453.83
2020-02-01 22:30:00,1,11058.84,11043.1
2020-02-01 23:00:00,1,10476.52,10433.62
2020-02-01 23:30:00,1,10010.62,9941.32
2020-02-03 00:00:00,1,7499.45,7588.21
2020-02-03 00:30:00,1,7314.57,7367.55
2020-02-03 01:00:00,1,7080.47,7193.16
2020-02-03 01:30:00,1,6900.81,6899.47
2020-02-03 02:00:00,1,6723.09,6765.27
2020-02-03 02:30:00,1,6692.11,6700.88
2020-02-03 03:00:00,1,6664.24,6655.89
2020-02-03 03:30:00,1,6703.96,6711.66
2020-02-03 04:00:00,1,6788.26,6755.15
2020-02-03 04:30:00,1,7011.3,6989.54
2020-02-03 05:00:00,1,7239.17,7256.79
2020-02-03 05:30:00,1,7731.58,7760.26
2020-02-03 06:00:00,1,8130.78,8190.63
2020-02-03 06:30:00,1,8602.44,8547.43
2020-02-03 07:00:00,1,8950.69,8985.15
2020-02-03 07:30:00,1,9142.32,9203.26
2020-02-03 08:00:00,1,9182.18,9287.99
2020-02-03 08:30:00,1,9250.51,9324.68
2020-02-03 09:00:00,1,9205.91,9272.96
2020-02-03 09:30:00,1,9205.33,9258.09
2020-02-03 10:00:00,1,9197.83,9365.46
2020-02-03 10:30:00,1,8997.97,9204.1
2020-02-03 11:00:00,1,8795.97,8960.85
2020-02-03 11:30:00,1,8894.45,8847.04
2020-02-03 12:00:00,1,9002.16,8989.91
2020-02-03 12:30:00,1,9233.32,9117.15
2020-02-03 13:00:00,1,9488.2,9432.12
2020-02-03 13:30:00,1,9686.38,9661.3
2020-02-03 14:00:00,1,9830.39,9762.01
2020-02-03 14:30:00,1,9947.24,10062.53
2020-02-03 15:00:00,1,10205.6,10177.24
2020-02-03 15:30:00,1,10505.21,10500.93
2020-02-03 16:00:00,1,10684.18,10667.37
2020-02-03 16:30:00,1,10741.33,10681.14
2020-02-03 17:00:00,1,10684.93,10735.78
2020-02-03 17:30:00,1,10469.36,10541.29
2020-02-03 18:00:00,1,10300.3,10356.0
2020-02-03 18:30:00,1,9853.64,10061.26
2020-02-03 19:00:00,1,9399.64,9633.15
2020-02-03 19:30:00,1,9193.95,9308.3
2020-02-03 20:00:00,1,8942.47,8993.28
2020-02-03 20:30:00,1,8624.66,8700.66
2020-02-03 21:00:00,1,8272.39,8331.34
2020-02-03 21:30:00,1,8033.07,8133.03
2020-02-03 22:00:00,1,7863.15,7837.8
2020-02-03 22:30:00,1,7693.51,7765.0
2020-02-03 23:00:00,1,7477.7,7537.41
2020-02-03 23:30:00,1,7314.38,7352.33
2020-02-11 00:00:00,1,7233.72,7258.35
2020-02-11 00:30:00,1,7076.7,7117.36
2020-02-11 01:00:00,1,6850.47,6900.98
2020-02-11 01:30:00,1,6655.13,6624.66
2020-02-11 02:00:00,1,6445.51,6492.5
2020-02-11 02:30:00,1,6334.19,6313.3
2020-02-11 03:00:00,1,6231.73,6272.66
2020-02-11 03:30:00,1,6285.7,6249.64
2020-02-11 04:00:00,1,6344.99,6353.64
2020-02-11 04:30:00,1,6525.29,6541.3
2020-02-11 05:00:00,1,6733.69,6723.14
2020-02-11 05:30:00,1,7251.11,7191.8
2020-02-11 06:00:00,1,7613.18,7613.82
2020-02-11 06:30:00,1,7970.25,7926.43
2020-02-11 07:00:00,1,8144.94,8209.46
2020-02-11 07:30:00,1,8244.92,8253.14
2020-02-11 08:00:00,1,8155.94,8273.25
2020-02-11 08:30:00,1,8215.07,8309.4
2020-02-11 09:00:00,1,8277.14,8305.06
2020-02-11 09:30:00,1,8407.74,8373.38
2020-02-11 10:00:00,1,8427.0,8473.98
2020-02-11 10:30:00,1,8529.65,8475.11
2020-02-11 11:00:00,1,8525.52,8617.63
2020-02-11 11:30:00,1,8504.48,8557.85
2020-02-11 12:00:00,1,8605.99,8597.45
2020-02-11 12:30:00,1,8763.18,8683.3
2020-02-11 13:00:00,1,8962.13,8933.79
2020-02-11 13:30:00,1,9105.49,9144.93
2020-02-11 14:00:00,1,9263.72,9282.06
2020-02-11 14:30:00,1,9335.31,9384.12
2020-02-11 15:00:00,1,9570.03,9614.31
2020-02-11 15:30:00,1,9711.44,9639.9
2020-02-11 16:00:00,1,9791.26,9867.28
2020-02-11 16:30:00,1,9966.14,9880.97
2020-02-11 17:00:00,1,10020.15,10006.1
2020-02-11 17:30:00,1,9905.86,9912.24
2020-02-11 18:00:00,1,9859.75,9922.56
2020-02-11 18:30:00,1,9611.99,9688.72
2020-02-11 19:00:00,1,9463.48,9434.97
2020-02-11 19:30:00,1,9420.65,9426.25
2020-02-11 20:00:00,1,9213.22,9266.88
2020-02-11 20:30:00,1,9004.88,8995.9
2020-02-11 21:00:00,1,8690.95,8715.6
2020-02-11 21:30:00,1,8493.71,8563.95
2020-02-11 22:00:00,1,8218.26,8247.12
2020-02-11 22:30:00,1,8093.51,8126.02
2020-02-11 23:00:00,1,7909.89,7884.87
2020-02-11 23:30:00,1,7693.42,7720.43
2020-02-18 00:00:00,1,7448.27,7436.78
2020-02-18 00:30:00,1,7275.64,7298.52
2020-02-18 01:00:00,1,7045.96,7087.32
2020-02-18 01:30:00,1,6779.85,6796.87
2020-02-18 02:00:00,1,6563.19,6624.3
2020-02-18 02:30:00,1,6487.11,6470.6
2020-02-18 03:00:00,1,6442.45,6441.12
2020-02-18 03:30:00,1,6454.83,6456.83
2020-02-18 04:00:00,1,6506.54,6512.19
2020-02-18 04:30:00,1,6718.99,6738.06
2020-02-18 05:00:00,1,6980.67,6983.08
2020-02-18 05:30:00,1,7473.55,7468.11
2020-02-18 06:00:00,1,7884.27,7838.68
2020-02-18 06:30:00,1,8205.35,8283.24
2020-02-18 07:00:00,1,8461.22,8443.71
2020-02-18 07:30:00,1,8443.62,8603.35
2020-02-18 08:00:00,1,8435.83,8429.71
2020-02-18 08:30:00,1,8449.61,8581.24
2020-02-18 09:00:00,1,8354.21,8384.94
2020-02-18 09:30:00,1,8392.58,8408.54
2020-02-18 10:00:00,1,8497.34,8576.11
2020-02-18 10:30:00,1,8594.77,8576.84
2020-02-18 11:00:00,1,8658.78,8682.86
2020-02-18 11:30:00,1,8792.35,8752.7
2020-02-18 12:00:00,1,8995.53,8928.82
2020-02-18 12:30:00,1,9233.21,9153.88
2020-02-18 13:00:00,1,9476.35,9426.07
2020-02-18 13:30:00,1,9737.43,9653.81
2020-02-18 14:00:00,1,10014.77,10008.67
2020-02-18 14:30:00,1,10295.97,10164.95
2020-02-18 15:00:00,1,10685.85,10588.63
2020-02-18 15:30:00,1,10923.27,10949.46
2020-02-18 16:00:00,1,11062.75,11136.57
2020-02-18 16:30:00,1,11079.33,11002.82
2020-02-18 17:00:00,1,11076.18,11100.0
2020-02-18 17:30:00,1,10990.14,10911.89
2020-02-18 18:00:00,1,10864.6,10915.27
2020-02-18 18:30:00,1,10710.67,10749.42
2020-02-18 19:00:00,1,10453.36,10561.58
2020-02-18 19:30:00,1,10214.45,10341.03
2020-02-18 20:00:00,1,10008.39,10016.05
2020-02-18 20:30:00,1,9693.98,9736.89
2020-02-18 21:00:00,1,9314.42,9404.83
2020-02-18 21:30:00,1,8935.98,9131.39
2020-02-18 22:00:00,1,8286.58,8605.31
2020-02-18 22:30:00,1,7956.33,8133.43
2020-02-18 23:00:00,1,7592.51,7768.37
2020-02-18 23:30:00,1,7407.06,7458.33
2020-02-26 00:00:00,1,7522.51,7579.72
2020-02-26 00:30:00,1,7301.78,7373.83
2020-02-26 01:00:00,1,7118.53,7138.19
2020-02-26 01:30:00,1,6791.64,6856.02
2020-02-26 02:00:00,1,6568.22,6604.12
2020-02-26 02:30:00,1,6437.02,6473.07
2020-02-26 03:00:00,1,6359.99,6389.56
2020-02-26 03:30:00,1,6404.93,6421.6
2020-02-26 04:00:00,1,6456.71,6472.56
2020-02-26 04:30:00,1,6616.96,6697.79
2020-02-26 05:00:00,1,6836.25,6867.82
2020-02-26 05:30:00,1,7374.3,7330.03
2020-02-26 06:00:00,1,7767.01,7729.61
2020-02-26 06:30:00,1,8196.74,8133.85
2020-02-26 07:00:00,1,8416.2,8473.43
2020-02-26 07:30:00,1,8502.52,8574.55
2020-02-26 08:00:00,1,8554.87,8603.17
2020-02-26 08:30:00,1,8695.77,8720.01
2020-02-26 09:00:00,1,8764.0,8765.27
2020-02-26 09:30:00,1,8729.15,8819.57
2020-02-26 10:00:00,1,8793.76,8812.2
2020-02-26 10:30:00,1,8917.42,8866.25
2020-02-26 11:00:00,1,9045.03,9060.51
2020-02-26 11:30:00,1,9243.94,9170.82
2020-02-26 12:00:00,1,9456.92,9461.59
2020-02-26 12:30:00,1,9468.05,9600.87
2020-02-26 13:00:00,1,9321.98,9547.05
2020-02-26 13:30:00,1,9329.38,9368.33
2020-02-26 14:00:00,1,9230.38,9341.26
2020-02-26 14:30:00,1,9377.2,9397.22
2020-02-26 15:00:00,1,9604.44,9539.96
2020-02-26 15:30:00,1,9939.64,9820.1
2020-02-26 16:00:00,1,10141.24,10194.35
2020-02-26 16:30:00,1,10098.06,10083.94
2020-02-26 17:00:00,1,10196.1,10070.9
2020-02-26 17:30:00,1,10066.81,10095.47
2020-02-26 18:00:00,1,10016.41,9986.94
2020-02-26 18:30:00,1,9844.53,9884.29
2020-02-26 19:00:00,1,9583.87,9743.57
2020-02-26 19:30:00,1,9386.34,9497.89
2020-02-26 20:00:00,1,9024.54,9173.87
2020-02-26 20:30:00,1,8657.72,8768.23
2020-02-26 21:00:00,1,8286.97,8451.33
2020-02-26 21:30:00,1,8079.18,8164.58
2020-02-26 22:00:00,1,7886.58,7872.72
2020-02-26 22:30:00,1,7813.51,7807.23
2020-02-26 23:00:00,1,7657.49,7618.53
2020-02-26 23:30:00,1,7426.65,7478.38
2020-03-02 00:00:00,1,7132.95,7147.41
2020-03-02 00:30:00,1,6881.2,6991.87
2020-03-02 01:00:00,1,6692.12,6754.32
2020-03-02 01:30:00,1,6441.03,6454.6
2020-03-02 02:00:00,1,6298.66,6310.88
2020-03-02 02:30:00,1,6229.41,6229.36
2020-03-02 03:00:00,1,6200.57,6210.03
2020-03-02 03:30:00,1,6206.46,6225.82
2020-03-02 04:00:00,1,6318.53,6275.66
2020-03-02 04:30:00,1,6491.42,6541.26
2020-03-02 05:00:00,1,6730.69,6750.96
2020-03-02 05:30:00,1,7203.02,7235.74
2020-03-02 06:00:00,1,7657.73,7645.1
2020-03-02 06:30:00,1,8033.34,8023.26
2020-03-02 07:00:00,1,8288.4,8251.88
2020-03-02 07:30:00,1,8351.62,8456.23
2020-03-02 08:00:00,1,8341.11,8427.36
2020-03-02 08:30:00,1,8438.89,8375.83
2020-03-02 09:00:00,1,8496.96,8540.74
2020-03-02 09:30:00,1,8630.61,8542.42
2020-03-02 10:00:00,1,8755.86,8589.73
2020-03-02 10:30:00,1,8855.19,8761.33
2020-03-02 11:00:00,1,9012.15,8986.56
2020-03-02 11:30:00,1,9175.98,9105.58
2020-03-02 12:00:00,1,9412.32,9335.6
2020-03-02 12:30:00,1,9647.39,9538.47
2020-03-02 13:00:00,1,9998.74,9812.99
2020-03-02 13:30:00,1,10244.21,10161.01
2020-03-02 14:00:00,1,10520.97,10350.67
2020-03-02 14:30:00,1,10730.66,10719.26
2020-03-02 15:00:00,1,11128.14,10890.38
2020-03-02 15:30:00,1,11344.04,11277.59
2020-03-02 16:00:00,1,11276.8,11361.76
2020-03-02 16:30:00,1,11191.15,11196.55
2020-03-02 17:00:00,1,11076.36,11153.92
2020-03-02 17:30:00,1,10679.12,10815.94
2020-03-02 18:00:00,1,10430.97,10537.65
2020-03-02 18:30:00,1,10025.33,10086.6
2020-03-02 19:00:00,1,9698.97,9855.13
2020-03-02 19:30:00,1,9548.5,9506.7
2020-03-02 20:00:00,1,9182.62,9262.55
2020-03-02 20:30:00,1,8857.65,8934.99
2020-03-02 21:00:00,1,8544.91,8558.68
2020-03-02 21:30:00,1,8298.37,8405.11
2020-03-02 22:00:00,1,7995.83,8080.78
2020-03-02 22:30:00,1,7911.12,7881.69
2020-03-02 23:00:00,1,7714.56,7730.16
2020-03-02 23:30:00,1,7515.62,7510.32
2020-03-19 00:00:00,1,7064.06,7066.52
2020-03-19 00:30:00,1,6854.62,6930.46
2020-03-19 01:00:00,1,6692.13,6698.01
2020-03-19 01:30:00,1,6416.29,6429.5
2020-03-19 02:00:00,1,6147.62,6229.6
2020-03-19 02:30:00,1,6057.17,6045.68
2020-03-19 03:00:00,1,5981.19,6038.06
2020-03-19 03:30:00,1,5999.57,6012.25
2020-03-19 04:00:00,1,6073.9,6065.69
2020-03-19 04:30:00,1,6323.44,6271.21
2020-03-19 05:00:00,1,6583.94,6556.42
2020-03-19 05:30:00,1,7015.65,7056.63
2020-03-19 06:00:00,1,7437.59,7439.68
2020-03-19 06:30:00,1,7757.99,7741.57
2020-03-19 07:00:00,1,7922.25,7960.51
2020-03-19 07:30:00,1,7892.99,7930.92
2020-03-19 08:00:00,1,7695.69,7855.84
2020-03-19 08:30:00,1,7620.06,7717.79
2020-03-19 09:00:00,1,7521.16,7522.82
2020-03-19 09:30:00,1,7417.0,7530.39
2020-03-19 10:00:00,1,7430.26,7417.04
2020-03-19 10:30:00,1,7340.6,7419.53
2020-03-19 11:00:00,1,7374.66,7386.43
2020-03-19 11:30:00,1,7444.46,7426.57
2020-03-19 12:00:00,1,7451.02,7498.86
2020-03-19 12:30:00,1,7574.14,7586.2
2020-03-19 13:00:00,1,7661.91,7668.37
2020-03-19 13:30:00,1,7805.41,7784.81
2020-03-19 14:00:00,1,7957.51,7936.48
2020-03-19 14:30:00,1,8173.93,8095.87
2020-03-19 15:00:00,1,8371.24,8341.24
2020-03-19 15:30:00,1,8649.13,8557.66
2020-03-19 16:00:00,1,8876.34,8805.85
2020-03-19 16:30:00,1,9201.02,8998.62
2020-03-19 17:00:00,1,9472.43,9310.21
2020-03-19 17:30:00,1,9520.06,9410.43
2020-03-19 18:00:00,1,9539.15,9523.39
2020-03-19 18:30:00,1,9337.17,9447.99
2020-03-19 19:00:00,1,9295.5,9220.13
2020-03-19 19:30:00,1,9003.87,9104.84
2020-03-19 20:00:00,1,8763.89,8861.33
2020-03-19 20:30:00,1,8436.49,8535.45
2020-03-19 21:00:00,1,8106.16,8155.95
2020-03-19 21:30:00,1,7945.0,8019.29
2020-03-19 22:00:00,1,7744.07,7773.49
2020-03-19 22:30:00,1,7687.11,7661.98
2020-03-19 23:00:00,1,7505.2,7572.46
2020-03-19 23:30:00,1,7286.84,7358.47
2020-03-20 00:00:00,1,7188.84,7170.25
2020-03-20 00:30:00,1,7016.52,7042.76
2020-03-20 01:00:00,1,6783.71,6871.27
2020-03-20 01:30:00,1,6474.48,6564.89
2020-03-20 02:00:00,1,6272.24,6300.43
2020-03-20 02:30:00,1,6144.32,6188.09
2020-03-20 03:00:00,1,6054.53,6087.42
2020-03-20 03:30:00,1,6052.84,6081.87
2020-03-20 04:00:00,1,6104.83,6144.83
2020-03-20 04:30:00,1,6282.3,6316.94
2020-03-20 05:00:00,1,6499.96,6523.44
2020-03-20 05:30:00,1,6920.67,6909.33
2020-03-20 06:00:00,1,7267.45,7346.24
2020-03-20 06:30:00,1,7591.03,7589.74
2020-03-20 07:00:00,1,7783.12,7800.0
2020-03-20 07:30:00,1,7794.63,7943.34
2020-03-20 08:00:00,1,7761.95,7836.63
2020-03-20 08:30:00,1,7731.77,7875.18
2020-03-20 09:00:00,1,7726.39,7753.09
2020-03-20 09:30:00,1,7728.65,7835.3
2020-03-20 10:00:00,1,7699.11,7762.14
2020-03-20 10:30:00,1,7631.6,7723.04
2020-03-20 11:00:00,1,7591.49,7626.9
2020-03-20 11:30:00,1,7799.8,7695.24
2020-03-20 12:00:00,1,7942.66,7881.34
2020-03-20 12:30:00,1,8100.3,8054.19
2020-03-20 13:00:00,1,8292.76,8201.26
2020-03-20 13:30:00,1,8480.66,8454.98
2020-03-20 14:00:00,1,8730.82,8644.57
2020-03-20 14:30:00,1,8932.5,8885.01
2020-03-20 15:00:00,1,9288.57,9214.0
2020-03-20 15:30:00,1,9580.67,9442.61
2020-03-20 16:00:00,1,9826.16,9699.92
2020-03-20 16:30:00,1,10070.55,9907.78
2020-03-20 17:00:00,1,10226.72,10109.22
2020-03-20 17:30:00,1,10137.08,10106.58
2020-03-20 18:00:00,1,10008.15,10025.67
2020-03-20 18:30:00,1,9769.73,9793.44
2020-03-20 19:00:00,1,9661.56,9676.59
2020-03-20 19:30:00,1,9368.56,9489.04
2020-03-20 20:00:00,1,9062.38,9215.78
2020-03-20 20:30:00,1,8731.08,8833.32
2020-03-20 21:00:00,1,8381.84,8466.73
2020-03-20 21:30:00,1,8194.95,8289.05
2020-03-20 22:00:00,1,7933.95,8014.13
2020-03-20 22:30:00,1,7854.26,7887.86
2020-03-20 23:00:00,1,7622.13,7742.19
2020-03-20 23:30:00,1,7423.69,7471.05
2020-09-03 00:00:00,1,7716.62,7800.67
2020-09-03 00:30:00,1,7578.11,7580.98
2020-09-03 01:00:00,1,7367.03,7443.37
2020-09-03 01:30:00,1,7212.25,7199.74
2020-09-03 02:00:00,1,7014.94,6995.51
2020-09-03 02:30:00,1,6668.87,6724.3
2020-09-03 03:00:00,1,6460.84,6486.04
2020-09-03 03:30:00,1,6293.33,6347.76
2020-09-03 04:00:00,1,6239.2,6221.31
2020-09-03 04:30:00,1,6267.13,6225.1
2020-09-03 05:00:00,1,6366.49,6361.35
2020-09-03 05:30:00,1,6580.95,6612.97
2020-09-03 06:00:00,1,6906.42,6882.49
2020-09-03 06:30:00,1,7480.7,7478.38
2020-09-03 07:00:00,1,7926.14,7847.88
2020-09-03 07:30:00,1,7983.71,8034.5
2020-09-03 08:00:00,1,7980.3,8029.41
2020-09-03 08:30:00,1,7762.24,7906.28
2020-09-03 09:00:00,1,7466.71,7618.46
2020-09-03 09:30:00,1,7280.2,7352.89
2020-09-03 10:00:00,1,7122.16,7215.25
2020-09-03 10:30:00,1,7005.73,7085.79
2020-09-03 11:00:00,1,6818.84,6997.92
2020-09-03 11:30:00,1,6705.18,6798.27
2020-09-03 12:00:00,1,6659.13,6657.62
2020-09-03 12:30:00,1,6660.09,6653.41
2020-09-03 13:00:00,1,6662.98,6663.42
2020-09-03 13:30:00,1,6755.7,6782.19
2020-09-03 14:00:00,1,6888.04,6844.53
2020-09-03 14:30:00,1,7078.27,6972.79
2020-09-03 15:00:00,1,7221.67,7227.74
2020-09-03 15:30:00,1,7340.18,7254.96
2020-09-03 16:00:00,1,7587.6,7557.23
2020-09-03 16:30:00,1,7766.16,7694.77
2020-09-03 17:00:00,1,8070.69,7893.92
2020-09-03 17:30:00,1,8311.82,8295.27
2020-09-03 18:00:00,1,8768.29,8521.83
2020-09-03 18:30:00,1,9044.16,8988.5
2020-09-03 19:00:00,1,8910.57,8988.76
2020-09-03 19:30:00,1,8625.05,8727.03
2020-09-03 20:00:00,1,8440.25,8455.35
2020-09-03 20:30:00,1,8251.38,8313.72
2020-09-03 21:00:00,1,8053.11,8108.48
2020-09-03 21:30:00,1,7850.8,7909.19
2020-09-03 22:00:00,1,7614.75,7705.86
2020-09-03 22:30:00,1,7630.41,7661.93
2020-09-03 23:00:00,1,7507.08,7483.74
2020-09-03 23:30:00,1,7439.78,7487.93
2020-09-17 00:00:00,1,7285.85,7328.39
2020-09-17 00:30:00,1,7171.21,7187.53
2020-09-17 01:00:00,1,7040.16,7040.57
2020-09-17 01:30:00,1,6861.77,6897.94
2020-09-17 02:00:00,1,6697.57,6694.18
2020-09-17 02:30:00,1,6356.45,6419.72
2020-09-17 03:00:00,1,6184.82,6183.8
2020-09-17 03:30:00,1,6043.49,6048.58
2020-09-17 04:00:00,1,5974.57,5991.99
2020-09-17 04:30:00,1,6035.78,5981.9
2020-09-17 05:00:00,1,6091.19,6122.08
2020-09-17 05:30:00,1,6340.76,6349.08
2020-09-17 06:00:00,1,6572.96,6648.3
2020-09-17 06:30:00,1,7068.06,7089.76
2020-09-17 07:00:00,1,7346.82,7400.57
2020-09-17 07:30:00,1,7426.41,7339.85
2020-09-17 08:00:00,1,7500.84,7476.5
2020-09-17 08:30:00,1,7259.93,7367.87
2020-09-17 09:00:00,1,7006.64,7139.57
2020-09-17 09:30:00,1,6870.59,6927.26
2020-09-17 10:00:00,1,6734.78,6814.86
2020-09-17 10:30:00,1,6710.01,6716.84
2020-09-17 11:00:00,1,6605.25,6691.69
2020-09-17 11:30:00,1,6596.42,6605.23
2020-09-17 12:00:00,1,6555.48,6666.78
2020-09-17 12:30:00,1,6576.06,6554.81
2020-09-17 13:00:00,1,6690.76,6733.53
2020-09-17 13:30:00,1,6786.95,6811.72
2020-09-17 14:00:00,1,6957.35,6871.58
2020-09-17 14:30:00,1,7177.39,7099.46
2020-09-17 15:00:00,1,7398.63,7403.84
2020-09-17 15:30:00,1,7594.21,7517.38
2020-09-17 16:00:00,1,7840.69,7791.17
2020-09-17 16:30:00,1,7991.96,7996.61
2020-09-17 17:00:00,1,8069.9,8158.31
2020-09-17 17:30:00,1,8157.38,8247.13
2020-09-17 18:00:00,1,8535.88,8471.89
2020-09-17 18:30:00,1,8847.75,8781.65
2020-09-17 19:00:00,1,8755.64,8851.44
2020-09-17 19:30:00,1,8470.27,8539.95
2020-09-17 20:00:00,1,8210.38,8314.68
2020-09-17 20:30:00,1,8095.59,8097.83
2020-09-17 21:00:00,1,7895.41,7987.64
2020-09-17 21:30:00,1,7675.75,7759.72
2020-09-17 22:00:00,1,7487.36,7578.41
2020-09-17 22:30:00,1,7515.15,7544.64
2020-09-17 23:00:00,1,7375.0,7401.66
2020-09-17 23:30:00,1,7317.3,7343.16
2020-10-05 00:00:00,1,6408.55,6483.7
2020-10-05 00:30:00,1,6247.5,6309.74
2020-10-05 01:00:00,1,6126.39,6146.51
2020-10-05 01:30:00,1,5856.42,5950.67
2020-10-05 02:00:00,1,5671.42,5740.34
2020-10-05 02:30:00,1,5521.62,5585.89
2020-10-05 03:00:00,1,5459.42,5542.8
2020-10-05 03:30:00,1,5459.02,5479.81
2020-10-05 04:00:00,1,5467.85,5500.7
2020-10-05 04:30:00,1,5536.48,5580.66
2020-10-05 05:00:00,1,5583.35,5672.54
2020-10-05 05:30:00,1,5722.64,5799.22
2020-10-05 06:00:00,1,5780.68,5805.42
2020-10-05 06:30:00,1,5809.43,5833.72
2020-10-05 07:00:00,1,5802.77,5791.09
2020-10-05 07:30:00,1,5787.12,5816.59
2020-10-05 08:00:00,1,5699.16,5876.18
2020-10-05 08:30:00,1,5694.12,5786.64
2020-10-05 09:00:00,1,5641.95,5722.5
2020-10-05 09:30:00,1,5647.12,5614.56
2020-10-05 10:00:00,1,5528.32,5678.98
2020-10-05 10:30:00,1,5530.43,5506.68
2020-10-05 11:00:00,1,5426.28,5570.24
2020-10-05 11:30:00,1,5506.66,5503.18
2020-10-05 12:00:00,1,5590.62,5628.38
2020-10-05 12:30:00,1,5725.27,5668.18
2020-10-05 13:00:00,1,5833.59,5814.43
2020-10-05 13:30:00,1,5936.96,5982.67
2020-10-05 14:00:00,1,6084.07,6137.3
2020-10-05 14:30:00,1,6311.11,6324.53
2020-10-05 15:00:00,1,6633.37,6590.64
2020-10-05 15:30:00,1,6990.44,6839.89
2020-10-05 16:00:00,1,7357.07,7313.74
2020-10-05 16:30:00,1,7636.98,7570.61
2020-10-05 17:00:00,1,8051.66,7803.2
2020-10-05 17:30:00,1,8258.25,8189.63
2020-10-05 18:00:00,1,8368.35,8342.59
2020-10-05 18:30:00,1,8358.59,8426.17
2020-10-05 19:00:00,1,8350.65,8311.58
2020-10-05 19:30:00,1,8089.21,8191.9
2020-10-05 20:00:00,1,7878.08,7931.45
2020-10-05 20:30:00,1,7645.94,7712.76
2020-10-05 21:00:00,1,7464.8,7511.1
2020-10-05 21:30:00,1,7261.93,7383.62
2020-10-05 22:00:00,1,7114.87,7199.04
2020-10-05 22:30:00,1,7080.68,7144.88
2020-10-05 23:00:00,1,6937.4,7000.17
2020-10-05 23:30:00,1,6808.97,6894.29
2020-11-12 00:00:00,1,7022.19,7115.81
2020-11-12 00:30:00,1,6841.53,6932.32
2020-11-12 01:00:00,1,6635.23,6744.09
2020-11-12 01:30:00,1,6376.46,6414.5
2020-11-12 02:00:00,1,6173.25,6216.65
2020-11-12 02:30:00,1,6006.23,6074.88
2020-11-12 03:00:00,1,5950.14,5995.17
2020-11-12 03:30:00,1,5940.69,6006.54
2020-11-12 04:00:00,1,6013.56,6082.15
2020-11-12 04:30:00,1,6199.63,6262.34
2020-11-12 05:00:00,1,6340.46,6460.22
2020-11-12 05:30:00,1,6660.21,6824.98
2020-11-12 06:00:00,1,6958.52,7059.23
2020-11-12 06:30:00,1,7245.28,7200.66
2020-11-12 07:00:00,1,7396.97,7432.7
2020-11-12 07:30:00,1,7439.49,7447.71
2020-11-12 08:00:00,1,7329.97,7489.36
2020-11-12 08:30:00,1,7175.25,7370.31
2020-11-12 09:00:00,1,7041.83,7114.81
2020-11-12 09:30:00,1,7072.23,7082.38
2020-11-12 10:00:00,1,7084.36,7043.13
2020-11-12 10:30:00,1,7121.48,7119.42
2020-11-12 11:00:00,1,7195.1,7255.13
2020-11-12 11:30:00,1,7291.98,7265.64
2020-11-12 12:00:00,1,7443.88,7497.51
2020-11-12 12:30:00,1,7405.36,7528.47
2020-11-12 13:00:00,1,7499.81,7467.21
2020-11-12 13:30:00,1,7714.12,7668.12
2020-11-12 14:00:00,1,7909.89,7943.86
2020-11-12 14:30:00,1,7990.8,8149.56
2020-11-12 15:00:00,1,8140.4,8159.67
2020-11-12 15:30:00,1,8287.94,8287.05
2020-11-12 16:00:00,1,8375.54,8481.78
2020-11-12 16:30:00,1,8529.06,8652.66
2020-11-12 17:00:00,1,8703.82,8639.84
2020-11-12 17:30:00,1,8833.86,8688.5
2020-11-12 18:00:00,1,8871.05,8856.16
2020-11-12 18:30:00,1,8810.36,8749.31
2020-11-12 19:00:00,1,8692.86,8906.64
2020-11-12 19:30:00,1,8670.1,8764.92
2020-11-12 20:00:00,1,8465.1,8491.55
2020-11-12 20:30:00,1,8155.28,8335.07
2020-11-12 21:00:00,1,7884.25,7894.82
2020-11-12 21:30:00,1,7830.44,7860.68
2020-11-12 22:00:00,1,7696.14,7674.46
2020-11-12 22:30:00,1,7618.42,7651.45
2020-11-12 23:00:00,1,7471.23,7517.62
2020-11-12 23:30:00,1,7363.42,7360.87
2020-11-16 00:00:00,1,6758.36,6756.32
2020-11-16 00:30:00,1,6561.66,6669.95
2020-11-16 01:00:00,1,6395.42,6468.32
2020-11-16 01:30:00,1,6152.81,6167.76
2020-11-16 02:00:00,1,6041.79,6008.58
2020-11-16 02:30:00,1,6037.28,5978.71
2020-11-16 03:00:00,1,5967.46,5952.16
2020-11-16 03:30:00,1,5952.65,5962.6
2020-11-16 04:00:00,1,5975.4,6029.35
2020-11-16 04:30:00,1,6107.79,6214.53
2020-11-16 05:00:00,1,6304.87,6337.13
2020-11-16 05:30:00,1,6634.9,6713.13
2020-11-16 06:00:00,1,6986.72,7014.2
2020-11-16 06:30:00,1,7315.08,7216.06
2020-11-16 07:00:00,1,7468.07,7438.15
2020-11-16 07:30:00,1,7672.7,7619.8
2020-11-16 08:00:00,1,7789.09,7765.05
2020-11-16 08:30:00,1,7758.19,7732.33
2020-11-16 09:00:00,1,7796.56,7753.16
2020-11-16 09:30:00,1,7709.46,7812.44
2020-11-16 10:00:00,1,7714.23,7679.52
2020-11-16 10:30:00,1,8003.97,7906.13
2020-11-16 11:00:00,1,8222.98,8161.31
2020-11-16 11:30:00,1,8537.72,8427.19
2020-11-16 12:00:00,1,8859.45,8824.79
2020-11-16 12:30:00,1,9032.43,8962.59
2020-11-16 13:00:00,1,9413.36,9241.87
2020-11-16 13:30:00,1,9688.64,9699.33
2020-11-16 14:00:00,1,9650.76,9845.81
2020-11-16 14:30:00,1,9828.32,10045.05
2020-11-16 15:00:00,1,10534.43,10373.26
2020-11-16 15:30:00,1,11059.63,11040.06
2020-11-16 16:00:00,1,11262.34,11182.78
2020-11-16 16:30:00,1,11327.83,11256.27
2020-11-16 17:00:00,1,11337.12,11419.44
2020-11-16 17:30:00,1,10965.67,11198.52
2020-11-16 18:00:00,1,10714.61,11175.09
2020-11-16 18:30:00,1,10317.77,10786.78
2020-11-16 19:00:00,1,10148.37,10600.84
2020-11-16 19:30:00,1,10050.64,10404.72
2020-11-16 20:00:00,1,9739.87,9911.68
2020-11-16 20:30:00,1,9406.21,9346.54
2020-11-16 21:00:00,1,8895.25,9076.48
2020-11-16 21:30:00,1,8651.16,8725.25
2020-11-16 22:00:00,1,8264.8,8392.33
2020-11-16 22:30:00,1,7990.38,8162.69
2020-11-16 23:00:00,1,7721.24,7831.51
2020-11-16 23:30:00,1,7498.81,7568.38
2020-11-20 00:00:00,1,7128.77,7208.38
2020-11-20 00:30:00,1,7013.6,7022.68
2020-11-20 01:00:00,1,6773.53,6854.02
2020-11-20 01:30:00,1,6524.27,6509.79
2020-11-20 02:00:00,1,6275.03,6305.3
2020-11-20 02:30:00,1,6153.38,6170.97
2020-11-20 03:00:00,1,6070.31,6109.09
2020-11-20 03:30:00,1,6072.76,6099.2
2020-11-20 04:00:00,1,6168.71,6167.43
2020-11-20 04:30:00,1,6355.3,6385.76
2020-11-20 05:00:00,1,6497.65,6549.03
2020-11-20 05:30:00,1,6804.38,6902.37
2020-11-20 06:00:00,1,7131.83,7150.64
2020-11-20 06:30:00,1,7283.17,7350.81
2020-11-20 07:00:00,1,7466.6,7393.11
2020-11-20 07:30:00,1,7499.93,7485.79
2020-11-20 08:00:00,1,7435.58,7468.67
2020-11-20 08:30:00,1,7512.57,7418.63
2020-11-20 09:00:00,1,7517.45,7532.83
2020-11-20 09:30:00,1,7580.1,7569.41
2020-11-20 10:00:00,1,7601.0,7673.58
2020-11-20 10:30:00,1,7810.82,7725.58
2020-11-20 11:00:00,1,7968.33,7930.84
2020-11-20 11:30:00,1,8213.59,8095.72
2020-11-20 12:00:00,1,8375.97,8289.01
2020-11-20 12:30:00,1,8589.61,8517.6
2020-11-20 13:00:00,1,8889.61,8871.85
2020-11-20 13:30:00,1,9161.94,9076.2
2020-11-20 14:00:00,1,9487.42,9427.31
2020-11-20 14:30:00,1,9934.06,9629.09
2020-11-20 15:00:00,1,10110.25,10316.04
2020-11-20 15:30:00,1,10011.59,10576.74
2020-11-20 16:00:00,1,10206.59,10343.34
2020-11-20 16:30:00,1,10216.89,10234.09
2020-11-20 17:00:00,1,10404.45,10250.63
2020-11-20 17:30:00,1,10258.34,10272.34
2020-11-20 18:00:00,1,9895.31,10260.02
2020-11-20 18:30:00,1,9722.15,10098.63
2020-11-20 19:00:00,1,9649.24,9879.54
2020-11-20 19:30:00,1,9521.63,9573.96
2020-11-20 20:00:00,1,9211.74,9367.14
2020-11-20 20:30:00,1,8787.23,8884.97
2020-11-20 21:00:00,1,8400.21,8499.03
2020-11-20 21:30:00,1,8155.13,8256.65
2020-11-20 22:00:00,1,7975.05,8019.35
2020-11-20 22:30:00,1,7824.65,7878.45
2020-11-20 23:00:00,1,7606.42,7725.7
2020-11-20 23:30:00,1,7382.77,7479.66
2020-11-26 00:00:00,1,7116.61,7172.89
2020-11-26 00:30:00,1,6962.65,7000.81
2020-11-26 01:00:00,1,6757.76,6833.93
2020-11-26 01:30:00,1,6461.41,6483.23
2020-11-26 02:00:00,1,6292.09,6268.39
2020-11-26 02:30:00,1,6159.68,6146.65
2020-11-26 03:00:00,1,6101.07,6113.85
2020-11-26 03:30:00,1,6136.68,6117.24
2020-11-26 04:00:00,1,6217.74,6211.66
2020-11-26 04:30:00,1,6426.93,6419.82
2020-11-26 05:00:00,1,6572.86,6620.64
2020-11-26 05:30:00,1,6954.84,7007.58
2020-11-26 06:00:00,1,7261.28,7308.51
2020-11-26 06:30:00,1,7416.28,7422.29
2020-11-26 07:00:00,1,7516.68,7482.85
2020-11-26 07:30:00,1,7538.92,7566.0
2020-11-26 08:00:00,1,7359.72,7440.65
2020-11-26 08:30:00,1,7406.92,7425.56
2020-11-26 09:00:00,1,7353.71,7378.42
2020-11-26 09:30:00,1,7383.06,7367.38
2020-11-26 10:00:00,1,7388.11,7430.61
2020-11-26 10:30:00,1,7510.93,7471.64
2020-11-26 11:00:00,1,7587.83,7618.06
2020-11-26 11:30:00,1,7772.55,7701.16
2020-11-26 12:00:00,1,7975.36,7914.29
2020-11-26 12:30:00,1,8235.03,8124.87
2020-11-26 13:00:00,1,8463.14,8372.68
2020-11-26 13:30:00,1,8718.79,8667.78
2020-11-26 14:00:00,1,8993.94,8953.95
2020-11-26 14:30:00,1,9312.78,9223.06
2020-11-26 15:00:00,1,9674.48,9642.98
2020-11-26 15:30:00,1,10053.66,9896.79
2020-11-26 16:00:00,1,10393.59,10217.32
2020-11-26 16:30:00,1,10626.09,10484.19
2020-11-26 17:00:00,1,10785.47,10707.16
2020-11-26 17:30:00,1,10798.3,10626.4
2020-11-26 18:00:00,1,10718.55,10797.53
2020-11-26 18:30:00,1,10387.46,10479.82
2020-11-26 19:00:00,1,10051.08,10168.26
2020-11-26 19:30:00,1,9873.48,9926.87
2020-11-26 20:00:00,1,9531.62,9653.31
2020-11-26 20:30:00,1,9077.63,9201.93
2020-11-26 21:00:00,1,8591.06,8697.26
2020-11-26 21:30:00,1,8306.04,8373.54
2020-11-26 22:00:00,1,8022.92,8086.76
2020-11-26 22:30:00,1,7847.92,7900.28
2020-11-26 23:00:00,1,7672.8,7676.4
2020-11-26 23:30:00,1,7477.67,7494.49
2020-11-28 00:00:00,1,7622.38,7640.1
2020-11-28 00:30:00,1,7417.74,7411.68
2020-11-28 01:00:00,1,7170.62,7184.98
2020-11-28 01:30:00,1,6821.49,6834.79
2020-11-28 02:00:00,1,6633.96,6595.67
2020-11-28 02:30:00,1,6456.32,6504.21
2020-11-28 03:00:00,1,6396.22,6418.13
2020-11-28 03:30:00,1,6316.66,6363.26
2020-11-28 04:00:00,1,6318.91,6329.33
2020-11-28 04:30:00,1,6401.21,6402.79
2020-11-28 05:00:00,1,6428.71,6441.7
2020-11-28 05:30:00,1,6579.87,6538.94
2020-11-28 06:00:00,1,6707.2,6770.55
2020-11-28 06:30:00,1,6903.86,6918.45
2020-11-28 07:00:00,1,7106.5,7128.55
2020-11-28 07:30:00,1,7256.49,7281.12
2020-11-28 08:00:00,1,7557.52,7486.29
2020-11-28 08:30:00,1,7880.9,7791.56
2020-11-28 09:00:00,1,8089.79,8135.15
2020-11-28 09:30:00,1,8358.19,8238.4
2020-11-28 10:00:00,1,8694.82,8568.24
2020-11-28 10:30:00,1,9008.34,8887.59
2020-11-28 11:00:00,1,9380.97,9311.81
2020-11-28 11:30:00,1,9690.61,9607.65
2020-11-28 12:00:00,1,9907.26,9969.59
2020-11-28 12:30:00,1,10134.83,10073.81
2020-11-28 13:00:00,1,10349.17,10557.12
2020-11-28 13:30:00,1,10664.16,10745.65
2020-11-28 14:00:00,1,10965.12,10885.17
2020-11-28 14:30:00,1,11261.62,11040.49
2020-11-28 15:00:00,1,11471.98,11363.13
2020-11-28 15:30:00,1,11789.55,11614.96
2020-11-28 16:00:00,1,11963.41,11928.67
2020-11-28 16:30:00,1,12191.79,12152.49
2020-11-28 17:00:00,1,12401.82,12446.45
2020-11-28 17:30:00,1,12134.22,12466.98
2020-11-28 18:00:00,1,11985.06,12227.79
2020-11-28 18:30:00,1,11884.8,12027.22
2020-11-28 19:00:00,1,11788.64,11967.5
2020-11-28 19:30:00,1,11590.59,11617.31
2020-11-28 20:00:00,1,11329.93,11348.37
2020-11-28 20:30:00,1,10987.72,11032.13
2020-11-28 21:00:00,1,10611.59,10634.58
2020-11-28 21:30:00,1,10241.41,10227.34
2020-11-28 22:00:00,1,9874.25,9847.53
2020-11-28 22:30:00,1,9501.56,9547.66
2020-11-28 23:00:00,1,9066.62,9078.63
2020-11-28 23:30:00,1,8694.81,8662.25
2020-11-29 00:00:00,1,8388.52,8431.85
2020-11-29 00:30:00,1,8117.26,8096.74
2020-11-29 01:00:00,1,7830.08,7878.46
2020-11-29 01:30:00,1,7534.47,7528.85
2020-11-29 02:00:00,1,7343.85,7293.94
2020-11-29 02:30:00,1,7235.61,7214.66
2020-11-29 03:00:00,1,7184.74,7151.86
2020-11-29 03:30:00,1,7079.19,7100.24
2020-11-29 04:00:00,1,7035.85,7085.81
2020-11-29 04:30:00,1,7079.12,7077.99
2020-11-29 05:00:00,1,7090.64,7096.2
2020-11-29 05:30:00,1,7118.42,7184.17
2020-11-29 06:00:00,1,7184.55,7228.38
2020-11-29 06:30:00,1,7369.34,7420.8
2020-11-29 07:00:00,1,7553.12,7638.01
2020-11-29 07:30:00,1,7837.05,7771.04
2020-11-29 08:00:00,1,8114.68,8086.4
2020-11-29 08:30:00,1,8395.04,8374.32
2020-11-29 09:00:00,1,8775.29,8650.89
2020-11-29 09:30:00,1,9079.89,9073.04
2020-11-29 10:00:00,1,9220.69,9250.75
2020-11-29 10:30:00,1,9446.93,9486.36
2020-11-29 11:00:00,1,9774.88,9724.43
2020-11-29 11:30:00,1,9992.81,9977.0
2020-11-29 12:00:00,1,10219.28,10215.99
2020-11-29 12:30:00,1,10460.95,10441.05
2020-11-29 13:00:00,1,10650.43,10601.36
2020-11-29 13:30:00,1,10872.71,10805.88
2020-11-29 14:00:00,1,11119.76,11000.89
2020-11-29 14:30:00,1,11387.43,11215.25
2020-11-29 15:00:00,1,11545.04,11423.61
2020-11-29 15:30:00,1,11620.15,11623.95
2020-11-29 16:00:00,1,11865.01,11888.62
2020-11-29 16:30:00,1,11816.77,12086.04
2020-11-29 17:00:00,1,11620.99,12203.12
2020-11-29 17:30:00,1,11106.3,11335.45
2020-11-29 18:00:00,1,10509.97,10755.51
2020-11-29 18:30:00,1,9934.83,10150.31
2020-11-29 19:00:00,1,9471.48,9690.48
2020-11-29 19:30:00,1,9170.43,9176.72
2020-11-29 20:00:00,1,8966.72,9026.01
2020-11-29 20:30:00,1,8616.82,8691.02
2020-11-29 21:00:00,1,8285.25,8324.62
2020-11-29 21:30:00,1,8008.64,7998.82
2020-11-29 22:00:00,1,7641.57,7734.91
2020-11-29 22:30:00,1,7455.67,7552.12
2020-11-29 23:00:00,1,7151.77,7268.76
2020-11-29 23:30:00,1,6984.19,6990.76
2020-12-04 00:00:00,1,7200.55,7205.39
2020-12-04 00:30:00,1,7059.74,7048.15
2020-12-04 01:00:00,1,6799.07,6845.23
2020-12-04 01:30:00,1,6600.33,6548.6
2020-12-04 02:00:00,1,6376.74,6414.94
2020-12-04 02:30:00,1,6187.09,6235.96
2020-12-04 03:00:00,1,6130.4,6157.81
2020-12-04 03:30:00,1,6193.91,6174.83
2020-12-04 04:00:00,1,6268.15,6265.64
2020-12-04 04:30:00,1,6489.66,6443.39
2020-12-04 05:00:00,1,6586.07,6594.79
2020-12-04 05:30:00,1,6933.91,6973.28
2020-12-04 06:00:00,1,7233.04,7239.68
2020-12-04 06:30:00,1,7432.58,7454.11
2020-12-04 07:00:00,1,7616.24,7668.75
2020-12-04 07:30:00,1,7664.99,7681.54
2020-12-04 08:00:00,1,7547.6,7645.35
2020-12-04 08:30:00,1,7588.86,7608.13
2020-12-04 09:00:00,1,7513.74,7622.96
2020-12-04 09:30:00,1,7511.78,7531.29
2020-12-04 10:00:00,1,7423.87,7600.61
2020-12-04 10:30:00,1,7443.7,7488.32
2020-12-04 11:00:00,1,7617.89,7469.63
2020-12-04 11:30:00,1,7663.88,7669.73
2020-12-04 12:00:00,1,7824.7,7754.39
2020-12-04 12:30:00,1,7881.82,7950.94
2020-12-04 13:00:00,1,8077.84,8007.25
2020-12-04 13:30:00,1,8222.72,8271.98
2020-12-04 14:00:00,1,8401.33,8361.29
2020-12-04 14:30:00,1,8655.47,8567.28
2020-12-04 15:00:00,1,9009.85,8912.2
2020-12-04 15:30:00,1,9282.84,9202.75
2020-12-04 16:00:00,1,9597.73,9515.62
2020-12-04 16:30:00,1,9843.4,9701.9
2020-12-04 17:00:00,1,9760.7,9815.8
2020-12-04 17:30:00,1,9551.13,9786.53
2020-12-04 18:00:00,1,9391.72,9792.59
2020-12-04 18:30:00,1,9262.31,9533.1
2020-12-04 19:00:00,1,9016.31,9452.38
2020-12-04 19:30:00,1,9025.84,9161.42
2020-12-04 20:00:00,1,8869.94,8954.49
2020-12-04 20:30:00,1,8579.48,8691.13
2020-12-04 21:00:00,1,8298.24,8397.45
2020-12-04 21:30:00,1,8092.94,8190.52
2020-12-04 22:00:00,1,7915.34,7977.56
2020-12-04 22:30:00,1,7783.8,7890.01
2020-12-04 23:00:00,1,7660.66,7683.91
2020-12-04 23:30:00,1,7402.93,7470.56
2020-12-17 00:00:00,1,7437.06,7441.96
2020-12-17 00:30:00,1,7239.69,7289.75
2020-12-17 01:00:00,1,6983.31,7061.84
2020-12-17 01:30:00,1,6656.41,6726.79
2020-12-17 02:00:00,1,6478.19,6504.12
2020-12-17 02:30:00,1,6362.7,6401.96
2020-12-17 03:00:00,1,6294.79,6366.62
2020-12-17 03:30:00,1,6308.25,6359.55
2020-12-17 04:00:00,1,6309.88,6401.38
2020-12-17 04:30:00,1,6515.75,6562.66
2020-12-17 05:00:00,1,6721.84,6732.54
2020-12-17 05:30:00,1,7068.28,7110.72
2020-12-17 06:00:00,1,7416.46,7451.38
2020-12-17 06:30:00,1,7686.62,7692.7
2020-12-17 07:00:00,1,7891.62,7900.65
2020-12-17 07:30:00,1,8120.61,8069.04
2020-12-17 08:00:00,1,8254.04,8254.32
2020-12-17 08:30:00,1,8319.55,8429.69
2020-12-17 09:00:00,1,8425.64,8396.76
2020-12-17 09:30:00,1,8528.4,8556.97
2020-12-17 10:00:00,1,8529.78,8655.55
2020-12-17 10:30:00,1,8596.41,8491.56
2020-12-17 11:00:00,1,8737.03,8726.81
2020-12-17 11:30:00,1,8952.59,8887.67
2020-12-17 12:00:00,1,9082.91,9160.42
2020-12-17 12:30:00,1,9306.83,9293.24
2020-12-17 13:00:00,1,9500.21,9547.86
2020-12-17 13:30:00,1,9848.69,9688.49
2020-12-17 14:00:00,1,10082.05,9947.66
2020-12-17 14:30:00,1,10402.96,10360.48
2020-12-17 15:00:00,1,10528.12,10565.7
2020-12-17 15:30:00,1,10396.5,10471.7
2020-12-17 16:00:00,1,10552.67,10438.38
2020-12-17 16:30:00,1,10753.58,10651.18
2020-12-17 17:00:00,1,10670.04,10799.65
2020-12-17 17:30:00,1,10707.75,10810.56
2020-12-17 18:00:00,1,10634.09,10831.33
2020-12-17 18:30:00,1,10387.05,10648.5
2020-12-17 19:00:00,1,10379.57,10521.97
2020-12-17 19:30:00,1,10420.79,10451.73
2020-12-17 20:00:00,1,10313.97,10349.81
2020-12-17 20:30:00,1,10044.52,10037.49
2020-12-17 21:00:00,1,9694.41,9706.65
2020-12-17 21:30:00,1,9352.6,9433.31
2020-12-17 22:00:00,1,9086.72,9031.95
2020-12-17 22:30:00,1,8848.95,8868.54
2020-12-17 23:00:00,1,8518.38,8542.3
2020-12-17 23:30:00,1,8195.65,8239.57
2020-12-18 00:00:00,1,7989.6,7987.94
2020-12-18 00:30:00,1,7653.54,7731.33
2020-12-18 01:00:00,1,7408.13,7398.89
2020-12-18 01:30:00,1,7085.47,7092.44
2020-12-18 02:00:00,1,6876.75,6863.13
2020-12-18 02:30:00,1,6669.05,6696.06
2020-12-18 03:00:00,1,6594.39,6588.11
2020-12-18 03:30:00,1,6590.26,6617.0
2020-12-18 04:00:00,1,6624.61,6626.32
2020-12-18 04:30:00,1,6730.4,6810.88
2020-12-18 05:00:00,1,6884.74,6880.27
2020-12-18 05:30:00,1,7196.59,7252.16
2020-12-18 06:00:00,1,7489.64,7518.91
2020-12-18 06:30:00,1,7854.18,7798.84
2020-12-18 07:00:00,1,8221.4,8180.64
2020-12-18 07:30:00,1,8581.88,8406.2
2020-12-18 08:00:00,1,8901.24,8841.38
2020-12-18 08:30:00,1,9258.05,9111.79
2020-12-18 09:00:00,1,9639.77,9538.36
2020-12-18 09:30:00,1,9875.01,9981.31
2020-12-18 10:00:00,1,9967.25,10014.76
2020-12-18 10:30:00,1,9757.35,10281.02
2020-12-18 11:00:00,1,9596.56,9704.68
2020-12-18 11:30:00,1,9333.7,9495.24
2020-12-18 12:00:00,1,9083.29,9266.04
2020-12-18 12:30:00,1,9214.72,9161.08
2020-12-18 13:00:00,1,9300.6,9325.33
2020-12-18 13:30:00,1,9578.13,9466.2
2020-12-18 14:00:00,1,9581.88,9739.55
2020-12-18 14:30:00,1,9879.74,9630.88
2020-12-18 15:00:00,1,9970.53,10218.43
2020-12-18 15:30:00,1,9802.5,9899.36
2020-12-18 16:00:00,1,9712.76,9746.39
2020-12-18 16:30:00,1,9664.87,9658.99
2020-12-18 17:00:00,1,9706.78,9648.68
2020-12-18 17:30:00,1,9441.77,9562.32
2020-12-18 18:00:00,1,9354.03,9370.46
2020-12-18 18:30:00,1,9209.64,9180.82
2020-12-18 19:00:00,1,9012.52,9080.11
2020-12-18 19:30:00,1,8878.31,8979.78
2020-12-18 20:00:00,1,8730.76,8842.77
2020-12-18 20:30:00,1,8531.14,8617.2
2020-12-18 21:00:00,1,8267.22,8317.98
2020-12-18 21:30:00,1,8184.68,8190.38
2020-12-18 22:00:00,1,8005.35,8047.11
2020-12-18 22:30:00,1,7935.14,7972.64
2020-12-18 23:00:00,1,7718.57,7769.01
2020-12-18 23:30:00,1,7505.76,7542.04
2020-12-27 00:00:00,1,6497.69,6477.75
2020-12-27 00:30:00,1,6324.43,6384.9
2020-12-27 01:00:00,1,6141.07,6174.84
2020-12-27 01:30:00,1,5888.97,5921.54
2020-12-27 02:00:00,1,5746.47,5732.42
2020-12-27 02:30:00,1,5563.24,5640.95
2020-12-27 03:00:00,1,5553.68,5531.15
2020-12-27 03:30:00,1,5538.9,5537.73
2020-12-27 04:00:00,1,5502.01,5541.57
2020-12-27 04:30:00,1,5574.93,5565.65
2020-12-27 05:00:00,1,5600.5,5567.3
2020-12-27 05:30:00,1,5616.13,5644.84
2020-12-27 06:00:00,1,5670.17,5682.6
2020-12-27 06:30:00,1,5706.17,5724.73
2020-12-27 07:00:00,1,5792.71,5766.63
2020-12-27 07:30:00,1,5854.91,5866.75
2020-12-27 08:00:00,1,5837.91,5922.97
2020-12-27 08:30:00,1,5810.65,5826.04
2020-12-27 09:00:00,1,5795.93,5829.77
2020-12-27 09:30:00,1,5684.18,5708.36
2020-12-27 10:00:00,1,5573.99,5571.32
2020-12-27 10:30:00,1,5555.28,5557.38
2020-12-27 11:00:00,1,5542.04,5528.45
2020-12-27 11:30:00,1,5619.93,5615.88
2020-12-27 12:00:00,1,5753.81,5697.19
2020-12-27 12:30:00,1,5911.76,5808.93
2020-12-27 13:00:00,1,6068.74,6049.97
2020-12-27 13:30:00,1,6242.9,6241.31
2020-12-27 14:00:00,1,6506.74,6425.48
2020-12-27 14:30:00,1,6746.68,6740.89
2020-12-27 15:00:00,1,7011.48,7001.56
2020-12-27 15:30:00,1,7353.02,7234.56
2020-12-27 16:00:00,1,7713.43,7635.88
2020-12-27 16:30:00,1,8061.03,7926.44
2020-12-27 17:00:00,1,8444.93,8325.5
2020-12-27 17:30:00,1,8598.21,8638.06
2020-12-27 18:00:00,1,8583.85,8588.47
2020-12-27 18:30:00,1,8526.53,8550.11
2020-12-27 19:00:00,1,8392.06,8497.03
2020-12-27 19:30:00,1,8305.06,8441.19
2020-12-27 20:00:00,1,8282.67,8310.24
2020-12-27 20:30:00,1,8116.11,8183.61
2020-12-27 21:00:00,1,7882.04,7928.73
2020-12-27 21:30:00,1,7749.67,7753.08
2020-12-27 22:00:00,1,7623.16,7595.79
2020-12-27 22:30:00,1,7462.26,7497.96
2020-12-27 23:00:00,1,7232.75,7244.66
2020-12-27 23:30:00,1,6942.33,7004.61
2021-01-12 00:00:00,1,7232.09,7290.65
2021-01-12 00:30:00,1,7024.59,7057.74
2021-01-12 01:00:00,1,6832.61,6808.27
2021-01-12 01:30:00,1,6556.25,6583.58
2021-01-12 02:00:00,1,6297.55,6378.82
2021-01-12 02:30:00,1,6174.28,6242.84
2021-01-12 03:00:00,1,6105.39,6157.26
2021-01-12 03:30:00,1,6079.26,6107.12
2021-01-12 04:00:00,1,6137.74,6141.52
2021-01-12 04:30:00,1,6354.75,6325.22
2021-01-12 05:00:00,1,6480.45,6531.18
2021-01-12 05:30:00,1,6783.97,6773.36
2021-01-12 06:00:00,1,6991.57,7048.58
2021-01-12 06:30:00,1,7178.69,7200.96
2021-01-12 07:00:00,1,7346.59,7307.81
2021-01-12 07:30:00,1,7462.6,7467.05
2021-01-12 08:00:00,1,7494.05,7593.23
2021-01-12 08:30:00,1,7513.0,7498.54
2021-01-12 09:00:00,1,7467.44,7502.8
2021-01-12 09:30:00,1,7494.05,7484.29
2021-01-12 10:00:00,1,7485.33,7545.89
2021-01-12 10:30:00,1,7459.71,7491.75
2021-01-12 11:00:00,1,7590.16,7533.89
2021-01-12 11:30:00,1,7771.48,7774.39
2021-01-12 12:00:00,1,8041.83,7904.19
2021-01-12 12:30:00,1,8279.6,8324.71
2021-01-12 13:00:00,1,8460.12,8440.07
2021-01-12 13:30:00,1,8595.95,8532.05
2021-01-12 14:00:00,1,8815.55,8809.2
2021-01-12 14:30:00,1,9005.64,8985.73
2021-01-12 15:00:00,1,9283.37,9245.87
2021-01-12 15:30:00,1,9615.99,9488.83
2021-01-12 16:00:00,1,9859.39,9911.09
2021-01-12 16:30:00,1,10086.6,10016.35
2021-01-12 17:00:00,1,10317.33,10264.51
2021-01-12 17:30:00,1,10376.04,10321.6
2021-01-12 18:00:00,1,10342.35,10391.25
2021-01-12 18:30:00,1,10170.98,10209.32
2021-01-12 19:00:00,1,9906.03,10031.82
2021-01-12 19:30:00,1,9692.56,9810.87
2021-01-12 20:00:00,1,9535.06,9542.97
2021-01-12 20:30:00,1,9253.46,9352.38
2021-01-12 21:00:00,1,8930.7,8896.62
2021-01-12 21:30:00,1,8670.76,8780.51
2021-01-12 22:00:00,1,8419.96,8415.71
2021-01-12 22:30:00,1,8203.15,8278.91
2021-01-12 23:00:00,1,7880.15,8016.88
2021-01-12 23:30:00,1,7762.73,7736.28
2021-01-14 00:00:00,1,7622.58,7614.52
2021-01-14 00:30:00,1,7374.02,7399.15
2021-01-14 01:00:00,1,7146.96,7193.77
2021-01-14 01:30:00,1,6821.68,6830.12
2021-01-14 02:00:00,1,6656.12,6676.13
2021-01-14 02:30:00,1,6493.28,6546.15
2021-01-14 03:00:00,1,6392.78,6432.63
2021-01-14 03:30:00,1,6467.56,6410.29
2021-01-14 04:00:00,1,6466.72,6488.91
2021-01-14 04:30:00,1,6593.56,6627.76
2021-01-14 05:00:00,1,6794.45,6765.3
2021-01-14 05:30:00,1,7066.25,7114.07
2021-01-14 06:00:00,1,7306.3,7340.33
2021-01-14 06:30:00,1,7557.43,7570.22
2021-01-14 07:00:00,1,7814.23,7775.8
2021-01-14 07:30:00,1,7978.69,8007.84
2021-01-14 08:00:00,1,7955.03,8143.03
2021-01-14 08:30:00,1,7936.35,8041.29
2021-01-14 09:00:00,1,7775.33,7943.2
2021-01-14 09:30:00,1,7763.17,7684.36
2021-01-14 10:00:00,1,7922.92,7814.64
2021-01-14 10:30:00,1,8041.91,8080.49
2021-01-14 11:00:00,1,8191.27,8135.57
2021-01-14 11:30:00,1,8423.78,8340.54
2021-01-14 12:00:00,1,8672.67,8564.17
2021-01-14 12:30:00,1,8965.31,8942.03
2021-01-14 13:00:00,1,9363.08,9236.07
2021-01-14 13:30:00,1,9644.94,9614.02
2021-01-14 14:00:00,1,9964.59,9904.33
2021-01-14 14:30:00,1,10287.68,10143.64
2021-01-14 15:00:00,1,10647.9,10518.2
2021-01-14 15:30:00,1,10981.14,10897.69
2021-01-14 16:00:00,1,11234.59,11267.26
2021-01-14 16:30:00,1,11519.36,11320.93
2021-01-14 17:00:00,1,11721.57,11621.02
2021-01-14 17:30:00,1,11729.36,11699.24
2021-01-14 18:00:00,1,11526.64,11681.13
2021-01-14 18:30:00,1,11066.94,11245.01
2021-01-14 19:00:00,1,10603.48,10740.0
2021-01-14 19:30:00,1,10106.55,10307.98
2021-01-14 20:00:00,1,9887.35,9887.97
2021-01-14 20:30:00,1,9559.53,9613.04
2021-01-14 21:00:00,1,9074.47,9175.09
2021-01-14 21:30:00,1,8810.02,8865.33
2021-01-14 22:00:00,1,8524.0,8532.12
2021-01-14 22:30:00,1,8309.58,8342.17
2021-01-14 23:00:00,1,8085.23,8143.3
2021-01-14 23:30:00,1,7832.84,7864.29
2021-01-22 00:00:00,1,7393.99,7379.8
2021-01-22 00:30:00,1,7194.56,7200.63
2021-01-22 01:00:00,1,6972.41,6978.78
2021-01-22 01:30:00,1,6654.84,6714.62
2021-01-22 02:00:00,1,6417.13,6504.96
2021-01-22 02:30:00,1,6279.3,6321.43
2021-01-22 03:00:00,1,6211.0,6269.54
2021-01-22 03:30:00,1,6257.99,6255.98
2021-01-22 04:00:00,1,6287.79,6311.51
2021-01-22 04:30:00,1,6432.56,6472.13
2021-01-22 05:00:00,1,6617.42,6608.6
2021-01-22 05:30:00,1,6983.28,6947.38
2021-01-22 06:00:00,1,7193.38,7256.53
2021-01-22 06:30:00,1,7378.15,7451.23
2021-01-22 07:00:00,1,7498.48,7482.94
2021-01-22 07:30:00,1,7595.41,7670.29
2021-01-22 08:00:00,1,7620.07,7592.41
2021-01-22 08:30:00,1,7653.24,7657.6
2021-01-22 09:00:00,1,7593.76,7592.73
2021-01-22 09:30:00,1,7511.24,7598.03
2021-01-22 10:00:00,1,7576.47,7640.27
2021-01-22 10:30:00,1,7638.92,7598.17
2021-01-22 11:00:00,1,7769.86,7753.37
2021-01-22 11:30:00,1,7967.66,7880.48
2021-01-22 12:00:00,1,8141.77,8179.74
2021-01-22 12:30:00,1,8436.33,8296.61
2021-01-22 13:00:00,1,8754.98,8649.51
2021-01-22 13:30:00,1,9087.89,9048.36
2021-01-22 14:00:00,1,9435.59,9304.44
2021-01-22 14:30:00,1,9804.61,9718.46
2021-01-22 15:00:00,1,10197.53,10025.09
2021-01-22 15:30:00,1,10488.91,10496.6
2021-01-22 16:00:00,1,10555.14,10658.12
2021-01-22 16:30:00,1,10734.16,10589.23
2021-01-22 17:00:00,1,10926.06,10841.67
2021-01-22 17:30:00,1,10934.61,10803.13
2021-01-22 18:00:00,1,10914.66,10932.83
2021-01-22 18:30:00,1,10686.25,10703.91
2021-01-22 19:00:00,1,10483.42,10517.41
2021-01-22 19:30:00,1,10209.63,10278.87
2021-01-22 20:00:00,1,10019.15,10105.26
2021-01-22 20:30:00,1,9762.84,9828.01
2021-01-22 21:00:00,1,9433.23,9466.31
2021-01-22 21:30:00,1,9189.69,9270.06
2021-01-22 22:00:00,1,8851.64,8952.55
2021-01-22 22:30:00,1,8650.44,8728.37
2021-01-22 23:00:00,1,8356.77,8439.81
2021-01-22 23:30:00,1,8029.89,8147.39
2021-01-23 00:00:00,1,7852.38,7884.88
2021-01-23 00:30:00,1,7617.88,7655.63
2021-01-23 01:00:00,1,7246.7,7368.93
2021-01-23 01:30:00,1,6986.8,6967.57
2021-01-23 02:00:00,1,6681.09,6765.91
2021-01-23 02:30:00,1,6530.19,6551.53
2021-01-23 03:00:00,1,6441.2,6487.61
2021-01-23 03:30:00,1,6400.65,6442.74
2021-01-23 04:00:00,1,6433.81,6434.31
2021-01-23 04:30:00,1,6471.7,6479.21
2021-01-23 05:00:00,1,6580.24,6538.07
2021-01-23 05:30:00,1,6663.79,6693.97
2021-01-23 06:00:00,1,6777.25,6740.43
2021-01-23 06:30:00,1,6875.12,6967.86
2021-01-23 07:00:00,1,7005.64,7043.38
2021-01-23 07:30:00,1,7203.93,7300.27
2021-01-23 08:00:00,1,7386.29,7385.16
2021-01-23 08:30:00,1,7527.32,7579.4
2021-01-23 09:00:00,1,7545.57,7619.87
2021-01-23 09:30:00,1,7620.6,7654.19
2021-01-23 10:00:00,1,7714.23,7709.96
2021-01-23 10:30:00,1,7859.71,7797.88
2021-01-23 11:00:00,1,8016.63,7973.25
2021-01-23 11:30:00,1,8221.59,8093.08
2021-01-23 12:00:00,1,8364.08,8354.75
2021-01-23 12:30:00,1,8532.93,8519.81
2021-01-23 13:00:00,1,8723.16,8678.32
2021-01-23 13:30:00,1,8923.39,8817.75
2021-01-23 14:00:00,1,9124.55,9137.28
2021-01-23 14:30:00,1,9405.74,9285.28
2021-01-23 15:00:00,1,9714.98,9527.59
2021-01-23 15:30:00,1,10010.06,9890.9
2021-01-23 16:00:00,1,10347.62,10262.82
2021-01-23 16:30:00,1,10435.78,10442.54
2021-01-23 17:00:00,1,10571.47,10543.96
2021-01-23 17:30:00,1,10640.9,10459.87
2021-01-23 18:00:00,1,10740.75,10567.81
2021-01-23 18:30:00,1,10655.34,10571.48
2021-01-23 19:00:00,1,10416.28,10528.44
2021-01-23 19:30:00,1,10171.6,10322.22
2021-01-23 20:00:00,1,10049.72,10095.55
2021-01-23 20:30:00,1,9811.92,9871.87
2021-01-23 21:00:00,1,9498.78,9570.95
2021-01-23 21:30:00,1,9141.79,9280.7
2021-01-23 22:00:00,1,8900.01,8957.1
2021-01-23 22:30:00,1,8675.09,8707.17
2021-01-23 23:00:00,1,8356.45,8367.42
2021-01-23 23:30:00,1,8015.85,8053.68
2021-01-24 00:00:00,1,7771.49,7809.01
2021-01-24 00:30:00,1,7505.65,7560.55
2021-01-24 01:00:00,1,7252.74,7322.89
2021-01-24 01:30:00,1,6981.79,7007.67
2021-01-24 02:00:00,1,6754.61,6777.76
2021-01-24 02:30:00,1,6653.7,6665.12
2021-01-24 03:00:00,1,6557.97,6574.4
2021-01-24 03:30:00,1,6510.51,6513.13
2021-01-24 04:00:00,1,6449.89,6490.28
2021-01-24 04:30:00,1,6491.98,6503.0
2021-01-24 05:00:00,1,6529.03,6525.0
2021-01-24 05:30:00,1,6575.21,6581.98
2021-01-24 06:00:00,1,6589.09,6627.51
2021-01-24 06:30:00,1,6391.54,6746.03
2021-01-24 07:00:00,1,6482.43,6865.3
2021-01-24 07:30:00,1,6971.89,7010.61
2021-01-24 08:00:00,1,7193.69,7241.97
2021-01-24 08:30:00,1,7406.55,7411.73
2021-01-24 09:00:00,1,7599.27,7552.75
2021-01-24 09:30:00,1,7815.2,7871.88
2021-01-24 10:00:00,1,8103.35,8080.11
2021-01-24 10:30:00,1,8413.29,8301.88
2021-01-24 11:00:00,1,8673.25,8587.23
2021-01-24 11:30:00,1,8899.09,8766.92
2021-01-24 12:00:00,1,9197.5,9114.48
2021-01-24 12:30:00,1,9413.32,9404.03
2021-01-24 13:00:00,1,9638.19,9526.37
2021-01-24 13:30:00,1,9821.85,9825.02
2021-01-24 14:00:00,1,9986.0,9972.29
2021-01-24 14:30:00,1,10252.19,10118.81
2021-01-24 15:00:00,1,10531.6,10362.69
2021-01-24 15:30:00,1,10846.84,10616.66
2021-01-24 16:00:00,1,11183.29,10946.66
2021-01-24 16:30:00,1,11458.48,11127.76
2021-01-24 17:00:00,1,11633.06,11489.66
2021-01-24 17:30:00,1,11440.56,11410.53
2021-01-24 18:00:00,1,11318.32,11328.0
2021-01-24 18:30:00,1,10998.12,11049.01
2021-01-24 19:00:00,1,10702.14,10872.3
2021-01-24 19:30:00,1,10477.51,10565.61
2021-01-24 20:00:00,1,10242.4,10416.6
2021-01-24 20:30:00,1,9924.23,10058.45
2021-01-24 21:00:00,1,9613.22,9683.62
2021-01-24 21:30:00,1,9279.28,9347.79
2021-01-24 22:00:00,1,8855.94,8965.93
2021-01-24 22:30:00,1,8641.25,8664.69
2021-01-24 23:00:00,1,8259.31,8318.52
2021-01-24 23:30:00,1,7958.28,8005.17
2021-01-25 00:00:00,1,7756.25,7772.45
2021-01-25 00:30:00,1,7555.72,7539.99
2021-01-25 01:00:00,1,7326.37,7392.2
2021-01-25 01:30:00,1,7068.88,7072.46
2021-01-25 02:00:00,1,6855.51,6937.22
2021-01-25 02:30:00,1,6782.75,6785.54
2021-01-25 03:00:00,1,6683.37,6751.99
2021-01-25 03:30:00,1,6683.32,6735.28
2021-01-25 04:00:00,1,6694.79,6767.03
2021-01-25 04:30:00,1,6898.9,6861.76
2021-01-25 05:00:00,1,7048.96,7072.62
2021-01-25 05:30:00,1,7363.73,7352.21
2021-01-25 06:00:00,1,7631.0,7666.26
2021-01-25 06:30:00,1,7873.86,7922.08
2021-01-25 07:00:00,1,8111.27,8160.02
2021-01-25 07:30:00,1,8456.77,8462.57
2021-01-25 08:00:00,1,8587.81,8675.27
2021-01-25 08:30:00,1,8755.65,8790.05
2021-01-25 09:00:00,1,8937.16,8949.98
2021-01-25 09:30:00,1,9047.2,9059.73
2021-01-25 10:00:00,1,9199.84,9178.02
2021-01-25 10:30:00,1,9378.88,9320.99
2021-01-25 11:00:00,1,9556.93,9551.35
2021-01-25 11:30:00,1,9855.44,9735.07
2021-01-25 12:00:00,1,10131.73,10100.97
2021-01-25 12:30:00,1,10412.17,10370.31
2021-01-25 13:00:00,1,10604.42,10631.73
2021-01-25 13:30:00,1,10817.67,10802.94
2021-01-25 14:00:00,1,11051.23,11006.56
2021-01-25 14:30:00,1,11285.7,11245.53
2021-01-25 15:00:00,1,11519.07,11457.37
2021-01-25 15:30:00,1,11698.74,11616.28
2021-01-25 16:00:00,1,11918.42,11898.0
2021-01-25 16:30:00,1,12034.19,11943.81
2021-01-25 17:00:00,1,12197.57,12046.51
2021-01-25 17:30:00,1,12155.83,11998.65
2021-01-25 18:00:00,1,12042.87,12038.09
2021-01-25 18:30:00,1,11694.5,11725.03
2021-01-25 19:00:00,1,11362.51,11444.05
2021-01-25 19:30:00,1,10994.31,11091.16
2021-01-25 20:00:00,1,10797.1,10807.15
2021-01-25 20:30:00,1,10428.73,10512.55
2021-01-25 21:00:00,1,9981.5,10060.18
2021-01-25 21:30:00,1,9672.4,9701.3
2021-01-25 22:00:00,1,9293.59,9328.89
2021-01-25 22:30:00,1,9061.21,9095.44
2021-01-25 23:00:00,1,8694.4,8730.56
2021-01-25 23:30:00,1,8329.93,8371.92
2021-01-26 00:00:00,1,8112.92,8157.62
2021-01-26 00:30:00,1,7790.3,7883.65
2021-01-26 01:00:00,1,7500.73,7528.98
2021-01-26 01:30:00,1,7161.85,7218.48
2021-01-26 02:00:00,1,6885.5,6981.84
2021-01-26 02:30:00,1,6708.15,6833.33
2021-01-26 03:00:00,1,6581.05,6676.38
2021-01-26 03:30:00,1,6558.7,6616.99
2021-01-26 04:00:00,1,6511.59,6609.23
2021-01-26 04:30:00,1,6557.04,6636.55
2021-01-26 05:00:00,1,6627.81,6667.17
2021-01-26 05:30:00,1,6757.13,6788.66
2021-01-26 06:00:00,1,6808.95,6779.87
2021-01-26 06:30:00,1,6888.36,6937.52
2021-01-26 07:00:00,1,7047.79,6998.34
2021-01-26 07:30:00,1,7246.0,7288.48
2021-01-26 08:00:00,1,7443.34,7413.49
2021-01-26 08:30:00,1,7791.44,7756.64
2021-01-26 09:00:00,1,8052.03,8047.59
2021-01-26 09:30:00,1,8330.22,8286.81
2021-01-26 10:00:00,1,8625.82,8525.57
2021-01-26 10:30:00,1,8881.28,8812.73
2021-01-26 11:00:00,1,9139.73,9066.85
2021-01-26 11:30:00,1,9436.14,9391.43
2021-01-26 12:00:00,1,9716.41,9678.23
2021-01-26 12:30:00,1,9871.84,9850.64
2021-01-26 13:00:00,1,10147.46,10092.95
2021-01-26 13:30:00,1,10414.34,10428.12
2021-01-26 14:00:00,1,10660.18,10753.22
2021-01-26 14:30:00,1,10965.3,10888.37
2021-01-26 15:00:00,1,11204.14,11214.47
2021-01-26 15:30:00,1,11403.09,11236.76
2021-01-26 16:00:00,1,11709.11,11674.79
2021-01-26 16:30:00,1,11895.21,11796.51
2021-01-26 17:00:00,1,12059.74,12014.08
2021-01-26 17:30:00,1,11927.16,11899.01
2021-01-26 18:00:00,1,11926.42,11952.47
2021-01-26 18:30:00,1,11750.54,11783.97
2021-01-26 19:00:00,1,11558.52,11625.41
2021-01-26 19:30:00,1,11412.45,11345.5
2021-01-26 20:00:00,1,11210.47,11274.54
2021-01-26 20:30:00,1,10869.61,10910.93
2021-01-26 21:00:00,1,10444.0,10561.03
2021-01-26 21:30:00,1,9985.9,10130.27
2021-01-26 22:00:00,1,9549.88,9595.88
2021-01-26 22:30:00,1,9218.72,9284.94
2021-01-26 23:00:00,1,8881.7,8910.65
2021-01-26 23:30:00,1,8543.62,8536.84
2021-01-30 00:00:00,1,7316.13,7323.15
2021-01-30 00:30:00,1,7127.72,7125.51
2021-01-30 01:00:00,1,6920.03,6908.88
2021-01-30 01:30:00,1,6610.69,6631.99
2021-01-30 02:00:00,1,6386.0,6391.5
2021-01-30 02:30:00,1,6285.95,6275.77
2021-01-30 03:00:00,1,6174.7,6203.69
2021-01-30 03:30:00,1,6185.19,6160.06
2021-01-30 04:00:00,1,6181.06,6204.34
2021-01-30 04:30:00,1,6247.62,6201.72
2021-01-30 05:00:00,1,6318.1,6316.17
2021-01-30 05:30:00,1,6457.92,6421.97
2021-01-30 06:00:00,1,6591.26,6604.99
2021-01-30 06:30:00,1,6772.22,6811.25
2021-01-30 07:00:00,1,7001.31,6955.08
2021-01-30 07:30:00,1,7351.58,7333.19
2021-01-30 08:00:00,1,7547.06,7590.44
2021-01-30 08:30:00,1,7785.69,7713.1
2021-01-30 09:00:00,1,7735.1,7892.22
2021-01-30 09:30:00,1,7637.27,7716.23
2021-01-30 10:00:00,1,7576.51,7701.27
2021-01-30 10:30:00,1,7514.67,7599.75
2021-01-30 11:00:00,1,7453.42,7461.24
2021-01-30 11:30:00,1,7319.2,7388.62
2021-01-30 12:00:00,1,7239.02,7325.37
2021-01-30 12:30:00,1,7239.58,7254.59
2021-01-30 13:00:00,1,7050.73,7195.15
2021-01-30 13:30:00,1,7041.19,7072.35
2021-01-30 14:00:00,1,7063.84,7070.69
2021-01-30 14:30:00,1,7128.8,7227.61
2021-01-30 15:00:00,1,7302.37,7257.23
2021-01-30 15:30:00,1,7579.47,7515.12
2021-01-30 16:00:00,1,7965.66,7857.03
2021-01-30 16:30:00,1,8276.0,8093.63
2021-01-30 17:00:00,1,8615.04,8484.99
2021-01-30 17:30:00,1,8935.2,8839.72
2021-01-30 18:00:00,1,9022.3,8945.9
2021-01-30 18:30:00,1,9020.47,8993.04
2021-01-30 19:00:00,1,8857.64,8909.04
2021-01-30 19:30:00,1,8686.24,8786.45
2021-01-30 20:00:00,1,8576.6,8650.7
2021-01-30 20:30:00,1,8428.38,8474.94
2021-01-30 21:00:00,1,8200.73,8270.39
2021-01-30 21:30:00,1,8023.71,8080.74
2021-01-30 22:00:00,1,7868.0,7898.91
2021-01-30 22:30:00,1,7775.43,7783.77
2021-01-30 23:00:00,1,7571.88,7573.41
2021-01-30 23:30:00,1,7346.54,7335.75
2021-02-12 00:00:00,1,7332.2,7324.46
2021-02-12 00:30:00,1,7101.55,7162.49
2021-02-12 01:00:00,1,6898.27,6917.99
2021-02-12 01:30:00,1,6562.72,6651.91
2021-02-12 02:00:00,1,6387.66,6440.8
2021-02-12 02:30:00,1,6236.59,6317.26
2021-02-12 03:00:00,1,6197.43,6248.5
2021-02-12 03:30:00,1,6203.72,6262.01
2021-02-12 04:00:00,1,6268.49,6311.56
2021-02-12 04:30:00,1,6448.34,6504.33
2021-02-12 05:00:00,1,6654.1,6663.62
2021-02-12 05:30:00,1,7078.08,7048.55
2021-02-12 06:00:00,1,7408.51,7383.85
2021-02-12 06:30:00,1,7659.76,7677.29
2021-02-12 07:00:00,1,7813.61,7858.45
2021-02-12 07:30:00,1,7906.98,7902.68
2021-02-12 08:00:00,1,7808.99,7878.64
2021-02-12 08:30:00,1,7842.93,7873.3
2021-02-12 09:00:00,1,7798.39,7813.56
2021-02-12 09:30:00,1,7773.38,7718.45
2021-02-12 10:00:00,1,7776.48,7911.75
2021-02-12 10:30:00,1,7508.42,7652.49
2021-02-12 11:00:00,1,7627.39,7702.0
2021-02-12 11:30:00,1,7796.29,7610.78
2021-02-12 12:00:00,1,8017.17,8007.11
2021-02-12 12:30:00,1,8091.55,8124.13
2021-02-12 13:00:00,1,7996.4,8110.01
2021-02-12 13:30:00,1,7994.92,8008.45
2021-02-12 14:00:00,1,8315.27,8167.21
2021-02-12 14:30:00,1,8728.09,8491.16
2021-02-12 15:00:00,1,9292.14,9054.86
2021-02-12 15:30:00,1,9632.01,9663.63
2021-02-12 16:00:00,1,9730.1,9747.25
2021-02-12 16:30:00,1,10083.43,9763.24
2021-02-12 17:00:00,1,10177.59,10211.61
2021-02-12 17:30:00,1,9913.7,9838.45
2021-02-12 18:00:00,1,9859.45,9869.54
2021-02-12 18:30:00,1,9713.86,9700.15
2021-02-12 19:00:00,1,9560.75,9618.6
2021-02-12 19:30:00,1,9444.6,9511.88
2021-02-12 20:00:00,1,9289.34,9254.2
2021-02-12 20:30:00,1,8989.41,9020.45
2021-02-12 21:00:00,1,8720.89,8766.5
2021-02-12 21:30:00,1,8509.42,8595.85
2021-02-12 22:00:00,1,8334.24,8359.06
2021-02-12 22:30:00,1,8221.2,8281.02
2021-02-12 23:00:00,1,8087.0,8059.33
2021-02-12 23:30:00,1,7849.89,7817.5
2021-03-01 00:00:00,1,7102.38,7022.73
2021-03-01 00:30:00,1,6947.85,6949.92
2021-03-01 01:00:00,1,6769.28,6797.22
2021-03-01 01:30:00,1,6499.29,6531.02
2021-03-01 02:00:00,1,6336.15,6368.41
2021-03-01 02:30:00,1,6243.42,6274.45
2021-03-01 03:00:00,1,6205.89,6223.59
2021-03-01 03:30:00,1,6231.0,6266.64
2021-03-01 04:00:00,1,6308.0,6330.13
2021-03-01 04:30:00,1,6526.71,6534.81
2021-03-01 05:00:00,1,6743.86,6729.94
2021-03-01 05:30:00,1,7217.68,7218.2
2021-03-01 06:00:00,1,7648.96,7667.19
2021-03-01 06:30:00,1,8071.15,8010.75
2021-03-01 07:00:00,1,8308.62,8351.11
2021-03-01 07:30:00,1,8374.86,8306.94
2021-03-01 08:00:00,1,8267.72,8381.9
2021-03-01 08:30:00,1,8226.01,8187.95
2021-03-01 09:00:00,1,8128.15,8221.42
2021-03-01 09:30:00,1,8063.04,8083.88
2021-03-01 10:00:00,1,8027.53,8008.92
2021-03-01 10:30:00,1,8018.16,8072.21
2021-03-01 11:00:00,1,8100.38,8079.0
2021-03-01 11:30:00,1,8142.51,8230.14
2021-03-01 12:00:00,1,8278.88,8228.2
2021-03-01 12:30:00,1,8519.26,8524.16
2021-03-01 13:00:00,1,8812.15,8745.06
2021-03-01 13:30:00,1,9162.01,8987.29
2021-03-01 14:00:00,1,9491.93,9331.39
2021-03-01 14:30:00,1,9631.56,9728.66
2021-03-01 15:00:00,1,10002.64,9821.68
2021-03-01 15:30:00,1,10486.53,10283.89
2021-03-01 16:00:00,1,10809.26,10732.46
2021-03-01 16:30:00,1,11065.98,10992.45
2021-03-01 17:00:00,1,11404.28,11179.24
2021-03-01 17:30:00,1,11344.27,11268.9
2021-03-01 18:00:00,1,11301.92,11236.44
2021-03-01 18:30:00,1,10998.98,11053.89
2021-03-01 19:00:00,1,10694.83,10759.43
2021-03-01 19:30:00,1,10503.21,10424.03
2021-03-01 20:00:00,1,10088.74,10226.0
2021-03-01 20:30:00,1,9686.49,9742.48
2021-03-01 21:00:00,1,9221.54,9316.4
2021-03-01 21:30:00,1,8812.95,8935.47
2021-03-01 22:00:00,1,8396.63,8504.84
2021-03-01 22:30:00,1,8167.28,8266.03
2021-03-01 23:00:00,1,7951.83,7985.84
2021-03-01 23:30:00,1,7757.99,7760.35
2021-03-08 00:00:00,1,6660.81,6716.26
2021-03-08 00:30:00,1,6505.37,6552.7
2021-03-08 01:00:00,1,6373.08,6384.08
2021-03-08 01:30:00,1,6147.85,6175.46
2021-03-08 02:00:00,1,6032.27,6029.33
2021-03-08 02:30:00,1,5998.33,5994.58
2021-03-08 03:00:00,1,5995.42,5985.89
2021-03-08 03:30:00,1,5990.42,6001.3
2021-03-08 04:00:00,1,6049.57,6084.86
2021-03-08 04:30:00,1,6267.22,6281.89
2021-03-08 05:00:00,1,6470.06,6457.56
2021-03-08 05:30:00,1,6983.95,6941.88
2021-03-08 06:00:00,1,7340.95,7337.89
2021-03-08 06:30:00,1,7645.54,7658.54
2021-03-08 07:00:00,1,7957.37,7831.39
2021-03-08 07:30:00,1,7906.19,8013.35
2021-03-08 08:00:00,1,7865.15,7857.14
2021-03-08 08:30:00,1,7821.13,7871.12
2021-03-08 09:00:00,1,7733.37,7719.51
2021-03-08 09:30:00,1,7645.68,7707.49
2021-03-08 10:00:00,1,7656.06,7644.68
2021-03-08 10:30:00,1,7485.58,7689.99
2021-03-08 11:00:00,1,7547.66,7476.74
2021-03-08 11:30:00,1,7634.32,7637.05
2021-03-08 12:00:00,1,7799.48,7698.83
2021-03-08 12:30:00,1,8112.34,8074.29
2021-03-08 13:00:00,1,8448.11,8254.87
2021-03-08 13:30:00,1,8959.61,8730.17
2021-03-08 14:00:00,1,8935.9,9167.06
2021-03-08 14:30:00,1,8774.77,8966.46
2021-03-08 15:00:00,1,8837.37,8926.64
2021-03-08 15:30:00,1,8883.32,9066.09
2021-03-08 16:00:00,1,9043.62,9035.75
2021-03-08 16:30:00,1,8945.63,9097.89
2021-03-08 17:00:00,1,8913.51,8926.16
2021-03-08 17:30:00,1,8858.38,8750.91
2021-03-08 18:00:00,1,8866.27,8925.28
2021-03-08 18:30:00,1,8773.59,8789.35
2021-03-08 19:00:00,1,8787.73,8778.85
2021-03-08 19:30:00,1,8654.49,8694.11
2021-03-08 20:00:00,1,8408.49,8438.29
2021-03-08 20:30:00,1,8180.41,8170.87
2021-03-08 21:00:00,1,7915.63,7978.55
2021-03-08 21:30:00,1,7799.97,7826.08
2021-03-08 22:00:00,1,7623.65,7643.12
2021-03-08 22:30:00,1,7544.0,7640.08
2021-03-08 23:00:00,1,7442.75,7498.78
2021-03-08 23:30:00,1,7273.09,7316.17
2021-03-13 00:00:00,1,7384.5,7400.26
2021-03-13 00:30:00,1,7162.5,7216.27
2021-03-13 01:00:00,1,6881.53,6962.72
2021-03-13 01:30:00,1,6531.4,6588.87
2021-03-13 02:00:00,1,6291.9,6320.27
2021-03-13 02:30:00,1,6196.89,6163.19
2021-03-13 03:00:00,1,6141.64,6124.07
2021-03-13 03:30:00,1,6091.57,6089.45
2021-03-13 04:00:00,1,6139.0,6104.29
2021-03-13 04:30:00,1,6161.37,6192.15
2021-03-13 05:00:00,1,6267.15,6228.86
2021-03-13 05:30:00,1,6458.4,6448.97
2021-03-13 06:00:00,1,6656.94,6677.99
2021-03-13 06:30:00,1,6862.23,6925.66
2021-03-13 07:00:00,1,7048.94,7067.13
2021-03-13 07:30:00,1,7200.3,7244.73
2021-03-13 08:00:00,1,7295.94,7303.94
2021-03-13 08:30:00,1,7280.71,7381.31
2021-03-13 09:00:00,1,7151.03,7162.99
2021-03-13 09:30:00,1,7020.06,7050.07
2021-03-13 10:00:00,1,6903.95,7000.96
2021-03-13 10:30:00,1,6845.07,6835.92
2021-03-13 11:00:00,1,6937.12,6935.51
2021-03-13 11:30:00,1,7124.16,6967.29
2021-03-13 12:00:00,1,7339.66,7234.77
2021-03-13 12:30:00,1,7519.65,7474.61
2021-03-13 13:00:00,1,7628.86,7673.98
2021-03-13 13:30:00,1,7877.99,7741.68
2021-03-13 14:00:00,1,8159.49,8022.12
2021-03-13 14:30:00,1,8299.43,8334.03
2021-03-13 15:00:00,1,8543.59,8331.66
2021-03-13 15:30:00,1,8862.28,8844.46
2021-03-13 16:00:00,1,9113.19,9042.42
2021-03-13 16:30:00,1,9337.36,9228.41
2021-03-13 17:00:00,1,9522.88,9510.0
2021-03-13 17:30:00,1,9587.3,9572.88
2021-03-13 18:00:00,1,9558.61,9528.84
2021-03-13 18:30:00,1,9399.08,9481.45
2021-03-13 19:00:00,1,9318.24,9277.47
2021-03-13 19:30:00,1,9105.64,9198.35
2021-03-13 20:00:00,1,8808.7,8955.09
2021-03-13 20:30:00,1,8382.68,8675.07
2021-03-13 21:00:00,1,8138.18,8473.68
2021-03-13 21:30:00,1,8257.63,8268.47
2021-03-13 22:00:00,1,8116.97,8098.7
2021-03-13 22:30:00,1,7997.84,8017.95
2021-03-13 23:00:00,1,7709.37,7756.93
2021-03-13 23:30:00,1,7473.85,7509.94
