timestamp,is_hot_day,true,op_latest,op_24h,op_24h_latest
2019-01-01 00:00:00,1,7612.74,7662.71,7734.27,7734.27
2019-01-01 00:30:00,1,7457.58,7445.34,7471.96,7471.96
2019-01-01 01:00:00,1,7243.21,7244.05,7204.11,7204.11
2019-01-01 01:30:00,1,6918.55,6992.6,6854.39,6854.39
2019-01-01 02:00:00,1,6676.58,6700.6,6598.3,6598.3
2019-01-01 02:30:00,1,6513.24,6562.31,6445.23,6445.23
2019-01-01 03:00:00,1,6400.0,6418.82,6358.77,6358.77
2019-01-01 03:30:00,1,6317.4,6354.19,6341.92,6341.92
2019-01-01 04:00:00,1,6242.08,6280.63,6337.66,6337.66
2019-01-01 04:30:00,1,6229.28,6263.14,,6415.34
2019-01-01 05:00:00,1,6198.13,6229.92,,6467.94
2019-01-01 05:30:00,1,6241.44,6272.84,,6581.41
2019-01-01 06:00:00,1,6290.89,6319.86,,6683.99
2019-01-01 06:30:00,1,6415.2,6479.65,,6660.1
2019-01-01 07:00:00,1,6508.09,6568.89,,6746.44
2019-01-01 07:30:00,1,6749.01,6747.82,,6854.49
2019-01-01 08:00:00,1,6920.99,6932.26,,6996.41
2019-01-01 08:30:00,1,7208.88,7143.05,,7205.73
2019-01-01 09:00:00,1,7441.69,7439.24,,7459.99
2019-01-01 09:30:00,1,7711.7,7669.5,,7729.33
2019-01-01 10:00:00,1,7995.99,7935.84,,8006.57
2019-01-01 10:30:00,1,8241.91,8095.5,,8241.07
2019-01-01 11:00:00,1,8448.3,8370.07,,8456.42
2019-01-01 11:30:00,1,8662.51,8586.68,,8706.09
2019-01-01 12:00:00,1,8903.65,8780.86,,8890.22
2019-01-01 12:30:00,1,9098.25,9019.05,9055.42,9055.42
2019-01-01 13:00:00,1,9261.03,9237.88,9256.89,9256.89
2019-01-01 13:30:00,1,9438.9,9327.58,9470.53,9470.53
2019-01-01 14:00:00,1,9618.07,9564.49,9608.56,9608.56
2019-01-01 14:30:00,1,9761.39,9691.2,9813.44,9813.44
2019-01-01 15:00:00,1,9932.58,9887.37,9996.56,9996.56
2019-01-01 15:30:00,1,10088.02,9980.49,10167.85,10167.85
2019-01-01 16:00:00,1,10242.97,10169.43,10308.81,10308.81
2019-01-01 16:30:00,1,10398.45,10325.76,10354.58,10354.58
2019-01-01 17:00:00,1,10562.71,10474.79,10437.22,10437.22
2019-01-01 17:30:00,1,10612.81,10438.18,10348.39,10348.39
2019-01-01 18:00:00,1,10522.14,10483.37,10222.38,10222.38
2019-01-01 18:30:00,1,10333.52,10306.99,10032.51,10032.51
2019-01-01 19:00:00,1,10063.53,10099.65,9786.08,9786.08
2019-01-01 19:30:00,1,9801.12,9897.73,9520.2,9520.2
2019-01-01 20:00:00,1,9696.41,9715.23,9405.85,9405.85
2019-01-01 20:30:00,1,9474.14,9522.71,9179.88,9179.88
2019-01-01 21:00:00,1,9220.31,9228.9,8919.52,8919.52
2019-01-01 21:30:00,1,8956.15,9027.65,8675.16,8675.16
2019-01-01 22:00:00,1,8574.7,8658.43,8404.1,8404.1
2019-01-01 22:30:00,1,8412.75,8428.7,8228.21,8228.21
2019-01-01 23:00:00,1,8118.29,8156.06,7982.54,7982.54
2019-01-01 23:30:00,1,7839.53,7846.11,7701.41,7701.41
2019-01-05 00:00:00,1,8304.4,8309.52,8290.03,8290.03
2019-01-05 00:30:00,1,7961.85,8039.44,8034.84,8034.84
2019-01-05 01:00:00,1,7619.9,7742.03,7761.82,7761.82
2019-01-05 01:30:00,1,7297.99,7377.14,7408.12,7408.12
2019-01-05 02:00:00,1,7048.65,7098.88,7128.09,7128.09
2019-01-05 02:30:00,1,6921.53,6906.48,6963.91,6963.91
2019-01-05 03:00:00,1,6808.89,6842.04,6845.49,6845.49
2019-01-05 03:30:00,1,6750.07,6764.51,6774.13,6774.13
2019-01-05 04:00:00,1,6707.35,6767.14,6751.04,6751.04
2019-01-05 04:30:00,1,6741.48,6784.79,,6718.66
2019-01-05 05:00:00,1,6748.97,6806.2,,6753.83
2019-01-05 05:30:00,1,6854.81,6905.86,,6969.86
2019-01-05 06:00:00,1,6990.18,7028.98,,7126.45
2019-01-05 06:30:00,1,7271.29,7266.88,,7391.79
2019-01-05 07:00:00,1,7619.32,7568.72,,7645.96
2019-01-05 07:30:00,1,7995.09,7976.98,,7898.16
2019-01-05 08:00:00,1,8432.02,8313.05,,8144.97
2019-01-05 08:30:00,1,8903.83,8757.24,,8463.03
2019-01-05 09:00:00,1,9274.18,9140.6,,8632.22
2019-01-05 09:30:00,1,9626.13,9560.69,,8805.62
2019-01-05 10:00:00,1,9956.11,9809.54,,8967.73
2019-01-05 10:30:00,1,10294.03,10146.98,,9173.51
2019-01-05 11:00:00,1,10429.72,10524.29,,9362.77
2019-01-05 11:30:00,1,10573.65,10539.49,,9584.48
2019-01-05 12:00:00,1,10670.87,10724.39,,9829.18
2019-01-05 12:30:00,1,10780.16,10797.28,9933.02,9933.02
2019-01-05 13:00:00,1,10828.94,10907.33,10051.06,10051.06
2019-01-05 13:30:00,1,10681.83,10855.99,10022.18,10022.18
2019-01-05 14:00:00,1,10569.65,10623.17,10020.72,10020.72
2019-01-05 14:30:00,1,10282.88,10604.62,10114.21,10114.21
2019-01-05 15:00:00,1,10162.83,10257.41,10130.44,10130.44
2019-01-05 15:30:00,1,10078.22,10150.13,10071.08,10071.08
2019-01-05 16:00:00,1,9848.05,9897.29,10051.59,10051.59
2019-01-05 16:30:00,1,9674.59,9760.53,9863.66,9863.66
2019-01-05 17:00:00,1,9532.0,9566.49,9775.55,9775.55
2019-01-05 17:30:00,1,9275.98,9377.81,9605.91,9605.91
2019-01-05 18:00:00,1,9098.93,9122.67,9520.01,9520.01
2019-01-05 18:30:00,1,8801.41,8966.33,9233.25,9233.25
2019-01-05 19:00:00,1,8495.44,8619.0,8952.47,8952.47
2019-01-05 19:30:00,1,8429.52,8426.5,8840.21,8840.21
2019-01-05 20:00:00,1,8307.79,8394.14,8798.5,8798.5
2019-01-05 20:30:00,1,8095.0,8214.85,8728.63,8728.63
2019-01-05 21:00:00,1,7910.98,7961.63,8553.12,8553.12
2019-01-05 21:30:00,1,7795.16,7834.79,8481.02,8481.02
2019-01-05 22:00:00,1,7614.44,7641.65,8268.63,8268.63
2019-01-05 22:30:00,1,7496.89,7551.78,7979.16,7979.16
2019-01-05 23:00:00,1,7346.8,7315.18,7710.93,7710.93
2019-01-05 23:30:00,1,7167.1,7140.56,7475.08,7475.08
2019-01-12 00:00:00,1,7556.28,7551.39,7676.29,7676.29
2019-01-12 00:30:00,1,7339.67,7371.01,7471.04,7471.04
2019-01-12 01:00:00,1,7112.97,7114.2,7217.83,7217.83
2019-01-12 01:30:00,1,6748.91,6882.06,6890.48,6890.48
2019-01-12 02:00:00,1,6592.97,6536.42,6654.45,6654.45
2019-01-12 02:30:00,1,6367.38,6454.22,6490.45,6490.45
2019-01-12 03:00:00,1,6341.58,6310.26,6402.74,6402.74
2019-01-12 03:30:00,1,6372.09,6325.59,6366.71,6366.71
2019-01-12 04:00:00,1,6368.97,6364.81,6351.37,6351.37
2019-01-12 04:30:00,1,6373.4,6421.09,,6437.31
2019-01-12 05:00:00,1,6471.64,6437.49,,6504.25
2019-01-12 05:30:00,1,6545.5,6592.49,,6655.22
2019-01-12 06:00:00,1,6699.27,6684.27,,6814.58
2019-01-12 06:30:00,1,6944.27,6956.77,,7029.47
2019-01-12 07:00:00,1,7192.76,7213.03,,7284.48
2019-01-12 07:30:00,1,7397.2,7447.53,,7517.19
2019-01-12 08:00:00,1,7645.06,7668.26,,7706.98
2019-01-12 08:30:00,1,7885.06,7782.94,,7879.64
2019-01-12 09:00:00,1,7924.19,7983.63,,8013.86
2019-01-12 09:30:00,1,8031.76,8074.57,,8194.9
2019-01-12 10:00:00,1,8066.5,8065.38,,8341.63
2019-01-12 10:30:00,1,8288.87,8185.42,,8533.77
2019-01-12 11:00:00,1,8390.1,8406.37,,8730.08
2019-01-12 11:30:00,1,8570.6,8518.59,,8914.39
2019-01-12 12:00:00,1,8815.62,8690.0,,9152.66
2019-01-12 12:30:00,1,8989.71,8973.24,9357.76,9357.76
2019-01-12 13:00:00,1,9241.23,9161.68,9570.85,9570.85
2019-01-12 13:30:00,1,9451.14,9346.42,9738.04,9738.04
2019-01-12 14:00:00,1,9659.54,9610.23,9929.42,9929.42
2019-01-12 14:30:00,1,9865.42,9785.6,10152.0,10152.0
2019-01-12 15:00:00,1,10045.57,10037.04,10295.12,10295.12
2019-01-12 15:30:00,1,10264.55,10167.1,10447.11,10447.11
2019-01-12 16:00:00,1,10471.58,10397.66,10506.25,10506.25
2019-01-12 16:30:00,1,10584.4,10533.55,10600.9,10600.9
2019-01-12 17:00:00,1,10751.63,10704.97,10698.01,10698.01
2019-01-12 17:30:00,1,10682.57,10704.8,10606.61,10606.61
2019-01-12 18:00:00,1,10643.41,10593.56,10428.49,10428.49
2019-01-12 18:30:00,1,10503.48,10483.65,10239.32,10239.32
2019-01-12 19:00:00,1,10298.99,10289.9,9993.36,9993.36
2019-01-12 19:30:00,1,10072.1,10193.38,9860.55,9860.55
2019-01-12 20:00:00,1,9979.48,9978.92,9759.56,9759.56
2019-01-12 20:30:00,1,9729.87,9809.99,9593.52,9593.52
2019-01-12 21:00:00,1,9412.19,9472.39,9325.55,9325.55
2019-01-12 21:30:00,1,9097.47,9221.44,9049.82,9049.82
2019-01-12 22:00:00,1,8811.68,8863.12,8746.17,8746.17
2019-01-12 22:30:00,1,8545.45,8643.23,8440.46,8440.46
2019-01-12 23:00:00,1,8176.74,8305.32,8158.9,8158.9
2019-01-12 23:30:00,1,7838.54,7982.16,7843.49,7843.49
2019-01-16 00:00:00,1,8501.58,8517.47,8200.1,8200.1
2019-01-16 00:30:00,1,8283.95,8243.81,8022.94,8022.94
2019-01-16 01:00:00,1,8004.58,8032.31,7798.87,7798.87
2019-01-16 01:30:00,1,7681.96,7724.36,7505.85,7505.85
2019-01-16 02:00:00,1,7469.48,7508.23,7286.9,7286.9
2019-01-16 02:30:00,1,7324.51,7337.43,7116.81,7116.81
2019-01-16 03:00:00,1,7220.8,7253.12,7050.73,7050.73
2019-01-16 03:30:00,1,7211.82,7218.38,7017.39,7017.39
2019-01-16 04:00:00,1,7252.0,7254.39,7018.79,7018.79
2019-01-16 04:30:00,1,7394.62,7424.88,,7152.88
2019-01-16 05:00:00,1,7535.36,7599.14,,7335.8
2019-01-16 05:30:00,1,7881.41,7933.94,,7628.78
2019-01-16 06:00:00,1,8255.06,8251.11,,7960.73
2019-01-16 06:30:00,1,8685.53,8725.28,,8448.31
2019-01-16 07:00:00,1,9060.48,9134.96,,8900.19
2019-01-16 07:30:00,1,9462.87,9417.64,,9281.03
2019-01-16 08:00:00,1,9730.94,9755.47,,9555.39
2019-01-16 08:30:00,1,10096.36,9983.73,,9723.71
2019-01-16 09:00:00,1,10343.51,10296.93,,9855.54
2019-01-16 09:30:00,1,10599.61,10527.29,,10052.39
2019-01-16 10:00:00,1,10831.28,10699.73,,10236.91
2019-01-16 10:30:00,1,11130.83,10916.92,,10555.6
2019-01-16 11:00:00,1,11369.6,11142.9,,11011.92
2019-01-16 11:30:00,1,11518.35,11556.43,,11313.36
2019-01-16 12:00:00,1,11779.73,11745.54,,11640.92
2019-01-16 12:30:00,1,12011.37,12020.89,11862.22,11862.22
2019-01-16 13:00:00,1,12200.25,12204.88,12098.2,12098.2
2019-01-16 13:30:00,1,12353.48,12371.58,12307.84,12307.84
2019-01-16 14:00:00,1,12557.64,12497.22,12523.47,12523.47
2019-01-16 14:30:00,1,12667.15,12719.21,12724.38,12724.38
2019-01-16 15:00:00,1,12875.99,13124.27,12925.99,12925.99
2019-01-16 15:30:00,1,13034.62,12983.44,13098.01,13098.01
2019-01-16 16:00:00,1,13126.55,13104.45,13204.32,13204.32
2019-01-16 16:30:00,1,13270.16,13114.53,13220.52,13220.52
2019-01-16 17:00:00,1,13227.27,13251.52,13133.56,13133.56
2019-01-16 17:30:00,1,12890.62,12848.23,12826.61,12826.61
2019-01-16 18:00:00,1,12836.32,12709.05,12502.82,12502.82
2019-01-16 18:30:00,1,12545.34,12514.04,12186.34,12186.34
2019-01-16 19:00:00,1,12201.35,12272.81,11848.83,11848.83
2019-01-16 19:30:00,1,11836.58,12022.93,11532.35,11532.35
2019-01-16 20:00:00,1,11618.03,11692.24,11221.69,11221.69
2019-01-16 20:30:00,1,11223.38,11283.55,10910.82,10910.82
2019-01-16 21:00:00,1,10718.46,10826.29,10449.31,10449.31
2019-01-16 21:30:00,1,10302.4,10448.65,10035.36,10035.36
2019-01-16 22:00:00,1,9758.02,9843.09,9593.24,9593.24
2019-01-16 22:30:00,1,9408.67,9489.97,9281.23,9281.23
2019-01-16 23:00:00,1,9063.15,9057.2,8880.85,8880.85
2019-01-16 23:30:00,1,8703.93,8740.73,8559.61,8559.61
2019-01-17 00:00:00,1,8438.42,8415.79,8310.9,8310.9
2019-01-17 00:30:00,1,8172.21,8172.72,8088.62,8088.62
2019-01-17 01:00:00,1,7925.98,7972.07,7858.73,7858.73
2019-01-17 01:30:00,1,7636.51,7665.29,7599.59,7599.59
2019-01-17 02:00:00,1,7500.15,7451.76,7370.97,7370.97
2019-01-17 02:30:00,1,7392.84,7382.7,7243.72,7243.72
2019-01-17 03:00:00,1,7308.73,7337.74,7173.11,7173.11
2019-01-17 03:30:00,1,7302.44,7293.67,7146.43,7146.43
2019-01-17 04:00:00,1,7384.57,7339.08,7152.89,7152.89
2019-01-17 04:30:00,1,7570.83,7567.3,,7326.99
2019-01-17 05:00:00,1,7815.33,7769.27,,7514.33
2019-01-17 05:30:00,1,8128.45,8230.81,,7817.4
2019-01-17 06:00:00,1,8504.42,8535.53,,8171.64
2019-01-17 06:30:00,1,8613.22,8963.01,,8643.79
2019-01-17 07:00:00,1,9237.21,9237.93,,9103.31
2019-01-17 07:30:00,1,9610.77,9484.01,,9462.02
2019-01-17 08:00:00,1,9784.47,9737.75,,9726.36
2019-01-17 08:30:00,1,10072.48,10119.02,,9903.99
2019-01-17 09:00:00,1,10287.24,10191.03,,10144.85
2019-01-17 09:30:00,1,10536.62,10466.6,,10427.99
2019-01-17 10:00:00,1,10790.99,10744.91,,10669.51
2019-01-17 10:30:00,1,11031.68,11059.71,,10974.78
2019-01-17 11:00:00,1,11289.78,11366.14,,11295.41
2019-01-17 11:30:00,1,11424.6,11600.43,,11542.71
2019-01-17 12:00:00,1,11680.11,11851.37,,11796.0
2019-01-17 12:30:00,1,11912.16,12041.49,12059.39,12059.39
2019-01-17 13:00:00,1,12130.35,12288.73,12310.11,12310.11
2019-01-17 13:30:00,1,12340.81,12515.12,12531.38,12531.38
2019-01-17 14:00:00,1,12581.62,12754.23,12764.22,12764.22
2019-01-17 14:30:00,1,12668.56,13018.12,12995.62,12995.62
2019-01-17 15:00:00,1,12870.55,13300.38,13295.37,13295.37
2019-01-17 15:30:00,1,13093.84,13183.23,13492.56,13492.56
2019-01-17 16:00:00,1,13377.47,13504.57,13737.39,13737.39
2019-01-17 16:30:00,1,13475.75,13504.79,13818.79,13818.79
2019-01-17 17:00:00,1,13545.39,13447.22,13769.41,13769.41
2019-01-17 17:30:00,1,13364.15,13248.42,13453.43,13453.43
2019-01-17 18:00:00,1,13208.83,13196.05,13108.01,13108.01
2019-01-17 18:30:00,1,12779.16,12776.78,12694.57,12694.57
2019-01-17 19:00:00,1,12289.81,12514.25,12240.78,12240.78
2019-01-17 19:30:00,1,12095.24,12119.44,11920.45,11920.45
2019-01-17 20:00:00,1,11809.57,11934.36,11627.22,11627.22
2019-01-17 20:30:00,1,11383.02,11487.48,11019.8,11019.8
2019-01-17 21:00:00,1,10809.48,10921.74,10593.17,10593.17
2019-01-17 21:30:00,1,10454.1,10539.41,10224.41,10224.41
2019-01-17 22:00:00,1,9956.41,9987.01,9795.87,9795.87
2019-01-17 22:30:00,1,9573.57,9617.64,9406.55,9406.55
2019-01-17 23:00:00,1,9247.37,9257.65,8976.64,8976.64
2019-01-17 23:30:00,1,8935.03,8887.07,8655.83,8655.83
2019-01-18 00:00:00,1,8660.91,8667.23,8399.41,8399.41
2019-01-18 00:30:00,1,8362.13,8415.1,8199.69,8199.69
2019-01-18 01:00:00,1,8110.52,8086.47,7991.05,7991.05
2019-01-18 01:30:00,1,7804.5,7831.83,7739.61,7739.61
2019-01-18 02:00:00,1,7620.26,7596.25,7516.72,7516.72
2019-01-18 02:30:00,1,7448.81,7514.25,7353.59,7353.59
2019-01-18 03:00:00,1,7417.7,7343.56,7289.96,7289.96
2019-01-18 03:30:00,1,7405.34,7389.57,7251.47,7251.47
2019-01-18 04:00:00,1,7421.37,7461.32,7272.24,7272.24
2019-01-18 04:30:00,1,7580.49,7602.04,,7439.6
2019-01-18 05:00:00,1,7782.0,7777.04,,7604.9
2019-01-18 05:30:00,1,8191.16,8194.98,,7924.7
2019-01-18 06:00:00,1,8487.89,8539.32,,8254.3
2019-01-18 06:30:00,1,8896.26,8991.82,,8676.23
2019-01-18 07:00:00,1,9313.4,9342.87,,9133.75
2019-01-18 07:30:00,1,9612.51,9711.1,,9502.5
2019-01-18 08:00:00,1,9875.22,9898.84,,9851.1
2019-01-18 08:30:00,1,10072.53,10142.16,,10082.37
2019-01-18 09:00:00,1,10235.78,10602.22,,10528.18
2019-01-18 09:30:00,1,10473.67,10932.32,,10832.47
2019-01-18 10:00:00,1,10708.02,10772.91,,11104.74
2019-01-18 10:30:00,1,10890.66,11091.72,,11453.02
2019-01-18 11:00:00,1,11084.5,11402.84,,11756.42
2019-01-18 11:30:00,1,11377.05,11604.44,,11970.26
2019-01-18 12:00:00,1,11596.91,11903.18,,12262.04
2019-01-18 12:30:00,1,11881.87,11892.85,12461.71,12461.71
2019-01-18 13:00:00,1,12098.17,12180.64,12716.23,12716.23
2019-01-18 13:30:00,1,12275.58,12408.25,12896.12,12896.12
2019-01-18 14:00:00,1,12515.35,12710.89,13163.15,13163.15
2019-01-18 14:30:00,1,12780.55,12950.01,13412.77,13412.77
2019-01-18 15:00:00,1,12976.16,13252.11,13727.34,13727.34
2019-01-18 15:30:00,1,13096.69,13258.92,13947.46,13947.46
2019-01-18 16:00:00,1,13249.45,13485.37,13861.07,13861.07
2019-01-18 16:30:00,1,13267.43,13508.56,13902.22,13902.22
2019-01-18 17:00:00,1,13301.42,13062.37,13847.15,13847.15
2019-01-18 17:30:00,1,13120.67,13027.18,13687.03,13687.03
2019-01-18 18:00:00,1,12984.96,12941.1,13188.25,13188.25
2019-01-18 18:30:00,1,12680.21,12729.65,12635.16,12635.16
2019-01-18 19:00:00,1,12380.26,12404.63,12199.38,12199.38
2019-01-18 19:30:00,1,12190.71,12149.5,11867.81,11867.81
2019-01-18 20:00:00,1,12022.12,12035.42,11617.63,11617.63
2019-01-18 20:30:00,1,11736.28,11707.6,11373.58,11373.58
2019-01-18 21:00:00,1,11343.09,11316.74,10887.4,10887.4
2019-01-18 21:30:00,1,11068.88,11047.18,10647.32,10647.32
2019-01-18 22:00:00,1,10781.16,10598.74,10232.78,10232.78
2019-01-18 22:30:00,1,10412.6,10388.64,9820.18,9820.18
2019-01-18 23:00:00,1,9859.5,9945.15,9458.15,9458.15
2019-01-18 23:30:00,1,9433.01,9457.13,9103.67,9103.67
2019-01-22 00:00:00,1,7962.14,8000.06,7889.66,7889.66
2019-01-22 00:30:00,1,7759.57,7755.18,7690.76,7690.76
2019-01-22 01:00:00,1,7539.02,7558.5,7518.68,7518.68
2019-01-22 01:30:00,1,7248.81,7286.16,7266.46,7266.46
2019-01-22 02:00:00,1,7073.7,7044.76,7072.75,7072.75
2019-01-22 02:30:00,1,6901.33,6928.71,6928.89,6928.89
2019-01-22 03:00:00,1,6855.04,6834.49,6843.67,6843.67
2019-01-22 03:30:00,1,6824.18,6835.97,6825.43,6825.43
2019-01-22 04:00:00,1,6843.0,6855.3,6853.96,6853.96
2019-01-22 04:30:00,1,7092.84,7050.27,,6973.55
2019-01-22 05:00:00,1,7269.47,7288.23,,7178.6
2019-01-22 05:30:00,1,7652.94,7640.26,,7502.76
2019-01-22 06:00:00,1,8034.57,8005.4,,7833.43
2019-01-22 06:30:00,1,8391.76,8478.09,,8239.27
2019-01-22 07:00:00,1,8751.8,8791.83,,8616.64
2019-01-22 07:30:00,1,9028.29,9039.01,,8983.62
2019-01-22 08:00:00,1,9225.56,9289.48,,9252.33
2019-01-22 08:30:00,1,9483.17,9409.81,,9460.44
2019-01-22 09:00:00,1,9508.68,9623.08,,9593.7
2019-01-22 09:30:00,1,9688.27,9632.08,,9738.36
2019-01-22 10:00:00,1,9856.05,9966.68,,9955.29
2019-01-22 10:30:00,1,10101.77,10225.09,,10220.83
2019-01-22 11:00:00,1,10214.09,10415.89,,10416.27
2019-01-22 11:30:00,1,10406.78,10609.66,,10614.01
2019-01-22 12:00:00,1,10647.24,10636.01,,10864.1
2019-01-22 12:30:00,1,10934.41,10907.92,11067.23,11067.23
2019-01-22 13:00:00,1,11169.52,11221.04,11300.87,11300.87
2019-01-22 13:30:00,1,11402.91,11569.05,11556.16,11556.16
2019-01-22 14:00:00,1,11634.43,11841.88,11796.81,11796.81
2019-01-22 14:30:00,1,11878.91,11792.45,12052.16,12052.16
2019-01-22 15:00:00,1,12121.4,12059.84,12323.86,12323.86
2019-01-22 15:30:00,1,12290.73,12193.5,12521.43,12521.43
2019-01-22 16:00:00,1,12575.07,12437.51,12683.78,12683.78
2019-01-22 16:30:00,1,12634.08,12610.23,12827.31,12827.31
2019-01-22 17:00:00,1,12712.0,12592.49,12802.29,12802.29
2019-01-22 17:30:00,1,12516.12,12486.12,12595.05,12595.05
2019-01-22 18:00:00,1,12365.54,12372.13,12394.64,12394.64
2019-01-22 18:30:00,1,12052.04,12030.64,12112.18,12112.18
2019-01-22 19:00:00,1,11733.93,11784.76,11724.34,11724.34
2019-01-22 19:30:00,1,11480.98,11588.61,11471.19,11471.19
2019-01-22 20:00:00,1,11214.58,11314.42,11027.5,11027.5
2019-01-22 20:30:00,1,10802.09,10953.78,10769.44,10769.44
2019-01-22 21:00:00,1,10342.4,10420.84,10359.33,10359.33
2019-01-22 21:30:00,1,9966.0,10081.21,9997.65,9997.65
2019-01-22 22:00:00,1,9570.85,9566.55,9601.92,9601.92
2019-01-22 22:30:00,1,9246.18,9321.81,9211.98,9211.98
2019-01-22 23:00:00,1,8891.22,8928.65,8826.53,8826.53
2019-01-22 23:30:00,1,8521.02,8630.26,8557.26,8557.26
2019-01-25 00:00:00,1,8109.48,8156.77,7826.14,7826.14
2019-01-25 00:30:00,1,7913.0,7903.03,7678.54,7678.54
2019-01-25 01:00:00,1,7692.56,7695.31,7488.75,7488.75
2019-01-25 01:30:00,1,7378.15,7411.88,7237.1,7237.1
2019-01-25 02:00:00,1,7191.78,7219.47,7014.3,7014.3
2019-01-25 02:30:00,1,7078.59,7051.29,6887.93,6887.93
2019-01-25 03:00:00,1,6983.35,7042.12,6810.0,6810.0
2019-01-25 03:30:00,1,7030.74,6983.1,6791.84,6791.84
2019-01-25 04:00:00,1,7075.36,7086.37,6849.2,6849.2
2019-01-25 04:30:00,1,7228.24,7269.18,,7028.24
2019-01-25 05:00:00,1,7432.22,7444.18,,7255.71
2019-01-25 05:30:00,1,7798.2,7830.77,,7605.19
2019-01-25 06:00:00,1,8216.48,8136.69,,7927.2
2019-01-25 06:30:00,1,8572.1,8645.62,,8260.1
2019-01-25 07:00:00,1,8991.46,8976.9,,8590.18
2019-01-25 07:30:00,1,9359.51,9305.69,,8881.81
2019-01-25 08:00:00,1,9600.91,9634.88,,9103.81
2019-01-25 08:30:00,1,9879.01,9793.8,,9340.67
2019-01-25 09:00:00,1,10065.18,10023.97,,9486.72
2019-01-25 09:30:00,1,10275.0,10252.97,,9680.44
2019-01-25 10:00:00,1,10492.12,10422.85,,9855.84
2019-01-25 10:30:00,1,10607.32,10668.66,,10039.1
2019-01-25 11:00:00,1,10881.09,10800.01,,10212.27
2019-01-25 11:30:00,1,11067.73,11042.29,,10394.69
2019-01-25 12:00:00,1,11176.6,11274.33,,10604.74
2019-01-25 12:30:00,1,11440.11,11398.75,10797.02,10797.02
2019-01-25 13:00:00,1,11693.95,11609.09,10988.56,10988.56
2019-01-25 13:30:00,1,11897.1,11869.96,11197.84,11197.84
2019-01-25 14:00:00,1,12143.71,12046.54,11442.11,11442.11
2019-01-25 14:30:00,1,12366.13,12211.72,11652.66,11652.66
2019-01-25 15:00:00,1,12616.08,12481.21,11899.67,11899.67
2019-01-25 15:30:00,1,12818.99,12647.53,12087.71,12087.71
2019-01-25 16:00:00,1,13016.55,12785.57,12269.73,12269.73
2019-01-25 16:30:00,1,13119.29,13091.73,12385.29,12385.29
2019-01-25 17:00:00,1,13206.9,13074.36,12440.08,12440.08
2019-01-25 17:30:00,1,13038.9,12962.65,12446.98,12446.98
2019-01-25 18:00:00,1,12954.25,12881.63,12260.57,12260.57
2019-01-25 18:30:00,1,12608.3,12614.21,12073.75,12073.75
2019-01-25 19:00:00,1,12401.96,12334.5,11667.09,11667.09
2019-01-25 19:30:00,1,12161.57,12185.58,11372.18,11372.18
2019-01-25 20:00:00,1,11993.21,12015.5,11051.85,11051.85
2019-01-25 20:30:00,1,11648.81,11666.99,10826.39,10826.39
2019-01-25 21:00:00,1,11207.6,11238.75,10430.41,10430.41
2019-01-25 21:30:00,1,10870.72,10943.4,10195.91,10195.91
2019-01-25 22:00:00,1,10423.72,10450.71,9846.87,9846.87
2019-01-25 22:30:00,1,10061.96,10136.65,9523.97,9523.97
2019-01-25 23:00:00,1,9621.17,9696.44,9161.45,9161.45
2019-01-25 23:30:00,1,9230.24,9327.13,8854.45,8854.45
2019-01-26 00:00:00,1,8959.53,8949.25,8567.15,8567.15
2019-01-26 00:30:00,1,8572.27,8673.27,8311.73,8311.73
2019-01-26 01:00:00,1,8251.83,8305.76,8020.99,8020.99
2019-01-26 01:30:00,1,7930.4,7982.38,7680.17,7680.17
2019-01-26 02:00:00,1,7625.08,7709.76,7420.87,7420.87
2019-01-26 02:30:00,1,7523.3,7489.39,7238.4,7238.4
2019-01-26 03:00:00,1,7376.68,7388.77,7123.81,7123.81
2019-01-26 03:30:00,1,7330.69,7315.51,7060.82,7060.82
2019-01-26 04:00:00,1,7299.31,7328.68,7039.46,7039.46
2019-01-26 04:30:00,1,7310.66,7331.88,,7036.31
2019-01-26 05:00:00,1,7408.17,7421.89,,7110.55
2019-01-26 05:30:00,1,7453.71,7526.38,,7260.15
2019-01-26 06:00:00,1,7540.97,7613.78,,7429.87
2019-01-26 06:30:00,1,7832.84,7830.47,,7657.01
2019-01-26 07:00:00,1,8176.55,8192.77,,7914.41
2019-01-26 07:30:00,1,8609.63,8523.56,,8210.13
2019-01-26 08:00:00,1,9006.59,9000.53,,8554.53
2019-01-26 08:30:00,1,9512.12,9381.45,,9062.86
2019-01-26 09:00:00,1,9813.5,9719.67,,9401.14
2019-01-26 09:30:00,1,10222.3,10194.48,,9760.55
2019-01-26 10:00:00,1,10471.65,10461.75,,10034.16
2019-01-26 10:30:00,1,10751.41,10695.75,,10365.36
2019-01-26 11:00:00,1,10927.65,10980.66,,10607.07
2019-01-26 11:30:00,1,11058.58,11162.01,,10784.59
2019-01-26 12:00:00,1,11214.65,11207.56,,11039.34
2019-01-26 12:30:00,1,11233.03,11338.1,11163.01,11163.01
2019-01-26 13:00:00,1,11274.68,11377.88,11266.39,11266.39
2019-01-26 13:30:00,1,11315.56,11366.67,11402.48,11402.48
2019-01-26 14:00:00,1,11431.08,11471.27,11496.7,11496.7
2019-01-26 14:30:00,1,11462.05,11529.89,11622.86,11622.86
2019-01-26 15:00:00,1,11613.09,11575.56,11751.09,11751.09
2019-01-26 15:30:00,1,11700.39,11693.3,12089.43,12089.43
2019-01-26 16:00:00,1,11771.98,11742.39,12151.5,12151.5
2019-01-26 16:30:00,1,11694.02,11658.49,12125.51,12125.51
2019-01-26 17:00:00,1,11617.11,11693.17,12180.8,12180.8
2019-01-26 17:30:00,1,11522.4,11439.82,12115.16,12115.16
2019-01-26 18:00:00,1,11306.54,11371.01,11956.01,11956.01
2019-01-26 18:30:00,1,11178.16,11128.69,11719.12,11719.12
2019-01-26 19:00:00,1,10932.26,10891.7,11399.06,11399.06
2019-01-26 19:30:00,1,10854.07,10768.03,11158.58,11158.58
2019-01-26 20:00:00,1,10704.43,10736.33,10916.03,10916.03
2019-01-26 20:30:00,1,10409.09,10466.33,10618.2,10618.2
2019-01-26 21:00:00,1,10133.49,10131.68,10308.67,10308.67
2019-01-26 21:30:00,1,9830.57,9867.8,10001.32,10001.32
2019-01-26 22:00:00,1,9560.38,9517.12,9722.16,9722.16
2019-01-26 22:30:00,1,9268.64,9287.08,9370.59,9370.59
2019-01-26 23:00:00,1,8841.45,8883.37,8972.44,8972.44
2019-01-26 23:30:00,1,8558.31,8537.92,8609.01,8609.01
2019-01-27 00:00:00,1,8205.08,8239.41,8329.28,8329.28
2019-01-27 00:30:00,1,7980.93,7993.36,8088.21,8088.21
2019-01-27 01:00:00,1,7800.81,7727.83,7823.8,7823.8
2019-01-27 01:30:00,1,7481.26,7491.56,7468.12,7468.12
2019-01-27 02:00:00,1,7246.94,7346.8,7229.88,7229.88
2019-01-27 02:30:00,1,7222.72,7122.57,7107.92,7107.92
2019-01-27 03:00:00,1,7139.92,7111.54,7062.89,7062.89
2019-01-27 03:30:00,1,7020.82,7058.76,7034.03,7034.03
2019-01-27 04:00:00,1,7007.83,7047.93,6991.12,6991.12
2019-01-27 04:30:00,1,6995.12,7049.14,,7005.17
2019-01-27 05:00:00,1,7002.34,7049.85,,7033.23
2019-01-27 05:30:00,1,7003.35,7073.22,,7113.16
2019-01-27 06:00:00,1,7052.45,7140.38,,7169.88
2019-01-27 06:30:00,1,7219.23,7298.1,,7278.76
2019-01-27 07:00:00,1,7469.19,7472.64,,7502.45
2019-01-27 07:30:00,1,7812.28,7783.92,,7749.2
2019-01-27 08:00:00,1,8137.12,8049.06,,8090.04
2019-01-27 08:30:00,1,8506.86,8429.6,,8534.51
2019-01-27 09:00:00,1,8822.88,8722.31,,8948.02
2019-01-27 09:30:00,1,9235.2,9109.61,,9317.19
2019-01-27 10:00:00,1,9513.2,9527.67,,9617.76
2019-01-27 10:30:00,1,9721.8,9744.66,,10042.53
2019-01-27 11:00:00,1,10008.33,9971.43,,10294.63
2019-01-27 11:30:00,1,10184.37,10211.15,,10372.06
2019-01-27 12:00:00,1,10371.14,10328.08,,10563.31
2019-01-27 12:30:00,1,10549.65,10488.74,10657.26,10657.26
2019-01-27 13:00:00,1,10579.43,10649.01,10767.15,10767.15
2019-01-27 13:30:00,1,10621.34,10700.82,10802.96,10802.96
2019-01-27 14:00:00,1,10656.11,10699.56,10861.43,10861.43
2019-01-27 14:30:00,1,10669.73,10719.84,10882.64,10882.64
2019-01-27 15:00:00,1,10732.39,10732.2,10947.18,10947.18
2019-01-27 15:30:00,1,10777.77,10760.35,10938.62,10938.62
2019-01-27 16:00:00,1,10678.78,10833.52,10952.75,10952.75
2019-01-27 16:30:00,1,10325.07,10451.62,10810.02,10810.02
2019-01-27 17:00:00,1,10265.15,10292.51,10922.06,10922.06
2019-01-27 17:30:00,1,10129.34,10202.93,10878.8,10878.8
2019-01-27 18:00:00,1,9985.34,10036.77,10752.18,10752.18
2019-01-27 18:30:00,1,9766.98,9762.62,10506.06,10506.06
2019-01-27 19:00:00,1,9616.99,9593.24,10327.39,10327.39
2019-01-27 19:30:00,1,9589.64,9549.03,10265.84,10265.84
2019-01-27 20:00:00,1,9516.59,9535.25,10116.93,10116.93
2019-01-27 20:30:00,1,9294.01,9294.14,9878.07,9878.07
2019-01-27 21:00:00,1,9124.03,8974.35,9597.85,9597.85
2019-01-27 21:30:00,1,8931.91,8887.82,9305.88,9305.88
2019-01-27 22:00:00,1,8669.72,8644.47,9010.34,9010.34
2019-01-27 22:30:00,1,8529.53,8504.04,8745.04,8745.04
2019-01-27 23:00:00,1,8245.44,8208.72,8397.65,8397.65
2019-01-27 23:30:00,1,7958.25,7955.87,8114.86,8114.86
2019-01-29 00:00:00,1,7855.9,7849.65,7837.99,7837.99
2019-01-29 00:30:00,1,7642.27,7678.07,7662.65,7662.65
2019-01-29 01:00:00,1,7443.95,7474.75,7484.65,7484.65
2019-01-29 01:30:00,1,7193.63,7195.21,7235.38,7235.38
2019-01-29 02:00:00,1,7007.88,7020.79,7046.43,7046.43
2019-01-29 02:30:00,1,6921.5,6877.22,6905.44,6905.44
2019-01-29 03:00:00,1,6895.48,6880.48,6841.79,6841.79
2019-01-29 03:30:00,1,6878.38,6888.75,6848.89,6848.89
2019-01-29 04:00:00,1,6897.39,6919.84,6901.68,6901.68
2019-01-29 04:30:00,1,7094.42,7078.84,,7075.57
2019-01-29 05:00:00,1,7287.16,7265.34,,7333.21
2019-01-29 05:30:00,1,7764.49,7676.15,,7723.51
2019-01-29 06:00:00,1,8164.47,8084.28,,8089.81
2019-01-29 06:30:00,1,8616.39,8606.71,,8440.73
2019-01-29 07:00:00,1,9012.86,9045.55,,8772.53
2019-01-29 07:30:00,1,9376.94,9372.87,,9078.32
2019-01-29 08:00:00,1,9658.7,9654.68,,9321.78
2019-01-29 08:30:00,1,9836.43,9921.79,,9524.83
2019-01-29 09:00:00,1,10027.54,10020.37,,9674.83
2019-01-29 09:30:00,1,10201.98,10196.39,,9858.38
2019-01-29 10:00:00,1,10296.53,10310.9,,10033.33
2019-01-29 10:30:00,1,10478.83,10422.95,,10220.38
2019-01-29 11:00:00,1,10603.95,10664.54,,10389.81
2019-01-29 11:30:00,1,10838.68,10758.43,,10577.41
2019-01-29 12:00:00,1,11073.55,11065.16,,10780.99
2019-01-29 12:30:00,1,11340.56,11240.5,10977.61,10977.61
2019-01-29 13:00:00,1,11591.51,11528.18,11194.12,11194.12
2019-01-29 13:30:00,1,11921.88,11768.06,11310.42,11310.42
2019-01-29 14:00:00,1,12047.87,11983.35,11491.87,11491.87
2019-01-29 14:30:00,1,12304.45,12120.38,11689.1,11689.1
2019-01-29 15:00:00,1,12526.13,12523.2,11956.43,11956.43
2019-01-29 15:30:00,1,12732.53,12619.46,12154.41,12154.41
2019-01-29 16:00:00,1,12923.19,12846.24,12272.19,12272.19
2019-01-29 16:30:00,1,12871.28,12937.4,12329.7,12329.7
2019-01-29 17:00:00,1,12842.56,12804.56,12330.4,12330.4
2019-01-29 17:30:00,1,12691.98,12582.53,12190.95,12190.95
2019-01-29 18:00:00,1,12572.28,12556.58,12067.6,12067.6
2019-01-29 18:30:00,1,12219.16,12273.71,11788.03,11788.03
2019-01-29 19:00:00,1,11883.86,11924.25,11493.13,11493.13
2019-01-29 19:30:00,1,11506.37,11701.93,11305.14,11305.14
2019-01-29 20:00:00,1,11280.31,11370.5,11133.32,11133.32
2019-01-29 20:30:00,1,10841.57,10994.97,10835.07,10835.07
2019-01-29 21:00:00,1,10422.24,10451.79,10368.64,10368.64
2019-01-29 21:30:00,1,9994.41,10157.18,10035.55,10035.55
2019-01-29 22:00:00,1,9548.38,9603.26,9659.42,9659.42
2019-01-29 22:30:00,1,9273.1,9322.6,9297.02,9297.02
2019-01-29 23:00:00,1,8884.25,8972.71,8950.54,8950.54
2019-01-29 23:30:00,1,8544.63,8625.22,8648.4,8648.4
2019-01-30 00:00:00,1,8330.48,8342.35,8386.38,8386.38
2019-01-30 00:30:00,1,8116.18,8096.08,8173.89,8173.89
2019-01-30 01:00:00,1,7866.53,7884.22,7959.07,7959.07
2019-01-30 01:30:00,1,7614.39,7621.5,7688.54,7688.54
2019-01-30 02:00:00,1,7352.3,7400.46,7484.06,7484.06
2019-01-30 02:30:00,1,7206.91,7231.64,7316.92,7316.92
2019-01-30 03:00:00,1,7099.81,7162.01,7243.89,7243.89
2019-01-30 03:30:00,1,7157.93,7115.29,7250.35,7250.35
2019-01-30 04:00:00,1,7202.66,7192.56,7290.9,7290.9
2019-01-30 04:30:00,1,7463.49,7396.95,,7473.33
2019-01-30 05:00:00,1,7605.38,7611.5,,7689.09
2019-01-30 05:30:00,1,8084.87,7997.51,,8064.37
2019-01-30 06:00:00,1,8470.69,8425.36,,8427.27
2019-01-30 06:30:00,1,8903.23,8924.68,,8818.51
2019-01-30 07:00:00,1,9291.9,9335.17,,9200.75
2019-01-30 07:30:00,1,9514.2,9634.98,,9531.6
2019-01-30 08:00:00,1,9609.19,9668.37,,9824.36
2019-01-30 08:30:00,1,9834.8,9835.74,,10003.72
2019-01-30 09:00:00,1,10038.76,9964.97,,10162.36
2019-01-30 09:30:00,1,10272.92,10164.08,,10310.95
2019-01-30 10:00:00,1,10415.96,10419.08,,10465.03
2019-01-30 10:30:00,1,10603.12,10537.39,,10618.58
2019-01-30 11:00:00,1,10785.32,10815.54,,10800.3
2019-01-30 11:30:00,1,11022.7,10912.91,,10993.44
2019-01-30 12:00:00,1,11122.86,11061.96,,11232.61
2019-01-30 12:30:00,1,11276.04,11311.92,11485.92,11485.92
2019-01-30 13:00:00,1,11632.12,11626.73,11740.05,11740.05
2019-01-30 13:30:00,1,11686.26,11861.8,11978.28,11978.28
2019-01-30 14:00:00,1,11715.13,12161.85,12167.0,12167.0
2019-01-30 14:30:00,1,11780.92,12310.92,12345.68,12345.68
2019-01-30 15:00:00,1,11899.53,12023.5,12551.42,12551.42
2019-01-30 15:30:00,1,12208.95,12296.43,12751.85,12751.85
2019-01-30 16:00:00,1,12369.34,12565.87,12881.2,12881.2
2019-01-30 16:30:00,1,12228.83,12657.21,12925.14,12925.14
2019-01-30 17:00:00,1,12252.69,12172.44,12851.92,12851.92
2019-01-30 17:30:00,1,12004.28,12005.18,12597.55,12597.55
2019-01-30 18:00:00,1,11921.19,11875.94,12306.97,12306.97
2019-01-30 18:30:00,1,11649.07,11646.45,12006.55,12006.55
2019-01-30 19:00:00,1,11440.62,11430.01,11678.25,11678.25
2019-01-30 19:30:00,1,11298.74,11335.71,11512.1,11512.1
2019-01-30 20:00:00,1,11091.36,11150.11,11284.66,11284.66
2019-01-30 20:30:00,1,10784.07,10779.38,11001.47,11001.47
2019-01-30 21:00:00,1,10349.6,10387.82,10571.01,10571.01
2019-01-30 21:30:00,1,9989.79,10050.94,10224.57,10224.57
2019-01-30 22:00:00,1,9537.1,9594.4,9774.19,9774.19
2019-01-30 22:30:00,1,9206.15,9283.64,9439.54,9439.54
2019-01-30 23:00:00,1,8910.11,8908.53,9059.71,9059.71
2019-01-30 23:30:00,1,8502.88,8606.94,8745.54,8745.54
2019-01-31 00:00:00,1,8246.14,8293.24,8467.75,8467.75
2019-01-31 00:30:00,1,7995.66,8039.24,8244.65,8244.65
2019-01-31 01:00:00,1,7780.72,7788.79,8006.52,8006.52
2019-01-31 01:30:00,1,7435.8,7521.56,7768.59,7768.59
2019-01-31 02:00:00,1,7234.96,7257.2,7567.13,7567.13
2019-01-31 02:30:00,1,7131.98,7113.34,7403.37,7403.37
2019-01-31 03:00:00,1,7047.88,7084.73,7275.6,7275.6
2019-01-31 03:30:00,1,7101.5,7062.09,7258.5,7258.5
2019-01-31 04:00:00,1,7086.18,7119.48,7276.92,7276.92
2019-01-31 04:30:00,1,7325.73,7277.61,,7427.99
2019-01-31 05:00:00,1,7613.07,7523.79,,7634.78
2019-01-31 05:30:00,1,8097.27,8029.41,,8018.03
2019-01-31 06:00:00,1,8503.32,8499.48,,8374.09
2019-01-31 06:30:00,1,8906.25,8981.65,,8768.15
2019-01-31 07:00:00,1,9273.24,9355.69,,9175.17
2019-01-31 07:30:00,1,9536.96,9691.81,,9534.87
2019-01-31 08:00:00,1,9728.73,9837.08,,9775.84
2019-01-31 08:30:00,1,9942.5,9941.7,,10001.39
2019-01-31 09:00:00,1,10170.82,10169.46,,10136.02
2019-01-31 09:30:00,1,10380.41,10408.28,,10327.17
2019-01-31 10:00:00,1,10602.12,10554.06,,10505.38
2019-01-31 10:30:00,1,10693.5,10808.74,,10758.53
2019-01-31 11:00:00,1,10801.99,10900.53,,10980.89
2019-01-31 11:30:00,1,11024.88,11008.82,,11128.45
2019-01-31 12:00:00,1,11345.58,11215.34,,11333.79
2019-01-31 12:30:00,1,11555.76,11583.68,11491.38,11491.38
2019-01-31 13:00:00,1,11966.23,11857.81,11710.39,11710.39
2019-01-31 13:30:00,1,12210.65,12115.46,11999.55,11999.55
2019-01-31 14:00:00,1,12450.94,12336.43,12278.64,12278.64
2019-01-31 14:30:00,1,12658.02,12690.47,12543.74,12543.74
2019-01-31 15:00:00,1,13043.68,13114.8,12827.75,12827.75
2019-01-31 15:30:00,1,13388.48,13336.96,13006.46,13006.46
2019-01-31 16:00:00,1,13638.66,13487.37,13206.52,13206.52
2019-01-31 16:30:00,1,13700.9,13613.5,13279.07,13279.07
2019-01-31 17:00:00,1,13607.67,13590.14,13101.16,13101.16
2019-01-31 17:30:00,1,12853.58,13203.59,12737.89,12737.89
2019-01-31 18:00:00,1,12115.24,12454.52,12437.25,12437.25
2019-01-31 18:30:00,1,11422.04,11643.2,11878.58,11878.58
2019-01-31 19:00:00,1,10889.16,11069.33,11215.93,11215.93
2019-01-31 19:30:00,1,10430.67,10638.1,10841.04,10841.04
2019-01-31 20:00:00,1,10151.35,10260.33,10569.83,10569.83
2019-01-31 20:30:00,1,9639.91,9858.43,10097.28,10097.28
2019-01-31 21:00:00,1,9156.11,9283.83,9684.55,9684.55
2019-01-31 21:30:00,1,8898.25,8948.54,9438.17,9438.17
2019-01-31 22:00:00,1,8584.26,8561.66,9055.9,9055.9
2019-01-31 22:30:00,1,8351.58,8399.02,8802.86,8802.86
2019-01-31 23:00:00,1,8060.04,8115.24,8468.47,8468.47
2019-01-31 23:30:00,1,7803.95,7860.34,8143.55,8143.55
2019-02-04 00:00:00,1,7521.28,7595.7,7384.7,7384.7
2019-02-04 00:30:00,1,7368.77,7372.59,7170.57,7170.57
2019-02-04 01:00:00,1,7144.34,7235.38,6982.49,6982.49
2019-02-04 01:30:00,1,6881.18,6927.26,6725.48,6725.48
2019-02-04 02:00:00,1,6695.11,6749.1,6577.59,6577.59
2019-02-04 02:30:00,1,6670.31,6671.94,6485.14,6485.14
2019-02-04 03:00:00,1,6622.75,6636.69,6475.8,6475.8
2019-02-04 03:30:00,1,6661.79,6619.35,6514.38,6514.38
2019-02-04 04:00:00,1,6724.73,6732.26,6613.6,6613.6
2019-02-04 04:30:00,1,6958.25,6916.87,,6835.04
2019-02-04 05:00:00,1,7227.7,7187.91,,7105.33
2019-02-04 05:30:00,1,7763.92,7750.65,,7561.27
2019-02-04 06:00:00,1,8216.45,8169.0,,7988.09
2019-02-04 06:30:00,1,8607.54,8639.08,,8429.88
2019-02-04 07:00:00,1,8917.51,8979.97,,8825.09
2019-02-04 07:30:00,1,9150.31,9167.44,,9103.98
2019-02-04 08:00:00,1,9283.49,9341.39,,9267.49
2019-02-04 08:30:00,1,9488.01,9470.36,,9438.14
2019-02-04 09:00:00,1,9641.92,9572.68,,9559.43
2019-02-04 09:30:00,1,9737.32,9821.81,,9701.75
2019-02-04 10:00:00,1,9919.89,9855.39,,9862.84
2019-02-04 10:30:00,1,10041.99,10039.72,,10048.34
2019-02-04 11:00:00,1,10181.96,10186.24,,10239.85
2019-02-04 11:30:00,1,10260.5,10328.24,,10382.9
2019-02-04 12:00:00,1,10529.92,10409.37,,10550.57
2019-02-04 12:30:00,1,10832.14,10718.99,10712.86,10712.86
2019-02-04 13:00:00,1,11035.19,10985.54,10910.08,10910.08
2019-02-04 13:30:00,1,11220.72,11148.74,11038.1,11038.1
2019-02-04 14:00:00,1,11366.72,11310.56,11208.99,11208.99
2019-02-04 14:30:00,1,11453.06,11405.97,11384.94,11384.94
2019-02-04 15:00:00,1,11815.99,11694.5,11637.27,11637.27
2019-02-04 15:30:00,1,12031.53,11950.09,11820.39,11820.39
2019-02-04 16:00:00,1,12226.27,12215.47,11980.49,11980.49
2019-02-04 16:30:00,1,12208.69,12258.24,12039.21,12039.21
2019-02-04 17:00:00,1,12194.47,12180.56,12058.25,12058.25
2019-02-04 17:30:00,1,11970.61,11886.73,11826.48,11826.48
2019-02-04 18:00:00,1,11838.53,11804.34,11676.98,11676.98
2019-02-04 18:30:00,1,11482.01,11483.7,11380.49,11380.49
2019-02-04 19:00:00,1,11212.06,11222.13,11103.96,11103.96
2019-02-04 19:30:00,1,10977.26,11089.31,10926.71,10926.71
2019-02-04 20:00:00,1,10718.9,10785.06,10744.34,10744.34
2019-02-04 20:30:00,1,10291.77,10381.92,10364.62,10364.62
2019-02-04 21:00:00,1,9982.65,9920.94,9933.72,9933.72
2019-02-04 21:30:00,1,9717.14,9680.1,9601.54,9601.54
2019-02-04 22:00:00,1,9292.71,9292.13,9196.35,9196.35
2019-02-04 22:30:00,1,9026.96,9062.88,8860.6,8860.6
2019-02-04 23:00:00,1,8619.02,8757.43,8526.6,8526.6
2019-02-04 23:30:00,1,8331.52,8438.0,8220.53,8220.53
2019-02-08 00:00:00,1,7989.15,7982.65,7906.86,7906.86
2019-02-08 00:30:00,1,7766.15,7771.04,7713.36,7713.36
2019-02-08 01:00:00,1,7531.38,7573.89,7511.77,7511.77
2019-02-08 01:30:00,1,7274.63,7258.52,7243.78,7243.78
2019-02-08 02:00:00,1,7094.74,7113.62,7035.04,7035.04
2019-02-08 02:30:00,1,6973.31,6967.31,6896.51,6896.51
2019-02-08 03:00:00,1,6880.87,6915.2,6827.4,6827.4
2019-02-08 03:30:00,1,6883.47,6880.54,6804.03,6804.03
2019-02-08 04:00:00,1,6941.74,6946.18,6856.33,6856.33
2019-02-08 04:30:00,1,7147.76,7124.29,,7051.82
2019-02-08 05:00:00,1,7397.56,7381.32,,7298.77
2019-02-08 05:30:00,1,7827.64,7869.34,,7748.37
2019-02-08 06:00:00,1,8256.85,8223.27,,8161.34
2019-02-08 06:30:00,1,8645.4,8657.14,,8546.13
2019-02-08 07:00:00,1,8951.09,9017.37,,8871.0
2019-02-08 07:30:00,1,9161.16,9153.52,,9082.08
2019-02-08 08:00:00,1,9234.09,9321.56,,9187.14
2019-02-08 08:30:00,1,9382.7,9466.49,,9318.39
2019-02-08 09:00:00,1,9493.89,9471.67,,9385.61
2019-02-08 09:30:00,1,9566.17,9607.82,,9481.0
2019-02-08 10:00:00,1,9617.52,9690.41,,9586.42
2019-02-08 10:30:00,1,9757.81,9751.83,,9678.93
2019-02-08 11:00:00,1,9831.76,9877.5,,9782.76
2019-02-08 11:30:00,1,9979.02,9982.5,,9921.34
2019-02-08 12:00:00,1,10139.47,10111.51,,10069.0
2019-02-08 12:30:00,1,10269.0,10322.96,10215.57,10215.57
2019-02-08 13:00:00,1,10567.2,10450.75,10401.08,10401.08
2019-02-08 13:30:00,1,10707.06,10710.53,10536.52,10536.52
2019-02-08 14:00:00,1,10836.6,10841.26,10736.4,10736.4
2019-02-08 14:30:00,1,10947.4,10945.41,10830.08,10830.08
2019-02-08 15:00:00,1,11242.69,11209.83,11033.21,11033.21
2019-02-08 15:30:00,1,11294.61,11382.78,11153.25,11153.25
2019-02-08 16:00:00,1,11403.56,11442.57,11234.99,11234.99
2019-02-08 16:30:00,1,11299.49,11476.41,11123.48,11123.48
2019-02-08 17:00:00,1,11033.5,11179.2,11076.5,11076.5
2019-02-08 17:30:00,1,10397.48,10648.55,10852.65,10852.65
2019-02-08 18:00:00,1,9892.39,9952.12,10600.15,10600.15
2019-02-08 18:30:00,1,9537.89,9628.39,10330.78,10330.78
2019-02-08 19:00:00,1,9288.19,9406.89,10191.89,10191.89
2019-02-08 19:30:00,1,9139.91,9275.06,10078.53,10078.53
2019-02-08 20:00:00,1,9006.78,9035.0,9948.55,9948.55
2019-02-08 20:30:00,1,8801.78,8763.18,9732.6,9732.6
2019-02-08 21:00:00,1,8516.91,8605.61,9436.97,9436.97
2019-02-08 21:30:00,1,8476.8,8446.06,9279.15,9279.15
2019-02-08 22:00:00,1,8278.26,8260.21,9006.03,9006.03
2019-02-08 22:30:00,1,8175.67,8190.74,8818.36,8818.36
2019-02-08 23:00:00,1,7930.54,7971.9,8500.81,8500.81
2019-02-08 23:30:00,1,7720.69,7743.65,8243.2,8243.2
2019-02-09 00:00:00,1,7561.64,7568.7,8018.6,8018.6
2019-02-09 00:30:00,1,7267.17,7338.94,7759.63,7759.63
2019-02-09 01:00:00,1,7096.98,7104.83,7475.14,7475.14
2019-02-09 01:30:00,1,6783.95,6812.23,7150.23,7150.23
2019-02-09 02:00:00,1,6566.59,6624.64,6928.84,6928.84
2019-02-09 02:30:00,1,6449.73,6453.06,6752.54,6752.54
2019-02-09 03:00:00,1,6331.29,6380.15,6637.18,6637.18
2019-02-09 03:30:00,1,6332.49,6340.06,6588.59,6588.59
2019-02-09 04:00:00,1,6347.11,6315.37,6579.24,6579.24
2019-02-09 04:30:00,1,6377.09,6405.67,,6658.16
2019-02-09 05:00:00,1,6452.45,6443.93,,6757.53
2019-02-09 05:30:00,1,6638.97,6599.92,,6962.75
2019-02-09 06:00:00,1,6749.68,6717.02,,7141.48
2019-02-09 06:30:00,1,6874.49,6993.0,,7364.45
2019-02-09 07:00:00,1,7086.78,7122.05,,7544.38
2019-02-09 07:30:00,1,7280.72,7340.45,,7751.32
2019-02-09 08:00:00,1,7413.03,7523.6,,7900.14
2019-02-09 08:30:00,1,7630.27,7570.13,,8099.44
2019-02-09 09:00:00,1,7645.72,7661.01,,8233.62
2019-02-09 09:30:00,1,7752.54,7741.6,,8336.1
2019-02-09 10:00:00,1,7799.38,7763.31,,8397.18
2019-02-09 10:30:00,1,7885.1,7835.49,,8503.84
2019-02-09 11:00:00,1,8022.56,7947.36,,8586.21
2019-02-09 11:30:00,1,8288.2,8012.17,,8570.53
2019-02-09 12:00:00,1,8384.64,8400.64,,8662.85
2019-02-09 12:30:00,1,8504.44,8475.73,8687.91,8687.91
2019-02-09 13:00:00,1,8648.45,8598.11,8800.85,8800.85
2019-02-09 13:30:00,1,8697.37,8725.42,8858.73,8858.73
2019-02-09 14:00:00,1,8734.38,8726.64,8966.33,8966.33
2019-02-09 14:30:00,1,8703.7,8745.02,9077.18,9077.18
2019-02-09 15:00:00,1,8856.57,8751.53,9298.46,9298.46
2019-02-09 15:30:00,1,9061.01,8997.07,9495.68,9495.68
2019-02-09 16:00:00,1,9254.32,9182.13,9563.64,9563.64
2019-02-09 16:30:00,1,9320.91,9256.48,9634.12,9634.12
2019-02-09 17:00:00,1,9371.2,9432.29,9715.7,9715.7
2019-02-09 17:30:00,1,9340.44,9329.47,9506.96,9506.96
2019-02-09 18:00:00,1,9298.58,9244.88,9368.96,9368.96
2019-02-09 18:30:00,1,9100.51,9139.14,9066.29,9066.29
2019-02-09 19:00:00,1,8840.58,8961.99,8886.7,8886.7
2019-02-09 19:30:00,1,8729.58,8775.99,8732.26,8732.26
2019-02-09 20:00:00,1,8641.89,8641.99,8587.68,8587.68
2019-02-09 20:30:00,1,8362.5,8478.15,8446.58,8446.58
2019-02-09 21:00:00,1,8214.56,8214.21,8219.26,8219.26
2019-02-09 21:30:00,1,7998.99,8088.25,8080.43,8080.43
2019-02-09 22:00:00,1,7812.08,7882.81,7898.46,7898.46
2019-02-09 22:30:00,1,7745.37,7797.21,7647.44,7647.44
2019-02-09 23:00:00,1,7486.43,7535.35,7464.48,7464.48
2019-02-09 23:30:00,1,7289.11,7345.98,7273.54,7273.54
2019-02-12 00:00:00,1,7492.15,7545.99,7497.59,7497.59
2019-02-12 00:30:00,1,7267.14,7313.39,7348.43,7348.43
2019-02-12 01:00:00,1,7047.43,7093.41,7158.65,7158.65
2019-02-12 01:30:00,1,6750.47,6812.9,6904.24,6904.24
2019-02-12 02:00:00,1,6521.74,6595.37,6685.99,6685.99
2019-02-12 02:30:00,1,6368.84,6463.51,6523.61,6523.61
2019-02-12 03:00:00,1,6336.18,6381.46,6428.14,6428.14
2019-02-12 03:30:00,1,6306.53,6382.73,6412.56,6412.56
2019-02-12 04:00:00,1,6367.04,6399.84,6470.12,6470.12
2019-02-12 04:30:00,1,6561.64,6581.61,,6622.58
2019-02-12 05:00:00,1,6720.47,6801.78,,6844.62
2019-02-12 05:30:00,1,7225.29,7237.11,,7246.69
2019-02-12 06:00:00,1,7575.02,7565.98,,7620.58
2019-02-12 06:30:00,1,7938.4,7955.09,,8058.27
2019-02-12 07:00:00,1,8160.27,8242.17,,8404.18
2019-02-12 07:30:00,1,8140.01,8292.67,,8570.92
2019-02-12 08:00:00,1,8203.0,8220.39,,8622.3
2019-02-12 08:30:00,1,8292.75,8316.39,,8640.48
2019-02-12 09:00:00,1,8401.33,8468.85,,8668.72
2019-02-12 09:30:00,1,8528.97,8464.54,,8709.76
2019-02-12 10:00:00,1,8622.0,8634.71,,8823.49
2019-02-12 10:30:00,1,8758.73,8730.66,,8940.86
2019-02-12 11:00:00,1,8961.05,8901.09,,9090.65
2019-02-12 11:30:00,1,9132.15,9088.63,,9195.55
2019-02-12 12:00:00,1,9364.01,9263.59,,9383.67
2019-02-12 12:30:00,1,9573.04,9543.73,9560.02,9560.02
2019-02-12 13:00:00,1,9843.52,9788.42,9804.02,9804.02
2019-02-12 13:30:00,1,10059.12,10028.55,9969.61,9969.61
2019-02-12 14:00:00,1,10393.68,10270.83,10201.14,10201.14
2019-02-12 14:30:00,1,10667.63,10541.13,10580.91,10580.91
2019-02-12 15:00:00,1,11121.6,10895.62,10931.35,10931.35
2019-02-12 15:30:00,1,11493.86,11264.4,11246.31,11246.31
2019-02-12 16:00:00,1,11751.21,11628.35,11473.73,11473.73
2019-02-12 16:30:00,1,11933.23,11775.52,11645.05,11645.05
2019-02-12 17:00:00,1,12110.45,12013.99,11704.6,11704.6
2019-02-12 17:30:00,1,12005.72,11957.4,11516.59,11516.59
2019-02-12 18:00:00,1,11936.42,11871.08,11285.62,11285.62
2019-02-12 18:30:00,1,11643.41,11663.08,10988.9,10988.9
2019-02-12 19:00:00,1,11278.32,11437.83,10674.24,10674.24
2019-02-12 19:30:00,1,11079.55,11105.65,10280.84,10280.84
2019-02-12 20:00:00,1,10781.32,10822.87,10069.28,10069.28
2019-02-12 20:30:00,1,10367.55,10402.03,9772.42,9772.42
2019-02-12 21:00:00,1,9786.69,9941.06,9417.79,9417.79
2019-02-12 21:30:00,1,9434.46,9493.52,9158.45,9158.45
2019-02-12 22:00:00,1,8941.23,9086.57,8839.86,8839.86
2019-02-12 22:30:00,1,8629.82,8716.2,8512.5,8512.5
2019-02-12 23:00:00,1,8271.18,8400.22,8212.53,8212.53
2019-02-12 23:30:00,1,8072.01,8060.96,7923.69,7923.69
2019-02-17 00:00:00,1,7085.7,7126.54,6879.69,6879.69
2019-02-17 00:30:00,1,6874.52,6948.55,6735.64,6735.64
2019-02-17 01:00:00,1,6804.86,6772.01,6586.81,6586.81
2019-02-17 01:30:00,1,6557.16,6587.78,6369.1,6369.1
2019-02-17 02:00:00,1,6410.46,6402.93,6184.75,6184.75
2019-02-17 02:30:00,1,6292.99,6300.59,6090.69,6090.69
2019-02-17 03:00:00,1,6276.36,6241.0,6052.0,6052.0
2019-02-17 03:30:00,1,6278.64,6265.84,6045.88,6045.88
2019-02-17 04:00:00,1,6243.35,6266.74,6066.95,6066.95
2019-02-17 04:30:00,1,6258.32,6283.44,,6130.15
2019-02-17 05:00:00,1,6302.06,6305.45,,6190.3
2019-02-17 05:30:00,1,6442.99,6391.93,,6336.89
2019-02-17 06:00:00,1,6489.68,6512.22,,6413.29
2019-02-17 06:30:00,1,6590.49,6657.0,,6516.12
2019-02-17 07:00:00,1,6760.38,6816.95,,6657.17
2019-02-17 07:30:00,1,6860.15,7005.44,,6836.38
2019-02-17 08:00:00,1,6950.58,7067.11,,6938.81
2019-02-17 08:30:00,1,7096.1,7118.62,,7080.4
2019-02-17 09:00:00,1,7212.96,7305.26,,7175.7
2019-02-17 09:30:00,1,7283.01,7309.04,,7293.09
2019-02-17 10:00:00,1,7359.82,7375.16,,7361.28
2019-02-17 10:30:00,1,7372.29,7437.82,,7405.09
2019-02-17 11:00:00,1,7474.63,7504.25,,7508.23
2019-02-17 11:30:00,1,7562.44,7576.42,,7665.95
2019-02-17 12:00:00,1,7740.75,7697.75,,7799.28
2019-02-17 12:30:00,1,7931.31,7815.29,7950.59,7950.59
2019-02-17 13:00:00,1,8081.43,8062.52,8086.86,8086.86
2019-02-17 13:30:00,1,8263.55,8212.75,8238.47,8238.47
2019-02-17 14:00:00,1,8514.46,8432.73,8362.21,8362.21
2019-02-17 14:30:00,1,8704.62,8642.52,8544.91,8544.91
2019-02-17 15:00:00,1,9002.52,8892.12,8781.66,8781.66
2019-02-17 15:30:00,1,9217.32,9176.02,9001.21,9001.21
2019-02-17 16:00:00,1,9511.15,9326.79,9186.4,9186.4
2019-02-17 16:30:00,1,9663.27,9614.09,9347.73,9347.73
2019-02-17 17:00:00,1,9924.3,9783.09,9520.11,9520.11
2019-02-17 17:30:00,1,9974.41,9902.9,9556.15,9556.15
2019-02-17 18:00:00,1,9902.32,9914.68,9525.16,9525.16
2019-02-17 18:30:00,1,9777.14,9775.17,9369.64,9369.64
2019-02-17 19:00:00,1,9561.73,9647.75,9246.84,9246.84
2019-02-17 19:30:00,1,9505.99,9513.1,9207.25,9207.25
2019-02-17 20:00:00,1,9417.63,9375.69,9065.64,9065.64
2019-02-17 20:30:00,1,9069.32,9165.45,8826.28,8826.28
2019-02-17 21:00:00,1,8765.75,8818.81,8517.17,8517.17
2019-02-17 21:30:00,1,8445.81,8558.48,8294.3,8294.3
2019-02-17 22:00:00,1,8179.41,8212.28,8033.97,8033.97
2019-02-17 22:30:00,1,7963.86,8008.13,7781.29,7781.29
2019-02-17 23:00:00,1,7658.01,7730.02,7531.39,7531.39
2019-02-17 23:30:00,1,7434.32,7474.41,7287.88,7287.88
2019-02-18 00:00:00,1,7283.03,7279.45,7104.7,7104.7
2019-02-18 00:30:00,1,7110.02,7120.75,6893.64,6893.64
2019-02-18 01:00:00,1,6949.94,6986.4,6704.03,6704.03
2019-02-18 01:30:00,1,6702.29,6763.84,6457.91,6457.91
2019-02-18 02:00:00,1,6539.48,6579.86,6261.87,6261.87
2019-02-18 02:30:00,1,6445.26,6503.95,6191.19,6191.19
2019-02-18 03:00:00,1,6446.14,6442.03,6202.41,6202.41
2019-02-18 03:30:00,1,6497.61,6455.34,6256.3,6256.3
2019-02-18 04:00:00,1,6539.46,6543.28,6371.61,6371.61
2019-02-18 04:30:00,1,6774.89,6747.67,,6620.01
2019-02-18 05:00:00,1,7037.98,6990.53,,6879.93
2019-02-18 05:30:00,1,7521.19,7496.68,,7310.8
2019-02-18 06:00:00,1,7917.57,7933.82,,7676.79
2019-02-18 06:30:00,1,8295.46,8322.99,,8111.16
2019-02-18 07:00:00,1,8564.22,8624.45,,8509.05
2019-02-18 07:30:00,1,8667.27,8794.54,,8708.63
2019-02-18 08:00:00,1,8742.65,8835.76,,8835.41
2019-02-18 08:30:00,1,8755.88,8859.0,,8989.09
2019-02-18 09:00:00,1,8962.05,8886.62,,9104.93
2019-02-18 09:30:00,1,9005.73,9035.04,,9217.82
2019-02-18 10:00:00,1,9209.06,9172.14,,9377.55
2019-02-18 10:30:00,1,9246.88,9294.92,,9581.48
2019-02-18 11:00:00,1,9382.17,9456.86,,9792.47
2019-02-18 11:30:00,1,9553.54,9523.16,,10002.34
2019-02-18 12:00:00,1,9832.33,9792.45,,10221.51
2019-02-18 12:30:00,1,10047.62,10060.91,10467.51,10467.51
2019-02-18 13:00:00,1,10244.15,10251.34,10750.6,10750.6
2019-02-18 13:30:00,1,10480.68,10454.03,10961.73,10961.73
2019-02-18 14:00:00,1,10693.22,10634.86,11178.63,11178.63
2019-02-18 14:30:00,1,10918.94,10810.99,11376.6,11376.6
2019-02-18 15:00:00,1,11280.17,11234.26,11682.67,11682.67
2019-02-18 15:30:00,1,11596.16,11500.17,11908.77,11908.77
2019-02-18 16:00:00,1,11833.88,11760.25,12094.67,12094.67
2019-02-18 16:30:00,1,11898.99,11839.12,12165.13,12165.13
2019-02-18 17:00:00,1,11842.81,11791.49,12186.2,12186.2
2019-02-18 17:30:00,1,11572.93,11614.3,11889.91,11889.91
2019-02-18 18:00:00,1,11461.16,11470.15,11740.66,11740.66
2019-02-18 18:30:00,1,11113.47,11162.76,11449.0,11449.0
2019-02-18 19:00:00,1,10749.12,10889.58,11207.22,11207.22
2019-02-18 19:30:00,1,10597.3,10631.54,11063.03,11063.03
2019-02-18 20:00:00,1,10225.38,10354.59,10793.75,10793.75
2019-02-18 20:30:00,1,9834.35,10003.46,10468.9,10468.9
2019-02-18 21:00:00,1,9333.93,9461.12,10013.84,10013.84
2019-02-18 21:30:00,1,9131.27,9196.95,9662.7,9662.7
2019-02-18 22:00:00,1,8740.22,8816.0,9217.05,9217.05
2019-02-18 22:30:00,1,8569.41,8608.61,8872.51,8872.51
2019-02-18 23:00:00,1,8231.83,8314.75,8510.44,8510.44
2019-02-18 23:30:00,1,7997.81,8056.48,8207.41,8207.41
2019-03-06 00:00:00,1,7755.74,7696.78,7807.92,7807.92
2019-03-06 00:30:00,1,7482.17,7535.36,7600.85,7600.85
2019-03-06 01:00:00,1,7253.59,7316.72,7373.85,7373.85
2019-03-06 01:30:00,1,6895.57,7016.61,7092.31,7092.31
2019-03-06 02:00:00,1,6688.93,6723.41,6858.82,6858.82
2019-03-06 02:30:00,1,6539.14,6583.38,6702.8,6702.8
2019-03-06 03:00:00,1,6493.42,6534.34,6606.88,6606.88
2019-03-06 03:30:00,1,6536.35,6532.23,6575.69,6575.69
2019-03-06 04:00:00,1,6565.46,6597.02,6629.33,6629.33
2019-03-06 04:30:00,1,6832.52,6816.83,,6792.23
2019-03-06 05:00:00,1,7116.33,7109.41,,7054.95
2019-03-06 05:30:00,1,7618.19,7655.34,,7517.6
2019-03-06 06:00:00,1,8017.94,8069.72,,7946.55
2019-03-06 06:30:00,1,8424.79,8419.31,,8349.43
2019-03-06 07:00:00,1,8624.69,8667.74,,8705.37
2019-03-06 07:30:00,1,8780.45,8794.36,,8862.79
2019-03-06 08:00:00,1,8877.6,8890.3,,8905.57
2019-03-06 08:30:00,1,9046.78,9068.79,,9015.47
2019-03-06 09:00:00,1,9176.32,9130.42,,9058.77
2019-03-06 09:30:00,1,9308.59,9255.39,,9138.4
2019-03-06 10:00:00,1,9496.23,9452.73,,9245.69
2019-03-06 10:30:00,1,9556.51,9560.6,,9341.48
2019-03-06 11:00:00,1,9586.99,9635.48,,9445.09
2019-03-06 11:30:00,1,9626.04,9661.83,,9521.48
2019-03-06 12:00:00,1,9867.68,9728.43,,9660.41
2019-03-06 12:30:00,1,10026.83,10027.68,9748.81,9748.81
2019-03-06 13:00:00,1,10311.13,10187.26,9934.53,9934.53
2019-03-06 13:30:00,1,10176.0,10372.34,9977.92,9977.92
2019-03-06 14:00:00,1,9897.31,10186.68,10095.51,10095.51
2019-03-06 14:30:00,1,9707.63,9906.16,10068.62,10068.62
2019-03-06 15:00:00,1,9650.9,9749.57,10177.34,10177.34
2019-03-06 15:30:00,1,9619.65,9712.44,10151.29,10151.29
2019-03-06 16:00:00,1,9532.8,9666.93,10130.23,10130.23
2019-03-06 16:30:00,1,9411.69,9502.53,10023.1,10023.1
2019-03-06 17:00:00,1,9474.99,9417.47,9889.29,9889.29
2019-03-06 17:30:00,1,9450.61,9398.27,9802.41,9802.41
2019-03-06 18:00:00,1,9425.91,9462.23,9617.94,9617.94
2019-03-06 18:30:00,1,9274.01,9327.3,9459.81,9459.81
2019-03-06 19:00:00,1,9233.23,9257.19,9361.94,9361.94
2019-03-06 19:30:00,1,9158.87,9141.57,9364.33,9364.33
2019-03-06 20:00:00,1,8887.7,8981.41,9119.39,9119.39
2019-03-06 20:30:00,1,8647.86,8681.43,8890.2,8890.2
2019-03-06 21:00:00,1,8348.22,8386.77,8587.52,8587.52
2019-03-06 21:30:00,1,8180.88,8221.06,8403.27,8403.27
2019-03-06 22:00:00,1,7929.82,7969.69,8162.49,8162.49
2019-03-06 22:30:00,1,7795.07,7884.02,8059.43,8059.43
2019-03-06 23:00:00,1,7651.63,7662.13,7844.68,7844.68
2019-03-06 23:30:00,1,7484.66,7476.08,7632.63,7632.63
2019-03-12 00:00:00,1,7705.35,7660.38,7553.41,7553.41
2019-03-12 00:30:00,1,7485.52,7512.04,7398.44,7398.44
2019-03-12 01:00:00,1,7251.38,7302.52,7214.69,7214.69
2019-03-12 01:30:00,1,6929.53,6979.16,6971.72,6971.72
2019-03-12 02:00:00,1,6701.86,6726.73,6747.98,6747.98
2019-03-12 02:30:00,1,6590.73,6614.16,6614.9,6614.9
2019-03-12 03:00:00,1,6576.68,6567.32,6517.21,6517.21
2019-03-12 03:30:00,1,6577.23,6570.15,6482.62,6482.62
2019-03-12 04:00:00,1,6585.5,6639.87,6523.2,6523.2
2019-03-12 04:30:00,1,6827.41,6801.06,,6692.52
2019-03-12 05:00:00,1,7073.42,7068.71,,6939.74
2019-03-12 05:30:00,1,7590.22,7604.8,,7379.18
2019-03-12 06:00:00,1,8017.41,8057.09,,7803.37
2019-03-12 06:30:00,1,8365.9,8380.58,,8200.39
2019-03-12 07:00:00,1,8625.31,8684.62,,8503.9
2019-03-12 07:30:00,1,8703.51,8771.26,,8584.85
2019-03-12 08:00:00,1,8759.38,8821.57,,8572.28
2019-03-12 08:30:00,1,8852.37,8895.46,,8578.3
2019-03-12 09:00:00,1,8836.9,8912.81,,8552.44
2019-03-12 09:30:00,1,8877.25,8904.09,,8575.53
2019-03-12 10:00:00,1,8916.6,8972.65,,8601.0
2019-03-12 10:30:00,1,8941.28,9002.02,,8614.0
2019-03-12 11:00:00,1,9028.89,9022.84,,8675.09
2019-03-12 11:30:00,1,9073.43,9116.33,,8746.68
2019-03-12 12:00:00,1,9254.23,9198.85,,8869.11
2019-03-12 12:30:00,1,9383.02,9384.0,8989.39,8989.39
2019-03-12 13:00:00,1,9607.23,9489.93,9159.81,9159.81
2019-03-12 13:30:00,1,9770.0,9730.95,9350.43,9350.43
2019-03-12 14:00:00,1,9876.56,9884.85,9568.43,9568.43
2019-03-12 14:30:00,1,10078.69,9996.51,9799.43,9799.43
2019-03-12 15:00:00,1,10369.77,10298.56,10081.21,10081.21
2019-03-12 15:30:00,1,10673.08,10569.19,10338.95,10338.95
2019-03-12 16:00:00,1,10782.97,10780.39,10553.28,10553.28
2019-03-12 16:30:00,1,10882.64,10860.53,10667.96,10667.96
2019-03-12 17:00:00,1,10997.06,10901.53,10737.2,10737.2
2019-03-12 17:30:00,1,10877.09,10823.99,10643.27,10643.27
2019-03-12 18:00:00,1,10780.2,10816.18,10578.25,10578.25
2019-03-12 18:30:00,1,10443.38,10577.49,10387.29,10387.29
2019-03-12 19:00:00,1,10360.78,10372.38,10265.71,10265.71
2019-03-12 19:30:00,1,10124.06,10170.6,9964.17,9964.17
2019-03-12 20:00:00,1,9891.18,9909.67,9672.8,9672.8
2019-03-12 20:30:00,1,9483.66,9574.27,9189.19,9189.19
2019-03-12 21:00:00,1,9034.47,9155.18,8810.27,8810.27
2019-03-12 21:30:00,1,8733.93,8863.73,8559.27,8559.27
2019-03-12 22:00:00,1,8377.5,8431.59,8253.04,8253.04
2019-03-12 22:30:00,1,8215.9,8269.6,8024.32,8024.32
2019-03-12 23:00:00,1,7958.68,7989.56,7789.39,7789.39
2019-03-12 23:30:00,1,7792.35,7752.22,7607.42,7607.42
2019-03-24 00:00:00,1,6965.13,6943.96,7079.96,7079.96
2019-03-24 00:30:00,1,6788.05,6826.77,6899.79,6899.79
2019-03-24 01:00:00,1,6615.18,6662.29,6733.17,6733.17
2019-03-24 01:30:00,1,6381.62,6422.75,6529.51,6529.51
2019-03-24 02:00:00,1,6219.18,6234.93,6333.89,6333.89
2019-03-24 02:30:00,1,6098.74,6122.11,6231.56,6231.56
2019-03-24 03:00:00,1,6014.65,6058.25,6144.52,6144.52
2019-03-24 03:30:00,1,6017.34,6000.36,6103.22,6103.22
2019-03-24 04:00:00,1,5969.84,5981.2,6076.23,6076.23
2019-03-24 04:30:00,1,6023.55,6012.6,,6057.08
2019-03-24 05:00:00,1,6055.28,6078.06,,6131.27
2019-03-24 05:30:00,1,6218.41,6191.59,,6235.96
2019-03-24 06:00:00,1,6376.72,6325.38,,6369.98
2019-03-24 06:30:00,1,6570.15,6555.09,,6568.35
2019-03-24 07:00:00,1,6792.61,6764.7,,6756.77
2019-03-24 07:30:00,1,7039.78,7038.88,,6919.57
2019-03-24 08:00:00,1,7175.51,7203.56,,7087.85
2019-03-24 08:30:00,1,7308.23,7276.09,,7248.31
2019-03-24 09:00:00,1,7393.58,7376.13,,7372.74
2019-03-24 09:30:00,1,7540.97,7481.66,,7503.51
2019-03-24 10:00:00,1,7499.91,7584.78,,7572.18
2019-03-24 10:30:00,1,7562.87,7525.15,,7633.4
2019-03-24 11:00:00,1,7640.48,7691.32,,7733.15
2019-03-24 11:30:00,1,7771.67,7726.16,,7833.4
2019-03-24 12:00:00,1,7888.33,7871.15,,7940.84
2019-03-24 12:30:00,1,7994.07,8039.08,8044.06,8044.06
2019-03-24 13:00:00,1,8219.58,8180.21,8158.27,8158.27
2019-03-24 13:30:00,1,8307.54,8389.57,8304.85,8304.85
2019-03-24 14:00:00,1,8446.16,8411.7,8466.12,8466.12
2019-03-24 14:30:00,1,8622.08,8655.9,8651.6,8651.6
2019-03-24 15:00:00,1,8918.76,8806.42,8823.43,8823.43
2019-03-24 15:30:00,1,8980.47,8974.82,8986.88,8986.88
2019-03-24 16:00:00,1,9034.35,9082.02,9138.1,9138.1
2019-03-24 16:30:00,1,9095.9,9022.31,9260.09,9260.09
2019-03-24 17:00:00,1,9129.7,9171.04,9379.77,9379.77
2019-03-24 17:30:00,1,9112.89,9112.11,9412.79,9412.79
2019-03-24 18:00:00,1,9006.47,8992.84,9371.63,9371.63
2019-03-24 18:30:00,1,8911.47,8958.9,9377.59,9377.59
2019-03-24 19:00:00,1,8802.33,8857.85,9255.2,9255.2
2019-03-24 19:30:00,1,8497.17,8638.9,9036.07,9036.07
2019-03-24 20:00:00,1,8340.3,8307.84,8819.78,8819.78
2019-03-24 20:30:00,1,8109.26,8150.42,8603.37,8603.37
2019-03-24 21:00:00,1,7905.92,7868.25,8340.09,8340.09
2019-03-24 21:30:00,1,7621.83,7735.94,8119.23,8119.23
2019-03-24 22:00:00,1,7407.72,7443.29,7872.69,7872.69
2019-03-24 22:30:00,1,7322.95,7339.53,7649.22,7649.22
2019-03-24 23:00:00,1,7092.93,7110.61,7422.61,7422.61
2019-03-24 23:30:00,1,6875.21,6971.33,7210.8,7210.8
2019-04-08 00:00:00,1,6900.78,6953.42,6760.77,6760.77
2019-04-08 00:30:00,1,6780.04,6766.2,6638.16,6638.16
2019-04-08 01:00:00,1,6647.6,6631.53,6496.26,6496.26
2019-04-08 01:30:00,1,6472.63,6476.89,6341.54,6341.54
2019-04-08 02:00:00,1,6380.37,6348.27,6196.06,6196.06
2019-04-08 02:30:00,1,6200.18,6186.86,6008.75,6008.75
2019-04-08 03:00:00,1,6070.64,6049.09,5910.13,5910.13
2019-04-08 03:30:00,1,5978.87,5981.97,5856.04,5856.04
2019-04-08 04:00:00,1,5999.97,5957.55,5845.47,5845.47
2019-04-08 04:30:00,1,6055.79,6044.49,,5918.98
2019-04-08 05:00:00,1,6171.37,6139.55,,6055.85
2019-04-08 05:30:00,1,6437.25,6393.62,,6342.66
2019-04-08 06:00:00,1,6750.85,6685.01,,6665.14
2019-04-08 06:30:00,1,7188.8,7238.88,,7046.8
2019-04-08 07:00:00,1,7657.98,7644.27,,7360.91
2019-04-08 07:30:00,1,7755.98,7972.88,,7480.72
2019-04-08 08:00:00,1,7861.02,7927.71,,7544.2
2019-04-08 08:30:00,1,7902.16,7993.84,,7577.55
2019-04-08 09:00:00,1,7839.02,7923.73,,7553.7
2019-04-08 09:30:00,1,7823.39,7861.82,,7598.4
2019-04-08 10:00:00,1,7855.56,7886.82,,7625.78
2019-04-08 10:30:00,1,7883.0,7970.67,,7695.5
2019-04-08 11:00:00,1,7956.7,7999.91,,7730.61
2019-04-08 11:30:00,1,7975.33,7983.09,,7728.29
2019-04-08 12:00:00,1,8040.64,8041.43,,7820.04
2019-04-08 12:30:00,1,8158.64,8208.91,7952.61,7952.61
2019-04-08 13:00:00,1,8264.91,8281.64,8099.01,8099.01
2019-04-08 13:30:00,1,8424.46,8386.11,8269.65,8269.65
2019-04-08 14:00:00,1,8701.74,8566.54,8382.53,8382.53
2019-04-08 14:30:00,1,8803.19,8891.74,8512.47,8512.47
2019-04-08 15:00:00,1,8939.21,8898.13,8706.92,8706.92
2019-04-08 15:30:00,1,9058.89,9053.73,8847.9,8847.9
2019-04-08 16:00:00,1,9254.77,9223.46,9019.82,9019.82
2019-04-08 16:30:00,1,9382.27,9303.15,9094.25,9094.25
2019-04-08 17:00:00,1,9517.44,9465.29,9187.69,9187.69
2019-04-08 17:30:00,1,9459.51,9492.66,9163.69,9163.69
2019-04-08 18:00:00,1,9584.54,9631.25,9300.63,9300.63
2019-04-08 18:30:00,1,9703.26,9573.03,9345.73,9345.73
2019-04-08 19:00:00,1,9553.17,9529.91,9199.5,9199.5
2019-04-08 19:30:00,1,9189.8,9269.19,8854.56,8854.56
2019-04-08 20:00:00,1,8908.58,8935.76,8589.51,8589.51
2019-04-08 20:30:00,1,8616.12,8712.86,8436.15,8436.15
2019-04-08 21:00:00,1,8372.94,8408.17,8213.86,8213.86
2019-04-08 21:30:00,1,8104.25,8178.4,7990.4,7990.4
2019-04-08 22:00:00,1,7886.43,7901.06,7791.02,7791.02
2019-04-08 22:30:00,1,7780.78,7874.57,7699.23,7699.23
2019-04-08 23:00:00,1,7555.4,7616.32,7534.8,7534.8
2019-04-08 23:30:00,1,7364.24,7510.41,7425.37,7425.37
2019-10-04 00:00:00,1,7374.65,7418.98,7390.5,7390.5
2019-10-04 00:30:00,1,7134.87,7253.06,7230.32,7230.32
2019-10-04 01:00:00,1,7005.09,7019.91,7045.2,7045.2
2019-10-04 01:30:00,1,6818.94,6817.08,6846.75,6846.75
2019-10-04 02:00:00,1,6593.52,6626.02,6631.76,6631.76
2019-10-04 02:30:00,1,6301.97,6361.0,6370.23,6370.23
2019-10-04 03:00:00,1,6106.83,6143.75,6158.29,6158.29
2019-10-04 03:30:00,1,5990.67,6015.67,6025.76,6025.76
2019-10-04 04:00:00,1,5933.1,5964.46,5976.63,5976.63
2019-10-04 04:30:00,1,5963.51,6012.57,,6038.88
2019-10-04 05:00:00,1,6025.96,6088.47,,6140.18
2019-10-04 05:30:00,1,6302.54,6290.57,,6368.8
2019-10-04 06:00:00,1,6436.76,6505.76,,6586.99
2019-10-04 06:30:00,1,6743.07,6793.06,,6889.54
2019-10-04 07:00:00,1,6991.48,7025.35,,7096.71
2019-10-04 07:30:00,1,7045.98,7158.49,,7039.15
2019-10-04 08:00:00,1,7162.42,7200.44,,7063.7
2019-10-04 08:30:00,1,7160.52,7266.98,,7136.88
2019-10-04 09:00:00,1,7157.66,7191.95,,7161.42
2019-10-04 09:30:00,1,7267.22,7273.34,,7262.37
2019-10-04 10:00:00,1,7278.39,7275.98,,7291.8
2019-10-04 10:30:00,1,7279.78,7325.1,,7327.39
2019-10-04 11:00:00,1,7278.02,7350.08,,7346.75
2019-10-04 11:30:00,1,7351.31,7343.31,,7417.92
2019-10-04 12:00:00,1,7393.81,7383.05,,7487.41
2019-10-04 12:30:00,1,7445.2,7454.45,7578.31,7578.31
2019-10-04 13:00:00,1,7479.02,7497.94,7668.25,7668.25
2019-10-04 13:30:00,1,7581.5,7563.91,7696.48,7696.48
2019-10-04 14:00:00,1,7673.74,7636.14,7771.45,7771.45
2019-10-04 14:30:00,1,7735.22,7799.02,7747.93,7747.93
2019-10-04 15:00:00,1,7780.17,7825.25,7793.86,7793.86
2019-10-04 15:30:00,1,7828.16,7853.9,7778.17,7778.17
2019-10-04 16:00:00,1,7869.96,7934.67,7826.22,7826.22
2019-10-04 16:30:00,1,8028.72,7929.39,7962.63,7962.63
2019-10-04 17:00:00,1,8180.64,8026.23,8000.27,8000.27
2019-10-04 17:30:00,1,8223.12,8182.48,8045.93,8045.93
2019-10-04 18:00:00,1,8415.97,8354.16,8124.96,8124.96
2019-10-04 18:30:00,1,8515.09,8502.79,8425.41,8425.41
2019-10-04 19:00:00,1,8422.91,8576.16,8453.81,8453.81
2019-10-04 19:30:00,1,8213.12,8173.66,8372.78,8372.78
2019-10-04 20:00:00,1,8021.39,7984.66,8174.87,8174.87
2019-10-04 20:30:00,1,7868.4,7859.92,8027.58,8027.58
2019-10-04 21:00:00,1,7724.23,7744.39,7856.03,7856.03
2019-10-04 21:30:00,1,7615.6,7674.48,7694.99,7694.99
2019-10-04 22:00:00,1,7450.93,7518.93,7556.62,7556.62
2019-10-04 22:30:00,1,7566.27,7531.95,7540.7,7540.7
2019-10-04 23:00:00,1,7442.07,7447.46,7463.39,7463.39
2019-10-04 23:30:00,1,7418.91,7395.09,7434.21,7434.21
2019-10-25 00:00:00,1,7167.75,7197.46,7228.82,7228.82
2019-10-25 00:30:00,1,7014.4,7038.39,7073.98,7073.98
2019-10-25 01:00:00,1,6789.73,6823.51,6902.83,6902.83
2019-10-25 01:30:00,1,6515.4,6510.65,6646.11,6646.11
2019-10-25 02:00:00,1,6285.34,6283.95,6403.99,6403.99
2019-10-25 02:30:00,1,6166.68,6135.3,6238.41,6238.41
2019-10-25 03:00:00,1,6132.08,6077.64,6152.8,6152.8
2019-10-25 03:30:00,1,6119.26,6098.14,6141.19,6141.19
2019-10-25 04:00:00,1,6213.61,6182.71,6215.67,6215.67
2019-10-25 04:30:00,1,6374.74,6436.63,,6375.44
2019-10-25 05:00:00,1,6665.81,6644.17,,6629.87
2019-10-25 05:30:00,1,7080.82,7110.05,,7027.34
2019-10-25 06:00:00,1,7473.6,7450.37,,7448.32
2019-10-25 06:30:00,1,7697.84,7741.69,,7765.4
2019-10-25 07:00:00,1,7846.21,7924.69,,7976.55
2019-10-25 07:30:00,1,7757.12,7924.22,,7935.11
2019-10-25 08:00:00,1,7719.45,7844.76,,7882.77
2019-10-25 08:30:00,1,7741.5,7841.25,,7875.19
2019-10-25 09:00:00,1,7767.06,7828.09,,7911.81
2019-10-25 09:30:00,1,7836.41,7858.67,,8030.1
2019-10-25 10:00:00,1,7959.9,7962.88,,8166.71
2019-10-25 10:30:00,1,8025.39,8020.13,,8278.43
2019-10-25 11:00:00,1,8102.05,8099.26,,8410.43
2019-10-25 11:30:00,1,8232.13,8191.9,,8526.95
2019-10-25 12:00:00,1,8329.86,8383.98,,8758.59
2019-10-25 12:30:00,1,8477.02,8494.19,8901.9,8901.9
2019-10-25 13:00:00,1,8606.28,8638.96,9125.01,9125.01
2019-10-25 13:30:00,1,8788.12,8830.08,9238.83,9238.83
2019-10-25 14:00:00,1,8997.73,8977.57,9324.92,9324.92
2019-10-25 14:30:00,1,9124.67,9140.14,9465.25,9465.25
2019-10-25 15:00:00,1,9331.38,9403.83,9650.46,9650.46
2019-10-25 15:30:00,1,9373.45,9440.29,9794.55,9794.55
2019-10-25 16:00:00,1,9497.16,9461.1,9872.01,9872.01
2019-10-25 16:30:00,1,9514.79,9509.27,9895.24,9895.24
2019-10-25 17:00:00,1,9343.44,9429.82,9881.83,9881.83
2019-10-25 17:30:00,1,9184.71,9143.46,9735.17,9735.17
2019-10-25 18:00:00,1,9088.73,9110.16,9562.94,9562.94
2019-10-25 18:30:00,1,8996.47,8997.35,9401.62,9401.62
2019-10-25 19:00:00,1,8977.48,8969.55,9301.16,9301.16
2019-10-25 19:30:00,1,8799.37,8774.09,9051.08,9051.08
2019-10-25 20:00:00,1,8646.88,8667.48,8807.41,8807.41
2019-10-25 20:30:00,1,8430.98,8392.59,8529.5,8529.5
2019-10-25 21:00:00,1,8202.44,8195.15,8248.84,8248.84
2019-10-25 21:30:00,1,8075.99,8100.67,8047.56,8047.56
2019-10-25 22:00:00,1,7866.98,7847.33,7877.68,7877.68
2019-10-25 22:30:00,1,7869.35,7788.47,7824.48,7824.48
2019-10-25 23:00:00,1,7750.17,7630.44,7655.96,7655.96
2019-10-25 23:30:00,1,7475.86,7537.47,7445.92,7445.92
2019-10-26 00:00:00,1,7303.25,7332.72,7283.38,7283.38
2019-10-26 00:30:00,1,7068.66,7157.02,7069.23,7069.23
2019-10-26 01:00:00,1,6801.21,6811.34,6820.43,6820.43
2019-10-26 01:30:00,1,6541.07,6522.98,6529.57,6529.57
2019-10-26 02:00:00,1,6280.26,6254.06,6264.07,6264.07
2019-10-26 02:30:00,1,6128.43,6118.61,6121.95,6121.95
2019-10-26 03:00:00,1,6027.77,6007.52,6021.93,6021.93
2019-10-26 03:30:00,1,5988.11,6003.04,5996.71,5996.71
2019-10-26 04:00:00,1,6022.09,6013.73,5996.17,5996.17
2019-10-26 04:30:00,1,6029.44,6114.55,,6050.59
2019-10-26 05:00:00,1,6180.26,6184.71,,6145.86
2019-10-26 05:30:00,1,6309.76,6381.57,,6332.54
2019-10-26 06:00:00,1,6463.05,6473.25,,6567.41
2019-10-26 06:30:00,1,6658.06,6675.52,,6758.41
2019-10-26 07:00:00,1,6815.9,6881.67,,6930.56
2019-10-26 07:30:00,1,6995.06,7029.51,,6974.17
2019-10-26 08:00:00,1,6989.77,7113.88,,7006.84
2019-10-26 08:30:00,1,7212.12,7177.96,,7071.0
2019-10-26 09:00:00,1,7143.43,7227.83,,7011.16
2019-10-26 09:30:00,1,7111.72,7239.27,,6990.19
2019-10-26 10:00:00,1,6994.39,7112.81,,6917.9
2019-10-26 10:30:00,1,6985.5,6989.89,,6794.16
2019-10-26 11:00:00,1,6885.88,7013.71,,6773.47
2019-10-26 11:30:00,1,6895.06,6898.69,,6687.02
2019-10-26 12:00:00,1,7006.37,6935.47,,6723.82
2019-10-26 12:30:00,1,7051.71,7119.64,6730.66,6730.66
2019-10-26 13:00:00,1,6990.42,7050.94,6786.72,6786.72
2019-10-26 13:30:00,1,6992.28,7066.84,6819.4,6819.4
2019-10-26 14:00:00,1,7041.77,7142.71,6854.56,6854.56
2019-10-26 14:30:00,1,7164.25,7127.75,6922.63,6922.63
2019-10-26 15:00:00,1,7243.6,7263.31,7020.99,7020.99
2019-10-26 15:30:00,1,7392.97,7341.36,7204.39,7204.39
2019-10-26 16:00:00,1,7592.24,7429.33,7354.09,7354.09
2019-10-26 16:30:00,1,7631.95,7566.56,7438.59,7438.59
2019-10-26 17:00:00,1,7783.86,7689.38,7521.06,7521.06
2019-10-26 17:30:00,1,7875.88,7818.64,7510.12,7510.12
2019-10-26 18:00:00,1,7866.04,7834.98,7501.07,7501.07
2019-10-26 18:30:00,1,7776.57,7875.54,7495.42,7495.42
2019-10-26 19:00:00,1,7813.3,7743.76,7537.07,7537.07
2019-10-26 19:30:00,1,7678.8,7727.65,7493.21,7493.21
2019-10-26 20:00:00,1,7557.31,7519.08,7380.04,7380.04
2019-10-26 20:30:00,1,7450.78,7406.88,7279.52,7279.52
2019-10-26 21:00:00,1,7287.79,7311.71,7144.12,7144.12
2019-10-26 21:30:00,1,7189.37,7200.74,7024.95,7024.95
2019-10-26 22:00:00,1,7064.8,7056.39,6940.34,6940.34
2019-10-26 22:30:00,1,7006.28,7063.57,6887.16,6887.16
2019-10-26 23:00:00,1,6841.52,6879.7,6793.41,6793.41
2019-10-26 23:30:00,1,6674.53,6674.29,6676.59,6676.59
2019-11-03 00:00:00,1,6906.28,6880.81,7003.97,7003.97
2019-11-03 00:30:00,1,6779.41,6803.0,6834.3,6834.3
2019-11-03 01:00:00,1,6588.56,6633.17,6673.41,6673.41
2019-11-03 01:30:00,1,6327.79,6372.64,6450.07,6450.07
2019-11-03 02:00:00,1,6160.27,6128.12,6234.36,6234.36
2019-11-03 02:30:00,1,6045.91,6036.43,6102.93,6102.93
2019-11-03 03:00:00,1,6045.22,5980.27,6039.43,6039.43
2019-11-03 03:30:00,1,5984.93,5986.78,6024.98,6024.98
2019-11-03 04:00:00,1,6004.34,5958.55,6037.28,6037.28
2019-11-03 04:30:00,1,5998.54,6054.15,,6071.53
2019-11-03 05:00:00,1,6047.7,6018.06,,6105.63
2019-11-03 05:30:00,1,6063.15,6099.53,,6209.36
2019-11-03 06:00:00,1,6133.5,6165.78,,6323.84
2019-11-03 06:30:00,1,6298.89,6335.7,,6510.93
2019-11-03 07:00:00,1,6429.63,6485.12,,6652.72
2019-11-03 07:30:00,1,6566.27,6567.76,,6855.86
2019-11-03 08:00:00,1,6718.61,6683.64,,7011.86
2019-11-03 08:30:00,1,6811.45,6866.35,,7197.26
2019-11-03 09:00:00,1,6852.56,6897.27,,7332.85
2019-11-03 09:30:00,1,6894.22,7009.28,,7436.32
2019-11-03 10:00:00,1,6938.71,6914.27,,7488.6
2019-11-03 10:30:00,1,7047.91,6983.44,,7494.59
2019-11-03 11:00:00,1,7159.48,7067.36,,7559.98
2019-11-03 11:30:00,1,7312.58,7312.79,,7585.42
2019-11-03 12:00:00,1,7355.38,7439.16,,7667.97
2019-11-03 12:30:00,1,7534.9,7421.14,7715.44,7715.44
2019-11-03 13:00:00,1,7622.61,7630.76,7821.47,7821.47
2019-11-03 13:30:00,1,7601.02,7679.95,7887.7,7887.7
2019-11-03 14:00:00,1,7652.24,7624.56,7879.49,7879.49
2019-11-03 14:30:00,1,7972.96,7848.84,7978.21,7978.21
2019-11-03 15:00:00,1,8125.98,7967.87,8074.85,8074.85
2019-11-03 15:30:00,1,8111.65,8180.42,8185.14,8185.14
2019-11-03 16:00:00,1,8055.71,8075.55,8250.07,8250.07
2019-11-03 16:30:00,1,8102.92,8073.25,8268.93,8268.93
2019-11-03 17:00:00,1,8157.07,8257.28,8362.65,8362.65
2019-11-03 17:30:00,1,8212.73,8114.01,8418.43,8418.43
2019-11-03 18:00:00,1,8256.86,8184.11,8412.83,8412.83
2019-11-03 18:30:00,1,8312.16,8132.39,8365.16,8365.16
2019-11-03 19:00:00,1,8360.95,8357.21,8363.69,8363.69
2019-11-03 19:30:00,1,8195.16,8328.15,8304.6,8304.6
2019-11-03 20:00:00,1,8060.75,8063.13,8185.1,8185.1
2019-11-03 20:30:00,1,7912.74,7893.32,8003.69,8003.69
2019-11-03 21:00:00,1,7676.82,7668.02,7752.42,7752.42
2019-11-03 21:30:00,1,7505.38,7563.76,7572.51,7572.51
2019-11-03 22:00:00,1,7333.09,7320.54,7396.49,7396.49
2019-11-03 22:30:00,1,7240.06,7264.61,7255.74,7255.74
2019-11-03 23:00:00,1,7041.83,7052.76,7089.72,7089.72
2019-11-03 23:30:00,1,6885.67,6893.33,6900.65,6900.65
2019-11-12 00:00:00,1,7113.79,7060.18,7059.68,7059.68
2019-11-12 00:30:00,1,6902.87,6947.89,6922.25,6922.25
2019-11-12 01:00:00,1,6745.56,6748.61,6741.55,6741.55
2019-11-12 01:30:00,1,6435.53,6526.11,6484.14,6484.14
2019-11-12 02:00:00,1,6237.49,6238.62,6252.78,6252.78
2019-11-12 02:30:00,1,6075.54,6108.13,6093.72,6093.72
2019-11-12 03:00:00,1,6052.86,6028.56,6007.28,6007.28
2019-11-12 03:30:00,1,6063.56,6040.85,5997.83,5997.83
2019-11-12 04:00:00,1,6105.17,6132.87,6062.93,6062.93
2019-11-12 04:30:00,1,6353.95,6341.56,,6267.02
2019-11-12 05:00:00,1,6434.13,6561.46,,6487.91
2019-11-12 05:30:00,1,6848.11,6857.18,,6864.27
2019-11-12 06:00:00,1,7227.15,7230.21,,7271.26
2019-11-12 06:30:00,1,7349.9,7452.18,,7585.09
2019-11-12 07:00:00,1,7390.29,7510.83,,7768.15
2019-11-12 07:30:00,1,7447.8,7488.13,,7674.63
2019-11-12 08:00:00,1,7381.48,7464.01,,7647.21
2019-11-12 08:30:00,1,7443.97,7469.56,,7653.52
2019-11-12 09:00:00,1,7475.49,7529.64,,7660.3
2019-11-12 09:30:00,1,7546.14,7572.05,,7743.97
2019-11-12 10:00:00,1,7609.75,7671.76,,7818.94
2019-11-12 10:30:00,1,7701.89,7719.72,,7867.35
2019-11-12 11:00:00,1,7824.23,7782.93,,7962.37
2019-11-12 11:30:00,1,7859.06,7893.34,,8036.09
2019-11-12 12:00:00,1,7994.03,7917.0,,8203.92
2019-11-12 12:30:00,1,8165.55,8097.23,8353.63,8353.63
2019-11-12 13:00:00,1,8308.91,8254.37,8578.47,8578.47
2019-11-12 13:30:00,1,8501.44,8483.87,8689.16,8689.16
2019-11-12 14:00:00,1,8735.58,8594.35,8878.98,8878.98
2019-11-12 14:30:00,1,9001.26,8879.42,9048.16,9048.16
2019-11-12 15:00:00,1,9355.2,9299.63,9311.33,9311.33
2019-11-12 15:30:00,1,9592.36,9507.48,9585.1,9585.1
2019-11-12 16:00:00,1,9860.49,9741.3,9832.81,9832.81
2019-11-12 16:30:00,1,10036.97,9937.12,9968.81,9968.81
2019-11-12 17:00:00,1,10183.0,10120.26,9988.16,9988.16
2019-11-12 17:30:00,1,10063.94,10034.49,9757.17,9757.17
2019-11-12 18:00:00,1,9900.75,9944.43,9606.98,9606.98
2019-11-12 18:30:00,1,9663.88,9649.44,9415.75,9415.75
2019-11-12 19:00:00,1,9422.64,9526.38,9289.64,9289.64
2019-11-12 19:30:00,1,9140.12,9316.44,8938.14,8938.14
2019-11-12 20:00:00,1,8876.28,8942.36,8721.71,8721.71
2019-11-12 20:30:00,1,8437.48,8618.27,8371.68,8371.68
2019-11-12 21:00:00,1,8003.52,8137.95,8075.26,8075.26
2019-11-12 21:30:00,1,7755.88,7915.32,7965.36,7965.36
2019-11-12 22:00:00,1,7551.94,7562.06,7753.37,7753.37
2019-11-12 22:30:00,1,7444.66,7489.44,7618.08,7618.08
2019-11-12 23:00:00,1,7237.41,7311.37,7436.46,7436.46
2019-11-12 23:30:00,1,7130.78,7166.12,7295.27,7295.27
2019-11-15 00:00:00,1,7098.5,7124.73,7104.04,7104.04
2019-11-15 00:30:00,1,6929.17,6942.41,6943.42,6943.42
2019-11-15 01:00:00,1,6684.71,6748.47,6758.89,6758.89
2019-11-15 01:30:00,1,6458.96,6431.74,6504.72,6504.72
2019-11-15 02:00:00,1,6250.12,6218.48,6284.59,6284.59
2019-11-15 02:30:00,1,6116.04,6101.62,6135.13,6135.13
2019-11-15 03:00:00,1,6029.96,6017.96,6062.56,6062.56
2019-11-15 03:30:00,1,6073.04,6051.04,6066.79,6066.79
2019-11-15 04:00:00,1,6105.95,6128.82,6147.1,6147.1
2019-11-15 04:30:00,1,6362.15,6317.55,,6334.44
2019-11-15 05:00:00,1,6521.68,6554.13,,6550.17
2019-11-15 05:30:00,1,6888.35,6951.11,,6925.4
2019-11-15 06:00:00,1,7186.41,7227.14,,7302.47
2019-11-15 06:30:00,1,7373.44,7416.04,,7550.44
2019-11-15 07:00:00,1,7483.04,7562.02,,7656.22
2019-11-15 07:30:00,1,7500.27,7597.37,,7500.94
2019-11-15 08:00:00,1,7361.45,7443.8,,7387.4
2019-11-15 08:30:00,1,7399.78,7423.85,,7406.4
2019-11-15 09:00:00,1,7298.76,7419.0,,7361.62
2019-11-15 09:30:00,1,7249.99,7300.16,,7360.34
2019-11-15 10:00:00,1,7298.67,7300.87,,7365.21
2019-11-15 10:30:00,1,7227.75,7370.13,,7368.02
2019-11-15 11:00:00,1,7265.27,7266.19,,7384.01
2019-11-15 11:30:00,1,7223.72,7323.94,,7393.71
2019-11-15 12:00:00,1,7332.68,7256.94,,7435.19
2019-11-15 12:30:00,1,7431.54,7409.11,7546.92,7546.92
2019-11-15 13:00:00,1,7571.49,7570.75,7682.95,7682.95
2019-11-15 13:30:00,1,7665.29,7649.06,7837.81,7837.81
2019-11-15 14:00:00,1,7797.97,7830.89,7952.18,7952.18
2019-11-15 14:30:00,1,7987.89,7979.51,8104.51,8104.51
2019-11-15 15:00:00,1,8226.82,8288.61,8341.17,8341.17
2019-11-15 15:30:00,1,8426.34,8330.2,8537.5,8537.5
2019-11-15 16:00:00,1,8661.07,8570.62,8704.74,8704.74
2019-11-15 16:30:00,1,8853.54,8754.95,8809.41,8809.41
2019-11-15 17:00:00,1,9016.46,8969.95,8900.59,8900.59
2019-11-15 17:30:00,1,8854.25,8845.82,8886.27,8886.27
2019-11-15 18:00:00,1,8806.53,8737.41,8781.95,8781.95
2019-11-15 18:30:00,1,8648.17,8769.58,8623.69,8623.69
2019-11-15 19:00:00,1,8598.56,8642.74,8582.42,8582.42
2019-11-15 19:30:00,1,8581.46,8572.25,8419.05,8419.05
2019-11-15 20:00:00,1,8460.56,8474.97,8289.63,8289.63
2019-11-15 20:30:00,1,8241.88,8278.4,8051.87,8051.87
2019-11-15 21:00:00,1,7974.49,8059.21,7843.67,7843.67
2019-11-15 21:30:00,1,7902.15,7923.2,7779.68,7779.68
2019-11-15 22:00:00,1,7673.26,7783.16,7663.91,7663.91
2019-11-15 22:30:00,1,7624.62,7655.5,7576.89,7576.89
2019-11-15 23:00:00,1,7424.8,7504.15,7449.3,7449.3
2019-11-15 23:30:00,1,7330.83,7305.38,7310.37,7310.37
2019-11-19 00:00:00,1,7239.11,7170.39,7098.53,7098.53
2019-11-19 00:30:00,1,7016.41,7060.77,6959.18,6959.18
2019-11-19 01:00:00,1,6845.31,6857.6,6795.25,6795.25
2019-11-19 01:30:00,1,6594.5,6591.63,6568.64,6568.64
2019-11-19 02:00:00,1,6369.78,6400.6,6372.95,6372.95
2019-11-19 02:30:00,1,6256.3,6239.39,6238.94,6238.94
2019-11-19 03:00:00,1,6161.05,6220.39,6169.49,6169.49
2019-11-19 03:30:00,1,6166.5,6175.0,6172.81,6172.81
2019-11-19 04:00:00,1,6254.7,6255.69,6245.86,6245.86
2019-11-19 04:30:00,1,6479.41,6458.31,,6435.21
2019-11-19 05:00:00,1,6616.71,6711.6,,6631.82
2019-11-19 05:30:00,1,7064.24,7037.44,,7004.01
2019-11-19 06:00:00,1,7401.6,7450.55,,7392.04
2019-11-19 06:30:00,1,7557.34,7679.49,,7707.15
2019-11-19 07:00:00,1,7695.95,7738.7,,7896.38
2019-11-19 07:30:00,1,7654.84,7756.95,,7814.12
2019-11-19 08:00:00,1,7694.87,7617.69,,7735.0
2019-11-19 08:30:00,1,7647.38,7823.07,,7743.48
2019-11-19 09:00:00,1,7623.26,7687.39,,7701.78
2019-11-19 09:30:00,1,7666.58,7667.94,,7758.67
2019-11-19 10:00:00,1,7764.81,7740.81,,7825.79
2019-11-19 10:30:00,1,7769.92,7841.98,,7903.0
2019-11-19 11:00:00,1,7951.35,7876.3,,8008.57
2019-11-19 11:30:00,1,8002.43,8045.09,,8119.11
2019-11-19 12:00:00,1,8207.19,8131.72,,8255.44
2019-11-19 12:30:00,1,8361.73,8343.4,8442.72,8442.72
2019-11-19 13:00:00,1,8568.43,8547.79,8626.21,8626.21
2019-11-19 13:30:00,1,8779.95,8712.71,8840.23,8840.23
2019-11-19 14:00:00,1,8921.38,8910.09,9008.31,9008.31
2019-11-19 14:30:00,1,9129.83,9020.18,9189.07,9189.07
2019-11-19 15:00:00,1,9408.68,9269.49,9425.34,9425.34
2019-11-19 15:30:00,1,9682.55,9540.86,9658.34,9658.34
2019-11-19 16:00:00,1,9844.49,9811.62,9822.11,9822.11
2019-11-19 16:30:00,1,10008.76,9876.49,9890.0,9890.0
2019-11-19 17:00:00,1,10106.45,10054.24,9962.17,9962.17
2019-11-19 17:30:00,1,9966.35,9921.05,9793.48,9793.48
2019-11-19 18:00:00,1,9917.93,9955.68,9653.5,9653.5
2019-11-19 18:30:00,1,9455.37,9705.39,9329.14,9329.14
2019-11-19 19:00:00,1,9243.73,9501.34,9221.81,9221.81
2019-11-19 19:30:00,1,9031.47,9156.9,9012.23,9012.23
2019-11-19 20:00:00,1,8849.56,8913.79,8803.11,8803.11
2019-11-19 20:30:00,1,8537.2,8648.77,8607.31,8607.31
2019-11-19 21:00:00,1,8169.59,8293.79,8311.98,8311.98
2019-11-19 21:30:00,1,8031.34,8086.76,8162.35,8162.35
2019-11-19 22:00:00,1,7829.54,7852.91,7928.56,7928.56
2019-11-19 22:30:00,1,7746.91,7759.21,7781.84,7781.84
2019-11-19 23:00:00,1,7625.62,7629.67,7599.6,7599.6
2019-11-19 23:30:00,1,7411.75,7458.18,7438.54,7438.54
2019-11-25 00:00:00,1,6943.84,6973.21,6732.98,6732.98
2019-11-25 00:30:00,1,6849.14,6837.72,6584.24,6584.24
2019-11-25 01:00:00,1,6655.26,6724.65,6431.52,6431.52
2019-11-25 01:30:00,1,6449.47,6471.49,6200.44,6200.44
2019-11-25 02:00:00,1,6273.14,6299.29,6049.64,6049.64
2019-11-25 02:30:00,1,6233.55,6195.34,5956.67,5956.67
2019-11-25 03:00:00,1,6188.02,6202.07,5942.39,5942.39
2019-11-25 03:30:00,1,6159.54,6234.6,5988.05,5988.05
2019-11-25 04:00:00,1,6227.3,6245.0,6084.06,6084.06
2019-11-25 04:30:00,1,6462.06,6488.41,,6306.09
2019-11-25 05:00:00,1,6633.75,6686.51,,6548.86
2019-11-25 05:30:00,1,7043.24,7092.38,,6973.37
2019-11-25 06:00:00,1,7397.58,7457.03,,7404.14
2019-11-25 06:30:00,1,7646.64,7718.35,,7726.02
2019-11-25 07:00:00,1,7795.16,7844.45,,7941.76
2019-11-25 07:30:00,1,7938.52,7905.73,,7938.34
2019-11-25 08:00:00,1,7969.46,8025.67,,7931.04
2019-11-25 08:30:00,1,7989.13,8059.88,,7942.64
2019-11-25 09:00:00,1,7910.02,7991.23,,7984.21
2019-11-25 09:30:00,1,8001.8,7971.24,,8037.36
2019-11-25 10:00:00,1,7915.78,8051.01,,8114.84
2019-11-25 10:30:00,1,7910.44,7994.61,,8175.44
2019-11-25 11:00:00,1,7926.14,8036.2,,8256.59
2019-11-25 11:30:00,1,7960.71,7995.15,,8376.39
2019-11-25 12:00:00,1,8139.71,8068.2,,8544.99
2019-11-25 12:30:00,1,8387.08,8306.31,8734.7,8734.7
2019-11-25 13:00:00,1,8612.31,8540.67,8958.95,8958.95
2019-11-25 13:30:00,1,8837.5,8774.33,9120.88,9120.88
2019-11-25 14:00:00,1,9112.62,9005.36,9271.64,9271.64
2019-11-25 14:30:00,1,9198.97,9207.35,9371.76,9371.76
2019-11-25 15:00:00,1,9343.94,9445.99,9556.86,9556.86
2019-11-25 15:30:00,1,9436.87,9457.14,9707.55,9707.55
2019-11-25 16:00:00,1,9379.29,9504.41,9812.92,9812.92
2019-11-25 16:30:00,1,9345.08,9314.24,9915.82,9915.82
2019-11-25 17:00:00,1,9428.38,9354.61,9962.71,9962.71
2019-11-25 17:30:00,1,9268.91,9283.29,9910.25,9910.25
2019-11-25 18:00:00,1,9186.6,9214.41,9846.02,9846.02
2019-11-25 18:30:00,1,9008.01,9010.32,9739.25,9739.25
2019-11-25 19:00:00,1,8977.33,9042.74,9593.99,9593.99
2019-11-25 19:30:00,1,8872.18,8904.25,9468.38,9468.38
2019-11-25 20:00:00,1,8738.49,8784.76,9293.18,9293.18
2019-11-25 20:30:00,1,8517.46,8508.62,8977.79,8977.79
2019-11-25 21:00:00,1,8211.0,8307.06,8655.23,8655.23
2019-11-25 21:30:00,1,8113.38,8120.13,8394.42,8394.42
2019-11-25 22:00:00,1,7931.51,7920.69,8168.25,8168.25
2019-11-25 22:30:00,1,7838.28,7871.22,7983.4,7983.4
2019-11-25 23:00:00,1,7636.7,7717.55,7763.76,7763.76
2019-11-25 23:30:00,1,7503.81,7509.55,7539.6,7539.6
2019-11-26 00:00:00,1,7359.97,7415.18,7408.05,7408.05
2019-11-26 00:30:00,1,7190.39,7230.88,7267.75,7267.75
2019-11-26 01:00:00,1,6973.45,7005.23,7084.32,7084.32
2019-11-26 01:30:00,1,6656.71,6733.57,6834.92,6834.92
2019-11-26 02:00:00,1,6440.9,6457.99,6620.59,6620.59
2019-11-26 02:30:00,1,6287.38,6339.47,6476.22,6476.22
2019-11-26 03:00:00,1,6218.87,6262.95,6377.47,6377.47
2019-11-26 03:30:00,1,6232.83,6270.69,6356.77,6356.77
2019-11-26 04:00:00,1,6278.06,6326.29,6411.7,6411.7
2019-11-26 04:30:00,1,6518.74,6556.65,,6542.11
2019-11-26 05:00:00,1,6671.94,6799.4,,6742.65
2019-11-26 05:30:00,1,7113.04,7161.07,,7141.17
2019-11-26 06:00:00,1,7458.69,7564.71,,7571.43
2019-11-26 06:30:00,1,7817.48,7785.52,,7956.99
2019-11-26 07:00:00,1,8042.19,8084.82,,8220.8
2019-11-26 07:30:00,1,8122.03,8140.55,,8348.28
2019-11-26 08:00:00,1,8144.4,8221.54,,8410.63
2019-11-26 08:30:00,1,8289.33,8279.18,,8498.59
2019-11-26 09:00:00,1,8305.19,8433.04,,8624.13
2019-11-26 09:30:00,1,8446.82,8428.65,,8748.81
2019-11-26 10:00:00,1,8553.77,8537.47,,8897.36
2019-11-26 10:30:00,1,8719.87,8627.32,,8985.67
2019-11-26 11:00:00,1,8847.43,8903.85,,9065.27
2019-11-26 11:30:00,1,9090.12,8881.85,,9014.5
2019-11-26 12:00:00,1,9275.09,9270.06,,9123.67
2019-11-26 12:30:00,1,8818.39,9239.33,9151.11,9151.11
2019-11-26 13:00:00,1,8647.0,8773.13,9276.04,9276.04
2019-11-26 13:30:00,1,8733.41,8697.29,9289.13,9289.13
2019-11-26 14:00:00,1,8767.0,8834.24,9366.47,9366.47
2019-11-26 14:30:00,1,8929.37,8868.91,9461.97,9461.97
2019-11-26 15:00:00,1,9144.96,9196.06,9609.34,9609.34
2019-11-26 15:30:00,1,9191.62,9207.58,9727.2,9727.2
2019-11-26 16:00:00,1,9243.68,9127.21,9838.46,9838.46
2019-11-26 16:30:00,1,9261.15,9197.11,9790.94,9790.94
2019-11-26 17:00:00,1,9340.89,9287.89,9740.02,9740.02
2019-11-26 17:30:00,1,9140.34,9264.0,9520.21,9520.21
2019-11-26 18:00:00,1,9034.15,9064.69,9359.38,9359.38
2019-11-26 18:30:00,1,8793.13,8885.45,9061.64,9061.64
2019-11-26 19:00:00,1,8657.22,8770.8,8913.36,8913.36
2019-11-26 19:30:00,1,8563.55,8632.63,8846.74,8846.74
2019-11-26 20:00:00,1,8391.47,8456.32,8690.2,8690.2
2019-11-26 20:30:00,1,8160.97,8222.68,8527.73,8527.73
2019-11-26 21:00:00,1,7866.72,7948.02,8249.17,8249.17
2019-11-26 21:30:00,1,7772.43,7832.86,8130.01,8130.01
2019-11-26 22:00:00,1,7602.26,7578.23,7928.76,7928.76
2019-11-26 22:30:00,1,7503.41,7558.18,7773.76,7773.76
2019-11-26 23:00:00,1,7337.6,7421.88,7598.13,7598.13
2019-11-26 23:30:00,1,7173.86,7257.33,7450.01,7450.01
2019-12-05 00:00:00,1,7083.21,7122.1,7115.99,7115.99
2019-12-05 00:30:00,1,6937.14,6931.46,6962.68,6962.68
2019-12-05 01:00:00,1,6751.5,6788.94,6773.05,6773.05
2019-12-05 01:30:00,1,6469.11,6506.23,6540.15,6540.15
2019-12-05 02:00:00,1,6285.21,6301.19,6321.66,6321.66
2019-12-05 02:30:00,1,6187.99,6156.77,6187.02,6187.02
2019-12-05 03:00:00,1,6132.23,6095.65,6105.5,6105.5
2019-12-05 03:30:00,1,6152.49,6109.86,6105.15,6105.15
2019-12-05 04:00:00,1,6214.41,6228.12,6173.47,6173.47
2019-12-05 04:30:00,1,6409.05,6403.18,,6392.87
2019-12-05 05:00:00,1,6495.46,6584.05,,6572.74
2019-12-05 05:30:00,1,6895.34,6942.26,,6943.01
2019-12-05 06:00:00,1,7171.19,7277.35,,7290.26
2019-12-05 06:30:00,1,7371.37,7479.53,,7573.12
2019-12-05 07:00:00,1,7513.41,7559.16,,7715.39
2019-12-05 07:30:00,1,7530.8,7638.17,,7592.19
2019-12-05 08:00:00,1,7477.94,7577.11,,7527.75
2019-12-05 08:30:00,1,7447.98,7549.58,,7528.72
2019-12-05 09:00:00,1,7444.11,7452.46,,7471.16
2019-12-05 09:30:00,1,7448.65,7518.04,,7446.73
2019-12-05 10:00:00,1,7469.5,7453.75,,7435.13
2019-12-05 10:30:00,1,7571.62,7597.71,,7436.7
2019-12-05 11:00:00,1,7681.11,7630.25,,7498.01
2019-12-05 11:30:00,1,7776.97,7725.28,,7572.84
2019-12-05 12:00:00,1,7873.43,7858.96,,7688.55
2019-12-05 12:30:00,1,8002.69,8014.61,7847.05,7847.05
2019-12-05 13:00:00,1,8188.59,8149.77,8055.15,8055.15
2019-12-05 13:30:00,1,8508.12,8328.34,8268.42,8268.42
2019-12-05 14:00:00,1,8702.12,8660.33,8516.07,8516.07
2019-12-05 14:30:00,1,8927.78,8833.83,8720.36,8720.36
2019-12-05 15:00:00,1,9195.35,9162.97,9031.5,9031.5
2019-12-05 15:30:00,1,9360.01,9305.0,9291.22,9291.22
2019-12-05 16:00:00,1,9569.61,9550.63,9517.94,9517.94
2019-12-05 16:30:00,1,9680.97,9574.14,9670.48,9670.48
2019-12-05 17:00:00,1,9842.08,9737.85,9806.7,9806.7
2019-12-05 17:30:00,1,9816.05,9752.12,9814.96,9814.96
2019-12-05 18:00:00,1,9761.94,9771.65,9769.92,9769.92
2019-12-05 18:30:00,1,9553.48,9597.43,9631.59,9631.59
2019-12-05 19:00:00,1,9486.42,9522.76,9476.44,9476.44
2019-12-05 19:30:00,1,9383.35,9451.31,9432.07,9432.07
2019-12-05 20:00:00,1,9188.05,9280.24,9279.38,9279.38
2019-12-05 20:30:00,1,8894.41,9000.7,8908.57,8908.57
2019-12-05 21:00:00,1,8547.2,8616.34,8604.96,8604.96
2019-12-05 21:30:00,1,8397.4,8416.27,8325.45,8325.45
2019-12-05 22:00:00,1,8156.58,8157.44,8066.14,8066.14
2019-12-05 22:30:00,1,7940.93,8001.64,7839.09,7839.09
2019-12-05 23:00:00,1,7703.88,7801.03,7639.39,7639.39
2019-12-05 23:30:00,1,7499.53,7511.96,7467.64,7467.64
2019-12-10 00:00:00,1,7508.07,7547.56,7524.15,7524.15
2019-12-10 00:30:00,1,7347.43,7355.67,7393.57,7393.57
2019-12-10 01:00:00,1,7089.26,7160.23,7227.32,7227.32
2019-12-10 01:30:00,1,6785.49,6821.29,6973.74,6973.74
2019-12-10 02:00:00,1,6583.02,6623.45,6755.47,6755.47
2019-12-10 02:30:00,1,6439.19,6474.4,6622.57,6622.57
2019-12-10 03:00:00,1,6435.28,6389.76,6550.53,6550.53
2019-12-10 03:30:00,1,6403.72,6423.74,6540.43,6540.43
2019-12-10 04:00:00,1,6454.26,6469.62,6596.91,6596.91
2019-12-10 04:30:00,1,6642.15,6676.24,,6756.16
2019-12-10 05:00:00,1,6855.9,6817.99,,6941.79
2019-12-10 05:30:00,1,7277.97,7294.86,,7346.19
2019-12-10 06:00:00,1,7649.12,7708.53,,7754.58
2019-12-10 06:30:00,1,7961.96,7999.99,,8197.61
2019-12-10 07:00:00,1,8112.59,8261.57,,8563.03
2019-12-10 07:30:00,1,8321.72,8344.72,,8708.62
2019-12-10 08:00:00,1,8353.51,8407.12,,8800.1
2019-12-10 08:30:00,1,8472.54,8402.86,,8892.88
2019-12-10 09:00:00,1,8615.21,8584.97,,8959.6
2019-12-10 09:30:00,1,8766.15,8753.71,,9090.75
2019-12-10 10:00:00,1,8910.53,8904.33,,9239.46
2019-12-10 10:30:00,1,9183.38,9063.43,,9447.31
2019-12-10 11:00:00,1,9475.01,9391.75,,9618.96
2019-12-10 11:30:00,1,9745.79,9621.33,,9856.23
2019-12-10 12:00:00,1,9984.63,9909.48,,10264.88
2019-12-10 12:30:00,1,10323.16,10148.81,10552.12,10552.12
2019-12-10 13:00:00,1,10511.9,10509.42,10833.26,10833.26
2019-12-10 13:30:00,1,10534.04,10565.02,11033.46,11033.46
2019-12-10 14:00:00,1,10272.3,10561.05,11189.63,11189.63
2019-12-10 14:30:00,1,10427.71,10454.82,11265.98,11265.98
2019-12-10 15:00:00,1,10658.67,10610.88,11350.91,11350.91
2019-12-10 15:30:00,1,10768.37,10720.3,11352.7,11352.7
2019-12-10 16:00:00,1,10760.41,10769.13,11120.16,11120.16
2019-12-10 16:30:00,1,10633.74,10656.46,10728.02,10728.02
2019-12-10 17:00:00,1,10455.4,10513.99,10570.01,10570.01
2019-12-10 17:30:00,1,10157.08,10283.53,10281.09,10281.09
2019-12-10 18:00:00,1,9971.61,10041.19,10060.39,10060.39
2019-12-10 18:30:00,1,9644.26,9733.93,9838.17,9838.17
2019-12-10 19:00:00,1,9428.59,9482.51,9613.19,9613.19
2019-12-10 19:30:00,1,9209.67,9367.01,9454.84,9454.84
2019-12-10 20:00:00,1,8968.14,9093.16,9293.84,9293.84
2019-12-10 20:30:00,1,8662.59,8770.69,9094.06,9094.06
2019-12-10 21:00:00,1,8343.71,8404.68,8767.76,8767.76
2019-12-10 21:30:00,1,8114.33,8241.06,8566.59,8566.59
2019-12-10 22:00:00,1,7890.32,7899.93,8278.96,8278.96
2019-12-10 22:30:00,1,7737.39,7791.54,8039.91,8039.91
2019-12-10 23:00:00,1,7565.72,7583.24,7814.35,7814.35
2019-12-10 23:30:00,1,7358.56,7382.89,7595.26,7595.26
2019-12-19 00:00:00,1,7487.5,7530.1,7445.62,7445.62
2019-12-19 00:30:00,1,7312.01,7326.22,7313.78,7313.78
2019-12-19 01:00:00,1,7123.07,7135.02,7139.96,7139.96
2019-12-19 01:30:00,1,6805.38,6859.01,6908.65,6908.65
2019-12-19 02:00:00,1,6613.47,6626.46,6713.65,6713.65
2019-12-19 02:30:00,1,6442.32,6486.63,6577.62,6577.62
2019-12-19 03:00:00,1,6412.62,6389.28,6509.53,6509.53
2019-12-19 03:30:00,1,6421.37,6406.45,6502.21,6502.21
2019-12-19 04:00:00,1,6418.49,6481.24,6551.04,6551.04
2019-12-19 04:30:00,1,6616.61,6628.38,,6687.8
2019-12-19 05:00:00,1,6757.49,6793.36,,6873.08
2019-12-19 05:30:00,1,7143.27,7171.33,,7243.03
2019-12-19 06:00:00,1,7413.59,7474.04,,7628.85
2019-12-19 06:30:00,1,7690.89,7725.99,,8080.63
2019-12-19 07:00:00,1,7914.27,7920.49,,8475.8
2019-12-19 07:30:00,1,8068.55,8071.89,,8652.0
2019-12-19 08:00:00,1,8150.96,8186.04,,8758.0
2019-12-19 08:30:00,1,8369.32,8352.37,,8829.67
2019-12-19 09:00:00,1,8528.27,8485.0,,8919.24
2019-12-19 09:30:00,1,8746.48,8755.6,,9077.76
2019-12-19 10:00:00,1,9048.99,8956.4,,9314.5
2019-12-19 10:30:00,1,9370.12,9288.74,,9575.31
2019-12-19 11:00:00,1,9681.14,9577.02,,9872.68
2019-12-19 11:30:00,1,9951.23,9827.64,,10154.58
2019-12-19 12:00:00,1,10343.93,10218.95,,10486.44
2019-12-19 12:30:00,1,10789.97,10595.85,10720.62,10720.62
2019-12-19 13:00:00,1,11027.48,11055.74,10954.24,10954.24
2019-12-19 13:30:00,1,11189.33,11134.9,11288.48,11288.48
2019-12-19 14:00:00,1,11358.48,11345.78,11586.3,11586.3
2019-12-19 14:30:00,1,11454.8,11469.35,11903.4,11903.4
2019-12-19 15:00:00,1,11453.35,11575.11,12105.02,12105.02
2019-12-19 15:30:00,1,11233.5,11404.49,12046.71,12046.71
2019-12-19 16:00:00,1,10979.83,11426.87,11575.74,11575.74
2019-12-19 16:30:00,1,10940.88,11098.38,11283.49,11283.49
2019-12-19 17:00:00,1,10782.84,10731.75,11079.9,11079.9
2019-12-19 17:30:00,1,10426.83,10570.94,10685.94,10685.94
2019-12-19 18:00:00,1,10218.01,10288.04,10382.7,10382.7
2019-12-19 18:30:00,1,9894.81,9981.77,10127.07,10127.07
2019-12-19 19:00:00,1,9602.53,9697.77,9820.22,9820.22
2019-12-19 19:30:00,1,9443.52,9497.39,9621.33,9621.33
2019-12-19 20:00:00,1,9287.66,9361.97,9482.7,9482.7
2019-12-19 20:30:00,1,9016.83,9056.79,9198.11,9198.11
2019-12-19 21:00:00,1,8716.17,8742.84,8894.86,8894.86
2019-12-19 21:30:00,1,8476.98,8533.77,8710.17,8710.17
2019-12-19 22:00:00,1,8226.32,8229.43,8442.84,8442.84
2019-12-19 22:30:00,1,8073.29,8121.64,8200.18,8200.18
2019-12-19 23:00:00,1,7862.19,7883.24,7949.69,7949.69
2019-12-19 23:30:00,1,7597.58,7650.71,7737.76,7737.76
2019-12-21 00:00:00,1,7559.39,7573.08,7488.18,7488.18
2019-12-21 00:30:00,1,7329.46,7386.47,7332.03,7332.03
2019-12-21 01:00:00,1,7123.24,7114.41,7132.01,7132.01
2019-12-21 01:30:00,1,6817.73,6857.87,6879.61,6879.61
2019-12-21 02:00:00,1,6595.83,6601.21,6651.25,6651.25
2019-12-21 02:30:00,1,6464.48,6466.63,6509.09,6509.09
2019-12-21 03:00:00,1,6369.84,6375.96,6399.72,6399.72
2019-12-21 03:30:00,1,6328.27,6332.57,6391.68,6391.68
2019-12-21 04:00:00,1,6326.13,6346.05,6415.07,6415.07
2019-12-21 04:30:00,1,6399.19,6406.68,,6478.52
2019-12-21 05:00:00,1,6406.55,6443.75,,6546.0
2019-12-21 05:30:00,1,6524.47,6600.96,,6726.39
2019-12-21 06:00:00,1,6631.4,6705.08,,6876.76
2019-12-21 06:30:00,1,6785.44,6856.81,,7014.76
2019-12-21 07:00:00,1,6984.99,7036.49,,7190.36
2019-12-21 07:30:00,1,7189.15,7205.6,,7330.61
2019-12-21 08:00:00,1,7326.78,7389.25,,7530.34
2019-12-21 08:30:00,1,7556.27,7481.42,,7842.34
2019-12-21 09:00:00,1,7660.62,7688.87,,8030.12
2019-12-21 09:30:00,1,7834.55,7764.04,,8360.58
2019-12-21 10:00:00,1,7921.58,7889.48,,8563.01
2019-12-21 10:30:00,1,8171.85,8072.36,,8890.39
2019-12-21 11:00:00,1,8472.5,8338.94,,9119.78
2019-12-21 11:30:00,1,8711.6,8631.45,,9450.1
2019-12-21 12:00:00,1,9073.79,8906.13,,9705.96
2019-12-21 12:30:00,1,9398.76,9246.39,10057.22,10057.22
2019-12-21 13:00:00,1,9737.34,9569.2,10286.83,10286.83
2019-12-21 13:30:00,1,10104.13,9887.38,10477.95,10477.95
2019-12-21 14:00:00,1,10381.27,10255.97,10728.3,10728.3
2019-12-21 14:30:00,1,10673.33,10463.89,10942.14,10942.14
2019-12-21 15:00:00,1,10886.05,10797.04,11183.07,11183.07
2019-12-21 15:30:00,1,11066.65,10945.61,11307.18,11307.18
2019-12-21 16:00:00,1,11246.72,11068.85,11443.35,11443.35
2019-12-21 16:30:00,1,11269.83,11219.81,11297.75,11297.75
2019-12-21 17:00:00,1,10960.98,11184.64,11278.41,11278.41
2019-12-21 17:30:00,1,10510.0,10644.45,10801.46,10801.46
2019-12-21 18:00:00,1,10186.27,10281.34,10463.21,10463.21
2019-12-21 18:30:00,1,9795.77,9860.98,9823.94,9823.94
2019-12-21 19:00:00,1,9469.09,9543.12,9441.06,9441.06
2019-12-21 19:30:00,1,9151.97,9335.83,9119.26,9119.26
2019-12-21 20:00:00,1,8909.09,9041.44,8955.28,8955.28
2019-12-21 20:30:00,1,8630.81,8694.18,8849.55,8849.55
2019-12-21 21:00:00,1,8336.08,8427.98,8579.8,8579.8
2019-12-21 21:30:00,1,8081.15,8182.62,8495.81,8495.81
2019-12-21 22:00:00,1,7852.11,7901.69,8258.27,8258.27
2019-12-21 22:30:00,1,7685.73,7717.96,7972.98,7972.98
2019-12-21 23:00:00,1,7407.87,7450.93,7683.27,7683.27
2019-12-21 23:30:00,1,7151.07,7216.91,7493.07,7493.07
2019-12-30 00:00:00,1,7145.09,7200.7,7423.31,7423.31
2019-12-30 00:30:00,1,6901.29,6972.66,7110.2,7110.2
2019-12-30 01:00:00,1,6739.63,6779.22,6823.97,6823.97
2019-12-30 01:30:00,1,6478.78,6521.68,6512.28,6512.28
2019-12-30 02:00:00,1,6315.74,6363.22,6352.54,6352.54
2019-12-30 02:30:00,1,6203.01,6233.09,6261.14,6261.14
2019-12-30 03:00:00,1,6167.42,6169.23,6261.98,6261.98
2019-12-30 03:30:00,1,6127.94,6165.13,6298.17,6298.17
2019-12-30 04:00:00,1,6143.23,6147.84,6331.78,6331.78
2019-12-30 04:30:00,1,6281.99,6262.97,,6375.25
2019-12-30 05:00:00,1,6368.6,6336.67,,6451.41
2019-12-30 05:30:00,1,6528.17,6577.35,,6607.43
2019-12-30 06:00:00,1,6721.68,6773.05,,6797.28
2019-12-30 06:30:00,1,6941.36,7003.42,,7085.37
2019-12-30 07:00:00,1,7124.66,7227.38,,7362.25
2019-12-30 07:30:00,1,7308.61,7394.17,,7691.98
2019-12-30 08:00:00,1,7474.73,7522.96,,7990.13
2019-12-30 08:30:00,1,7640.38,7694.46,,8324.96
2019-12-30 09:00:00,1,7710.07,7798.86,,8597.3
2019-12-30 09:30:00,1,7801.92,7795.82,,8772.95
2019-12-30 10:00:00,1,7975.35,7947.79,,8993.14
2019-12-30 10:30:00,1,8082.86,8103.38,,9233.85
2019-12-30 11:00:00,1,8300.02,8309.52,,9457.85
2019-12-30 11:30:00,1,8536.2,8481.16,,9623.78
2019-12-30 12:00:00,1,8769.09,8749.86,,9865.73
2019-12-30 12:30:00,1,9016.19,8965.84,10126.57,10126.57
2019-12-30 13:00:00,1,9244.43,9252.29,10330.4,10330.4
2019-12-30 13:30:00,1,9525.55,9499.28,10508.65,10508.65
2019-12-30 14:00:00,1,9802.83,9745.42,10653.71,10653.71
2019-12-30 14:30:00,1,10049.62,9964.99,10833.05,10833.05
2019-12-30 15:00:00,1,10237.3,10284.97,11007.25,11007.25
2019-12-30 15:30:00,1,10515.44,10437.29,11188.93,11188.93
2019-12-30 16:00:00,1,10724.26,10635.37,11350.51,11350.51
2019-12-30 16:30:00,1,10814.12,10753.5,11405.72,11405.72
2019-12-30 17:00:00,1,10848.99,10881.78,11444.49,11444.49
2019-12-30 17:30:00,1,10644.68,10669.32,11274.84,11274.84
2019-12-30 18:00:00,1,10565.8,10555.21,11185.71,11185.71
2019-12-30 18:30:00,1,10320.94,10340.36,11037.38,11037.38
2019-12-30 19:00:00,1,10011.17,10124.39,10787.92,10787.92
2019-12-30 19:30:00,1,9837.23,9879.84,10562.8,10562.8
2019-12-30 20:00:00,1,9703.67,9788.68,10413.21,10413.21
2019-12-30 20:30:00,1,9404.33,9437.26,10094.97,10094.97
2019-12-30 21:00:00,1,9069.83,9102.48,9725.55,9725.55
2019-12-30 21:30:00,1,8829.08,8884.35,9413.21,9413.21
2019-12-30 22:00:00,1,8505.29,8537.81,9088.0,9088.0
2019-12-30 22:30:00,1,8306.72,8331.32,8791.83,8791.83
2019-12-30 23:00:00,1,7961.29,8063.07,8454.11,8454.11
2019-12-30 23:30:00,1,7700.67,7756.24,8149.12,8149.12
2019-12-31 00:00:00,1,7494.16,7504.2,7910.79,7910.79
2019-12-31 00:30:00,1,7229.04,7288.65,7729.46,7729.46
2019-12-31 01:00:00,1,6961.08,7045.1,7558.31,7558.31
2019-12-31 01:30:00,1,6660.57,6708.83,7299.32,7299.32
2019-12-31 02:00:00,1,6449.59,6503.8,7086.02,7086.02
2019-12-31 02:30:00,1,6278.43,6356.21,6918.03,6918.03
2019-12-31 03:00:00,1,6216.72,6264.16,6798.88,6798.88
2019-12-31 03:30:00,1,6206.5,6210.06,6718.35,6718.35
2019-12-31 04:00:00,1,6232.46,6223.08,6699.56,6699.56
2019-12-31 04:30:00,1,6334.03,6378.55,,6661.67
2019-12-31 05:00:00,1,6350.3,6437.91,,6744.44
2019-12-31 05:30:00,1,6579.54,6568.85,,6977.76
2019-12-31 06:00:00,1,6694.41,6792.87,,7268.92
2019-12-31 06:30:00,1,6935.31,6911.09,,7657.37
2019-12-31 07:00:00,1,7150.01,7174.34,,8063.93
2019-12-31 07:30:00,1,7356.85,7394.2,,8430.65
2019-12-31 08:00:00,1,7528.16,7662.6,,8674.51
2019-12-31 08:30:00,1,7829.48,7851.16,,8870.8
2019-12-31 09:00:00,1,8052.44,8085.67,,9037.71
2019-12-31 09:30:00,1,8391.28,8299.15,,9231.22
2019-12-31 10:00:00,1,8731.66,8620.61,,9505.22
2019-12-31 10:30:00,1,9038.99,8963.64,,9823.64
2019-12-31 11:00:00,1,9391.3,9345.77,,10132.19
2019-12-31 11:30:00,1,9722.88,9622.93,,10390.3
2019-12-31 12:00:00,1,9961.45,10034.54,,10630.74
2019-12-31 12:30:00,1,10201.56,10224.79,10787.86,10787.86
2019-12-31 13:00:00,1,10446.54,10419.82,10916.18,10916.18
2019-12-31 13:30:00,1,10610.17,10605.61,11118.73,11118.73
2019-12-31 14:00:00,1,10883.9,10701.24,11250.01,11250.01
2019-12-31 14:30:00,1,11017.82,11108.38,11379.21,11379.21
2019-12-31 15:00:00,1,11266.76,11134.05,11508.6,11508.6
2019-12-31 15:30:00,1,11371.6,11284.27,11658.04,11658.04
2019-12-31 16:00:00,1,11533.73,11393.79,11760.36,11760.36
2019-12-31 16:30:00,1,11638.99,11476.85,11778.1,11778.1
2019-12-31 17:00:00,1,11441.29,11467.82,11688.99,11688.99
2019-12-31 17:30:00,1,10873.65,10993.42,11494.33,11494.33
2019-12-31 18:00:00,1,10109.4,10347.15,11085.16,11085.16
2019-12-31 18:30:00,1,9560.47,9705.9,10499.54,10499.54
2019-12-31 19:00:00,1,9126.22,9222.74,10011.86,10011.86
2019-12-31 19:30:00,1,8804.05,8896.02,9481.3,9481.3
2019-12-31 20:00:00,1,8552.62,8600.37,9196.38,9196.38
2019-12-31 20:30:00,1,8287.62,8325.67,8713.49,8713.49
2019-12-31 21:00:00,1,8041.91,8165.54,8472.37,8472.37
2019-12-31 21:30:00,1,7968.04,8085.76,8484.87,8484.87
2019-12-31 22:00:00,1,7791.11,7860.6,8325.72,8325.72
2019-12-31 22:30:00,1,7757.66,7807.34,8143.19,8143.19
2019-12-31 23:00:00,1,7662.03,7647.98,7961.41,7961.41
2019-12-31 23:30:00,1,7455.11,7446.57,7745.34,7745.34
2020-01-03 00:00:00,1,7279.42,7311.46,7190.07,7190.07
2020-01-03 00:30:00,1,7090.53,7097.84,7059.5,7059.5
2020-01-03 01:00:00,1,6867.55,6912.53,6894.37,6894.37
2020-01-03 01:30:00,1,6607.01,6595.26,6674.06,6674.06
2020-01-03 02:00:00,1,6379.64,6387.56,6477.01,6477.01
2020-01-03 02:30:00,1,6263.72,6275.24,6354.12,6354.12
2020-01-03 03:00:00,1,6238.67,6222.2,6277.88,6277.88
2020-01-03 03:30:00,1,6228.45,6223.02,6278.28,6278.28
2020-01-03 04:00:00,1,6217.33,6259.82,6317.84,6317.84
2020-01-03 04:30:00,1,6366.53,6368.01,,6435.76
2020-01-03 05:00:00,1,6427.33,6489.97,,6549.45
2020-01-03 05:30:00,1,6646.19,6703.05,,6763.46
2020-01-03 06:00:00,1,6870.32,6930.51,,6979.26
2020-01-03 06:30:00,1,7129.26,7188.63,,7189.75
2020-01-03 07:00:00,1,7331.01,7420.11,,7393.13
2020-01-03 07:30:00,1,7507.61,7521.16,,7581.51
2020-01-03 08:00:00,1,7662.33,7698.63,,7746.29
2020-01-03 08:30:00,1,7780.29,7785.06,,7934.73
2020-01-03 09:00:00,1,7827.08,7841.43,,7986.89
2020-01-03 09:30:00,1,7910.03,7877.01,,8081.97
2020-01-03 10:00:00,1,8029.42,8001.74,,8170.33
2020-01-03 10:30:00,1,8185.24,8132.21,,8223.29
2020-01-03 11:00:00,1,8325.86,8315.87,,8250.44
2020-01-03 11:30:00,1,8561.79,8422.51,,8355.81
2020-01-03 12:00:00,1,8779.78,8762.54,,8489.96
2020-01-03 12:30:00,1,9001.77,8926.18,8644.48,8644.48
2020-01-03 13:00:00,1,9209.42,9170.42,8783.43,8783.43
2020-01-03 13:30:00,1,9450.23,9447.71,8988.95,8988.95
2020-01-03 14:00:00,1,9718.05,9685.34,9178.58,9178.58
2020-01-03 14:30:00,1,9989.26,9940.43,9402.15,9402.15
2020-01-03 15:00:00,1,10190.21,10184.02,9649.58,9649.58
2020-01-03 15:30:00,1,10432.6,10371.22,9811.3,9811.3
2020-01-03 16:00:00,1,10668.5,10613.42,10026.94,10026.94
2020-01-03 16:30:00,1,10789.24,10751.28,10148.03,10148.03
2020-01-03 17:00:00,1,10858.09,10831.63,10219.81,10219.81
2020-01-03 17:30:00,1,10713.52,10658.08,10201.97,10201.97
2020-01-03 18:00:00,1,10647.08,10651.62,10058.61,10058.61
2020-01-03 18:30:00,1,10388.36,10378.98,9818.08,9818.08
2020-01-03 19:00:00,1,10160.62,10161.25,9576.02,9576.02
2020-01-03 19:30:00,1,9950.09,10022.8,9427.77,9427.77
2020-01-03 20:00:00,1,9776.93,9876.96,9374.3,9374.3
2020-01-03 20:30:00,1,9516.29,9608.1,9182.61,9182.61
2020-01-03 21:00:00,1,9211.98,9255.15,8922.22,8922.22
2020-01-03 21:30:00,1,8981.35,9023.7,8738.6,8738.6
2020-01-03 22:00:00,1,8719.7,8725.66,8514.01,8514.01
2020-01-03 22:30:00,1,8570.59,8558.97,8384.25,8384.25
2020-01-03 23:00:00,1,8246.02,8301.36,8151.81,8151.81
2020-01-03 23:30:00,1,7964.58,8036.89,7891.43,7891.43
2020-01-04 00:00:00,1,7746.15,7777.32,7706.41,7706.41
2020-01-04 00:30:00,1,7535.36,7522.76,7535.35,7535.35
2020-01-04 01:00:00,1,7307.37,7294.1,7315.75,7315.75
2020-01-04 01:30:00,1,7000.25,7013.92,7014.73,7014.73
2020-01-04 02:00:00,1,6779.59,6764.36,6778.24,6778.24
2020-01-04 02:30:00,1,6624.14,6633.82,6620.96,6620.96
2020-01-04 03:00:00,1,6536.29,6548.61,6529.07,6529.07
2020-01-04 03:30:00,1,6495.37,6512.86,6505.72,6505.72
2020-01-04 04:00:00,1,6470.78,6496.12,6494.27,6494.27
2020-01-04 04:30:00,1,6485.3,6510.82,,6518.89
2020-01-04 05:00:00,1,6480.8,6545.99,,6557.68
2020-01-04 05:30:00,1,6557.64,6575.0,,6687.35
2020-01-04 06:00:00,1,6633.56,6657.86,,6788.2
2020-01-04 06:30:00,1,6763.95,6858.19,,6901.61
2020-01-04 07:00:00,1,6955.65,6994.7,,7130.56
2020-01-04 07:30:00,1,7256.29,7252.42,,7448.22
2020-01-04 08:00:00,1,7573.41,7547.22,,7757.61
2020-01-04 08:30:00,1,7956.57,7915.66,,8194.95
2020-01-04 09:00:00,1,8262.82,8262.91,,8423.42
2020-01-04 09:30:00,1,8771.94,8633.46,,8752.45
2020-01-04 10:00:00,1,9179.73,9070.55,,8995.16
2020-01-04 10:30:00,1,9643.19,9511.23,,9377.64
2020-01-04 11:00:00,1,10038.1,9963.4,,9717.6
2020-01-04 11:30:00,1,10402.25,10276.5,,9974.68
2020-01-04 12:00:00,1,10757.67,10679.91,,10307.69
2020-01-04 12:30:00,1,11036.31,10975.78,10552.84,10552.84
2020-01-04 13:00:00,1,11259.31,11197.41,10838.73,10838.73
2020-01-04 13:30:00,1,11344.93,11326.47,11016.0,11016.0
2020-01-04 14:00:00,1,11448.2,11370.61,11196.2,11196.2
2020-01-04 14:30:00,1,11547.89,11651.35,11421.04,11421.04
2020-01-04 15:00:00,1,11801.52,11687.92,11584.17,11584.17
2020-01-04 15:30:00,1,11968.77,11940.72,11847.67,11847.67
2020-01-04 16:00:00,1,12177.46,12430.19,12038.57,12038.57
2020-01-04 16:30:00,1,12334.04,11581.13,12054.46,12054.46
2020-01-04 17:00:00,1,12148.06,11901.92,12039.85,12039.85
2020-01-04 17:30:00,1,12153.65,11594.67,11858.92,11858.92
2020-01-04 18:00:00,1,11977.22,11336.54,11817.08,11817.08
2020-01-04 18:30:00,1,11616.79,11162.2,11782.08,11782.08
2020-01-04 19:00:00,1,11460.19,10865.78,11500.11,11500.11
2020-01-04 19:30:00,1,11389.8,11040.4,11224.7,11224.7
2020-01-04 20:00:00,1,11668.34,10687.32,10988.02,10988.02
2020-01-04 20:30:00,1,11660.64,10935.77,10749.87,10749.87
2020-01-04 21:00:00,1,11169.02,10507.71,10485.52,10485.52
2020-01-04 21:30:00,1,10396.27,10143.67,10009.78,10009.78
2020-01-04 22:00:00,1,9743.76,9758.43,9646.9,9646.9
2020-01-04 22:30:00,1,9384.84,9404.21,9097.59,9097.59
2020-01-04 23:00:00,1,8832.74,8906.29,8659.21,8659.21
2020-01-04 23:30:00,1,8317.95,8471.83,8144.46,8144.46
2020-01-10 00:00:00,1,7426.29,7446.68,7444.95,7444.95
2020-01-10 00:30:00,1,7203.9,7257.09,7311.2,7311.2
2020-01-10 01:00:00,1,6994.91,7034.31,7160.28,7160.28
2020-01-10 01:30:00,1,6749.26,6755.4,6936.44,6936.44
2020-01-10 02:00:00,1,6549.32,6561.55,6729.65,6729.65
2020-01-10 02:30:00,1,6464.77,6447.29,6589.89,6589.89
2020-01-10 03:00:00,1,6403.06,6427.02,6517.65,6517.65
2020-01-10 03:30:00,1,6440.99,6396.72,6517.88,6517.88
2020-01-10 04:00:00,1,6478.07,6499.99,6569.47,6569.47
2020-01-10 04:30:00,1,6646.28,6678.34,,6730.22
2020-01-10 05:00:00,1,6825.2,6870.83,,6903.82
2020-01-10 05:30:00,1,7128.01,7181.69,,7188.52
2020-01-10 06:00:00,1,7442.0,7463.12,,7478.57
2020-01-10 06:30:00,1,7770.48,7774.06,,7791.51
2020-01-10 07:00:00,1,8053.63,8098.86,,8062.27
2020-01-10 07:30:00,1,8261.59,8256.98,,8268.87
2020-01-10 08:00:00,1,8394.93,8508.93,,8465.62
2020-01-10 08:30:00,1,8507.1,8536.52,,8646.8
2020-01-10 09:00:00,1,8571.68,8578.46,,8760.77
2020-01-10 09:30:00,1,8654.53,8685.32,,8883.12
2020-01-10 10:00:00,1,8698.5,8724.55,,9051.33
2020-01-10 10:30:00,1,8809.77,8829.96,,9201.68
2020-01-10 11:00:00,1,8947.38,8953.87,,9365.48
2020-01-10 11:30:00,1,9201.64,9146.23,,9588.28
2020-01-10 12:00:00,1,9454.39,9393.88,,9819.17
2020-01-10 12:30:00,1,9755.17,9672.94,10098.36,10098.36
2020-01-10 13:00:00,1,10056.13,10019.1,10298.26,10298.26
2020-01-10 13:30:00,1,10324.82,10322.34,10588.66,10588.66
2020-01-10 14:00:00,1,10610.27,10578.95,10825.67,10825.67
2020-01-10 14:30:00,1,10889.15,10824.31,11134.16,11134.16
2020-01-10 15:00:00,1,11183.2,11118.33,11321.74,11321.74
2020-01-10 15:30:00,1,11483.62,11385.88,11533.31,11533.31
2020-01-10 16:00:00,1,11778.49,11700.55,11721.56,11721.56
2020-01-10 16:30:00,1,11907.82,11840.09,11917.18,11917.18
2020-01-10 17:00:00,1,11920.34,11891.26,11938.65,11938.65
2020-01-10 17:30:00,1,11750.32,11691.01,11798.09,11798.09
2020-01-10 18:00:00,1,11693.1,11644.49,11665.32,11665.32
2020-01-10 18:30:00,1,11440.5,11468.86,11494.07,11494.07
2020-01-10 19:00:00,1,11205.86,11263.53,11216.02,11216.02
2020-01-10 19:30:00,1,10974.76,11057.7,11069.66,11069.66
2020-01-10 20:00:00,1,10855.2,10900.67,10927.83,10927.83
2020-01-10 20:30:00,1,10627.8,10629.21,10741.56,10741.56
2020-01-10 21:00:00,1,10207.99,10299.0,10375.82,10375.82
2020-01-10 21:30:00,1,9917.39,10008.87,10092.41,10092.41
2020-01-10 22:00:00,1,9538.04,9601.15,9760.22,9760.22
2020-01-10 22:30:00,1,9229.41,9308.17,9447.18,9447.18
2020-01-10 23:00:00,1,8820.51,8970.64,9130.59,9130.59
2020-01-10 23:30:00,1,8475.72,8599.77,8747.71,8747.71
2020-01-21 00:00:00,1,7342.78,7337.34,7575.02,7575.02
2020-01-21 00:30:00,1,7128.86,7175.44,7397.32,7397.32
2020-01-21 01:00:00,1,6915.36,6947.29,7184.67,7184.67
2020-01-21 01:30:00,1,6614.56,6693.61,6927.09,6927.09
2020-01-21 02:00:00,1,6348.35,6457.16,6729.49,6729.49
2020-01-21 02:30:00,1,6217.79,6272.06,6588.99,6588.99
2020-01-21 03:00:00,1,6190.65,6183.91,6511.81,6511.81
2020-01-21 03:30:00,1,6243.67,6172.49,6507.29,6507.29
2020-01-21 04:00:00,1,6265.48,6254.38,6556.56,6556.56
2020-01-21 04:30:00,1,6446.08,6432.7,,6684.16
2020-01-21 05:00:00,1,6548.78,6659.46,,6882.58
2020-01-21 05:30:00,1,6895.94,6920.96,,7183.22
2020-01-21 06:00:00,1,7278.14,7191.95,,7466.51
2020-01-21 06:30:00,1,7569.15,7550.0,,7750.6
2020-01-21 07:00:00,1,7777.22,7822.13,,7957.0
2020-01-21 07:30:00,1,7872.56,7946.54,,8090.13
2020-01-21 08:00:00,1,7909.1,7900.96,,8191.69
2020-01-21 08:30:00,1,7958.62,8042.68,,8273.11
2020-01-21 09:00:00,1,7919.96,7963.55,,8324.65
2020-01-21 09:30:00,1,7971.61,7911.74,,8379.76
2020-01-21 10:00:00,1,8018.74,8000.18,,8443.65
2020-01-21 10:30:00,1,7984.7,8004.55,,8423.96
2020-01-21 11:00:00,1,8050.93,8034.88,,8483.9
2020-01-21 11:30:00,1,8153.09,8078.0,,8583.51
2020-01-21 12:00:00,1,8209.52,8259.76,,8693.36
2020-01-21 12:30:00,1,8366.84,8350.76,8789.01,8789.01
2020-01-21 13:00:00,1,8549.23,8443.65,8889.2,8889.2
2020-01-21 13:30:00,1,8672.74,8664.8,9029.27,9029.27
2020-01-21 14:00:00,1,8823.19,8796.4,9188.72,9188.72
2020-01-21 14:30:00,1,8980.79,9000.62,9327.44,9327.44
2020-01-21 15:00:00,1,9093.77,9167.97,9500.28,9500.28
2020-01-21 15:30:00,1,9261.29,9353.64,9678.29,9678.29
2020-01-21 16:00:00,1,9583.98,9436.1,9819.72,9819.72
2020-01-21 16:30:00,1,9648.24,9659.89,9887.26,9887.26
2020-01-21 17:00:00,1,9925.09,9813.17,9971.25,9971.25
2020-01-21 17:30:00,1,9845.79,9791.61,10014.91,10014.91
2020-01-21 18:00:00,1,9907.29,9815.25,9947.01,9947.01
2020-01-21 18:30:00,1,9684.78,9742.28,9691.1,9691.1
2020-01-21 19:00:00,1,9489.27,9505.25,9522.2,9522.2
2020-01-21 19:30:00,1,9347.67,9392.54,9294.85,9294.85
2020-01-21 20:00:00,1,9313.46,9298.96,9175.11,9175.11
2020-01-21 20:30:00,1,9113.44,9127.51,8953.39,8953.39
2020-01-21 21:00:00,1,8847.0,8871.87,8670.14,8670.14
2020-01-21 21:30:00,1,8659.7,8703.17,8540.02,8540.02
2020-01-21 22:00:00,1,8342.44,8439.92,8324.94,8324.94
2020-01-21 22:30:00,1,8196.12,8265.95,8117.29,8117.29
2020-01-21 23:00:00,1,7929.96,8011.56,7921.78,7921.78
2020-01-21 23:30:00,1,7733.6,7751.77,7715.49,7715.49
2020-01-22 00:00:00,1,7498.35,7600.58,7563.22,7563.22
2020-01-22 00:30:00,1,7254.12,7311.41,7402.38,7402.38
2020-01-22 01:00:00,1,7095.15,7079.39,7210.44,7210.44
2020-01-22 01:30:00,1,6801.71,6806.43,6958.91,6958.91
2020-01-22 02:00:00,1,6603.42,6590.86,6758.24,6758.24
2020-01-22 02:30:00,1,6481.06,6529.0,6600.49,6600.49
2020-01-22 03:00:00,1,6424.9,6447.86,6513.71,6513.71
2020-01-22 03:30:00,1,6434.88,6441.12,6505.88,6505.88
2020-01-22 04:00:00,1,6479.38,6493.89,6563.85,6563.85
2020-01-22 04:30:00,1,6676.09,6659.03,,6707.31
2020-01-22 05:00:00,1,6870.84,6860.31,,6922.0
2020-01-22 05:30:00,1,7224.62,7259.62,,7205.12
2020-01-22 06:00:00,1,7459.85,7504.04,,7496.26
2020-01-22 06:30:00,1,7753.0,7798.45,,7843.25
2020-01-22 07:00:00,1,7964.1,8043.94,,8104.16
2020-01-22 07:30:00,1,8128.97,8147.77,,8226.66
2020-01-22 08:00:00,1,8285.88,8261.1,,8322.56
2020-01-22 08:30:00,1,8377.02,8464.33,,8430.09
2020-01-22 09:00:00,1,8428.6,8442.43,,8488.69
2020-01-22 09:30:00,1,8498.37,8538.79,,8551.71
2020-01-22 10:00:00,1,8470.06,8549.31,,8618.29
2020-01-22 10:30:00,1,8577.19,8601.98,,8661.95
2020-01-22 11:00:00,1,8750.04,8709.51,,8751.58
2020-01-22 11:30:00,1,8942.83,8902.23,,8866.88
2020-01-22 12:00:00,1,9196.29,9103.41,,9008.88
2020-01-22 12:30:00,1,9488.34,9410.76,9165.44,9165.44
2020-01-22 13:00:00,1,9764.32,9657.18,9350.93,9350.93
2020-01-22 13:30:00,1,9960.84,9898.32,9568.6,9568.6
2020-01-22 14:00:00,1,10180.51,10131.47,9781.53,9781.53
2020-01-22 14:30:00,1,10375.38,10322.52,10015.3,10015.3
2020-01-22 15:00:00,1,10707.89,10578.7,10280.66,10280.66
2020-01-22 15:30:00,1,10918.92,10806.43,10509.77,10509.77
2020-01-22 16:00:00,1,11266.51,11116.78,10729.42,10729.42
2020-01-22 16:30:00,1,11515.49,11401.04,10876.62,10876.62
2020-01-22 17:00:00,1,11679.1,11563.32,11006.67,11006.67
2020-01-22 17:30:00,1,11528.38,11520.11,11016.48,11016.48
2020-01-22 18:00:00,1,11495.35,11424.87,10947.31,10947.31
2020-01-22 18:30:00,1,11251.27,11280.78,10722.84,10722.84
2020-01-22 19:00:00,1,10961.66,11011.08,10486.57,10486.57
2020-01-22 19:30:00,1,10702.79,10833.47,10264.88,10264.88
2020-01-22 20:00:00,1,10585.51,10559.26,10113.0,10113.0
2020-01-22 20:30:00,1,10242.6,10304.91,9804.95,9804.95
2020-01-22 21:00:00,1,9811.46,9884.26,9448.33,9448.33
2020-01-22 21:30:00,1,9468.69,9589.16,9169.26,9169.26
2020-01-22 22:00:00,1,9039.38,9119.04,8846.59,8846.59
2020-01-22 22:30:00,1,8745.45,8830.99,8591.62,8591.62
2020-01-22 23:00:00,1,8379.78,8475.37,8312.89,8312.89
2020-01-22 23:30:00,1,8080.54,8152.8,8026.01,8026.01
2020-01-23 00:00:00,1,7874.24,7941.51,7842.93,7842.93
2020-01-23 00:30:00,1,7649.19,7701.25,7672.45,7672.45
2020-01-23 01:00:00,1,7383.78,7460.43,7462.96,7462.96
2020-01-23 01:30:00,1,7032.61,7146.49,7210.72,7210.72
2020-01-23 02:00:00,1,6798.68,6878.11,7002.51,7002.51
2020-01-23 02:30:00,1,6642.47,6740.92,6866.96,6866.96
2020-01-23 03:00:00,1,6600.81,6616.51,6751.23,6751.23
2020-01-23 03:30:00,1,6582.13,6603.62,6763.92,6763.92
2020-01-23 04:00:00,1,6584.71,6634.58,6812.57,6812.57
2020-01-23 04:30:00,1,6783.5,6800.37,,6860.32
2020-01-23 05:00:00,1,6978.36,6971.02,,7049.65
2020-01-23 05:30:00,1,7330.45,7364.1,,7388.47
2020-01-23 06:00:00,1,7662.89,7664.8,,7749.16
2020-01-23 06:30:00,1,8094.25,8109.3,,8179.55
2020-01-23 07:00:00,1,8462.72,8407.62,,8562.72
2020-01-23 07:30:00,1,8753.46,8824.68,,8903.24
2020-01-23 08:00:00,1,9063.97,8990.72,,9156.17
2020-01-23 08:30:00,1,9384.01,9314.74,,9340.66
2020-01-23 09:00:00,1,9667.92,9598.89,,9582.88
2020-01-23 09:30:00,1,10047.46,9893.57,,9746.71
2020-01-23 10:00:00,1,10425.12,10257.96,,10017.18
2020-01-23 10:30:00,1,10734.72,10540.57,,10260.57
2020-01-23 11:00:00,1,11103.3,10922.39,,10530.59
2020-01-23 11:30:00,1,11446.14,11303.8,,10726.17
2020-01-23 12:00:00,1,11712.42,11606.64,,11037.73
2020-01-23 12:30:00,1,11918.68,11976.06,11238.88,11238.88
2020-01-23 13:00:00,1,11950.46,12097.22,11502.31,11502.31
2020-01-23 13:30:00,1,12261.87,12227.78,11758.13,11758.13
2020-01-23 14:00:00,1,12511.73,12432.71,12038.58,12038.58
2020-01-23 14:30:00,1,12674.07,12699.13,12265.82,12265.82
2020-01-23 15:00:00,1,12920.23,12921.04,12365.06,12365.06
2020-01-23 15:30:00,1,12861.33,13023.11,12500.36,12500.36
2020-01-23 16:00:00,1,13093.58,12847.46,12774.17,12774.17
2020-01-23 16:30:00,1,13215.23,13069.64,12889.31,12889.31
2020-01-23 17:00:00,1,13330.14,13177.49,12877.56,12877.56
2020-01-23 17:30:00,1,13166.18,13074.85,12567.14,12567.14
2020-01-23 18:00:00,1,12780.53,12890.92,12353.41,12353.41
2020-01-23 18:30:00,1,12601.19,12717.59,12188.3,12188.3
2020-01-23 19:00:00,1,12531.11,12677.48,11923.66,11923.66
2020-01-23 19:30:00,1,12328.18,12453.78,11833.9,11833.9
2020-01-23 20:00:00,1,12340.1,12444.03,11633.57,11633.57
2020-01-23 20:30:00,1,12092.42,12129.91,11384.45,11384.45
2020-01-23 21:00:00,1,11680.73,11580.13,10932.36,10932.36
2020-01-23 21:30:00,1,11195.89,11285.56,10566.75,10566.75
2020-01-23 22:00:00,1,10615.17,10662.34,10070.48,10070.48
2020-01-23 22:30:00,1,10252.59,10224.43,9615.82,9615.82
2020-01-23 23:00:00,1,9810.02,9770.47,9206.54,9206.54
2020-01-23 23:30:00,1,9417.32,9403.12,8829.34,8829.34
2020-01-24 00:00:00,1,9150.49,9152.19,8558.71,8558.71
2020-01-24 00:30:00,1,8799.92,8856.46,8274.26,8274.26
2020-01-24 01:00:00,1,8503.32,8532.86,7993.93,7993.93
2020-01-24 01:30:00,1,8210.37,8217.02,7660.76,7660.76
2020-01-24 02:00:00,1,8020.1,7994.75,7446.64,7446.64
2020-01-24 02:30:00,1,7824.24,7841.83,7337.52,7337.52
2020-01-24 03:00:00,1,7664.37,7707.74,7247.29,7247.29
2020-01-24 03:30:00,1,7565.86,7615.82,7200.68,7200.68
2020-01-24 04:00:00,1,7588.78,7593.1,7252.45,7252.45
2020-01-24 04:30:00,1,7697.72,7758.56,,7388.25
2020-01-24 05:00:00,1,7868.35,7889.75,,7601.57
2020-01-24 05:30:00,1,8166.66,8232.64,,7894.8
2020-01-24 06:00:00,1,8446.45,8542.58,,8216.91
2020-01-24 06:30:00,1,8872.49,8825.92,,8523.64
2020-01-24 07:00:00,1,9091.11,9218.62,,8759.72
2020-01-24 07:30:00,1,9373.88,9332.64,,8955.53
2020-01-24 08:00:00,1,9390.41,9526.28,,9067.56
2020-01-24 08:30:00,1,9485.77,9440.93,,9184.99
2020-01-24 09:00:00,1,9417.94,9475.76,,9181.29
2020-01-24 09:30:00,1,9493.3,9509.91,,9234.68
2020-01-24 10:00:00,1,9426.68,9472.17,,9233.24
2020-01-24 10:30:00,1,9305.54,9480.68,,9288.65
2020-01-24 11:00:00,1,9237.96,9305.04,,9301.01
2020-01-24 11:30:00,1,9132.05,9303.71,,9267.72
2020-01-24 12:00:00,1,9048.64,9218.27,,9273.63
2020-01-24 12:30:00,1,9057.99,9185.51,9308.14,9308.14
2020-01-24 13:00:00,1,9064.7,9177.62,9366.35,9366.35
2020-01-24 13:30:00,1,9077.54,9205.78,9463.69,9463.69
2020-01-24 14:00:00,1,9170.1,9269.18,9520.76,9520.76
2020-01-24 14:30:00,1,9099.45,9293.17,9656.8,9656.8
2020-01-24 15:00:00,1,9161.06,9236.92,9866.7,9866.7
2020-01-24 15:30:00,1,9443.1,9383.9,10006.38,10006.38
2020-01-24 16:00:00,1,9730.72,9677.45,10173.41,10173.41
2020-01-24 16:30:00,1,9901.02,9856.14,10283.11,10283.11
2020-01-24 17:00:00,1,10052.6,9993.28,10300.98,10300.98
2020-01-24 17:30:00,1,9896.36,9947.6,10318.54,10318.54
2020-01-24 18:00:00,1,9841.21,9782.91,10227.34,10227.34
2020-01-24 18:30:00,1,9722.92,9678.63,9986.55,9986.55
2020-01-24 19:00:00,1,9578.78,9563.77,9802.29,9802.29
2020-01-24 19:30:00,1,9568.02,9527.22,9664.37,9664.37
2020-01-24 20:00:00,1,9384.13,9511.64,9548.96,9548.96
2020-01-24 20:30:00,1,9222.65,9281.37,9308.24,9308.24
2020-01-24 21:00:00,1,8989.76,9016.95,9056.42,9056.42
2020-01-24 21:30:00,1,8893.64,8870.49,8908.13,8908.13
2020-01-24 22:00:00,1,8658.46,8687.11,8705.6,8705.6
2020-01-24 22:30:00,1,8507.36,8536.79,8575.84,8575.84
2020-01-24 23:00:00,1,8316.6,8317.92,8366.09,8366.09
2020-01-24 23:30:00,1,8086.44,8112.75,8092.27,8092.27
2020-01-26 00:00:00,1,7808.27,7798.41,7559.04,7559.04
2020-01-26 00:30:00,1,7576.16,7577.04,7412.64,7412.64
2020-01-26 01:00:00,1,7360.25,7377.85,7253.0,7253.0
2020-01-26 01:30:00,1,7059.69,7090.18,7031.55,7031.55
2020-01-26 02:00:00,1,6865.69,6880.24,6826.06,6826.06
2020-01-26 02:30:00,1,6784.22,6783.12,6698.65,6698.65
2020-01-26 03:00:00,1,6698.02,6689.55,6624.99,6624.99
2020-01-26 03:30:00,1,6652.02,6636.4,6613.58,6613.58
2020-01-26 04:00:00,1,6605.66,6560.76,6637.86,6637.86
2020-01-26 04:30:00,1,6642.08,6560.36,,6785.75
2020-01-26 05:00:00,1,6718.97,6582.79,,6856.31
2020-01-26 05:30:00,1,6793.61,6619.1,,6948.08
2020-01-26 06:00:00,1,6841.7,6773.1,,7007.58
2020-01-26 06:30:00,1,6979.22,7024.64,,7097.87
2020-01-26 07:00:00,1,7192.83,7164.42,,7332.9
2020-01-26 07:30:00,1,7426.11,7593.18,,7597.24
2020-01-26 08:00:00,1,7700.57,7713.69,,7816.72
2020-01-26 08:30:00,1,8024.78,8004.39,,7966.5
2020-01-26 09:00:00,1,8313.88,8383.09,,8154.61
2020-01-26 09:30:00,1,8575.67,8603.16,,8277.82
2020-01-26 10:00:00,1,8783.36,8789.05,,8456.96
2020-01-26 10:30:00,1,8978.33,9026.36,,8605.38
2020-01-26 11:00:00,1,9173.92,9173.73,,8734.23
2020-01-26 11:30:00,1,9259.96,9327.91,,8854.28
2020-01-26 12:00:00,1,9536.49,9507.7,,9002.95
2020-01-26 12:30:00,1,9669.85,9662.94,9141.86,9141.86
2020-01-26 13:00:00,1,9870.27,9833.87,9285.49,9285.49
2020-01-26 13:30:00,1,10128.51,10022.54,9425.84,9425.84
2020-01-26 14:00:00,1,10337.5,10307.82,9630.99,9630.99
2020-01-26 14:30:00,1,10452.44,10448.55,9806.16,9806.16
2020-01-26 15:00:00,1,10524.63,10553.61,10012.62,10012.62
2020-01-26 15:30:00,1,10330.64,10512.28,10215.07,10215.07
2020-01-26 16:00:00,1,10351.33,10272.45,10508.39,10508.39
2020-01-26 16:30:00,1,10637.7,10456.44,10743.26,10743.26
2020-01-26 17:00:00,1,10809.57,10684.54,10885.56,10885.56
2020-01-26 17:30:00,1,10823.77,10789.22,10795.98,10795.98
2020-01-26 18:00:00,1,10840.67,10681.35,10719.47,10719.47
2020-01-26 18:30:00,1,10616.15,10675.45,10534.21,10534.21
2020-01-26 19:00:00,1,10407.6,10465.06,10354.29,10354.29
2020-01-26 19:30:00,1,10323.28,10325.3,10267.07,10267.07
2020-01-26 20:00:00,1,10147.9,10248.3,10160.66,10160.66
2020-01-26 20:30:00,1,9957.38,10051.44,9935.89,9935.89
2020-01-26 21:00:00,1,9691.09,9759.43,9646.46,9646.46
2020-01-26 21:30:00,1,9422.66,9468.66,9349.03,9349.03
2020-01-26 22:00:00,1,9092.11,9176.64,9032.35,9032.35
2020-01-26 22:30:00,1,8773.61,8840.22,8707.45,8707.45
2020-01-26 23:00:00,1,8407.56,8476.96,8441.14,8441.14
2020-01-26 23:30:00,1,8054.86,8143.77,8133.73,8133.73
2020-01-28 00:00:00,1,7922.1,7931.67,7834.31,7834.31
2020-01-28 00:30:00,1,7659.76,7700.18,7641.71,7641.71
2020-01-28 01:00:00,1,7454.37,7465.05,7444.58,7444.58
2020-01-28 01:30:00,1,7174.79,7187.15,7180.92,7180.92
2020-01-28 02:00:00,1,6965.77,7003.3,6998.76,6998.76
2020-01-28 02:30:00,1,6828.75,6861.26,6893.51,6893.51
2020-01-28 03:00:00,1,6827.31,6785.79,6829.02,6829.02
2020-01-28 03:30:00,1,6806.24,6824.57,6846.07,6846.07
2020-01-28 04:00:00,1,6865.24,6847.26,6922.36,6922.36
2020-01-28 04:30:00,1,7088.58,7034.66,,7207.16
2020-01-28 05:00:00,1,7254.01,7262.3,,7468.19
2020-01-28 05:30:00,1,7728.92,7662.85,,7923.32
2020-01-28 06:00:00,1,8088.74,8054.67,,8369.7
2020-01-28 06:30:00,1,8521.08,8511.66,,8756.53
2020-01-28 07:00:00,1,8845.12,8882.74,,9108.03
2020-01-28 07:30:00,1,9125.54,9147.29,,9298.7
2020-01-28 08:00:00,1,9322.09,9372.81,,9416.83
2020-01-28 08:30:00,1,9523.45,9571.69,,9457.07
2020-01-28 09:00:00,1,9617.9,9567.82,,9506.4
2020-01-28 09:30:00,1,9764.53,9704.04,,9590.68
2020-01-28 10:00:00,1,9939.75,9923.69,,9719.54
2020-01-28 10:30:00,1,10106.85,10070.15,,9809.4
2020-01-28 11:00:00,1,10250.05,10252.24,,9939.36
2020-01-28 11:30:00,1,10491.78,10428.57,,10081.18
2020-01-28 12:00:00,1,10699.19,10621.53,,10264.62
2020-01-28 12:30:00,1,10975.14,10885.37,10433.43,10433.43
2020-01-28 13:00:00,1,11217.38,11200.43,10596.93,10596.93
2020-01-28 13:30:00,1,11364.98,11284.49,10786.14,10786.14
2020-01-28 14:00:00,1,11668.05,11544.88,10970.84,10970.84
2020-01-28 14:30:00,1,11837.59,11761.58,11128.59,11128.59
2020-01-28 15:00:00,1,12019.52,11927.51,11363.14,11363.14
2020-01-28 15:30:00,1,12128.3,12159.92,11611.2,11611.2
2020-01-28 16:00:00,1,12202.88,12162.97,11812.64,11812.64
2020-01-28 16:30:00,1,12349.85,12222.13,11863.56,11863.56
2020-01-28 17:00:00,1,12237.97,12301.37,11908.17,11908.17
2020-01-28 17:30:00,1,12153.95,11953.17,11721.6,11721.6
2020-01-28 18:00:00,1,12223.24,11657.97,11468.82,11468.82
2020-01-28 18:30:00,1,12249.67,11491.16,11230.13,11230.13
2020-01-28 19:00:00,1,11067.1,11181.72,10979.81,10979.81
2020-01-28 19:30:00,1,10776.54,10769.91,10764.35,10764.35
2020-01-28 20:00:00,1,10489.01,10653.04,10575.06,10575.06
2020-01-28 20:30:00,1,10196.2,10226.27,10263.1,10263.1
2020-01-28 21:00:00,1,9819.08,9835.09,9870.33,9870.33
2020-01-28 21:30:00,1,9514.0,9554.07,9599.31,9599.31
2020-01-28 22:00:00,1,9079.73,9160.36,9218.77,9218.77
2020-01-28 22:30:00,1,8875.56,8893.68,8926.84,8926.84
2020-01-28 23:00:00,1,8570.46,8594.71,8604.85,8604.85
2020-01-28 23:30:00,1,8342.08,8284.38,8280.54,8280.54
2020-01-31 00:00:00,1,8229.38,8191.92,8087.92,8087.92
2020-01-31 00:30:00,1,7894.46,7992.03,7887.43,7887.43
2020-01-31 01:00:00,1,7659.81,7710.26,7667.66,7667.66
2020-01-31 01:30:00,1,7348.69,7370.87,7398.41,7398.41
2020-01-31 02:00:00,1,7166.21,7169.7,7179.49,7179.49
2020-01-31 02:30:00,1,7093.64,7046.44,7038.99,7038.99
2020-01-31 03:00:00,1,6947.14,7033.49,6959.32,6959.32
2020-01-31 03:30:00,1,6956.21,6966.18,6944.38,6944.38
2020-01-31 04:00:00,1,7006.59,6999.61,7006.8,7006.8
2020-01-31 04:30:00,1,7245.66,7194.94,,7168.64
2020-01-31 05:00:00,1,7464.14,7424.93,,7392.83
2020-01-31 05:30:00,1,7878.78,7840.01,,7780.69
2020-01-31 06:00:00,1,8321.65,8215.96,,8172.66
2020-01-31 06:30:00,1,8769.52,8762.24,,8571.27
2020-01-31 07:00:00,1,9072.87,9198.7,,8890.2
2020-01-31 07:30:00,1,9396.38,9371.35,,9075.6
2020-01-31 08:00:00,1,9493.16,9571.29,,9212.9
2020-01-31 08:30:00,1,9644.86,9629.56,,9312.51
2020-01-31 09:00:00,1,9800.98,9831.76,,9399.0
2020-01-31 09:30:00,1,9939.8,9992.41,,9553.24
2020-01-31 10:00:00,1,10093.82,10116.43,,9754.57
2020-01-31 10:30:00,1,10429.73,10275.54,,9921.81
2020-01-31 11:00:00,1,10671.45,10664.65,,10111.56
2020-01-31 11:30:00,1,10966.57,10944.56,,10317.27
2020-01-31 12:00:00,1,11311.9,11246.14,,10547.59
2020-01-31 12:30:00,1,11577.56,11581.82,10817.94,10817.94
2020-01-31 13:00:00,1,11826.45,11744.9,11080.87,11080.87
2020-01-31 13:30:00,1,12083.1,11970.02,11309.22,11309.22
2020-01-31 14:00:00,1,12290.83,12261.4,11591.65,11591.65
2020-01-31 14:30:00,1,12509.37,12538.78,11884.53,11884.53
2020-01-31 15:00:00,1,12784.73,12774.78,12215.46,12215.46
2020-01-31 15:30:00,1,13143.76,12919.57,12437.3,12437.3
2020-01-31 16:00:00,1,12967.48,13334.84,12764.54,12764.54
2020-01-31 16:30:00,1,13062.96,12978.86,12964.43,12964.43
2020-01-31 17:00:00,1,13053.11,12974.01,12954.72,12954.72
2020-01-31 17:30:00,1,12717.59,13066.1,12544.82,12544.82
2020-01-31 18:00:00,1,13049.39,12690.38,12206.67,12206.67
2020-01-31 18:30:00,1,12793.0,12772.45,11842.03,11842.03
2020-01-31 19:00:00,1,12466.83,12442.07,11500.96,11500.96
2020-01-31 19:30:00,1,12226.41,12246.13,11350.28,11350.28
2020-01-31 20:00:00,1,12009.85,12036.66,11066.28,11066.28
2020-01-31 20:30:00,1,11657.69,11723.67,10740.12,10740.12
2020-01-31 21:00:00,1,11181.49,11269.59,10376.92,10376.92
2020-01-31 21:30:00,1,10833.11,10916.59,10074.22,10074.22
2020-01-31 22:00:00,1,10391.56,10380.78,9712.66,9712.66
2020-01-31 22:30:00,1,10087.11,10059.22,9425.89,9425.89
2020-01-31 23:00:00,1,9650.78,9682.31,9058.1,9058.1
2020-01-31 23:30:00,1,9282.39,9265.8,8792.44,8792.44
2020-02-01 00:00:00,1,8971.44,8993.27,8537.13,8537.13
2020-02-01 00:30:00,1,8565.63,8648.06,8287.82,8287.82
2020-02-01 01:00:00,1,8275.4,8288.65,8059.35,8059.35
2020-02-01 01:30:00,1,7854.8,7961.56,7738.47,7738.47
2020-02-01 02:00:00,1,7645.57,7682.36,7516.53,7516.53
2020-02-01 02:30:00,1,7521.21,7508.66,7353.17,7353.17
2020-02-01 03:00:00,1,7389.93,7432.57,7238.57,7238.57
2020-02-01 03:30:00,1,7404.46,7328.58,7123.36,7123.36
2020-02-01 04:00:00,1,7323.84,7358.56,7070.82,7070.82
2020-02-01 04:30:00,1,7388.76,7389.74,,7065.02
2020-02-01 05:00:00,1,7432.72,7440.46,,7102.08
2020-02-01 05:30:00,1,7541.14,7623.85,,7278.7
2020-02-01 06:00:00,1,7593.69,7668.07,,7436.04
2020-02-01 06:30:00,1,7860.48,7923.87,,7760.43
2020-02-01 07:00:00,1,8185.2,8254.26,,7979.09
2020-02-01 07:30:00,1,8636.49,8595.47,,8105.67
2020-02-01 08:00:00,1,9056.01,9044.94,,8416.65
2020-02-01 08:30:00,1,9582.2,9510.11,,8855.93
2020-02-01 09:00:00,1,9942.2,9948.92,,9222.0
2020-02-01 09:30:00,1,10483.65,10424.17,,9653.56
2020-02-01 10:00:00,1,10873.91,10808.83,,10085.5
2020-02-01 10:30:00,1,11234.53,11218.57,,10569.36
2020-02-01 11:00:00,1,11577.88,11557.23,,10971.14
2020-02-01 11:30:00,1,11799.08,11854.48,,11256.87
2020-02-01 12:00:00,1,12047.17,12072.46,,11503.4
2020-02-01 12:30:00,1,12220.43,12322.52,11721.18,11721.18
2020-02-01 13:00:00,1,12358.64,12398.36,11898.11,11898.11
2020-02-01 13:30:00,1,12507.8,12628.37,12035.91,12035.91
2020-02-01 14:00:00,1,12612.76,12736.94,12229.82,12229.82
2020-02-01 14:30:00,1,12769.86,12945.34,12388.88,12388.88
2020-02-01 15:00:00,1,12954.7,12947.37,12616.55,12616.55
2020-02-01 15:30:00,1,13164.26,13065.24,12703.51,12703.51
2020-02-01 16:00:00,1,13363.0,13161.92,12888.73,12888.73
2020-02-01 16:30:00,1,13464.42,13188.35,12991.86,12991.86
2020-02-01 17:00:00,1,13621.75,13451.02,13115.96,13115.96
2020-02-01 17:30:00,1,13634.63,13486.53,13070.04,13070.04
2020-02-01 18:00:00,1,13588.73,13503.79,12964.9,12964.9
2020-02-01 18:30:00,1,13441.78,13321.79,12630.05,12630.05
2020-02-01 19:00:00,1,13182.2,13173.37,12392.61,12392.61
2020-02-01 19:30:00,1,13057.93,12938.48,12155.87,12155.87
2020-02-01 20:00:00,1,12978.96,12810.5,11942.8,11942.8
2020-02-01 20:30:00,1,12743.92,12589.38,11885.46,11885.46
2020-02-01 21:00:00,1,12425.11,12328.41,11425.33,11425.33
2020-02-01 21:30:00,1,12010.47,11937.89,10997.42,10997.42
2020-02-01 22:00:00,1,11516.78,11453.83,10454.79,10454.79
2020-02-01 22:30:00,1,11058.84,11043.1,10133.05,10133.05
2020-02-01 23:00:00,1,10476.52,10433.62,9626.1,9626.1
2020-02-01 23:30:00,1,10010.62,9941.32,9229.69,9229.69
2020-02-03 00:00:00,1,7499.45,7588.21,8059.18,8059.18
2020-02-03 00:30:00,1,7314.57,7367.55,7739.6,7739.6
2020-02-03 01:00:00,1,7080.47,7193.16,7428.99,7428.99
2020-02-03 01:30:00,1,6900.81,6899.47,7093.94,7093.94
2020-02-03 02:00:00,1,6723.09,6765.27,6890.71,6890.71
2020-02-03 02:30:00,1,6692.11,6700.88,6833.98,6833.98
2020-02-03 03:00:00,1,6664.24,6655.89,6791.35,6791.35
2020-02-03 03:30:00,1,6703.96,6711.66,6862.69,6862.69
2020-02-03 04:00:00,1,6788.26,6755.15,6951.57,6951.57
2020-02-03 04:30:00,1,7011.3,6989.54,,7022.04
2020-02-03 05:00:00,1,7239.17,7256.79,,7303.61
2020-02-03 05:30:00,1,7731.58,7760.26,,7745.39
2020-02-03 06:00:00,1,8130.78,8190.63,,8179.21
2020-02-03 06:30:00,1,8602.44,8547.43,,8567.16
2020-02-03 07:00:00,1,8950.69,8985.15,,8873.82
2020-02-03 07:30:00,1,9142.32,9203.26,,9012.87
2020-02-03 08:00:00,1,9182.18,9287.99,,9102.76
2020-02-03 08:30:00,1,9250.51,9324.68,,9180.74
2020-02-03 09:00:00,1,9205.91,9272.96,,9201.53
2020-02-03 09:30:00,1,9205.33,9258.09,,9297.17
2020-02-03 10:00:00,1,9197.83,9365.46,,9318.24
2020-02-03 10:30:00,1,8997.97,9204.1,,9362.37
2020-02-03 11:00:00,1,8795.97,8960.85,,9389.26
2020-02-03 11:30:00,1,8894.45,8847.04,,9496.6
2020-02-03 12:00:00,1,9002.16,8989.91,,9548.34
2020-02-03 12:30:00,1,9233.32,9117.15,9667.34,9667.34
2020-02-03 13:00:00,1,9488.2,9432.12,9750.08,9750.08
2020-02-03 13:30:00,1,9686.38,9661.3,9894.72,9894.72
2020-02-03 14:00:00,1,9830.39,9762.01,9990.37,9990.37
2020-02-03 14:30:00,1,9947.24,10062.53,10087.85,10087.85
2020-02-03 15:00:00,1,10205.6,10177.24,10308.1,10308.1
2020-02-03 15:30:00,1,10505.21,10500.93,10428.25,10428.25
2020-02-03 16:00:00,1,10684.18,10667.37,10572.9,10572.9
2020-02-03 16:30:00,1,10741.33,10681.14,10593.2,10593.2
2020-02-03 17:00:00,1,10684.93,10735.78,10635.4,10635.4
2020-02-03 17:30:00,1,10469.36,10541.29,10484.79,10484.79
2020-02-03 18:00:00,1,10300.3,10356.0,10359.72,10359.72
2020-02-03 18:30:00,1,9853.64,10061.26,10067.33,10067.33
2020-02-03 19:00:00,1,9399.64,9633.15,9856.79,9856.79
2020-02-03 19:30:00,1,9193.95,9308.3,9690.36,9690.36
2020-02-03 20:00:00,1,8942.47,8993.28,9509.39,9509.39
2020-02-03 20:30:00,1,8624.66,8700.66,9225.99,9225.99
2020-02-03 21:00:00,1,8272.39,8331.34,8870.2,8870.2
2020-02-03 21:30:00,1,8033.07,8133.03,8657.69,8657.69
2020-02-03 22:00:00,1,7863.15,7837.8,8359.77,8359.77
2020-02-03 22:30:00,1,7693.51,7765.0,8137.47,8137.47
2020-02-03 23:00:00,1,7477.7,7537.41,7898.46,7898.46
2020-02-03 23:30:00,1,7314.38,7352.33,7684.46,7684.46
2020-02-11 00:00:00,1,7233.72,7258.35,7767.31,7767.31
2020-02-11 00:30:00,1,7076.7,7117.36,7594.85,7594.85
2020-02-11 01:00:00,1,6850.47,6900.98,7385.96,7385.96
2020-02-11 01:30:00,1,6655.13,6624.66,7140.59,7140.59
2020-02-11 02:00:00,1,6445.51,6492.5,6944.65,6944.65
2020-02-11 02:30:00,1,6334.19,6313.3,6803.53,6803.53
2020-02-11 03:00:00,1,6231.73,6272.66,6729.03,6729.03
2020-02-11 03:30:00,1,6285.7,6249.64,6736.38,6736.38
2020-02-11 04:00:00,1,6344.99,6353.64,6796.98,6796.98
2020-02-11 04:30:00,1,6525.29,6541.3,,6946.99
2020-02-11 05:00:00,1,6733.69,6723.14,,7212.8
2020-02-11 05:30:00,1,7251.11,7191.8,,7670.56
2020-02-11 06:00:00,1,7613.18,7613.82,,8101.7
2020-02-11 06:30:00,1,7970.25,7926.43,,8498.82
2020-02-11 07:00:00,1,8144.94,8209.46,,8793.46
2020-02-11 07:30:00,1,8244.92,8253.14,,8950.25
2020-02-11 08:00:00,1,8155.94,8273.25,,9030.22
2020-02-11 08:30:00,1,8215.07,8309.4,,9115.16
2020-02-11 09:00:00,1,8277.14,8305.06,,9164.31
2020-02-11 09:30:00,1,8407.74,8373.38,,9231.46
2020-02-11 10:00:00,1,8427.0,8473.98,,9288.95
2020-02-11 10:30:00,1,8529.65,8475.11,,9298.05
2020-02-11 11:00:00,1,8525.52,8617.63,,9331.91
2020-02-11 11:30:00,1,8504.48,8557.85,,9466.25
2020-02-11 12:00:00,1,8605.99,8597.45,,9565.53
2020-02-11 12:30:00,1,8763.18,8683.3,9660.53,9660.53
2020-02-11 13:00:00,1,8962.13,8933.79,9782.4,9782.4
2020-02-11 13:30:00,1,9105.49,9144.93,9841.83,9841.83
2020-02-11 14:00:00,1,9263.72,9282.06,9903.33,9903.33
2020-02-11 14:30:00,1,9335.31,9384.12,9970.68,9970.68
2020-02-11 15:00:00,1,9570.03,9614.31,10055.42,10055.42
2020-02-11 15:30:00,1,9711.44,9639.9,10171.28,10171.28
2020-02-11 16:00:00,1,9791.26,9867.28,10221.24,10221.24
2020-02-11 16:30:00,1,9966.14,9880.97,10278.4,10278.4
2020-02-11 17:00:00,1,10020.15,10006.1,10308.41,10308.41
2020-02-11 17:30:00,1,9905.86,9912.24,10320.62,10320.62
2020-02-11 18:00:00,1,9859.75,9922.56,10251.62,10251.62
2020-02-11 18:30:00,1,9611.99,9688.72,10098.19,10098.19
2020-02-11 19:00:00,1,9463.48,9434.97,9919.31,9919.31
2020-02-11 19:30:00,1,9420.65,9426.25,9881.68,9881.68
2020-02-11 20:00:00,1,9213.22,9266.88,9781.78,9781.78
2020-02-11 20:30:00,1,9004.88,8995.9,9567.2,9567.2
2020-02-11 21:00:00,1,8690.95,8715.6,9287.49,9287.49
2020-02-11 21:30:00,1,8493.71,8563.95,9063.56,9063.56
2020-02-11 22:00:00,1,8218.26,8247.12,8769.28,8769.28
2020-02-11 22:30:00,1,8093.51,8126.02,8568.24,8568.24
2020-02-11 23:00:00,1,7909.89,7884.87,8321.15,8321.15
2020-02-11 23:30:00,1,7693.42,7720.43,8076.3,8076.3
2020-02-18 00:00:00,1,7448.27,7436.78,7560.8,7560.8
2020-02-18 00:30:00,1,7275.64,7298.52,7400.17,7400.17
2020-02-18 01:00:00,1,7045.96,7087.32,7212.8,7212.8
2020-02-18 01:30:00,1,6779.85,6796.87,6965.62,6965.62
2020-02-18 02:00:00,1,6563.19,6624.3,6762.53,6762.53
2020-02-18 02:30:00,1,6487.11,6470.6,6620.75,6620.75
2020-02-18 03:00:00,1,6442.45,6441.12,6568.21,6568.21
2020-02-18 03:30:00,1,6454.83,6456.83,6572.97,6572.97
2020-02-18 04:00:00,1,6506.54,6512.19,6647.12,6647.12
2020-02-18 04:30:00,1,6718.99,6738.06,,6844.71
2020-02-18 05:00:00,1,6980.67,6983.08,,7101.18
2020-02-18 05:30:00,1,7473.55,7468.11,,7569.84
2020-02-18 06:00:00,1,7884.27,7838.68,,7968.34
2020-02-18 06:30:00,1,8205.35,8283.24,,8349.19
2020-02-18 07:00:00,1,8461.22,8443.71,,8597.81
2020-02-18 07:30:00,1,8443.62,8603.35,,8701.56
2020-02-18 08:00:00,1,8435.83,8429.71,,8760.68
2020-02-18 08:30:00,1,8449.61,8581.24,,8824.64
2020-02-18 09:00:00,1,8354.21,8384.94,,8849.97
2020-02-18 09:30:00,1,8392.58,8408.54,,8880.33
2020-02-18 10:00:00,1,8497.34,8576.11,,8945.27
2020-02-18 10:30:00,1,8594.77,8576.84,,8968.11
2020-02-18 11:00:00,1,8658.78,8682.86,,9036.94
2020-02-18 11:30:00,1,8792.35,8752.7,,9158.31
2020-02-18 12:00:00,1,8995.53,8928.82,,9301.65
2020-02-18 12:30:00,1,9233.21,9153.88,9440.51,9440.51
2020-02-18 13:00:00,1,9476.35,9426.07,9581.99,9581.99
2020-02-18 13:30:00,1,9737.43,9653.81,9849.09,9849.09
2020-02-18 14:00:00,1,10014.77,10008.67,10082.66,10082.66
2020-02-18 14:30:00,1,10295.97,10164.95,10256.97,10256.97
2020-02-18 15:00:00,1,10685.85,10588.63,10515.92,10515.92
2020-02-18 15:30:00,1,10923.27,10949.46,10745.83,10745.83
2020-02-18 16:00:00,1,11062.75,11136.57,10946.66,10946.66
2020-02-18 16:30:00,1,11079.33,11002.82,11131.92,11131.92
2020-02-18 17:00:00,1,11076.18,11100.0,11245.83,11245.83
2020-02-18 17:30:00,1,10990.14,10911.89,11301.19,11301.19
2020-02-18 18:00:00,1,10864.6,10915.27,11268.58,11268.58
2020-02-18 18:30:00,1,10710.67,10749.42,11076.64,11076.64
2020-02-18 19:00:00,1,10453.36,10561.58,10906.83,10906.83
2020-02-18 19:30:00,1,10214.45,10341.03,10762.67,10762.67
2020-02-18 20:00:00,1,10008.39,10016.05,10525.98,10525.98
2020-02-18 20:30:00,1,9693.98,9736.89,10244.46,10244.46
2020-02-18 21:00:00,1,9314.42,9404.83,9815.11,9815.11
2020-02-18 21:30:00,1,8935.98,9131.39,9549.88,9549.88
2020-02-18 22:00:00,1,8286.58,8605.31,9155.73,9155.73
2020-02-18 22:30:00,1,7956.33,8133.43,8852.43,8852.43
2020-02-18 23:00:00,1,7592.51,7768.37,8546.48,8546.48
2020-02-18 23:30:00,1,7407.06,7458.33,8290.37,8290.37
2020-02-26 00:00:00,1,7522.51,7579.72,7605.05,7605.05
2020-02-26 00:30:00,1,7301.78,7373.83,7427.12,7427.12
2020-02-26 01:00:00,1,7118.53,7138.19,7218.81,7218.81
2020-02-26 01:30:00,1,6791.64,6856.02,6939.74,6939.74
2020-02-26 02:00:00,1,6568.22,6604.12,6718.52,6718.52
2020-02-26 02:30:00,1,6437.02,6473.07,6550.23,6550.23
2020-02-26 03:00:00,1,6359.99,6389.56,6466.31,6466.31
2020-02-26 03:30:00,1,6404.93,6421.6,6461.77,6461.77
2020-02-26 04:00:00,1,6456.71,6472.56,6519.39,6519.39
2020-02-26 04:30:00,1,6616.96,6697.79,,6685.97
2020-02-26 05:00:00,1,6836.25,6867.82,,6903.69
2020-02-26 05:30:00,1,7374.3,7330.03,,7329.41
2020-02-26 06:00:00,1,7767.01,7729.61,,7703.12
2020-02-26 06:30:00,1,8196.74,8133.85,,8093.57
2020-02-26 07:00:00,1,8416.2,8473.43,,8362.54
2020-02-26 07:30:00,1,8502.52,8574.55,,8472.53
2020-02-26 08:00:00,1,8554.87,8603.17,,8500.73
2020-02-26 08:30:00,1,8695.77,8720.01,,8550.23
2020-02-26 09:00:00,1,8764.0,8765.27,,8579.96
2020-02-26 09:30:00,1,8729.15,8819.57,,8644.52
2020-02-26 10:00:00,1,8793.76,8812.2,,8736.04
2020-02-26 10:30:00,1,8917.42,8866.25,,8873.12
2020-02-26 11:00:00,1,9045.03,9060.51,,8989.49
2020-02-26 11:30:00,1,9243.94,9170.82,,9092.61
2020-02-26 12:00:00,1,9456.92,9461.59,,9234.88
2020-02-26 12:30:00,1,9468.05,9600.87,9325.69,9325.69
2020-02-26 13:00:00,1,9321.98,9547.05,9461.51,9461.51
2020-02-26 13:30:00,1,9329.38,9368.33,9674.73,9674.73
2020-02-26 14:00:00,1,9230.38,9341.26,9828.05,9828.05
2020-02-26 14:30:00,1,9377.2,9397.22,10106.27,10106.27
2020-02-26 15:00:00,1,9604.44,9539.96,10313.02,10313.02
2020-02-26 15:30:00,1,9939.64,9820.1,10545.51,10545.51
2020-02-26 16:00:00,1,10141.24,10194.35,10795.59,10795.59
2020-02-26 16:30:00,1,10098.06,10083.94,10976.82,10976.82
2020-02-26 17:00:00,1,10196.1,10070.9,11048.75,11048.75
2020-02-26 17:30:00,1,10066.81,10095.47,10951.0,10951.0
2020-02-26 18:00:00,1,10016.41,9986.94,10778.17,10778.17
2020-02-26 18:30:00,1,9844.53,9884.29,10559.17,10559.17
2020-02-26 19:00:00,1,9583.87,9743.57,10325.86,10325.86
2020-02-26 19:30:00,1,9386.34,9497.89,9913.98,9913.98
2020-02-26 20:00:00,1,9024.54,9173.87,9645.3,9645.3
2020-02-26 20:30:00,1,8657.72,8768.23,9116.81,9116.81
2020-02-26 21:00:00,1,8286.97,8451.33,8749.77,8749.77
2020-02-26 21:30:00,1,8079.18,8164.58,8494.24,8494.24
2020-02-26 22:00:00,1,7886.58,7872.72,8202.56,8202.56
2020-02-26 22:30:00,1,7813.51,7807.23,7983.42,7983.42
2020-02-26 23:00:00,1,7657.49,7618.53,7764.29,7764.29
2020-02-26 23:30:00,1,7426.65,7478.38,7606.5,7606.5
2020-03-02 00:00:00,1,7132.95,7147.41,7020.68,7020.68
2020-03-02 00:30:00,1,6881.2,6991.87,6773.9,6773.9
2020-03-02 01:00:00,1,6692.12,6754.32,6504.46,6504.46
2020-03-02 01:30:00,1,6441.03,6454.6,6209.58,6209.58
2020-03-02 02:00:00,1,6298.66,6310.88,6032.13,6032.13
2020-03-02 02:30:00,1,6229.41,6229.36,5961.09,5961.09
2020-03-02 03:00:00,1,6200.57,6210.03,5967.35,5967.35
2020-03-02 03:30:00,1,6206.46,6225.82,6046.42,6046.42
2020-03-02 04:00:00,1,6318.53,6275.66,6154.82,6154.82
2020-03-02 04:30:00,1,6491.42,6541.26,,6431.22
2020-03-02 05:00:00,1,6730.69,6750.96,,6686.05
2020-03-02 05:30:00,1,7203.02,7235.74,,7104.87
2020-03-02 06:00:00,1,7657.73,7645.1,,7512.37
2020-03-02 06:30:00,1,8033.34,8023.26,,7898.65
2020-03-02 07:00:00,1,8288.4,8251.88,,8165.38
2020-03-02 07:30:00,1,8351.62,8456.23,,8248.88
2020-03-02 08:00:00,1,8341.11,8427.36,,8267.47
2020-03-02 08:30:00,1,8438.89,8375.83,,8307.48
2020-03-02 09:00:00,1,8496.96,8540.74,,8308.28
2020-03-02 09:30:00,1,8630.61,8542.42,,8372.77
2020-03-02 10:00:00,1,8755.86,8589.73,,8473.8
2020-03-02 10:30:00,1,8855.19,8761.33,,8576.82
2020-03-02 11:00:00,1,9012.15,8986.56,,8670.82
2020-03-02 11:30:00,1,9175.98,9105.58,,8805.06
2020-03-02 12:00:00,1,9412.32,9335.6,,8972.49
2020-03-02 12:30:00,1,9647.39,9538.47,9133.75,9133.75
2020-03-02 13:00:00,1,9998.74,9812.99,9310.53,9310.53
2020-03-02 13:30:00,1,10244.21,10161.01,9505.37,9505.37
2020-03-02 14:00:00,1,10520.97,10350.67,9712.06,9712.06
2020-03-02 14:30:00,1,10730.66,10719.26,9880.13,9880.13
2020-03-02 15:00:00,1,11128.14,10890.38,10115.74,10115.74
2020-03-02 15:30:00,1,11344.04,11277.59,10201.08,10201.08
2020-03-02 16:00:00,1,11276.8,11361.76,10323.05,10323.05
2020-03-02 16:30:00,1,11191.15,11196.55,10307.62,10307.62
2020-03-02 17:00:00,1,11076.36,11153.92,10357.31,10357.31
2020-03-02 17:30:00,1,10679.12,10815.94,10256.02,10256.02
2020-03-02 18:00:00,1,10430.97,10537.65,10101.4,10101.4
2020-03-02 18:30:00,1,10025.33,10086.6,9805.29,9805.29
2020-03-02 19:00:00,1,9698.97,9855.13,9595.67,9595.67
2020-03-02 19:30:00,1,9548.5,9506.7,9474.89,9474.89
2020-03-02 20:00:00,1,9182.62,9262.55,9208.69,9208.69
2020-03-02 20:30:00,1,8857.65,8934.99,8927.85,8927.85
2020-03-02 21:00:00,1,8544.91,8558.68,8576.22,8576.22
2020-03-02 21:30:00,1,8298.37,8405.11,8353.61,8353.61
2020-03-02 22:00:00,1,7995.83,8080.78,8092.12,8092.12
2020-03-02 22:30:00,1,7911.12,7881.69,7831.11,7831.11
2020-03-02 23:00:00,1,7714.56,7730.16,7616.55,7616.55
2020-03-02 23:30:00,1,7515.62,7510.32,7406.88,7406.88
2020-03-19 00:00:00,1,7064.06,7066.52,7094.53,7094.53
2020-03-19 00:30:00,1,6854.62,6930.46,6949.03,6949.03
2020-03-19 01:00:00,1,6692.13,6698.01,6793.42,6793.42
2020-03-19 01:30:00,1,6416.29,6429.5,6530.96,6530.96
2020-03-19 02:00:00,1,6147.62,6229.6,6301.09,6301.09
2020-03-19 02:30:00,1,6057.17,6045.68,6165.61,6165.61
2020-03-19 03:00:00,1,5981.19,6038.06,6106.61,6106.61
2020-03-19 03:30:00,1,5999.57,6012.25,6111.39,6111.39
2020-03-19 04:00:00,1,6073.9,6065.69,6180.54,6180.54
2020-03-19 04:30:00,1,6323.44,6271.21,,6369.1
2020-03-19 05:00:00,1,6583.94,6556.42,,6611.49
2020-03-19 05:30:00,1,7015.65,7056.63,,7039.86
2020-03-19 06:00:00,1,7437.59,7439.68,,7465.51
2020-03-19 06:30:00,1,7757.99,7741.57,,7774.67
2020-03-19 07:00:00,1,7922.25,7960.51,,7958.42
2020-03-19 07:30:00,1,7892.99,7930.92,,7855.25
2020-03-19 08:00:00,1,7695.69,7855.84,,7733.02
2020-03-19 08:30:00,1,7620.06,7717.79,,7616.23
2020-03-19 09:00:00,1,7521.16,7522.82,,7516.21
2020-03-19 09:30:00,1,7417.0,7530.39,,7505.1
2020-03-19 10:00:00,1,7430.26,7417.04,,7477.87
2020-03-19 10:30:00,1,7340.6,7419.53,,7424.42
2020-03-19 11:00:00,1,7374.66,7386.43,,7447.17
2020-03-19 11:30:00,1,7444.46,7426.57,,7418.63
2020-03-19 12:00:00,1,7451.02,7498.86,,7490.52
2020-03-19 12:30:00,1,7574.14,7586.2,7649.48,7649.48
2020-03-19 13:00:00,1,7661.91,7668.37,7770.67,7770.67
2020-03-19 13:30:00,1,7805.41,7784.81,7952.7,7952.7
2020-03-19 14:00:00,1,7957.51,7936.48,8138.24,8138.24
2020-03-19 14:30:00,1,8173.93,8095.87,8315.63,8315.63
2020-03-19 15:00:00,1,8371.24,8341.24,8577.57,8577.57
2020-03-19 15:30:00,1,8649.13,8557.66,8819.39,8819.39
2020-03-19 16:00:00,1,8876.34,8805.85,9075.81,9075.81
2020-03-19 16:30:00,1,9201.02,8998.62,9256.21,9256.21
2020-03-19 17:00:00,1,9472.43,9310.21,9419.31,9419.31
2020-03-19 17:30:00,1,9520.06,9410.43,9451.18,9451.18
2020-03-19 18:00:00,1,9539.15,9523.39,9469.56,9469.56
2020-03-19 18:30:00,1,9337.17,9447.99,9446.75,9446.75
2020-03-19 19:00:00,1,9295.5,9220.13,9307.54,9307.54
2020-03-19 19:30:00,1,9003.87,9104.84,9056.83,9056.83
2020-03-19 20:00:00,1,8763.89,8861.33,8825.69,8825.69
2020-03-19 20:30:00,1,8436.49,8535.45,8452.38,8452.38
2020-03-19 21:00:00,1,8106.16,8155.95,8184.37,8184.37
2020-03-19 21:30:00,1,7945.0,8019.29,8032.49,8032.49
2020-03-19 22:00:00,1,7744.07,7773.49,7842.17,7842.17
2020-03-19 22:30:00,1,7687.11,7661.98,7685.29,7685.29
2020-03-19 23:00:00,1,7505.2,7572.46,7519.55,7519.55
2020-03-19 23:30:00,1,7286.84,7358.47,7366.95,7366.95
2020-03-20 00:00:00,1,7188.84,7170.25,7217.88,7217.88
2020-03-20 00:30:00,1,7016.52,7042.76,7057.16,7057.16
2020-03-20 01:00:00,1,6783.71,6871.27,6880.01,6880.01
2020-03-20 01:30:00,1,6474.48,6564.89,6612.4,6612.4
2020-03-20 02:00:00,1,6272.24,6300.43,6375.64,6375.64
2020-03-20 02:30:00,1,6144.32,6188.09,6263.3,6263.3
2020-03-20 03:00:00,1,6054.53,6087.42,6197.71,6197.71
2020-03-20 03:30:00,1,6052.84,6081.87,6212.47,6212.47
2020-03-20 04:00:00,1,6104.83,6144.83,6280.18,6280.18
2020-03-20 04:30:00,1,6282.3,6316.94,,6457.86
2020-03-20 05:00:00,1,6499.96,6523.44,,6694.93
2020-03-20 05:30:00,1,6920.67,6909.33,,7105.7
2020-03-20 06:00:00,1,7267.45,7346.24,,7517.73
2020-03-20 06:30:00,1,7591.03,7589.74,,7840.82
2020-03-20 07:00:00,1,7783.12,7800.0,,8037.66
2020-03-20 07:30:00,1,7794.63,7943.34,,8033.52
2020-03-20 08:00:00,1,7761.95,7836.63,,7971.61
2020-03-20 08:30:00,1,7731.77,7875.18,,7943.49
2020-03-20 09:00:00,1,7726.39,7753.09,,7887.2
2020-03-20 09:30:00,1,7728.65,7835.3,,7887.03
2020-03-20 10:00:00,1,7699.11,7762.14,,7917.11
2020-03-20 10:30:00,1,7631.6,7723.04,,7941.46
2020-03-20 11:00:00,1,7591.49,7626.9,,8012.31
2020-03-20 11:30:00,1,7799.8,7695.24,,8090.82
2020-03-20 12:00:00,1,7942.66,7881.34,,8219.15
2020-03-20 12:30:00,1,8100.3,8054.19,8371.49,8371.49
2020-03-20 13:00:00,1,8292.76,8201.26,8517.51,8517.51
2020-03-20 13:30:00,1,8480.66,8454.98,8725.7,8725.7
2020-03-20 14:00:00,1,8730.82,8644.57,8953.13,8953.13
2020-03-20 14:30:00,1,8932.5,8885.01,9177.87,9177.87
2020-03-20 15:00:00,1,9288.57,9214.0,9447.96,9447.96
2020-03-20 15:30:00,1,9580.67,9442.61,9663.73,9663.73
2020-03-20 16:00:00,1,9826.16,9699.92,9929.13,9929.13
2020-03-20 16:30:00,1,10070.55,9907.78,10053.13,10053.13
2020-03-20 17:00:00,1,10226.72,10109.22,10155.25,10155.25
2020-03-20 17:30:00,1,10137.08,10106.58,10017.3,10017.3
2020-03-20 18:00:00,1,10008.15,10025.67,9943.08,9943.08
2020-03-20 18:30:00,1,9769.73,9793.44,9774.48,9774.48
2020-03-20 19:00:00,1,9661.56,9676.59,9580.04,9580.04
2020-03-20 19:30:00,1,9368.56,9489.04,9264.53,9264.53
2020-03-20 20:00:00,1,9062.38,9215.78,9040.73,9040.73
2020-03-20 20:30:00,1,8731.08,8833.32,8680.31,8680.31
2020-03-20 21:00:00,1,8381.84,8466.73,8405.8,8405.8
2020-03-20 21:30:00,1,8194.95,8289.05,8219.98,8219.98
2020-03-20 22:00:00,1,7933.95,8014.13,8021.03,8021.03
2020-03-20 22:30:00,1,7854.26,7887.86,7890.86,7890.86
2020-03-20 23:00:00,1,7622.13,7742.19,7717.9,7717.9
2020-03-20 23:30:00,1,7423.69,7471.05,7562.53,7562.53
2020-09-03 00:00:00,1,7716.62,7800.67,7751.82,7751.82
2020-09-03 00:30:00,1,7578.11,7580.98,7601.5,7601.5
2020-09-03 01:00:00,1,7367.03,7443.37,7437.92,7437.92
2020-09-03 01:30:00,1,7212.25,7199.74,7246.31,7246.31
2020-09-03 02:00:00,1,7014.94,6995.51,7034.23,7034.23
2020-09-03 02:30:00,1,6668.87,6724.3,6735.2,6735.2
2020-09-03 03:00:00,1,6460.84,6486.04,6497.88,6497.88
2020-09-03 03:30:00,1,6293.33,6347.76,6319.41,6319.41
2020-09-03 04:00:00,1,6239.2,6221.31,6200.41,6200.41
2020-09-03 04:30:00,1,6267.13,6225.1,,6194.15
2020-09-03 05:00:00,1,6366.49,6361.35,,6289.76
2020-09-03 05:30:00,1,6580.95,6612.97,,6550.6
2020-09-03 06:00:00,1,6906.42,6882.49,,6876.66
2020-09-03 06:30:00,1,7480.7,7478.38,,7292.24
2020-09-03 07:00:00,1,7926.14,7847.88,,7665.47
2020-09-03 07:30:00,1,7983.71,8034.5,,7821.96
2020-09-03 08:00:00,1,7980.3,8029.41,,7860.73
2020-09-03 08:30:00,1,7762.24,7906.28,,7778.63
2020-09-03 09:00:00,1,7466.71,7618.46,,7566.19
2020-09-03 09:30:00,1,7280.2,7352.89,,7342.44
2020-09-03 10:00:00,1,7122.16,7215.25,,7147.9
2020-09-03 10:30:00,1,7005.73,7085.79,,7016.75
2020-09-03 11:00:00,1,6818.84,6997.92,,6875.26
2020-09-03 11:30:00,1,6705.18,6798.27,,6733.74
2020-09-03 12:00:00,1,6659.13,6657.62,,6669.96
2020-09-03 12:30:00,1,6660.09,6653.41,6674.57,6674.57
2020-09-03 13:00:00,1,6662.98,6663.42,6715.62,6715.62
2020-09-03 13:30:00,1,6755.7,6782.19,6780.97,6780.97
2020-09-03 14:00:00,1,6888.04,6844.53,6880.77,6880.77
2020-09-03 14:30:00,1,7078.27,6972.79,7003.35,7003.35
2020-09-03 15:00:00,1,7221.67,7227.74,7150.35,7150.35
2020-09-03 15:30:00,1,7340.18,7254.96,7325.41,7325.41
2020-09-03 16:00:00,1,7587.6,7557.23,7580.27,7580.27
2020-09-03 16:30:00,1,7766.16,7694.77,7872.83,7872.83
2020-09-03 17:00:00,1,8070.69,7893.92,8132.08,8132.08
2020-09-03 17:30:00,1,8311.82,8295.27,8438.44,8438.44
2020-09-03 18:00:00,1,8768.29,8521.83,8855.66,8855.66
2020-09-03 18:30:00,1,9044.16,8988.5,9119.3,9119.3
2020-09-03 19:00:00,1,8910.57,8988.76,9065.28,9065.28
2020-09-03 19:30:00,1,8625.05,8727.03,8831.39,8831.39
2020-09-03 20:00:00,1,8440.25,8455.35,8588.49,8588.49
2020-09-03 20:30:00,1,8251.38,8313.72,8418.13,8418.13
2020-09-03 21:00:00,1,8053.11,8108.48,8221.68,8221.68
2020-09-03 21:30:00,1,7850.8,7909.19,8031.21,8031.21
2020-09-03 22:00:00,1,7614.75,7705.86,7842.84,7842.84
2020-09-03 22:30:00,1,7630.41,7661.93,7776.52,7776.52
2020-09-03 23:00:00,1,7507.08,7483.74,7650.85,7650.85
2020-09-03 23:30:00,1,7439.78,7487.93,7565.41,7565.41
2020-09-17 00:00:00,1,7285.85,7328.39,7225.81,7225.81
2020-09-17 00:30:00,1,7171.21,7187.53,7120.83,7120.83
2020-09-17 01:00:00,1,7040.16,7040.57,6963.81,6963.81
2020-09-17 01:30:00,1,6861.77,6897.94,6743.76,6743.76
2020-09-17 02:00:00,1,6697.57,6694.18,6536.34,6536.34
2020-09-17 02:30:00,1,6356.45,6419.72,6261.46,6261.46
2020-09-17 03:00:00,1,6184.82,6183.8,6056.2,6056.2
2020-09-17 03:30:00,1,6043.49,6048.58,5930.25,5930.25
2020-09-17 04:00:00,1,5974.57,5991.99,5868.58,5868.58
2020-09-17 04:30:00,1,6035.78,5981.9,,5851.25
2020-09-17 05:00:00,1,6091.19,6122.08,,5959.18
2020-09-17 05:30:00,1,6340.76,6349.08,,6313.02
2020-09-17 06:00:00,1,6572.96,6648.3,,6663.5
2020-09-17 06:30:00,1,7068.06,7089.76,,7065.85
2020-09-17 07:00:00,1,7346.82,7400.57,,7305.68
2020-09-17 07:30:00,1,7426.41,7339.85,,7319.02
2020-09-17 08:00:00,1,7500.84,7476.5,,7291.4
2020-09-17 08:30:00,1,7259.93,7367.87,,7198.11
2020-09-17 09:00:00,1,7006.64,7139.57,,6989.08
2020-09-17 09:30:00,1,6870.59,6927.26,,6760.36
2020-09-17 10:00:00,1,6734.78,6814.86,,6689.72
2020-09-17 10:30:00,1,6710.01,6716.84,,6635.26
2020-09-17 11:00:00,1,6605.25,6691.69,,6551.59
2020-09-17 11:30:00,1,6596.42,6605.23,,6499.78
2020-09-17 12:00:00,1,6555.48,6666.78,,6501.36
2020-09-17 12:30:00,1,6576.06,6554.81,6537.17,6537.17
2020-09-17 13:00:00,1,6690.76,6733.53,6628.68,6628.68
2020-09-17 13:30:00,1,6786.95,6811.72,6725.08,6725.08
2020-09-17 14:00:00,1,6957.35,6871.58,6842.85,6842.85
2020-09-17 14:30:00,1,7177.39,7099.46,7029.26,7029.26
2020-09-17 15:00:00,1,7398.63,7403.84,7237.72,7237.72
2020-09-17 15:30:00,1,7594.21,7517.38,7451.32,7451.32
2020-09-17 16:00:00,1,7840.69,7791.17,7646.06,7646.06
2020-09-17 16:30:00,1,7991.96,7996.61,7847.96,7847.96
2020-09-17 17:00:00,1,8069.9,8158.31,8069.0,8069.0
2020-09-17 17:30:00,1,8157.38,8247.13,8191.81,8191.81
2020-09-17 18:00:00,1,8535.88,8471.89,8366.55,8366.55
2020-09-17 18:30:00,1,8847.75,8781.65,8639.87,8639.87
2020-09-17 19:00:00,1,8755.64,8851.44,8609.08,8609.08
2020-09-17 19:30:00,1,8470.27,8539.95,8353.09,8353.09
2020-09-17 20:00:00,1,8210.38,8314.68,8107.39,8107.39
2020-09-17 20:30:00,1,8095.59,8097.83,7929.57,7929.57
2020-09-17 21:00:00,1,7895.41,7987.64,7744.62,7744.62
2020-09-17 21:30:00,1,7675.75,7759.72,7592.47,7592.47
2020-09-17 22:00:00,1,7487.36,7578.41,7426.29,7426.29
2020-09-17 22:30:00,1,7515.15,7544.64,7390.86,7390.86
2020-09-17 23:00:00,1,7375.0,7401.66,7319.03,7319.03
2020-09-17 23:30:00,1,7317.3,7343.16,7271.38,7271.38
2020-10-05 00:00:00,1,6408.55,6483.7,6350.97,6350.97
2020-10-05 00:30:00,1,6247.5,6309.74,6203.35,6203.35
2020-10-05 01:00:00,1,6126.39,6146.51,6041.07,6041.07
2020-10-05 01:30:00,1,5856.42,5950.67,5797.86,5797.86
2020-10-05 02:00:00,1,5671.42,5740.34,5638.72,5638.72
2020-10-05 02:30:00,1,5521.62,5585.89,5501.09,5501.09
2020-10-05 03:00:00,1,5459.42,5542.8,5432.39,5432.39
2020-10-05 03:30:00,1,5459.02,5479.81,5399.66,5399.66
2020-10-05 04:00:00,1,5467.85,5500.7,5398.94,5398.94
2020-10-05 04:30:00,1,5536.48,5580.66,,5427.91
2020-10-05 05:00:00,1,5583.35,5672.54,,5528.76
2020-10-05 05:30:00,1,5722.64,5799.22,,5683.73
2020-10-05 06:00:00,1,5780.68,5805.42,,5758.04
2020-10-05 06:30:00,1,5809.43,5833.72,,5857.75
2020-10-05 07:00:00,1,5802.77,5791.09,,5879.49
2020-10-05 07:30:00,1,5787.12,5816.59,,5798.38
2020-10-05 08:00:00,1,5699.16,5876.18,,5732.26
2020-10-05 08:30:00,1,5694.12,5786.64,,5706.34
2020-10-05 09:00:00,1,5641.95,5722.5,,5685.35
2020-10-05 09:30:00,1,5647.12,5614.56,,5630.64
2020-10-05 10:00:00,1,5528.32,5678.98,,5634.47
2020-10-05 10:30:00,1,5530.43,5506.68,,5638.18
2020-10-05 11:00:00,1,5426.28,5570.24,,5647.15
2020-10-05 11:30:00,1,5506.66,5503.18,,5673.13
2020-10-05 12:00:00,1,5590.62,5628.38,,5702.35
2020-10-05 12:30:00,1,5725.27,5668.18,5785.9,5785.9
2020-10-05 13:00:00,1,5833.59,5814.43,5905.99,5905.99
2020-10-05 13:30:00,1,5936.96,5982.67,6068.9,6068.9
2020-10-05 14:00:00,1,6084.07,6137.3,6216.0,6216.0
2020-10-05 14:30:00,1,6311.11,6324.53,6323.68,6323.68
2020-10-05 15:00:00,1,6633.37,6590.64,6539.45,6539.45
2020-10-05 15:30:00,1,6990.44,6839.89,6821.0,6821.0
2020-10-05 16:00:00,1,7357.07,7313.74,7079.19,7079.19
2020-10-05 16:30:00,1,7636.98,7570.61,7406.22,7406.22
2020-10-05 17:00:00,1,8051.66,7803.2,7750.96,7750.96
2020-10-05 17:30:00,1,8258.25,8189.63,7988.25,7988.25
2020-10-05 18:00:00,1,8368.35,8342.59,8087.64,8087.64
2020-10-05 18:30:00,1,8358.59,8426.17,8122.4,8122.4
2020-10-05 19:00:00,1,8350.65,8311.58,8145.82,8145.82
2020-10-05 19:30:00,1,8089.21,8191.9,8021.56,8021.56
2020-10-05 20:00:00,1,7878.08,7931.45,7843.58,7843.58
2020-10-05 20:30:00,1,7645.94,7712.76,7616.39,7616.39
2020-10-05 21:00:00,1,7464.8,7511.1,7435.98,7435.98
2020-10-05 21:30:00,1,7261.93,7383.62,7240.11,7240.11
2020-10-05 22:00:00,1,7114.87,7199.04,7035.12,7035.12
2020-10-05 22:30:00,1,7080.68,7144.88,7009.51,7009.51
2020-10-05 23:00:00,1,6937.4,7000.17,6946.23,6946.23
2020-10-05 23:30:00,1,6808.97,6894.29,6866.34,6866.34
2020-11-12 00:00:00,1,7022.19,7115.81,7027.59,7027.59
2020-11-12 00:30:00,1,6841.53,6932.32,6903.54,6903.54
2020-11-12 01:00:00,1,6635.23,6744.09,6746.5,6746.5
2020-11-12 01:30:00,1,6376.46,6414.5,6505.09,6505.09
2020-11-12 02:00:00,1,6173.25,6216.65,6274.0,6274.0
2020-11-12 02:30:00,1,6006.23,6074.88,6129.06,6129.06
2020-11-12 03:00:00,1,5950.14,5995.17,6051.82,6051.82
2020-11-12 03:30:00,1,5940.69,6006.54,6039.87,6039.87
2020-11-12 04:00:00,1,6013.56,6082.15,6094.74,6094.74
2020-11-12 04:30:00,1,6199.63,6262.34,,6225.07
2020-11-12 05:00:00,1,6340.46,6460.22,,6443.66
2020-11-12 05:30:00,1,6660.21,6824.98,,6794.2
2020-11-12 06:00:00,1,6958.52,7059.23,,7134.07
2020-11-12 06:30:00,1,7245.28,7200.66,,7302.72
2020-11-12 07:00:00,1,7396.97,7432.7,,7374.02
2020-11-12 07:30:00,1,7439.49,7447.71,,7349.84
2020-11-12 08:00:00,1,7329.97,7489.36,,7274.57
2020-11-12 08:30:00,1,7175.25,7370.31,,7279.22
2020-11-12 09:00:00,1,7041.83,7114.81,,7283.45
2020-11-12 09:30:00,1,7072.23,7082.38,,7288.06
2020-11-12 10:00:00,1,7084.36,7043.13,,7299.22
2020-11-12 10:30:00,1,7121.48,7119.42,,7295.22
2020-11-12 11:00:00,1,7195.1,7255.13,,7297.8
2020-11-12 11:30:00,1,7291.98,7265.64,,7263.87
2020-11-12 12:00:00,1,7443.88,7497.51,,7294.15
2020-11-12 12:30:00,1,7405.36,7528.47,7342.78,7342.78
2020-11-12 13:00:00,1,7499.81,7467.21,7419.94,7419.94
2020-11-12 13:30:00,1,7714.12,7668.12,7478.78,7478.78
2020-11-12 14:00:00,1,7909.89,7943.86,7539.61,7539.61
2020-11-12 14:30:00,1,7990.8,8149.56,7662.41,7662.41
2020-11-12 15:00:00,1,8140.4,8159.67,7841.93,7841.93
2020-11-12 15:30:00,1,8287.94,8287.05,8006.31,8006.31
2020-11-12 16:00:00,1,8375.54,8481.78,8219.41,8219.41
2020-11-12 16:30:00,1,8529.06,8652.66,8433.35,8433.35
2020-11-12 17:00:00,1,8703.82,8639.84,8624.17,8624.17
2020-11-12 17:30:00,1,8833.86,8688.5,8639.9,8639.9
2020-11-12 18:00:00,1,8871.05,8856.16,8632.75,8632.75
2020-11-12 18:30:00,1,8810.36,8749.31,8554.31,8554.31
2020-11-12 19:00:00,1,8692.86,8906.64,8505.9,8505.9
2020-11-12 19:30:00,1,8670.1,8764.92,8455.31,8455.31
2020-11-12 20:00:00,1,8465.1,8491.55,8241.25,8241.25
2020-11-12 20:30:00,1,8155.28,8335.07,8011.96,8011.96
2020-11-12 21:00:00,1,7884.25,7894.82,7781.88,7781.88
2020-11-12 21:30:00,1,7830.44,7860.68,7666.33,7666.33
2020-11-12 22:00:00,1,7696.14,7674.46,7512.96,7512.96
2020-11-12 22:30:00,1,7618.42,7651.45,7468.28,7468.28
2020-11-12 23:00:00,1,7471.23,7517.62,7362.71,7362.71
2020-11-12 23:30:00,1,7363.42,7360.87,7206.57,7206.57
2020-11-16 00:00:00,1,6758.36,6756.32,6705.86,6705.86
2020-11-16 00:30:00,1,6561.66,6669.95,6563.6,6563.6
2020-11-16 01:00:00,1,6395.42,6468.32,6391.13,6391.13
2020-11-16 01:30:00,1,6152.81,6167.76,6186.14,6186.14
2020-11-16 02:00:00,1,6041.79,6008.58,5993.21,5993.21
2020-11-16 02:30:00,1,6037.28,5978.71,5881.07,5881.07
2020-11-16 03:00:00,1,5967.46,5952.16,5846.37,5846.37
2020-11-16 03:30:00,1,5952.65,5962.6,5885.86,5885.86
2020-11-16 04:00:00,1,5975.4,6029.35,5971.1,5971.1
2020-11-16 04:30:00,1,6107.79,6214.53,,6230.69
2020-11-16 05:00:00,1,6304.87,6337.13,,6433.7
2020-11-16 05:30:00,1,6634.9,6713.13,,6768.93
2020-11-16 06:00:00,1,6986.72,7014.2,,7074.39
2020-11-16 06:30:00,1,7315.08,7216.06,,7293.05
2020-11-16 07:00:00,1,7468.07,7438.15,,7455.94
2020-11-16 07:30:00,1,7672.7,7619.8,,7502.85
2020-11-16 08:00:00,1,7789.09,7765.05,,7481.37
2020-11-16 08:30:00,1,7758.19,7732.33,,7499.41
2020-11-16 09:00:00,1,7796.56,7753.16,,7520.71
2020-11-16 09:30:00,1,7709.46,7812.44,,7573.65
2020-11-16 10:00:00,1,7714.23,7679.52,,7698.71
2020-11-16 10:30:00,1,8003.97,7906.13,,7891.24
2020-11-16 11:00:00,1,8222.98,8161.31,,8103.43
2020-11-16 11:30:00,1,8537.72,8427.19,,8346.73
2020-11-16 12:00:00,1,8859.45,8824.79,,8595.55
2020-11-16 12:30:00,1,9032.43,8962.59,8798.86,8798.86
2020-11-16 13:00:00,1,9413.36,9241.87,9034.49,9034.49
2020-11-16 13:30:00,1,9688.64,9699.33,9349.87,9349.87
2020-11-16 14:00:00,1,9650.76,9845.81,9643.95,9643.95
2020-11-16 14:30:00,1,9828.32,10045.05,9988.91,9988.91
2020-11-16 15:00:00,1,10534.43,10373.26,10289.14,10289.14
2020-11-16 15:30:00,1,11059.63,11040.06,10542.79,10542.79
2020-11-16 16:00:00,1,11262.34,11182.78,10682.96,10682.96
2020-11-16 16:30:00,1,11327.83,11256.27,10802.09,10802.09
2020-11-16 17:00:00,1,11337.12,11419.44,10887.99,10887.99
2020-11-16 17:30:00,1,10965.67,11198.52,10859.81,10859.81
2020-11-16 18:00:00,1,10714.61,11175.09,10753.3,10753.3
2020-11-16 18:30:00,1,10317.77,10786.78,10492.04,10492.04
2020-11-16 19:00:00,1,10148.37,10600.84,10244.83,10244.83
2020-11-16 19:30:00,1,10050.64,10404.72,10048.22,10048.22
2020-11-16 20:00:00,1,9739.87,9911.68,9738.68,9738.68
2020-11-16 20:30:00,1,9406.21,9346.54,9434.84,9434.84
2020-11-16 21:00:00,1,8895.25,9076.48,9074.32,9074.32
2020-11-16 21:30:00,1,8651.16,8725.25,8787.28,8787.28
2020-11-16 22:00:00,1,8264.8,8392.33,8482.31,8482.31
2020-11-16 22:30:00,1,7990.38,8162.69,8234.95,8234.95
2020-11-16 23:00:00,1,7721.24,7831.51,7966.81,7966.81
2020-11-16 23:30:00,1,7498.81,7568.38,7679.38,7679.38
2020-11-20 00:00:00,1,7128.77,7208.38,7142.63,7142.63
2020-11-20 00:30:00,1,7013.6,7022.68,7020.45,7020.45
2020-11-20 01:00:00,1,6773.53,6854.02,6824.43,6824.43
2020-11-20 01:30:00,1,6524.27,6509.79,6576.0,6576.0
2020-11-20 02:00:00,1,6275.03,6305.3,6374.01,6374.01
2020-11-20 02:30:00,1,6153.38,6170.97,6242.56,6242.56
2020-11-20 03:00:00,1,6070.31,6109.09,6158.53,6158.53
2020-11-20 03:30:00,1,6072.76,6099.2,6159.7,6159.7
2020-11-20 04:00:00,1,6168.71,6167.43,6238.43,6238.43
2020-11-20 04:30:00,1,6355.3,6385.76,,6381.05
2020-11-20 05:00:00,1,6497.65,6549.03,,6572.24
2020-11-20 05:30:00,1,6804.38,6902.37,,6889.7
2020-11-20 06:00:00,1,7131.83,7150.64,,7187.21
2020-11-20 06:30:00,1,7283.17,7350.81,,7307.03
2020-11-20 07:00:00,1,7466.6,7393.11,,7380.2
2020-11-20 07:30:00,1,7499.93,7485.79,,7372.73
2020-11-20 08:00:00,1,7435.58,7468.67,,7357.8
2020-11-20 08:30:00,1,7512.57,7418.63,,7388.24
2020-11-20 09:00:00,1,7517.45,7532.83,,7412.35
2020-11-20 09:30:00,1,7580.1,7569.41,,7428.18
2020-11-20 10:00:00,1,7601.0,7673.58,,7484.17
2020-11-20 10:30:00,1,7810.82,7725.58,,7574.26
2020-11-20 11:00:00,1,7968.33,7930.84,,7708.22
2020-11-20 11:30:00,1,8213.59,8095.72,,7864.4
2020-11-20 12:00:00,1,8375.97,8289.01,,7957.79
2020-11-20 12:30:00,1,8589.61,8517.6,8177.53,8177.53
2020-11-20 13:00:00,1,8889.61,8871.85,8430.87,8430.87
2020-11-20 13:30:00,1,9161.94,9076.2,8709.95,8709.95
2020-11-20 14:00:00,1,9487.42,9427.31,8855.77,8855.77
2020-11-20 14:30:00,1,9934.06,9629.09,9065.34,9065.34
2020-11-20 15:00:00,1,10110.25,10316.04,9420.47,9420.47
2020-11-20 15:30:00,1,10011.59,10576.74,9729.22,9729.22
2020-11-20 16:00:00,1,10206.59,10343.34,9975.58,9975.58
2020-11-20 16:30:00,1,10216.89,10234.09,10208.98,10208.98
2020-11-20 17:00:00,1,10404.45,10250.63,10338.23,10338.23
2020-11-20 17:30:00,1,10258.34,10272.34,10228.3,10228.3
2020-11-20 18:00:00,1,9895.31,10260.02,10030.16,10030.16
2020-11-20 18:30:00,1,9722.15,10098.63,9771.95,9771.95
2020-11-20 19:00:00,1,9649.24,9879.54,9531.55,9531.55
2020-11-20 19:30:00,1,9521.63,9573.96,9337.97,9337.97
2020-11-20 20:00:00,1,9211.74,9367.14,9103.92,9103.92
2020-11-20 20:30:00,1,8787.23,8884.97,8778.33,8778.33
2020-11-20 21:00:00,1,8400.21,8499.03,8470.9,8470.9
2020-11-20 21:30:00,1,8155.13,8256.65,8260.69,8260.69
2020-11-20 22:00:00,1,7975.05,8019.35,8057.21,8057.21
2020-11-20 22:30:00,1,7824.65,7878.45,7884.4,7884.4
2020-11-20 23:00:00,1,7606.42,7725.7,7709.06,7709.06
2020-11-20 23:30:00,1,7382.77,7479.66,7536.9,7536.9
2020-11-26 00:00:00,1,7116.61,7172.89,7059.39,7059.39
2020-11-26 00:30:00,1,6962.65,7000.81,6890.97,6890.97
2020-11-26 01:00:00,1,6757.76,6833.93,6686.68,6686.68
2020-11-26 01:30:00,1,6461.41,6483.23,6437.69,6437.69
2020-11-26 02:00:00,1,6292.09,6268.39,6217.68,6217.68
2020-11-26 02:30:00,1,6159.68,6146.65,6088.99,6088.99
2020-11-26 03:00:00,1,6101.07,6113.85,6016.32,6016.32
2020-11-26 03:30:00,1,6136.68,6117.24,6015.67,6015.67
2020-11-26 04:00:00,1,6217.74,6211.66,6077.83,6077.83
2020-11-26 04:30:00,1,6426.93,6419.82,,6247.55
2020-11-26 05:00:00,1,6572.86,6620.64,,6445.46
2020-11-26 05:30:00,1,6954.84,7007.58,,6757.6
2020-11-26 06:00:00,1,7261.28,7308.51,,7050.2
2020-11-26 06:30:00,1,7416.28,7422.29,,7190.55
2020-11-26 07:00:00,1,7516.68,7482.85,,7248.2
2020-11-26 07:30:00,1,7538.92,7566.0,,7179.67
2020-11-26 08:00:00,1,7359.72,7440.65,,7089.55
2020-11-26 08:30:00,1,7406.92,7425.56,,7100.27
2020-11-26 09:00:00,1,7353.71,7378.42,,7072.23
2020-11-26 09:30:00,1,7383.06,7367.38,,7078.29
2020-11-26 10:00:00,1,7388.11,7430.61,,7104.53
2020-11-26 10:30:00,1,7510.93,7471.64,,7185.67
2020-11-26 11:00:00,1,7587.83,7618.06,,7262.82
2020-11-26 11:30:00,1,7772.55,7701.16,,7373.48
2020-11-26 12:00:00,1,7975.36,7914.29,,7426.1
2020-11-26 12:30:00,1,8235.03,8124.87,7626.79,7626.79
2020-11-26 13:00:00,1,8463.14,8372.68,7840.81,7840.81
2020-11-26 13:30:00,1,8718.79,8667.78,8062.56,8062.56
2020-11-26 14:00:00,1,8993.94,8953.95,8274.57,8274.57
2020-11-26 14:30:00,1,9312.78,9223.06,8507.8,8507.8
2020-11-26 15:00:00,1,9674.48,9642.98,8807.62,8807.62
2020-11-26 15:30:00,1,10053.66,9896.79,9095.04,9095.04
2020-11-26 16:00:00,1,10393.59,10217.32,9353.69,9353.69
2020-11-26 16:30:00,1,10626.09,10484.19,9566.03,9566.03
2020-11-26 17:00:00,1,10785.47,10707.16,9771.83,9771.83
2020-11-26 17:30:00,1,10798.3,10626.4,9841.26,9841.26
2020-11-26 18:00:00,1,10718.55,10797.53,9760.7,9760.7
2020-11-26 18:30:00,1,10387.46,10479.82,9522.46,9522.46
2020-11-26 19:00:00,1,10051.08,10168.26,9306.12,9306.12
2020-11-26 19:30:00,1,9873.48,9926.87,9184.4,9184.4
2020-11-26 20:00:00,1,9531.62,9653.31,8997.28,8997.28
2020-11-26 20:30:00,1,9077.63,9201.93,8714.37,8714.37
2020-11-26 21:00:00,1,8591.06,8697.26,8397.17,8397.17
2020-11-26 21:30:00,1,8306.04,8373.54,8155.31,8155.31
2020-11-26 22:00:00,1,8022.92,8086.76,7918.46,7918.46
2020-11-26 22:30:00,1,7847.92,7900.28,7764.86,7764.86
2020-11-26 23:00:00,1,7672.8,7676.4,7602.82,7602.82
2020-11-26 23:30:00,1,7477.67,7494.49,7416.54,7416.54
2020-11-28 00:00:00,1,7622.38,7640.1,7437.85,7437.85
2020-11-28 00:30:00,1,7417.74,7411.68,7290.09,7290.09
2020-11-28 01:00:00,1,7170.62,7184.98,7108.3,7108.3
2020-11-28 01:30:00,1,6821.49,6834.79,6873.53,6873.53
2020-11-28 02:00:00,1,6633.96,6595.67,6651.29,6651.29
2020-11-28 02:30:00,1,6456.32,6504.21,6507.49,6507.49
2020-11-28 03:00:00,1,6396.22,6418.13,6396.58,6396.58
2020-11-28 03:30:00,1,6316.66,6363.26,6366.35,6366.35
2020-11-28 04:00:00,1,6318.91,6329.33,6371.67,6371.67
2020-11-28 04:30:00,1,6401.21,6402.79,,6336.82
2020-11-28 05:00:00,1,6428.71,6441.7,,6377.01
2020-11-28 05:30:00,1,6579.87,6538.94,,6489.45
2020-11-28 06:00:00,1,6707.2,6770.55,,6534.07
2020-11-28 06:30:00,1,6903.86,6918.45,,6686.33
2020-11-28 07:00:00,1,7106.5,7128.55,,6913.8
2020-11-28 07:30:00,1,7256.49,7281.12,,7050.76
2020-11-28 08:00:00,1,7557.52,7486.29,,7116.46
2020-11-28 08:30:00,1,7880.9,7791.56,,7319.77
2020-11-28 09:00:00,1,8089.79,8135.15,,7474.55
2020-11-28 09:30:00,1,8358.19,8238.4,,7605.26
2020-11-28 10:00:00,1,8694.82,8568.24,,7780.55
2020-11-28 10:30:00,1,9008.34,8887.59,,8295.62
2020-11-28 11:00:00,1,9380.97,9311.81,,8551.79
2020-11-28 11:30:00,1,9690.61,9607.65,,8728.43
2020-11-28 12:00:00,1,9907.26,9969.59,,9038.75
2020-11-28 12:30:00,1,10134.83,10073.81,9242.37,9242.37
2020-11-28 13:00:00,1,10349.17,10557.12,9447.28,9447.28
2020-11-28 13:30:00,1,10664.16,10745.65,9590.88,9590.88
2020-11-28 14:00:00,1,10965.12,10885.17,9798.66,9798.66
2020-11-28 14:30:00,1,11261.62,11040.49,10057.03,10057.03
2020-11-28 15:00:00,1,11471.98,11363.13,10485.74,10485.74
2020-11-28 15:30:00,1,11789.55,11614.96,10776.72,10776.72
2020-11-28 16:00:00,1,11963.41,11928.67,11120.68,11120.68
2020-11-28 16:30:00,1,12191.79,12152.49,11387.34,11387.34
2020-11-28 17:00:00,1,12401.82,12446.45,11696.85,11696.85
2020-11-28 17:30:00,1,12134.22,12466.98,11935.34,11935.34
2020-11-28 18:00:00,1,11985.06,12227.79,11849.6,11849.6
2020-11-28 18:30:00,1,11884.8,12027.22,11510.11,11510.11
2020-11-28 19:00:00,1,11788.64,11967.5,11153.11,11153.11
2020-11-28 19:30:00,1,11590.59,11617.31,10918.64,10918.64
2020-11-28 20:00:00,1,11329.93,11348.37,10538.24,10538.24
2020-11-28 20:30:00,1,10987.72,11032.13,10228.91,10228.91
2020-11-28 21:00:00,1,10611.59,10634.58,9868.56,9868.56
2020-11-28 21:30:00,1,10241.41,10227.34,9589.59,9589.59
2020-11-28 22:00:00,1,9874.25,9847.53,9262.94,9262.94
2020-11-28 22:30:00,1,9501.56,9547.66,9007.39,9007.39
2020-11-28 23:00:00,1,9066.62,9078.63,8675.16,8675.16
2020-11-28 23:30:00,1,8694.81,8662.25,8270.86,8270.86
2020-11-29 00:00:00,1,8388.52,8431.85,7926.96,7926.96
2020-11-29 00:30:00,1,8117.26,8096.74,7548.51,7548.51
2020-11-29 01:00:00,1,7830.08,7878.46,7200.34,7200.34
2020-11-29 01:30:00,1,7534.47,7528.85,6795.11,6795.11
2020-11-29 02:00:00,1,7343.85,7293.94,6581.22,6581.22
2020-11-29 02:30:00,1,7235.61,7214.66,6422.79,6422.79
2020-11-29 03:00:00,1,7184.74,7151.86,6373.32,6373.32
2020-11-29 03:30:00,1,7079.19,7100.24,6381.24,6381.24
2020-11-29 04:00:00,1,7035.85,7085.81,6404.84,6404.84
2020-11-29 04:30:00,1,7079.12,7077.99,,6504.84
2020-11-29 05:00:00,1,7090.64,7096.2,,6525.55
2020-11-29 05:30:00,1,7118.42,7184.17,,6646.32
2020-11-29 06:00:00,1,7184.55,7228.38,,6550.4
2020-11-29 06:30:00,1,7369.34,7420.8,,6729.33
2020-11-29 07:00:00,1,7553.12,7638.01,,6918.61
2020-11-29 07:30:00,1,7837.05,7771.04,,7076.94
2020-11-29 08:00:00,1,8114.68,8086.4,,7265.66
2020-11-29 08:30:00,1,8395.04,8374.32,,7601.46
2020-11-29 09:00:00,1,8775.29,8650.89,,7924.99
2020-11-29 09:30:00,1,9079.89,9073.04,,8182.14
2020-11-29 10:00:00,1,9220.69,9250.75,,8425.4
2020-11-29 10:30:00,1,9446.93,9486.36,,8869.99
2020-11-29 11:00:00,1,9774.88,9724.43,,9235.41
2020-11-29 11:30:00,1,9992.81,9977.0,,9486.77
2020-11-29 12:00:00,1,10219.28,10215.99,,9765.6
2020-11-29 12:30:00,1,10460.95,10441.05,10018.74,10018.74
2020-11-29 13:00:00,1,10650.43,10601.36,10215.03,10215.03
2020-11-29 13:30:00,1,10872.71,10805.88,10380.86,10380.86
2020-11-29 14:00:00,1,11119.76,11000.89,10598.66,10598.66
2020-11-29 14:30:00,1,11387.43,11215.25,10809.71,10809.71
2020-11-29 15:00:00,1,11545.04,11423.61,11036.61,11036.61
2020-11-29 15:30:00,1,11620.15,11623.95,11219.63,11219.63
2020-11-29 16:00:00,1,11865.01,11888.62,11406.17,11406.17
2020-11-29 16:30:00,1,11816.77,12086.04,11481.56,11481.56
2020-11-29 17:00:00,1,11620.99,12203.12,12041.83,12041.83
2020-11-29 17:30:00,1,11106.3,11335.45,12043.93,12043.93
2020-11-29 18:00:00,1,10509.97,10755.51,11658.21,11658.21
2020-11-29 18:30:00,1,9934.83,10150.31,11069.24,11069.24
2020-11-29 19:00:00,1,9471.48,9690.48,10519.51,10519.51
2020-11-29 19:30:00,1,9170.43,9176.72,10196.18,10196.18
2020-11-29 20:00:00,1,8966.72,9026.01,9817.78,9817.78
2020-11-29 20:30:00,1,8616.82,8691.02,9390.01,9390.01
2020-11-29 21:00:00,1,8285.25,8324.62,8970.42,8970.42
2020-11-29 21:30:00,1,8008.64,7998.82,8610.76,8610.76
2020-11-29 22:00:00,1,7641.57,7734.91,8270.86,8270.86
2020-11-29 22:30:00,1,7455.67,7552.12,8023.56,8023.56
2020-11-29 23:00:00,1,7151.77,7268.76,7745.7,7745.7
2020-11-29 23:30:00,1,6984.19,6990.76,7406.47,7406.47
2020-12-04 00:00:00,1,7200.55,7205.39,7199.94,7199.94
2020-12-04 00:30:00,1,7059.74,7048.15,7043.06,7043.06
2020-12-04 01:00:00,1,6799.07,6845.23,6827.95,6827.95
2020-12-04 01:30:00,1,6600.33,6548.6,6553.35,6553.35
2020-12-04 02:00:00,1,6376.74,6414.94,6341.95,6341.95
2020-12-04 02:30:00,1,6187.09,6235.96,6205.26,6205.26
2020-12-04 03:00:00,1,6130.4,6157.81,6148.75,6148.75
2020-12-04 03:30:00,1,6193.91,6174.83,6137.67,6137.67
2020-12-04 04:00:00,1,6268.15,6265.64,6194.02,6194.02
2020-12-04 04:30:00,1,6489.66,6443.39,,6379.32
2020-12-04 05:00:00,1,6586.07,6594.79,,6564.28
2020-12-04 05:30:00,1,6933.91,6973.28,,6858.15
2020-12-04 06:00:00,1,7233.04,7239.68,,7167.84
2020-12-04 06:30:00,1,7432.58,7454.11,,7334.1
2020-12-04 07:00:00,1,7616.24,7668.75,,7437.74
2020-12-04 07:30:00,1,7664.99,7681.54,,7454.35
2020-12-04 08:00:00,1,7547.6,7645.35,,7428.8
2020-12-04 08:30:00,1,7588.86,7608.13,,7378.28
2020-12-04 09:00:00,1,7513.74,7622.96,,7326.5
2020-12-04 09:30:00,1,7511.78,7531.29,,7289.44
2020-12-04 10:00:00,1,7423.87,7600.61,,7293.04
2020-12-04 10:30:00,1,7443.7,7488.32,,7333.55
2020-12-04 11:00:00,1,7617.89,7469.63,,7426.97
2020-12-04 11:30:00,1,7663.88,7669.73,,7614.8
2020-12-04 12:00:00,1,7824.7,7754.39,,7689.03
2020-12-04 12:30:00,1,7881.82,7950.94,7921.47,7921.47
2020-12-04 13:00:00,1,8077.84,8007.25,8147.5,8147.5
2020-12-04 13:30:00,1,8222.72,8271.98,8444.57,8444.57
2020-12-04 14:00:00,1,8401.33,8361.29,8690.3,8690.3
2020-12-04 14:30:00,1,8655.47,8567.28,8929.53,8929.53
2020-12-04 15:00:00,1,9009.85,8912.2,9200.06,9200.06
2020-12-04 15:30:00,1,9282.84,9202.75,9505.78,9505.78
2020-12-04 16:00:00,1,9597.73,9515.62,9872.14,9872.14
2020-12-04 16:30:00,1,9843.4,9701.9,10042.01,10042.01
2020-12-04 17:00:00,1,9760.7,9815.8,10124.83,10124.83
2020-12-04 17:30:00,1,9551.13,9786.53,10015.19,10015.19
2020-12-04 18:00:00,1,9391.72,9792.59,9784.96,9784.96
2020-12-04 18:30:00,1,9262.31,9533.1,9388.51,9388.51
2020-12-04 19:00:00,1,9016.31,9452.38,9038.55,9038.55
2020-12-04 19:30:00,1,9025.84,9161.42,8779.86,8779.86
2020-12-04 20:00:00,1,8869.94,8954.49,8593.63,8593.63
2020-12-04 20:30:00,1,8579.48,8691.13,8280.48,8280.48
2020-12-04 21:00:00,1,8298.24,8397.45,8021.2,8021.2
2020-12-04 21:30:00,1,8092.94,8190.52,7879.52,7879.52
2020-12-04 22:00:00,1,7915.34,7977.56,7754.97,7754.97
2020-12-04 22:30:00,1,7783.8,7890.01,7676.47,7676.47
2020-12-04 23:00:00,1,7660.66,7683.91,7552.05,7552.05
2020-12-04 23:30:00,1,7402.93,7470.56,7397.86,7397.86
2020-12-17 00:00:00,1,7437.06,7441.96,7665.35,7665.35
2020-12-17 00:30:00,1,7239.69,7289.75,7486.35,7486.35
2020-12-17 01:00:00,1,6983.31,7061.84,7300.82,7300.82
2020-12-17 01:30:00,1,6656.41,6726.79,7055.57,7055.57
2020-12-17 02:00:00,1,6478.19,6504.12,6856.96,6856.96
2020-12-17 02:30:00,1,6362.7,6401.96,6729.76,6729.76
2020-12-17 03:00:00,1,6294.79,6366.62,6632.09,6632.09
2020-12-17 03:30:00,1,6308.25,6359.55,6600.82,6600.82
2020-12-17 04:00:00,1,6309.88,6401.38,6653.5,6653.5
2020-12-17 04:30:00,1,6515.75,6562.66,,6896.0
2020-12-17 05:00:00,1,6721.84,6732.54,,7098.62
2020-12-17 05:30:00,1,7068.28,7110.72,,7451.54
2020-12-17 06:00:00,1,7416.46,7451.38,,7824.46
2020-12-17 06:30:00,1,7686.62,7692.7,,8162.57
2020-12-17 07:00:00,1,7891.62,7900.65,,8464.15
2020-12-17 07:30:00,1,8120.61,8069.04,,8690.96
2020-12-17 08:00:00,1,8254.04,8254.32,,8798.61
2020-12-17 08:30:00,1,8319.55,8429.69,,8856.1
2020-12-17 09:00:00,1,8425.64,8396.76,,8838.9
2020-12-17 09:30:00,1,8528.4,8556.97,,8874.61
2020-12-17 10:00:00,1,8529.78,8655.55,,8900.86
2020-12-17 10:30:00,1,8596.41,8491.56,,8944.92
2020-12-17 11:00:00,1,8737.03,8726.81,,9007.05
2020-12-17 11:30:00,1,8952.59,8887.67,,9102.32
2020-12-17 12:00:00,1,9082.91,9160.42,,9268.14
2020-12-17 12:30:00,1,9306.83,9293.24,9415.24,9415.24
2020-12-17 13:00:00,1,9500.21,9547.86,9562.84,9562.84
2020-12-17 13:30:00,1,9848.69,9688.49,9715.52,9715.52
2020-12-17 14:00:00,1,10082.05,9947.66,9883.32,9883.32
2020-12-17 14:30:00,1,10402.96,10360.48,10086.62,10086.62
2020-12-17 15:00:00,1,10528.12,10565.7,10273.16,10273.16
2020-12-17 15:30:00,1,10396.5,10471.7,10437.23,10437.23
2020-12-17 16:00:00,1,10552.67,10438.38,10593.11,10593.11
2020-12-17 16:30:00,1,10753.58,10651.18,10709.51,10709.51
2020-12-17 17:00:00,1,10670.04,10799.65,10747.99,10747.99
2020-12-17 17:30:00,1,10707.75,10810.56,10674.57,10674.57
2020-12-17 18:00:00,1,10634.09,10831.33,10577.07,10577.07
2020-12-17 18:30:00,1,10387.05,10648.5,10440.2,10440.2
2020-12-17 19:00:00,1,10379.57,10521.97,10231.99,10231.99
2020-12-17 19:30:00,1,10420.79,10451.73,10087.34,10087.34
2020-12-17 20:00:00,1,10313.97,10349.81,9980.88,9980.88
2020-12-17 20:30:00,1,10044.52,10037.49,9771.8,9771.8
2020-12-17 21:00:00,1,9694.41,9706.65,9487.66,9487.66
2020-12-17 21:30:00,1,9352.6,9433.31,9223.9,9223.9
2020-12-17 22:00:00,1,9086.72,9031.95,8932.29,8932.29
2020-12-17 22:30:00,1,8848.95,8868.54,8770.92,8770.92
2020-12-17 23:00:00,1,8518.38,8542.3,8473.83,8473.83
2020-12-17 23:30:00,1,8195.65,8239.57,8163.22,8163.22
2020-12-18 00:00:00,1,7989.6,7987.94,7956.72,7956.72
2020-12-18 00:30:00,1,7653.54,7731.33,7678.9,7678.9
2020-12-18 01:00:00,1,7408.13,7398.89,7405.22,7405.22
2020-12-18 01:30:00,1,7085.47,7092.44,7062.59,7062.59
2020-12-18 02:00:00,1,6876.75,6863.13,6848.79,6848.79
2020-12-18 02:30:00,1,6669.05,6696.06,6688.59,6688.59
2020-12-18 03:00:00,1,6594.39,6588.11,6595.36,6595.36
2020-12-18 03:30:00,1,6590.26,6617.0,6567.41,6567.41
2020-12-18 04:00:00,1,6624.61,6626.32,6612.98,6612.98
2020-12-18 04:30:00,1,6730.4,6810.88,,6685.3
2020-12-18 05:00:00,1,6884.74,6880.27,,6866.54
2020-12-18 05:30:00,1,7196.59,7252.16,,7212.13
2020-12-18 06:00:00,1,7489.64,7518.91,,7589.31
2020-12-18 06:30:00,1,7854.18,7798.84,,7915.41
2020-12-18 07:00:00,1,8221.4,8180.64,,8184.65
2020-12-18 07:30:00,1,8581.88,8406.2,,8455.34
2020-12-18 08:00:00,1,8901.24,8841.38,,8593.25
2020-12-18 08:30:00,1,9258.05,9111.79,,8710.44
2020-12-18 09:00:00,1,9639.77,9538.36,,8777.58
2020-12-18 09:30:00,1,9875.01,9981.31,,8873.9
2020-12-18 10:00:00,1,9967.25,10014.76,,8970.07
2020-12-18 10:30:00,1,9757.35,10281.02,,9118.48
2020-12-18 11:00:00,1,9596.56,9704.68,,9215.79
2020-12-18 11:30:00,1,9333.7,9495.24,,9282.95
2020-12-18 12:00:00,1,9083.29,9266.04,,9419.2
2020-12-18 12:30:00,1,9214.72,9161.08,9533.18,9533.18
2020-12-18 13:00:00,1,9300.6,9325.33,9663.87,9663.87
2020-12-18 13:30:00,1,9578.13,9466.2,9741.3,9741.3
2020-12-18 14:00:00,1,9581.88,9739.55,9810.16,9810.16
2020-12-18 14:30:00,1,9879.74,9630.88,9930.99,9930.99
2020-12-18 15:00:00,1,9970.53,10218.43,9871.29,9871.29
2020-12-18 15:30:00,1,9802.5,9899.36,9913.13,9913.13
2020-12-18 16:00:00,1,9712.76,9746.39,9977.29,9977.29
2020-12-18 16:30:00,1,9664.87,9658.99,10004.33,10004.33
2020-12-18 17:00:00,1,9706.78,9648.68,9963.55,9963.55
2020-12-18 17:30:00,1,9441.77,9562.32,9784.38,9784.38
2020-12-18 18:00:00,1,9354.03,9370.46,9611.36,9611.36
2020-12-18 18:30:00,1,9209.64,9180.82,9331.16,9331.16
2020-12-18 19:00:00,1,9012.52,9080.11,9139.24,9139.24
2020-12-18 19:30:00,1,8878.31,8979.78,9076.33,9076.33
2020-12-18 20:00:00,1,8730.76,8842.77,8949.09,8949.09
2020-12-18 20:30:00,1,8531.14,8617.2,8721.43,8721.43
2020-12-18 21:00:00,1,8267.22,8317.98,8482.91,8482.91
2020-12-18 21:30:00,1,8184.68,8190.38,8339.83,8339.83
2020-12-18 22:00:00,1,8005.35,8047.11,8190.14,8190.14
2020-12-18 22:30:00,1,7935.14,7972.64,8044.26,8044.26
2020-12-18 23:00:00,1,7718.57,7769.01,7855.75,7855.75
2020-12-18 23:30:00,1,7505.76,7542.04,7653.87,7653.87
2020-12-27 00:00:00,1,6497.69,6477.75,6473.6,6473.6
2020-12-27 00:30:00,1,6324.43,6384.9,6213.4,6213.4
2020-12-27 01:00:00,1,6141.07,6174.84,6017.12,6017.12
2020-12-27 01:30:00,1,5888.97,5921.54,5759.45,5759.45
2020-12-27 02:00:00,1,5746.47,5732.42,5604.33,5604.33
2020-12-27 02:30:00,1,5563.24,5640.95,5509.88,5509.88
2020-12-27 03:00:00,1,5553.68,5531.15,5489.89,5489.89
2020-12-27 03:30:00,1,5538.9,5537.73,5593.25,5593.25
2020-12-27 04:00:00,1,5502.01,5541.57,5614.21,5614.21
2020-12-27 04:30:00,1,5574.93,5565.65,,5623.14
2020-12-27 05:00:00,1,5600.5,5567.3,,5655.79
2020-12-27 05:30:00,1,5616.13,5644.84,,5673.62
2020-12-27 06:00:00,1,5670.17,5682.6,,5592.16
2020-12-27 06:30:00,1,5706.17,5724.73,,5655.35
2020-12-27 07:00:00,1,5792.71,5766.63,,5777.62
2020-12-27 07:30:00,1,5854.91,5866.75,,5883.48
2020-12-27 08:00:00,1,5837.91,5922.97,,5870.65
2020-12-27 08:30:00,1,5810.65,5826.04,,5827.41
2020-12-27 09:00:00,1,5795.93,5829.77,,5784.33
2020-12-27 09:30:00,1,5684.18,5708.36,,5810.49
2020-12-27 10:00:00,1,5573.99,5571.32,,5827.26
2020-12-27 10:30:00,1,5555.28,5557.38,,5807.28
2020-12-27 11:00:00,1,5542.04,5528.45,,5851.71
2020-12-27 11:30:00,1,5619.93,5615.88,,5949.59
2020-12-27 12:00:00,1,5753.81,5697.19,,6078.15
2020-12-27 12:30:00,1,5911.76,5808.93,6259.82,6259.82
2020-12-27 13:00:00,1,6068.74,6049.97,6473.87,6473.87
2020-12-27 13:30:00,1,6242.9,6241.31,6715.07,6715.07
2020-12-27 14:00:00,1,6506.74,6425.48,6908.52,6908.52
2020-12-27 14:30:00,1,6746.68,6740.89,7296.15,7296.15
2020-12-27 15:00:00,1,7011.48,7001.56,7537.96,7537.96
2020-12-27 15:30:00,1,7353.02,7234.56,7809.33,7809.33
2020-12-27 16:00:00,1,7713.43,7635.88,8052.27,8052.27
2020-12-27 16:30:00,1,8061.03,7926.44,8325.5,8325.5
2020-12-27 17:00:00,1,8444.93,8325.5,8636.2,8636.2
2020-12-27 17:30:00,1,8598.21,8638.06,8891.75,8891.75
2020-12-27 18:00:00,1,8583.85,8588.47,8959.4,8959.4
2020-12-27 18:30:00,1,8526.53,8550.11,8844.65,8844.65
2020-12-27 19:00:00,1,8392.06,8497.03,8657.11,8657.11
2020-12-27 19:30:00,1,8305.06,8441.19,8517.64,8517.64
2020-12-27 20:00:00,1,8282.67,8310.24,8455.28,8455.28
2020-12-27 20:30:00,1,8116.11,8183.61,8387.85,8387.85
2020-12-27 21:00:00,1,7882.04,7928.73,8189.67,8189.67
2020-12-27 21:30:00,1,7749.67,7753.08,7989.65,7989.65
2020-12-27 22:00:00,1,7623.16,7595.79,7779.49,7779.49
2020-12-27 22:30:00,1,7462.26,7497.96,7562.42,7562.42
2020-12-27 23:00:00,1,7232.75,7244.66,7310.43,7310.43
2020-12-27 23:30:00,1,6942.33,7004.61,7056.19,7056.19
2021-01-12 00:00:00,1,7232.09,7290.65,7189.77,7189.77
2021-01-12 00:30:00,1,7024.59,7057.74,6948.11,6948.11
2021-01-12 01:00:00,1,6832.61,6808.27,6737.97,6737.97
2021-01-12 01:30:00,1,6556.25,6583.58,6468.81,6468.81
2021-01-12 02:00:00,1,6297.55,6378.82,6256.2,6256.2
2021-01-12 02:30:00,1,6174.28,6242.84,6118.67,6118.67
2021-01-12 03:00:00,1,6105.39,6157.26,6043.7,6043.7
2021-01-12 03:30:00,1,6079.26,6107.12,6030.7,6030.7
2021-01-12 04:00:00,1,6137.74,6141.52,6070.2,6070.2
2021-01-12 04:30:00,1,6354.75,6325.22,,6195.23
2021-01-12 05:00:00,1,6480.45,6531.18,,6323.71
2021-01-12 05:30:00,1,6783.97,6773.36,,6566.0
2021-01-12 06:00:00,1,6991.57,7048.58,,6783.02
2021-01-12 06:30:00,1,7178.69,7200.96,,6917.05
2021-01-12 07:00:00,1,7346.59,7307.81,,6986.55
2021-01-12 07:30:00,1,7462.6,7467.05,,7010.0
2021-01-12 08:00:00,1,7494.05,7593.23,,7051.73
2021-01-12 08:30:00,1,7513.0,7498.54,,7148.73
2021-01-12 09:00:00,1,7467.44,7502.8,,7216.08
2021-01-12 09:30:00,1,7494.05,7484.29,,7277.76
2021-01-12 10:00:00,1,7485.33,7545.89,,7312.2
2021-01-12 10:30:00,1,7459.71,7491.75,,7364.2
2021-01-12 11:00:00,1,7590.16,7533.89,,7440.56
2021-01-12 11:30:00,1,7771.48,7774.39,,7451.63
2021-01-12 12:00:00,1,8041.83,7904.19,,7453.36
2021-01-12 12:30:00,1,8279.6,8324.71,7598.3,7598.3
2021-01-12 13:00:00,1,8460.12,8440.07,7809.82,7809.82
2021-01-12 13:30:00,1,8595.95,8532.05,8026.74,8026.74
2021-01-12 14:00:00,1,8815.55,8809.2,8235.87,8235.87
2021-01-12 14:30:00,1,9005.64,8985.73,8682.76,8682.76
2021-01-12 15:00:00,1,9283.37,9245.87,9016.12,9016.12
2021-01-12 15:30:00,1,9615.99,9488.83,9310.21,9310.21
2021-01-12 16:00:00,1,9859.39,9911.09,9623.78,9623.78
2021-01-12 16:30:00,1,10086.6,10016.35,9866.2,9866.2
2021-01-12 17:00:00,1,10317.33,10264.51,10026.43,10026.43
2021-01-12 17:30:00,1,10376.04,10321.6,10055.17,10055.17
2021-01-12 18:00:00,1,10342.35,10391.25,10069.28,10069.28
2021-01-12 18:30:00,1,10170.98,10209.32,9928.04,9928.04
2021-01-12 19:00:00,1,9906.03,10031.82,9664.5,9664.5
2021-01-12 19:30:00,1,9692.56,9810.87,9420.66,9420.66
2021-01-12 20:00:00,1,9535.06,9542.97,9249.98,9249.98
2021-01-12 20:30:00,1,9253.46,9352.38,9085.29,9085.29
2021-01-12 21:00:00,1,8930.7,8896.62,8751.93,8751.93
2021-01-12 21:30:00,1,8670.76,8780.51,8519.56,8519.56
2021-01-12 22:00:00,1,8419.96,8415.71,8255.53,8255.53
2021-01-12 22:30:00,1,8203.15,8278.91,8091.5,8091.5
2021-01-12 23:00:00,1,7880.15,8016.88,7850.15,7850.15
2021-01-12 23:30:00,1,7762.73,7736.28,7668.63,7668.63
2021-01-14 00:00:00,1,7622.58,7614.52,7572.65,7572.65
2021-01-14 00:30:00,1,7374.02,7399.15,7364.74,7364.74
2021-01-14 01:00:00,1,7146.96,7193.77,7146.21,7146.21
2021-01-14 01:30:00,1,6821.68,6830.12,6873.22,6873.22
2021-01-14 02:00:00,1,6656.12,6676.13,6644.87,6644.87
2021-01-14 02:30:00,1,6493.28,6546.15,6496.3,6496.3
2021-01-14 03:00:00,1,6392.78,6432.63,6403.81,6403.81
2021-01-14 03:30:00,1,6467.56,6410.29,6386.56,6386.56
2021-01-14 04:00:00,1,6466.72,6488.91,6425.42,6425.42
2021-01-14 04:30:00,1,6593.56,6627.76,,6517.39
2021-01-14 05:00:00,1,6794.45,6765.3,,6663.64
2021-01-14 05:30:00,1,7066.25,7114.07,,6919.55
2021-01-14 06:00:00,1,7306.3,7340.33,,7162.89
2021-01-14 06:30:00,1,7557.43,7570.22,,7409.92
2021-01-14 07:00:00,1,7814.23,7775.8,,7612.47
2021-01-14 07:30:00,1,7978.69,8007.84,,7774.54
2021-01-14 08:00:00,1,7955.03,8143.03,,7879.69
2021-01-14 08:30:00,1,7936.35,8041.29,,7968.97
2021-01-14 09:00:00,1,7775.33,7943.2,,8013.57
2021-01-14 09:30:00,1,7763.17,7684.36,,8078.52
2021-01-14 10:00:00,1,7922.92,7814.64,,8134.52
2021-01-14 10:30:00,1,8041.91,8080.49,,8219.13
2021-01-14 11:00:00,1,8191.27,8135.57,,8321.35
2021-01-14 11:30:00,1,8423.78,8340.54,,8429.69
2021-01-14 12:00:00,1,8672.67,8564.17,,8630.03
2021-01-14 12:30:00,1,8965.31,8942.03,8855.36,8855.36
2021-01-14 13:00:00,1,9363.08,9236.07,9034.59,9034.59
2021-01-14 13:30:00,1,9644.94,9614.02,9266.48,9266.48
2021-01-14 14:00:00,1,9964.59,9904.33,9507.79,9507.79
2021-01-14 14:30:00,1,10287.68,10143.64,9810.06,9810.06
2021-01-14 15:00:00,1,10647.9,10518.2,10247.7,10247.7
2021-01-14 15:30:00,1,10981.14,10897.69,10595.11,10595.11
2021-01-14 16:00:00,1,11234.59,11267.26,10937.15,10937.15
2021-01-14 16:30:00,1,11519.36,11320.93,11204.47,11204.47
2021-01-14 17:00:00,1,11721.57,11621.02,11389.25,11389.25
2021-01-14 17:30:00,1,11729.36,11699.24,11345.68,11345.68
2021-01-14 18:00:00,1,11526.64,11681.13,11211.94,11211.94
2021-01-14 18:30:00,1,11066.94,11245.01,10824.43,10824.43
2021-01-14 19:00:00,1,10603.48,10740.0,10432.17,10432.17
2021-01-14 19:30:00,1,10106.55,10307.98,10118.5,10118.5
2021-01-14 20:00:00,1,9887.35,9887.97,9918.3,9918.3
2021-01-14 20:30:00,1,9559.53,9613.04,9617.62,9617.62
2021-01-14 21:00:00,1,9074.47,9175.09,9269.38,9269.38
2021-01-14 21:30:00,1,8810.02,8865.33,8960.99,8960.99
2021-01-14 22:00:00,1,8524.0,8532.12,8666.14,8666.14
2021-01-14 22:30:00,1,8309.58,8342.17,8416.54,8416.54
2021-01-14 23:00:00,1,8085.23,8143.3,8139.49,8139.49
2021-01-14 23:30:00,1,7832.84,7864.29,7842.34,7842.34
2021-01-22 00:00:00,1,7393.99,7379.8,7318.84,7318.84
2021-01-22 00:30:00,1,7194.56,7200.63,7208.04,7208.04
2021-01-22 01:00:00,1,6972.41,6978.78,7023.4,7023.4
2021-01-22 01:30:00,1,6654.84,6714.62,6798.4,6798.4
2021-01-22 02:00:00,1,6417.13,6504.96,6592.83,6592.83
2021-01-22 02:30:00,1,6279.3,6321.43,6463.31,6463.31
2021-01-22 03:00:00,1,6211.0,6269.54,6367.69,6367.69
2021-01-22 03:30:00,1,6257.99,6255.98,6343.66,6343.66
2021-01-22 04:00:00,1,6287.79,6311.51,6383.64,6383.64
2021-01-22 04:30:00,1,6432.56,6472.13,,6515.41
2021-01-22 05:00:00,1,6617.42,6608.6,,6687.27
2021-01-22 05:30:00,1,6983.28,6947.38,,6967.23
2021-01-22 06:00:00,1,7193.38,7256.53,,7181.38
2021-01-22 06:30:00,1,7378.15,7451.23,,7353.83
2021-01-22 07:00:00,1,7498.48,7482.94,,7481.01
2021-01-22 07:30:00,1,7595.41,7670.29,,7570.13
2021-01-22 08:00:00,1,7620.07,7592.41,,7601.63
2021-01-22 08:30:00,1,7653.24,7657.6,,7633.51
2021-01-22 09:00:00,1,7593.76,7592.73,,7612.73
2021-01-22 09:30:00,1,7511.24,7598.03,,7596.76
2021-01-22 10:00:00,1,7576.47,7640.27,,7593.47
2021-01-22 10:30:00,1,7638.92,7598.17,,7614.69
2021-01-22 11:00:00,1,7769.86,7753.37,,7686.49
2021-01-22 11:30:00,1,7967.66,7880.48,,7807.55
2021-01-22 12:00:00,1,8141.77,8179.74,,7921.9
2021-01-22 12:30:00,1,8436.33,8296.61,8128.23,8128.23
2021-01-22 13:00:00,1,8754.98,8649.51,8424.13,8424.13
2021-01-22 13:30:00,1,9087.89,9048.36,8757.67,8757.67
2021-01-22 14:00:00,1,9435.59,9304.44,8991.97,8991.97
2021-01-22 14:30:00,1,9804.61,9718.46,9308.93,9308.93
2021-01-22 15:00:00,1,10197.53,10025.09,9688.46,9688.46
2021-01-22 15:30:00,1,10488.91,10496.6,9998.8,9998.8
2021-01-22 16:00:00,1,10555.14,10658.12,10326.53,10326.53
2021-01-22 16:30:00,1,10734.16,10589.23,10635.67,10635.67
2021-01-22 17:00:00,1,10926.06,10841.67,10806.77,10806.77
2021-01-22 17:30:00,1,10934.61,10803.13,10782.0,10782.0
2021-01-22 18:00:00,1,10914.66,10932.83,10623.8,10623.8
2021-01-22 18:30:00,1,10686.25,10703.91,10339.43,10339.43
2021-01-22 19:00:00,1,10483.42,10517.41,10023.12,10023.12
2021-01-22 19:30:00,1,10209.63,10278.87,9755.48,9755.48
2021-01-22 20:00:00,1,10019.15,10105.26,9578.52,9578.52
2021-01-22 20:30:00,1,9762.84,9828.01,9310.2,9310.2
2021-01-22 21:00:00,1,9433.23,9466.31,9013.63,9013.63
2021-01-22 21:30:00,1,9189.69,9270.06,8794.61,8794.61
2021-01-22 22:00:00,1,8851.64,8952.55,8586.55,8586.55
2021-01-22 22:30:00,1,8650.44,8728.37,8467.68,8467.68
2021-01-22 23:00:00,1,8356.77,8439.81,8282.48,8282.48
2021-01-22 23:30:00,1,8029.89,8147.39,7997.42,7997.42
2021-01-23 00:00:00,1,7852.38,7884.88,7784.24,7784.24
2021-01-23 00:30:00,1,7617.88,7655.63,7532.27,7532.27
2021-01-23 01:00:00,1,7246.7,7368.93,7249.61,7249.61
2021-01-23 01:30:00,1,6986.8,6967.57,6930.98,6930.98
2021-01-23 02:00:00,1,6681.09,6765.91,6699.25,6699.25
2021-01-23 02:30:00,1,6530.19,6551.53,6585.38,6585.38
2021-01-23 03:00:00,1,6441.2,6487.61,6483.3,6483.3
2021-01-23 03:30:00,1,6400.65,6442.74,6444.33,6444.33
2021-01-23 04:00:00,1,6433.81,6434.31,6427.6,6427.6
2021-01-23 04:30:00,1,6471.7,6479.21,,6430.44
2021-01-23 05:00:00,1,6580.24,6538.07,,6472.66
2021-01-23 05:30:00,1,6663.79,6693.97,,6588.0
2021-01-23 06:00:00,1,6777.25,6740.43,,6636.75
2021-01-23 06:30:00,1,6875.12,6967.86,,6762.65
2021-01-23 07:00:00,1,7005.64,7043.38,,6919.82
2021-01-23 07:30:00,1,7203.93,7300.27,,7045.94
2021-01-23 08:00:00,1,7386.29,7385.16,,7082.8
2021-01-23 08:30:00,1,7527.32,7579.4,,7128.4
2021-01-23 09:00:00,1,7545.57,7619.87,,7114.41
2021-01-23 09:30:00,1,7620.6,7654.19,,7129.81
2021-01-23 10:00:00,1,7714.23,7709.96,,7122.05
2021-01-23 10:30:00,1,7859.71,7797.88,,7202.36
2021-01-23 11:00:00,1,8016.63,7973.25,,7310.16
2021-01-23 11:30:00,1,8221.59,8093.08,,7481.3
2021-01-23 12:00:00,1,8364.08,8354.75,,7537.62
2021-01-23 12:30:00,1,8532.93,8519.81,7718.01,7718.01
2021-01-23 13:00:00,1,8723.16,8678.32,7928.36,7928.36
2021-01-23 13:30:00,1,8923.39,8817.75,8168.78,8168.78
2021-01-23 14:00:00,1,9124.55,9137.28,8430.79,8430.79
2021-01-23 14:30:00,1,9405.74,9285.28,8719.8,8719.8
2021-01-23 15:00:00,1,9714.98,9527.59,9037.57,9037.57
2021-01-23 15:30:00,1,10010.06,9890.9,9347.16,9347.16
2021-01-23 16:00:00,1,10347.62,10262.82,9654.27,9654.27
2021-01-23 16:30:00,1,10435.78,10442.54,9957.35,9957.35
2021-01-23 17:00:00,1,10571.47,10543.96,10299.89,10299.89
2021-01-23 17:30:00,1,10640.9,10459.87,10512.16,10512.16
2021-01-23 18:00:00,1,10740.75,10567.81,10544.34,10544.34
2021-01-23 18:30:00,1,10655.34,10571.48,10410.81,10410.81
2021-01-23 19:00:00,1,10416.28,10528.44,10135.66,10135.66
2021-01-23 19:30:00,1,10171.6,10322.22,9971.76,9971.76
2021-01-23 20:00:00,1,10049.72,10095.55,9881.44,9881.44
2021-01-23 20:30:00,1,9811.92,9871.87,9644.7,9644.7
2021-01-23 21:00:00,1,9498.78,9570.95,9366.46,9366.46
2021-01-23 21:30:00,1,9141.79,9280.7,9064.33,9064.33
2021-01-23 22:00:00,1,8900.01,8957.1,8818.79,8818.79
2021-01-23 22:30:00,1,8675.09,8707.17,8689.73,8689.73
2021-01-23 23:00:00,1,8356.45,8367.42,8393.81,8393.81
2021-01-23 23:30:00,1,8015.85,8053.68,8037.78,8037.78
2021-01-24 00:00:00,1,7771.49,7809.01,7714.54,7714.54
2021-01-24 00:30:00,1,7505.65,7560.55,7369.58,7369.58
2021-01-24 01:00:00,1,7252.74,7322.89,7060.39,7060.39
2021-01-24 01:30:00,1,6981.79,7007.67,6712.63,6712.63
2021-01-24 02:00:00,1,6754.61,6777.76,6506.24,6506.24
2021-01-24 02:30:00,1,6653.7,6665.12,6364.72,6364.72
2021-01-24 03:00:00,1,6557.97,6574.4,6315.61,6315.61
2021-01-24 03:30:00,1,6510.51,6513.13,6296.03,6296.03
2021-01-24 04:00:00,1,6449.89,6490.28,6297.26,6297.26
2021-01-24 04:30:00,1,6491.98,6503.0,,6283.46
2021-01-24 05:00:00,1,6529.03,6525.0,,6319.45
2021-01-24 05:30:00,1,6575.21,6581.98,,6391.34
2021-01-24 06:00:00,1,6589.09,6627.51,,6359.91
2021-01-24 06:30:00,1,6391.54,6746.03,,6489.29
2021-01-24 07:00:00,1,6482.43,6865.3,,6673.42
2021-01-24 07:30:00,1,6971.89,7010.61,,6856.61
2021-01-24 08:00:00,1,7193.69,7241.97,,6959.51
2021-01-24 08:30:00,1,7406.55,7411.73,,7121.85
2021-01-24 09:00:00,1,7599.27,7552.75,,7269.46
2021-01-24 09:30:00,1,7815.2,7871.88,,7414.38
2021-01-24 10:00:00,1,8103.35,8080.11,,7601.14
2021-01-24 10:30:00,1,8413.29,8301.88,,7917.85
2021-01-24 11:00:00,1,8673.25,8587.23,,8174.77
2021-01-24 11:30:00,1,8899.09,8766.92,,8414.12
2021-01-24 12:00:00,1,9197.5,9114.48,,8537.02
2021-01-24 12:30:00,1,9413.32,9404.03,8785.76,8785.76
2021-01-24 13:00:00,1,9638.19,9526.37,9036.22,9036.22
2021-01-24 13:30:00,1,9821.85,9825.02,9289.11,9289.11
2021-01-24 14:00:00,1,9986.0,9972.29,9547.97,9547.97
2021-01-24 14:30:00,1,10252.19,10118.81,9867.15,9867.15
2021-01-24 15:00:00,1,10531.6,10362.69,10145.01,10145.01
2021-01-24 15:30:00,1,10846.84,10616.66,10390.87,10390.87
2021-01-24 16:00:00,1,11183.29,10946.66,10597.81,10597.81
2021-01-24 16:30:00,1,11458.48,11127.76,10855.73,10855.73
2021-01-24 17:00:00,1,11633.06,11489.66,11098.16,11098.16
2021-01-24 17:30:00,1,11440.56,11410.53,11275.07,11275.07
2021-01-24 18:00:00,1,11318.32,11328.0,11308.74,11308.74
2021-01-24 18:30:00,1,10998.12,11049.01,11179.57,11179.57
2021-01-24 19:00:00,1,10702.14,10872.3,10881.84,10881.84
2021-01-24 19:30:00,1,10477.51,10565.61,10686.72,10686.72
2021-01-24 20:00:00,1,10242.4,10416.6,10512.39,10512.39
2021-01-24 20:30:00,1,9924.23,10058.45,10219.71,10219.71
2021-01-24 21:00:00,1,9613.22,9683.62,9829.76,9829.76
2021-01-24 21:30:00,1,9279.28,9347.79,9397.06,9397.06
2021-01-24 22:00:00,1,8855.94,8965.93,9047.6,9047.6
2021-01-24 22:30:00,1,8641.25,8664.69,8789.17,8789.17
2021-01-24 23:00:00,1,8259.31,8318.52,8398.74,8398.74
2021-01-24 23:30:00,1,7958.28,8005.17,7957.84,7957.84
2021-01-25 00:00:00,1,7756.25,7772.45,7624.32,7624.32
2021-01-25 00:30:00,1,7555.72,7539.99,7259.88,7259.88
2021-01-25 01:00:00,1,7326.37,7392.2,6976.71,6976.71
2021-01-25 01:30:00,1,7068.88,7072.46,6650.77,6650.77
2021-01-25 02:00:00,1,6855.51,6937.22,6489.39,6489.39
2021-01-25 02:30:00,1,6782.75,6785.54,6423.18,6423.18
2021-01-25 03:00:00,1,6683.37,6751.99,6395.55,6395.55
2021-01-25 03:30:00,1,6683.32,6735.28,6456.51,6456.51
2021-01-25 04:00:00,1,6694.79,6767.03,6544.77,6544.77
2021-01-25 04:30:00,1,6898.9,6861.76,,6730.34
2021-01-25 05:00:00,1,7048.96,7072.62,,6971.19
2021-01-25 05:30:00,1,7363.73,7352.21,,7326.17
2021-01-25 06:00:00,1,7631.0,7666.26,,7606.33
2021-01-25 06:30:00,1,7873.86,7922.08,,7964.03
2021-01-25 07:00:00,1,8111.27,8160.02,,8272.9
2021-01-25 07:30:00,1,8456.77,8462.57,,8500.73
2021-01-25 08:00:00,1,8587.81,8675.27,,8702.12
2021-01-25 08:30:00,1,8755.65,8790.05,,8745.2
2021-01-25 09:00:00,1,8937.16,8949.98,,8727.28
2021-01-25 09:30:00,1,9047.2,9059.73,,8772.57
2021-01-25 10:00:00,1,9199.84,9178.02,,8874.05
2021-01-25 10:30:00,1,9378.88,9320.99,,9039.75
2021-01-25 11:00:00,1,9556.93,9551.35,,9214.46
2021-01-25 11:30:00,1,9855.44,9735.07,,9432.67
2021-01-25 12:00:00,1,10131.73,10100.97,,9592.76
2021-01-25 12:30:00,1,10412.17,10370.31,9854.78,9854.78
2021-01-25 13:00:00,1,10604.42,10631.73,10139.44,10139.44
2021-01-25 13:30:00,1,10817.67,10802.94,10357.7,10357.7
2021-01-25 14:00:00,1,11051.23,11006.56,10655.53,10655.53
2021-01-25 14:30:00,1,11285.7,11245.53,11015.48,11015.48
2021-01-25 15:00:00,1,11519.07,11457.37,11400.96,11400.96
2021-01-25 15:30:00,1,11698.74,11616.28,11735.43,11735.43
2021-01-25 16:00:00,1,11918.42,11898.0,11982.6,11982.6
2021-01-25 16:30:00,1,12034.19,11943.81,12175.1,12175.1
2021-01-25 17:00:00,1,12197.57,12046.51,12335.95,12335.95
2021-01-25 17:30:00,1,12155.83,11998.65,12334.0,12334.0
2021-01-25 18:00:00,1,12042.87,12038.09,12342.15,12342.15
2021-01-25 18:30:00,1,11694.5,11725.03,12162.61,12162.61
2021-01-25 19:00:00,1,11362.51,11444.05,11832.67,11832.67
2021-01-25 19:30:00,1,10994.31,11091.16,11493.2,11493.2
2021-01-25 20:00:00,1,10797.1,10807.15,11200.95,11200.95
2021-01-25 20:30:00,1,10428.73,10512.55,10813.68,10813.68
2021-01-25 21:00:00,1,9981.5,10060.18,10355.23,10355.23
2021-01-25 21:30:00,1,9672.4,9701.3,9931.65,9931.65
2021-01-25 22:00:00,1,9293.59,9328.89,9359.5,9359.5
2021-01-25 22:30:00,1,9061.21,9095.44,9066.39,9066.39
2021-01-25 23:00:00,1,8694.4,8730.56,8767.59,8767.59
2021-01-25 23:30:00,1,8329.93,8371.92,8340.34,8340.34
2021-01-26 00:00:00,1,8112.92,8157.62,7973.99,7973.99
2021-01-26 00:30:00,1,7790.3,7883.65,7489.18,7489.18
2021-01-26 01:00:00,1,7500.73,7528.98,7150.08,7150.08
2021-01-26 01:30:00,1,7161.85,7218.48,6758.42,6758.42
2021-01-26 02:00:00,1,6885.5,6981.84,6524.68,6524.68
2021-01-26 02:30:00,1,6708.15,6833.33,6360.07,6360.07
2021-01-26 03:00:00,1,6581.05,6676.38,6290.4,6290.4
2021-01-26 03:30:00,1,6558.7,6616.99,6268.22,6268.22
2021-01-26 04:00:00,1,6511.59,6609.23,6277.3,6277.3
2021-01-26 04:30:00,1,6557.04,6636.55,,6288.15
2021-01-26 05:00:00,1,6627.81,6667.17,,6368.41
2021-01-26 05:30:00,1,6757.13,6788.66,,6493.85
2021-01-26 06:00:00,1,6808.95,6779.87,,6513.32
2021-01-26 06:30:00,1,6888.36,6937.52,,6631.43
2021-01-26 07:00:00,1,7047.79,6998.34,,6801.94
2021-01-26 07:30:00,1,7246.0,7288.48,,7016.31
2021-01-26 08:00:00,1,7443.34,7413.49,,7240.7
2021-01-26 08:30:00,1,7791.44,7756.64,,7492.43
2021-01-26 09:00:00,1,8052.03,8047.59,,7753.68
2021-01-26 09:30:00,1,8330.22,8286.81,,8020.98
2021-01-26 10:00:00,1,8625.82,8525.57,,8322.75
2021-01-26 10:30:00,1,8881.28,8812.73,,8642.31
2021-01-26 11:00:00,1,9139.73,9066.85,,8912.48
2021-01-26 11:30:00,1,9436.14,9391.43,,9164.94
2021-01-26 12:00:00,1,9716.41,9678.23,,9439.96
2021-01-26 12:30:00,1,9871.84,9850.64,9668.66,9668.66
2021-01-26 13:00:00,1,10147.46,10092.95,9922.9,9922.9
2021-01-26 13:30:00,1,10414.34,10428.12,10145.71,10145.71
2021-01-26 14:00:00,1,10660.18,10753.22,10427.56,10427.56
2021-01-26 14:30:00,1,10965.3,10888.37,10728.54,10728.54
2021-01-26 15:00:00,1,11204.14,11214.47,11110.75,11110.75
2021-01-26 15:30:00,1,11403.09,11236.76,11400.23,11400.23
2021-01-26 16:00:00,1,11709.11,11674.79,11694.05,11694.05
2021-01-26 16:30:00,1,11895.21,11796.51,11937.04,11937.04
2021-01-26 17:00:00,1,12059.74,12014.08,12146.51,12146.51
2021-01-26 17:30:00,1,11927.16,11899.01,12113.34,12113.34
2021-01-26 18:00:00,1,11926.42,11952.47,12113.2,12113.2
2021-01-26 18:30:00,1,11750.54,11783.97,11883.69,11883.69
2021-01-26 19:00:00,1,11558.52,11625.41,11586.12,11586.12
2021-01-26 19:30:00,1,11412.45,11345.5,11252.47,11252.47
2021-01-26 20:00:00,1,11210.47,11274.54,10974.61,10974.61
2021-01-26 20:30:00,1,10869.61,10910.93,10726.52,10726.52
2021-01-26 21:00:00,1,10444.0,10561.03,10346.01,10346.01
2021-01-26 21:30:00,1,9985.9,10130.27,10031.28,10031.28
2021-01-26 22:00:00,1,9549.88,9595.88,9665.58,9665.58
2021-01-26 22:30:00,1,9218.72,9284.94,9256.18,9256.18
2021-01-26 23:00:00,1,8881.7,8910.65,8875.95,8875.95
2021-01-26 23:30:00,1,8543.62,8536.84,8451.9,8451.9
2021-01-30 00:00:00,1,7316.13,7323.15,7315.44,7315.44
2021-01-30 00:30:00,1,7127.72,7125.51,7267.65,7267.65
2021-01-30 01:00:00,1,6920.03,6908.88,7071.16,7071.16
2021-01-30 01:30:00,1,6610.69,6631.99,6864.41,6864.41
2021-01-30 02:00:00,1,6386.0,6391.5,6668.79,6668.79
2021-01-30 02:30:00,1,6285.95,6275.77,6541.26,6541.26
2021-01-30 03:00:00,1,6174.7,6203.69,6449.53,6449.53
2021-01-30 03:30:00,1,6185.19,6160.06,6413.8,6413.8
2021-01-30 04:00:00,1,6181.06,6204.34,6391.35,6391.35
2021-01-30 04:30:00,1,6247.62,6201.72,,6399.07
2021-01-30 05:00:00,1,6318.1,6316.17,,6453.52
2021-01-30 05:30:00,1,6457.92,6421.97,,6582.63
2021-01-30 06:00:00,1,6591.26,6604.99,,6692.39
2021-01-30 06:30:00,1,6772.22,6811.25,,6854.94
2021-01-30 07:00:00,1,7001.31,6955.08,,7059.72
2021-01-30 07:30:00,1,7351.58,7333.19,,7284.41
2021-01-30 08:00:00,1,7547.06,7590.44,,7467.41
2021-01-30 08:30:00,1,7785.69,7713.1,,7608.27
2021-01-30 09:00:00,1,7735.1,7892.22,,7664.14
2021-01-30 09:30:00,1,7637.27,7716.23,,7669.39
2021-01-30 10:00:00,1,7576.51,7701.27,,7608.67
2021-01-30 10:30:00,1,7514.67,7599.75,,7577.73
2021-01-30 11:00:00,1,7453.42,7461.24,,7525.53
2021-01-30 11:30:00,1,7319.2,7388.62,,7444.01
2021-01-30 12:00:00,1,7239.02,7325.37,,7487.57
2021-01-30 12:30:00,1,7239.58,7254.59,7532.36,7532.36
2021-01-30 13:00:00,1,7050.73,7195.15,7575.96,7575.96
2021-01-30 13:30:00,1,7041.19,7072.35,7666.18,7666.18
2021-01-30 14:00:00,1,7063.84,7070.69,7832.12,7832.12
2021-01-30 14:30:00,1,7128.8,7227.61,8069.88,8069.88
2021-01-30 15:00:00,1,7302.37,7257.23,8264.17,8264.17
2021-01-30 15:30:00,1,7579.47,7515.12,8479.17,8479.17
2021-01-30 16:00:00,1,7965.66,7857.03,8702.41,8702.41
2021-01-30 16:30:00,1,8276.0,8093.63,8862.18,8862.18
2021-01-30 17:00:00,1,8615.04,8484.99,9130.68,9130.68
2021-01-30 17:30:00,1,8935.2,8839.72,9242.1,9242.1
2021-01-30 18:00:00,1,9022.3,8945.9,9220.19,9220.19
2021-01-30 18:30:00,1,9020.47,8993.04,9057.64,9057.64
2021-01-30 19:00:00,1,8857.64,8909.04,8831.62,8831.62
2021-01-30 19:30:00,1,8686.24,8786.45,8743.36,8743.36
2021-01-30 20:00:00,1,8576.6,8650.7,8647.13,8647.13
2021-01-30 20:30:00,1,8428.38,8474.94,8473.55,8473.55
2021-01-30 21:00:00,1,8200.73,8270.39,8266.84,8266.84
2021-01-30 21:30:00,1,8023.71,8080.74,8100.53,8100.53
2021-01-30 22:00:00,1,7868.0,7898.91,7965.35,7965.35
2021-01-30 22:30:00,1,7775.43,7783.77,7822.42,7822.42
2021-01-30 23:00:00,1,7571.88,7573.41,7628.6,7628.6
2021-01-30 23:30:00,1,7346.54,7335.75,7390.47,7390.47
2021-02-12 00:00:00,1,7332.2,7324.46,7377.78,7377.78
2021-02-12 00:30:00,1,7101.55,7162.49,7272.81,7272.81
2021-02-12 01:00:00,1,6898.27,6917.99,7092.58,7092.58
2021-02-12 01:30:00,1,6562.72,6651.91,6858.25,6858.25
2021-02-12 02:00:00,1,6387.66,6440.8,6661.95,6661.95
2021-02-12 02:30:00,1,6236.59,6317.26,6526.54,6526.54
2021-02-12 03:00:00,1,6197.43,6248.5,6451.15,6451.15
2021-02-12 03:30:00,1,6203.72,6262.01,6441.62,6441.62
2021-02-12 04:00:00,1,6268.49,6311.56,6492.35,6492.35
2021-02-12 04:30:00,1,6448.34,6504.33,,6647.9
2021-02-12 05:00:00,1,6654.1,6663.62,,6871.87
2021-02-12 05:30:00,1,7078.08,7048.55,,7249.56
2021-02-12 06:00:00,1,7408.51,7383.85,,7626.0
2021-02-12 06:30:00,1,7659.76,7677.29,,7935.07
2021-02-12 07:00:00,1,7813.61,7858.45,,8182.23
2021-02-12 07:30:00,1,7906.98,7902.68,,8324.57
2021-02-12 08:00:00,1,7808.99,7878.64,,8384.45
2021-02-12 08:30:00,1,7842.93,7873.3,,8419.69
2021-02-12 09:00:00,1,7798.39,7813.56,,8441.07
2021-02-12 09:30:00,1,7773.38,7718.45,,8483.04
2021-02-12 10:00:00,1,7776.48,7911.75,,8529.27
2021-02-12 10:30:00,1,7508.42,7652.49,,8547.89
2021-02-12 11:00:00,1,7627.39,7702.0,,8587.44
2021-02-12 11:30:00,1,7796.29,7610.78,,8645.23
2021-02-12 12:00:00,1,8017.17,8007.11,,8781.7
2021-02-12 12:30:00,1,8091.55,8124.13,8901.5,8901.5
2021-02-12 13:00:00,1,7996.4,8110.01,9000.04,9000.04
2021-02-12 13:30:00,1,7994.92,8008.45,9169.09,9169.09
2021-02-12 14:00:00,1,8315.27,8167.21,9287.47,9287.47
2021-02-12 14:30:00,1,8728.09,8491.16,9482.15,9482.15
2021-02-12 15:00:00,1,9292.14,9054.86,9684.74,9684.74
2021-02-12 15:30:00,1,9632.01,9663.63,9818.87,9818.87
2021-02-12 16:00:00,1,9730.1,9747.25,10013.32,10013.32
2021-02-12 16:30:00,1,10083.43,9763.24,10074.3,10074.3
2021-02-12 17:00:00,1,10177.59,10211.61,10133.56,10133.56
2021-02-12 17:30:00,1,9913.7,9838.45,10031.4,10031.4
2021-02-12 18:00:00,1,9859.45,9869.54,9858.71,9858.71
2021-02-12 18:30:00,1,9713.86,9700.15,9642.15,9642.15
2021-02-12 19:00:00,1,9560.75,9618.6,9403.08,9403.08
2021-02-12 19:30:00,1,9444.6,9511.88,9287.25,9287.25
2021-02-12 20:00:00,1,9289.34,9254.2,9135.27,9135.27
2021-02-12 20:30:00,1,8989.41,9020.45,8999.27,8999.27
2021-02-12 21:00:00,1,8720.89,8766.5,8818.99,8818.99
2021-02-12 21:30:00,1,8509.42,8595.85,8657.65,8657.65
2021-02-12 22:00:00,1,8334.24,8359.06,8507.8,8507.8
2021-02-12 22:30:00,1,8221.2,8281.02,8362.38,8362.38
2021-02-12 23:00:00,1,8087.0,8059.33,8180.58,8180.58
2021-02-12 23:30:00,1,7849.89,7817.5,7975.86,7975.86
2021-03-01 00:00:00,1,7102.38,7022.73,6838.82,6838.82
2021-03-01 00:30:00,1,6947.85,6949.92,6652.97,6652.97
2021-03-01 01:00:00,1,6769.28,6797.22,6448.44,6448.44
2021-03-01 01:30:00,1,6499.29,6531.02,6201.55,6201.55
2021-03-01 02:00:00,1,6336.15,6368.41,6041.52,6041.52
2021-03-01 02:30:00,1,6243.42,6274.45,5983.5,5983.5
2021-03-01 03:00:00,1,6205.89,6223.59,5967.8,5967.8
2021-03-01 03:30:00,1,6231.0,6266.64,6035.67,6035.67
2021-03-01 04:00:00,1,6308.0,6330.13,6137.35,6137.35
2021-03-01 04:30:00,1,6526.71,6534.81,,6360.15
2021-03-01 05:00:00,1,6743.86,6729.94,,6608.59
2021-03-01 05:30:00,1,7217.68,7218.2,,7025.68
2021-03-01 06:00:00,1,7648.96,7667.19,,7390.28
2021-03-01 06:30:00,1,8071.15,8010.75,,7730.05
2021-03-01 07:00:00,1,8308.62,8351.11,,7950.13
2021-03-01 07:30:00,1,8374.86,8306.94,,8002.04
2021-03-01 08:00:00,1,8267.72,8381.9,,7965.38
2021-03-01 08:30:00,1,8226.01,8187.95,,7962.9
2021-03-01 09:00:00,1,8128.15,8221.42,,7911.34
2021-03-01 09:30:00,1,8063.04,8083.88,,7873.5
2021-03-01 10:00:00,1,8027.53,8008.92,,7863.96
2021-03-01 10:30:00,1,8018.16,8072.21,,7872.78
2021-03-01 11:00:00,1,8100.38,8079.0,,7925.39
2021-03-01 11:30:00,1,8142.51,8230.14,,8009.75
2021-03-01 12:00:00,1,8278.88,8228.2,,8062.3
2021-03-01 12:30:00,1,8519.26,8524.16,8218.53,8218.53
2021-03-01 13:00:00,1,8812.15,8745.06,8440.03,8440.03
2021-03-01 13:30:00,1,9162.01,8987.29,8699.19,8699.19
2021-03-01 14:00:00,1,9491.93,9331.39,8937.36,8937.36
2021-03-01 14:30:00,1,9631.56,9728.66,9299.16,9299.16
2021-03-01 15:00:00,1,10002.64,9821.68,9639.46,9639.46
2021-03-01 15:30:00,1,10486.53,10283.89,9972.55,9972.55
2021-03-01 16:00:00,1,10809.26,10732.46,10215.93,10215.93
2021-03-01 16:30:00,1,11065.98,10992.45,10393.82,10393.82
2021-03-01 17:00:00,1,11404.28,11179.24,10616.46,10616.46
2021-03-01 17:30:00,1,11344.27,11268.9,10710.75,10710.75
2021-03-01 18:00:00,1,11301.92,11236.44,10708.83,10708.83
2021-03-01 18:30:00,1,10998.98,11053.89,10561.82,10561.82
2021-03-01 19:00:00,1,10694.83,10759.43,10386.77,10386.77
2021-03-01 19:30:00,1,10503.21,10424.03,10140.85,10140.85
2021-03-01 20:00:00,1,10088.74,10226.0,9859.9,9859.9
2021-03-01 20:30:00,1,9686.49,9742.48,9508.55,9508.55
2021-03-01 21:00:00,1,9221.54,9316.4,9136.3,9136.3
2021-03-01 21:30:00,1,8812.95,8935.47,8823.33,8823.33
2021-03-01 22:00:00,1,8396.63,8504.84,8508.11,8508.11
2021-03-01 22:30:00,1,8167.28,8266.03,8252.72,8252.72
2021-03-01 23:00:00,1,7951.83,7985.84,8000.6,8000.6
2021-03-01 23:30:00,1,7757.99,7760.35,7694.05,7694.05
2021-03-08 00:00:00,1,6660.81,6716.26,6589.06,6589.06
2021-03-08 00:30:00,1,6505.37,6552.7,6425.44,6425.44
2021-03-08 01:00:00,1,6373.08,6384.08,6229.35,6229.35
2021-03-08 01:30:00,1,6147.85,6175.46,5988.09,5988.09
2021-03-08 02:00:00,1,6032.27,6029.33,5821.17,5821.17
2021-03-08 02:30:00,1,5998.33,5994.58,5756.65,5756.65
2021-03-08 03:00:00,1,5995.42,5985.89,5754.21,5754.21
2021-03-08 03:30:00,1,5990.42,6001.3,5824.21,5824.21
2021-03-08 04:00:00,1,6049.57,6084.86,5896.03,5896.03
2021-03-08 04:30:00,1,6267.22,6281.89,,6120.29
2021-03-08 05:00:00,1,6470.06,6457.56,,6380.01
2021-03-08 05:30:00,1,6983.95,6941.88,,6782.21
2021-03-08 06:00:00,1,7340.95,7337.89,,7132.98
2021-03-08 06:30:00,1,7645.54,7658.54,,7436.78
2021-03-08 07:00:00,1,7957.37,7831.39,,7660.95
2021-03-08 07:30:00,1,7906.19,8013.35,,7753.06
2021-03-08 08:00:00,1,7865.15,7857.14,,7755.43
2021-03-08 08:30:00,1,7821.13,7871.12,,7810.43
2021-03-08 09:00:00,1,7733.37,7719.51,,7798.03
2021-03-08 09:30:00,1,7645.68,7707.49,,7773.32
2021-03-08 10:00:00,1,7656.06,7644.68,,7834.71
2021-03-08 10:30:00,1,7485.58,7689.99,,7870.63
2021-03-08 11:00:00,1,7547.66,7476.74,,7944.98
2021-03-08 11:30:00,1,7634.32,7637.05,,7994.99
2021-03-08 12:00:00,1,7799.48,7698.83,,8098.25
2021-03-08 12:30:00,1,8112.34,8074.29,8191.72,8191.72
2021-03-08 13:00:00,1,8448.11,8254.87,8247.47,8247.47
2021-03-08 13:30:00,1,8959.61,8730.17,8373.16,8373.16
2021-03-08 14:00:00,1,8935.9,9167.06,8490.8,8490.8
2021-03-08 14:30:00,1,8774.77,8966.46,8815.44,8815.44
2021-03-08 15:00:00,1,8837.37,8926.64,9058.47,9058.47
2021-03-08 15:30:00,1,8883.32,9066.09,9229.34,9229.34
2021-03-08 16:00:00,1,9043.62,9035.75,9408.39,9408.39
2021-03-08 16:30:00,1,8945.63,9097.89,9614.01,9614.01
2021-03-08 17:00:00,1,8913.51,8926.16,9696.92,9696.92
2021-03-08 17:30:00,1,8858.38,8750.91,9660.42,9660.42
2021-03-08 18:00:00,1,8866.27,8925.28,9561.76,9561.76
2021-03-08 18:30:00,1,8773.59,8789.35,9354.86,9354.86
2021-03-08 19:00:00,1,8787.73,8778.85,9178.37,9178.37
2021-03-08 19:30:00,1,8654.49,8694.11,8963.18,8963.18
2021-03-08 20:00:00,1,8408.49,8438.29,8721.77,8721.77
2021-03-08 20:30:00,1,8180.41,8170.87,8505.04,8505.04
2021-03-08 21:00:00,1,7915.63,7978.55,8215.59,8215.59
2021-03-08 21:30:00,1,7799.97,7826.08,8022.02,8022.02
2021-03-08 22:00:00,1,7623.65,7643.12,7843.19,7843.19
2021-03-08 22:30:00,1,7544.0,7640.08,7645.58,7645.58
2021-03-08 23:00:00,1,7442.75,7498.78,7486.67,7486.67
2021-03-08 23:30:00,1,7273.09,7316.17,7304.35,7304.35
2021-03-13 00:00:00,1,7384.5,7400.26,7345.7,7345.7
2021-03-13 00:30:00,1,7162.5,7216.27,7158.33,7158.33
2021-03-13 01:00:00,1,6881.53,6962.72,6934.85,6934.85
2021-03-13 01:30:00,1,6531.4,6588.87,6671.54,6671.54
2021-03-13 02:00:00,1,6291.9,6320.27,6456.96,6456.96
2021-03-13 02:30:00,1,6196.89,6163.19,6308.27,6308.27
2021-03-13 03:00:00,1,6141.64,6124.07,6225.59,6225.59
2021-03-13 03:30:00,1,6091.57,6089.45,6169.27,6169.27
2021-03-13 04:00:00,1,6139.0,6104.29,6171.36,6171.36
2021-03-13 04:30:00,1,6161.37,6192.15,,6213.96
2021-03-13 05:00:00,1,6267.15,6228.86,,6307.87
2021-03-13 05:30:00,1,6458.4,6448.97,,6481.1
2021-03-13 06:00:00,1,6656.94,6677.99,,6608.52
2021-03-13 06:30:00,1,6862.23,6925.66,,6771.86
2021-03-13 07:00:00,1,7048.94,7067.13,,6936.5
2021-03-13 07:30:00,1,7200.3,7244.73,,7076.57
2021-03-13 08:00:00,1,7295.94,7303.94,,7149.98
2021-03-13 08:30:00,1,7280.71,7381.31,,7232.77
2021-03-13 09:00:00,1,7151.03,7162.99,,7210.48
2021-03-13 09:30:00,1,7020.06,7050.07,,7194.3
2021-03-13 10:00:00,1,6903.95,7000.96,,7123.07
2021-03-13 10:30:00,1,6845.07,6835.92,,7045.12
2021-03-13 11:00:00,1,6937.12,6935.51,,7034.97
2021-03-13 11:30:00,1,7124.16,6967.29,,7040.2
2021-03-13 12:00:00,1,7339.66,7234.77,,7105.35
2021-03-13 12:30:00,1,7519.65,7474.61,7221.79,7221.79
2021-03-13 13:00:00,1,7628.86,7673.98,7366.94,7366.94
2021-03-13 13:30:00,1,7877.99,7741.68,7547.19,7547.19
2021-03-13 14:00:00,1,8159.49,8022.12,7748.92,7748.92
2021-03-13 14:30:00,1,8299.43,8334.03,7974.31,7974.31
2021-03-13 15:00:00,1,8543.59,8331.66,8221.96,8221.96
2021-03-13 15:30:00,1,8862.28,8844.46,8576.68,8576.68
2021-03-13 16:00:00,1,9113.19,9042.42,9124.61,9124.61
2021-03-13 16:30:00,1,9337.36,9228.41,9348.21,9348.21
2021-03-13 17:00:00,1,9522.88,9510.0,9586.74,9586.74
2021-03-13 17:30:00,1,9587.3,9572.88,9628.08,9628.08
2021-03-13 18:00:00,1,9558.61,9528.84,9609.4,9609.4
2021-03-13 18:30:00,1,9399.08,9481.45,9479.86,9479.86
2021-03-13 19:00:00,1,9318.24,9277.47,9371.34,9371.34
2021-03-13 19:30:00,1,9105.64,9198.35,9237.92,9237.92
2021-03-13 20:00:00,1,8808.7,8955.09,9060.28,9060.28
2021-03-13 20:30:00,1,8382.68,8675.07,8883.6,8883.6
2021-03-13 21:00:00,1,8138.18,8473.68,8640.9,8640.9
2021-03-13 21:30:00,1,8257.63,8268.47,8410.26,8410.26
2021-03-13 22:00:00,1,8116.97,8098.7,8238.3,8238.3
2021-03-13 22:30:00,1,7997.84,8017.95,8112.4,8112.4
2021-03-13 23:00:00,1,7709.37,7756.93,7891.39,7891.39
2021-03-13 23:30:00,1,7473.85,7509.94,7581.9,7581.9
