timestamp,is_hot_day,true,op_latest
2019-01-05 00:00:00,1,7167.1,8309.52
2019-01-05 00:30:00,1,7035.65,8039.44
2019-01-05 01:00:00,1,6848.31,7742.03
2019-01-05 01:30:00,1,6637.07,7377.14
2019-01-05 02:00:00,1,6419.42,7098.88
2019-01-05 02:30:00,1,6267.94,6906.48
2019-01-05 03:00:00,1,6130.99,6842.04
2019-01-05 03:30:00,1,6100.32,6764.51
2019-01-05 04:00:00,1,6109.83,6767.14
2019-01-05 04:30:00,1,6094.59,6784.79
2019-01-05 05:00:00,1,6100.32,6806.2
2019-01-05 05:30:00,1,6133.44,6905.86
2019-01-05 06:00:00,1,6193.36,7028.98
2019-01-05 06:30:00,1,6225.63,7266.88
2019-01-05 07:00:00,1,6396.43,7568.72
2019-01-05 07:30:00,1,6514.89,7976.98
2019-01-05 08:00:00,1,6648.53,8313.05
2019-01-05 08:30:00,1,6822.13,8757.24
2019-01-05 09:00:00,1,6959.11,9140.6
2019-01-05 09:30:00,1,7095.64,9560.69
2019-01-05 10:00:00,1,7155.83,9809.54
2019-01-05 10:30:00,1,7160.0,10146.98
2019-01-05 11:00:00,1,7169.81,10524.29
2019-01-05 11:30:00,1,7145.68,10539.49
2019-01-05 12:00:00,1,7039.03,10724.39
2019-01-05 12:30:00,1,7033.63,10797.28
2019-01-05 13:00:00,1,7002.94,10907.33
2019-01-05 13:30:00,1,6964.46,10855.99
2019-01-05 14:00:00,1,6938.9,10623.17
2019-01-05 14:30:00,1,6965.53,10604.62
2019-01-05 15:00:00,1,7035.77,10257.41
2019-01-05 15:30:00,1,7132.81,10150.13
2019-01-05 16:00:00,1,7226.6,9897.29
2019-01-05 16:30:00,1,7351.81,9760.53
2019-01-05 17:00:00,1,7467.28,9566.49
2019-01-05 17:30:00,1,7623.78,9377.81
2019-01-05 18:00:00,1,7697.45,9122.67
2019-01-05 18:30:00,1,7713.06,8966.33
2019-01-05 19:00:00,1,7674.71,8619.0
2019-01-05 19:30:00,1,7637.19,8426.5
2019-01-05 20:00:00,1,7599.95,8394.14
2019-01-05 20:30:00,1,7610.28,8214.85
2019-01-05 21:00:00,1,7510.9,7961.63
2019-01-05 21:30:00,1,7359.6,7834.79
2019-01-05 22:00:00,1,7255.04,7641.65
2019-01-05 22:30:00,1,7133.64,7551.78
2019-01-05 23:00:00,1,7065.02,7315.18
2019-01-05 23:30:00,1,6875.52,7140.56
2019-01-12 00:00:00,1,7838.54,7551.39
2019-01-12 00:30:00,1,7617.34,7371.01
2019-01-12 01:00:00,1,7315.74,7114.2
2019-01-12 01:30:00,1,7111.84,6882.06
2019-01-12 02:00:00,1,6876.22,6536.42
2019-01-12 02:30:00,1,6706.41,6454.22
2019-01-12 03:00:00,1,6535.3,6310.26
2019-01-12 03:30:00,1,6428.54,6325.59
2019-01-12 04:00:00,1,6398.75,6364.81
2019-01-12 04:30:00,1,6381.0,6421.09
2019-01-12 05:00:00,1,6384.96,6437.49
2019-01-12 05:30:00,1,6438.31,6592.49
2019-01-12 06:00:00,1,6433.52,6684.27
2019-01-12 06:30:00,1,6523.82,6956.77
2019-01-12 07:00:00,1,6657.92,7213.03
2019-01-12 07:30:00,1,6859.55,7447.53
2019-01-12 08:00:00,1,7033.65,7668.26
2019-01-12 08:30:00,1,7125.57,7782.94
2019-01-12 09:00:00,1,7310.49,7983.63
2019-01-12 09:30:00,1,7456.25,8074.57
2019-01-12 10:00:00,1,7573.61,8065.38
2019-01-12 10:30:00,1,7603.4,8185.42
2019-01-12 11:00:00,1,7669.6,8406.37
2019-01-12 11:30:00,1,7695.86,8518.59
2019-01-12 12:00:00,1,7763.71,8690.0
2019-01-12 12:30:00,1,7898.09,8973.24
2019-01-12 13:00:00,1,7925.9,9161.68
2019-01-12 13:30:00,1,8013.52,9346.42
2019-01-12 14:00:00,1,8095.45,9610.23
2019-01-12 14:30:00,1,8197.51,9785.6
2019-01-12 15:00:00,1,8386.5,10037.04
2019-01-12 15:30:00,1,8501.42,10167.1
2019-01-12 16:00:00,1,8665.46,10397.66
2019-01-12 16:30:00,1,8754.99,10533.55
2019-01-12 17:00:00,1,8826.32,10704.97
2019-01-12 17:30:00,1,8932.79,10704.8
2019-01-12 18:00:00,1,8913.8,10593.56
2019-01-12 18:30:00,1,8937.67,10483.65
2019-01-12 19:00:00,1,8845.79,10289.9
2019-01-12 19:30:00,1,8719.72,10193.38
2019-01-12 20:00:00,1,8650.99,9978.92
2019-01-12 20:30:00,1,8733.56,9809.99
2019-01-12 21:00:00,1,8647.17,9472.39
2019-01-12 21:30:00,1,8399.07,9221.44
2019-01-12 22:00:00,1,8176.33,8863.12
2019-01-12 22:30:00,1,8001.24,8643.23
2019-01-12 23:00:00,1,7841.91,8305.32
2019-01-12 23:30:00,1,7555.85,7982.16
2019-01-16 00:00:00,1,8703.93,8517.47
2019-01-16 00:30:00,1,8438.42,8243.81
2019-01-16 01:00:00,1,8172.21,8032.31
2019-01-16 01:30:00,1,7925.98,7724.36
2019-01-16 02:00:00,1,7636.51,7508.23
2019-01-16 02:30:00,1,7500.15,7337.43
2019-01-16 03:00:00,1,7392.84,7253.12
2019-01-16 03:30:00,1,7308.73,7218.38
2019-01-16 04:00:00,1,7302.44,7254.39
2019-01-16 04:30:00,1,7384.57,7424.88
2019-01-16 05:00:00,1,7570.83,7599.14
2019-01-16 05:30:00,1,7815.33,7933.94
2019-01-16 06:00:00,1,8128.45,8251.11
2019-01-16 06:30:00,1,8504.42,8725.28
2019-01-16 07:00:00,1,8613.22,9134.96
2019-01-16 07:30:00,1,9237.21,9417.64
2019-01-16 08:00:00,1,9610.77,9755.47
2019-01-16 08:30:00,1,9784.47,9983.73
2019-01-16 09:00:00,1,10072.48,10296.93
2019-01-16 09:30:00,1,10287.24,10527.29
2019-01-16 10:00:00,1,10536.62,10699.73
2019-01-16 10:30:00,1,10790.99,10916.92
2019-01-16 11:00:00,1,11031.68,11142.9
2019-01-16 11:30:00,1,11289.78,11556.43
2019-01-16 12:00:00,1,11424.6,11745.54
2019-01-16 12:30:00,1,11680.11,12020.89
2019-01-16 13:00:00,1,11912.16,12204.88
2019-01-16 13:30:00,1,12130.35,12371.58
2019-01-16 14:00:00,1,12340.81,12497.22
2019-01-16 14:30:00,1,12581.62,12719.21
2019-01-16 15:00:00,1,12668.56,13124.27
2019-01-16 15:30:00,1,12870.55,12983.44
2019-01-16 16:00:00,1,13093.84,13104.45
2019-01-16 16:30:00,1,13377.47,13114.53
2019-01-16 17:00:00,1,13475.75,13251.52
2019-01-16 17:30:00,1,13545.39,12848.23
2019-01-16 18:00:00,1,13364.15,12709.05
2019-01-16 18:30:00,1,13208.83,12514.04
2019-01-16 19:00:00,1,12779.16,12272.81
2019-01-16 19:30:00,1,12289.81,12022.93
2019-01-16 20:00:00,1,12095.24,11692.24
2019-01-16 20:30:00,1,11809.57,11283.55
2019-01-16 21:00:00,1,11383.02,10826.29
2019-01-16 21:30:00,1,10809.48,10448.65
2019-01-16 22:00:00,1,10454.1,9843.09
2019-01-16 22:30:00,1,9956.41,9489.97
2019-01-16 23:00:00,1,9573.57,9057.2
2019-01-16 23:30:00,1,9247.37,8740.73
2019-01-17 00:00:00,1,8935.03,8415.79
2019-01-17 00:30:00,1,8660.91,8172.72
2019-01-17 01:00:00,1,8362.13,7972.07
2019-01-17 01:30:00,1,8110.52,7665.29
2019-01-17 02:00:00,1,7804.5,7451.76
2019-01-17 02:30:00,1,7620.26,7382.7
2019-01-17 03:00:00,1,7448.81,7337.74
2019-01-17 03:30:00,1,7417.7,7293.67
2019-01-17 04:00:00,1,7405.34,7339.08
2019-01-17 04:30:00,1,7421.37,7567.3
2019-01-17 05:00:00,1,7580.49,7769.27
2019-01-17 05:30:00,1,7782.0,8230.81
2019-01-17 06:00:00,1,8191.16,8535.53
2019-01-17 06:30:00,1,8487.89,8963.01
2019-01-17 07:00:00,1,8896.26,9237.93
2019-01-17 07:30:00,1,9313.4,9484.01
2019-01-17 08:00:00,1,9612.51,9737.75
2019-01-17 08:30:00,1,9875.22,10119.02
2019-01-17 09:00:00,1,10072.53,10191.03
2019-01-17 09:30:00,1,10235.78,10466.6
2019-01-17 10:00:00,1,10473.67,10744.91
2019-01-17 10:30:00,1,10708.02,11059.71
2019-01-17 11:00:00,1,10890.66,11366.14
2019-01-17 11:30:00,1,11084.5,11600.43
2019-01-17 12:00:00,1,11377.05,11851.37
2019-01-17 12:30:00,1,11596.91,12041.49
2019-01-17 13:00:00,1,11881.87,12288.73
2019-01-17 13:30:00,1,12098.17,12515.12
2019-01-17 14:00:00,1,12275.58,12754.23
2019-01-17 14:30:00,1,12515.35,13018.12
2019-01-17 15:00:00,1,12780.55,13300.38
2019-01-17 15:30:00,1,12976.16,13183.23
2019-01-17 16:00:00,1,13096.69,13504.57
2019-01-17 16:30:00,1,13249.45,13504.79
2019-01-17 17:00:00,1,13267.43,13447.22
2019-01-17 17:30:00,1,13301.42,13248.42
2019-01-17 18:00:00,1,13120.67,13196.05
2019-01-17 18:30:00,1,12984.96,12776.78
2019-01-17 19:00:00,1,12680.21,12514.25
2019-01-17 19:30:00,1,12380.26,12119.44
2019-01-17 20:00:00,1,12190.71,11934.36
2019-01-17 20:30:00,1,12022.12,11487.48
2019-01-17 21:00:00,1,11736.28,10921.74
2019-01-17 21:30:00,1,11343.09,10539.41
2019-01-17 22:00:00,1,11068.88,9987.01
2019-01-17 22:30:00,1,10781.16,9617.64
2019-01-17 23:00:00,1,10412.6,9257.65
2019-01-17 23:30:00,1,9859.5,8887.07
2019-01-18 00:00:00,1,9433.01,8667.23
2019-01-18 00:30:00,1,9034.41,8415.1
2019-01-18 01:00:00,1,8644.4,8086.47
2019-01-18 01:30:00,1,8342.84,7831.83
2019-01-18 02:00:00,1,7940.15,7596.25
2019-01-18 02:30:00,1,7732.31,7514.25
2019-01-18 03:00:00,1,7490.97,7343.56
2019-01-18 03:30:00,1,7449.54,7389.57
2019-01-18 04:00:00,1,7402.12,7461.32
2019-01-18 04:30:00,1,7359.82,7602.04
2019-01-18 05:00:00,1,7360.04,7777.04
2019-01-18 05:30:00,1,7465.19,8194.98
2019-01-18 06:00:00,1,7538.55,8539.32
2019-01-18 06:30:00,1,7644.83,8991.82
2019-01-18 07:00:00,1,7902.59,9342.87
2019-01-18 07:30:00,1,8179.55,9711.1
2019-01-18 08:00:00,1,8498.06,9898.84
2019-01-18 08:30:00,1,8715.16,10142.16
2019-01-18 09:00:00,1,8923.99,10602.22
2019-01-18 09:30:00,1,8987.32,10932.32
2019-01-18 10:00:00,1,9163.3,10772.91
2019-01-18 10:30:00,1,9352.66,11091.72
2019-01-18 11:00:00,1,9452.89,11402.84
2019-01-18 11:30:00,1,9398.61,11604.44
2019-01-18 12:00:00,1,9262.09,11903.18
2019-01-18 12:30:00,1,9171.67,11892.85
2019-01-18 13:00:00,1,9238.08,12180.64
2019-01-18 13:30:00,1,9157.38,12408.25
2019-01-18 14:00:00,1,9079.01,12710.89
2019-01-18 14:30:00,1,8978.66,12950.01
2019-01-18 15:00:00,1,9016.07,13252.11
2019-01-18 15:30:00,1,9053.28,13258.92
2019-01-18 16:00:00,1,9101.69,13485.37
2019-01-18 16:30:00,1,9129.51,13508.56
2019-01-18 17:00:00,1,9082.08,13062.37
2019-01-18 17:30:00,1,9073.33,13027.18
2019-01-18 18:00:00,1,9001.92,12941.1
2019-01-18 18:30:00,1,8978.24,12729.65
2019-01-18 19:00:00,1,8918.3,12404.63
2019-01-18 19:30:00,1,8787.61,12149.5
2019-01-18 20:00:00,1,8701.23,12035.42
2019-01-18 20:30:00,1,8669.36,11707.6
2019-01-18 21:00:00,1,8525.38,11316.74
2019-01-18 21:30:00,1,8352.71,11047.18
2019-01-18 22:00:00,1,8164.23,10598.74
2019-01-18 22:30:00,1,8071.86,10388.64
2019-01-18 23:00:00,1,7955.88,9945.15
2019-01-18 23:30:00,1,7772.33,9457.13
2019-01-22 00:00:00,1,8521.02,8000.06
2019-01-22 00:30:00,1,8320.19,7755.18
2019-01-22 01:00:00,1,8067.36,7558.5
2019-01-22 01:30:00,1,7770.02,7286.16
2019-01-22 02:00:00,1,7466.78,7044.76
2019-01-22 02:30:00,1,7325.48,6928.71
2019-01-22 03:00:00,1,7142.52,6834.49
2019-01-22 03:30:00,1,7037.81,6835.97
2019-01-22 04:00:00,1,7085.13,6855.3
2019-01-22 04:30:00,1,7092.84,7050.27
2019-01-22 05:00:00,1,7310.64,7288.23
2019-01-22 05:30:00,1,7513.88,7640.26
2019-01-22 06:00:00,1,7968.76,8005.4
2019-01-22 06:30:00,1,8316.38,8478.09
2019-01-22 07:00:00,1,8660.24,8791.83
2019-01-22 07:30:00,1,9008.38,9039.01
2019-01-22 08:00:00,1,9347.35,9289.48
2019-01-22 08:30:00,1,9522.75,9409.81
2019-01-22 09:00:00,1,9699.9,9623.08
2019-01-22 09:30:00,1,9847.4,9632.08
2019-01-22 10:00:00,1,10046.64,9966.68
2019-01-22 10:30:00,1,10364.89,10225.09
2019-01-22 11:00:00,1,10616.79,10415.89
2019-01-22 11:30:00,1,10855.15,10609.66
2019-01-22 12:00:00,1,11009.26,10636.01
2019-01-22 12:30:00,1,11130.14,10907.92
2019-01-22 13:00:00,1,11201.5,11221.04
2019-01-22 13:30:00,1,11284.68,11569.05
2019-01-22 14:00:00,1,11268.11,11841.88
2019-01-22 14:30:00,1,11271.21,11792.45
2019-01-22 15:00:00,1,11108.28,12059.84
2019-01-22 15:30:00,1,10920.22,12193.5
2019-01-22 16:00:00,1,10756.29,12437.51
2019-01-22 16:30:00,1,10715.66,12610.23
2019-01-22 17:00:00,1,10583.92,12592.49
2019-01-22 17:30:00,1,10515.85,12486.12
2019-01-22 18:00:00,1,10172.81,12372.13
2019-01-22 18:30:00,1,10114.88,12030.64
2019-01-22 19:00:00,1,9888.74,11784.76
2019-01-22 19:30:00,1,9712.23,11588.61
2019-01-22 20:00:00,1,9665.29,11314.42
2019-01-22 20:30:00,1,9584.98,10953.78
2019-01-22 21:00:00,1,9357.02,10420.84
2019-01-22 21:30:00,1,9002.49,10081.21
2019-01-22 22:00:00,1,8812.05,9566.55
2019-01-22 22:30:00,1,8542.83,9321.81
2019-01-22 23:00:00,1,8469.37,8928.65
2019-01-22 23:30:00,1,8334.13,8630.26
2019-01-25 00:00:00,1,9230.24,8156.77
2019-01-25 00:30:00,1,8959.53,7903.03
2019-01-25 01:00:00,1,8572.27,7695.31
2019-01-25 01:30:00,1,8251.83,7411.88
2019-01-25 02:00:00,1,7930.4,7219.47
2019-01-25 02:30:00,1,7625.08,7051.29
2019-01-25 03:00:00,1,7523.3,7042.12
2019-01-25 03:30:00,1,7376.68,6983.1
2019-01-25 04:00:00,1,7330.69,7086.37
2019-01-25 04:30:00,1,7299.31,7269.18
2019-01-25 05:00:00,1,7310.66,7444.18
2019-01-25 05:30:00,1,7408.17,7830.77
2019-01-25 06:00:00,1,7453.71,8136.69
2019-01-25 06:30:00,1,7540.97,8645.62
2019-01-25 07:00:00,1,7832.84,8976.9
2019-01-25 07:30:00,1,8176.55,9305.69
2019-01-25 08:00:00,1,8609.63,9634.88
2019-01-25 08:30:00,1,9006.59,9793.8
2019-01-25 09:00:00,1,9512.12,10023.97
2019-01-25 09:30:00,1,9813.5,10252.97
2019-01-25 10:00:00,1,10222.3,10422.85
2019-01-25 10:30:00,1,10471.65,10668.66
2019-01-25 11:00:00,1,10751.41,10800.01
2019-01-25 11:30:00,1,10927.65,11042.29
2019-01-25 12:00:00,1,11058.58,11274.33
2019-01-25 12:30:00,1,11214.65,11398.75
2019-01-25 13:00:00,1,11233.03,11609.09
2019-01-25 13:30:00,1,11274.68,11869.96
2019-01-25 14:00:00,1,11315.56,12046.54
2019-01-25 14:30:00,1,11431.08,12211.72
2019-01-25 15:00:00,1,11462.05,12481.21
2019-01-25 15:30:00,1,11613.09,12647.53
2019-01-25 16:00:00,1,11700.39,12785.57
2019-01-25 16:30:00,1,11771.98,13091.73
2019-01-25 17:00:00,1,11694.02,13074.36
2019-01-25 17:30:00,1,11617.11,12962.65
2019-01-25 18:00:00,1,11522.4,12881.63
2019-01-25 18:30:00,1,11306.54,12614.21
2019-01-25 19:00:00,1,11178.16,12334.5
2019-01-25 19:30:00,1,10932.26,12185.58
2019-01-25 20:00:00,1,10854.07,12015.5
2019-01-25 20:30:00,1,10704.43,11666.99
2019-01-25 21:00:00,1,10409.09,11238.75
2019-01-25 21:30:00,1,10133.49,10943.4
2019-01-25 22:00:00,1,9830.57,10450.71
2019-01-25 22:30:00,1,9560.38,10136.65
2019-01-25 23:00:00,1,9268.64,9696.44
2019-01-25 23:30:00,1,8841.45,9327.13
2019-01-26 00:00:00,1,8558.31,8949.25
2019-01-26 00:30:00,1,8205.08,8673.27
2019-01-26 01:00:00,1,7980.93,8305.76
2019-01-26 01:30:00,1,7800.81,7982.38
2019-01-26 02:00:00,1,7481.26,7709.76
2019-01-26 02:30:00,1,7246.94,7489.39
2019-01-26 03:00:00,1,7222.72,7388.77
2019-01-26 03:30:00,1,7139.92,7315.51
2019-01-26 04:00:00,1,7020.82,7328.68
2019-01-26 04:30:00,1,7007.83,7331.88
2019-01-26 05:00:00,1,6995.12,7421.89
2019-01-26 05:30:00,1,7002.34,7526.38
2019-01-26 06:00:00,1,7003.35,7613.78
2019-01-26 06:30:00,1,7052.45,7830.47
2019-01-26 07:00:00,1,7219.23,8192.77
2019-01-26 07:30:00,1,7469.19,8523.56
2019-01-26 08:00:00,1,7812.28,9000.53
2019-01-26 08:30:00,1,8137.12,9381.45
2019-01-26 09:00:00,1,8506.86,9719.67
2019-01-26 09:30:00,1,8822.88,10194.48
2019-01-26 10:00:00,1,9235.2,10461.75
2019-01-26 10:30:00,1,9513.2,10695.75
2019-01-26 11:00:00,1,9721.8,10980.66
2019-01-26 11:30:00,1,10008.33,11162.01
2019-01-26 12:00:00,1,10184.37,11207.56
2019-01-26 12:30:00,1,10371.14,11338.1
2019-01-26 13:00:00,1,10549.65,11377.88
2019-01-26 13:30:00,1,10579.43,11366.67
2019-01-26 14:00:00,1,10621.34,11471.27
2019-01-26 14:30:00,1,10656.11,11529.89
2019-01-26 15:00:00,1,10669.73,11575.56
2019-01-26 15:30:00,1,10732.39,11693.3
2019-01-26 16:00:00,1,10777.77,11742.39
2019-01-26 16:30:00,1,10678.78,11658.49
2019-01-26 17:00:00,1,10325.07,11693.17
2019-01-26 17:30:00,1,10265.15,11439.82
2019-01-26 18:00:00,1,10129.34,11371.01
2019-01-26 18:30:00,1,9985.34,11128.69
2019-01-26 19:00:00,1,9766.98,10891.7
2019-01-26 19:30:00,1,9616.99,10768.03
2019-01-26 20:00:00,1,9589.64,10736.33
2019-01-26 20:30:00,1,9516.59,10466.33
2019-01-26 21:00:00,1,9294.01,10131.68
2019-01-26 21:30:00,1,9124.03,9867.8
2019-01-26 22:00:00,1,8931.91,9517.12
2019-01-26 22:30:00,1,8669.72,9287.08
2019-01-26 23:00:00,1,8529.53,8883.37
2019-01-26 23:30:00,1,8245.44,8537.92
2019-01-27 00:00:00,1,7958.25,8239.41
2019-01-27 00:30:00,1,7763.86,7993.36
2019-01-27 01:00:00,1,7542.3,7727.83
2019-01-27 01:30:00,1,7384.44,7491.56
2019-01-27 02:00:00,1,7100.11,7346.8
2019-01-27 02:30:00,1,6942.61,7122.57
2019-01-27 03:00:00,1,6861.79,7111.54
2019-01-27 03:30:00,1,6759.28,7058.76
2019-01-27 04:00:00,1,6758.72,7047.93
2019-01-27 04:30:00,1,6719.84,7049.14
2019-01-27 05:00:00,1,6779.29,7049.85
2019-01-27 05:30:00,1,6830.92,7073.22
2019-01-27 06:00:00,1,6943.24,7140.38
2019-01-27 06:30:00,1,7046.22,7298.1
2019-01-27 07:00:00,1,7243.87,7472.64
2019-01-27 07:30:00,1,7433.83,7783.92
2019-01-27 08:00:00,1,7695.58,8049.06
2019-01-27 08:30:00,1,7919.48,8429.6
2019-01-27 09:00:00,1,8121.7,8722.31
2019-01-27 09:30:00,1,8306.91,9109.61
2019-01-27 10:00:00,1,8410.48,9527.67
2019-01-27 10:30:00,1,8498.18,9744.66
2019-01-27 11:00:00,1,8585.4,9971.43
2019-01-27 11:30:00,1,8658.48,10211.15
2019-01-27 12:00:00,1,8770.2,10328.08
2019-01-27 12:30:00,1,8932.09,10488.74
2019-01-27 13:00:00,1,9012.64,10649.01
2019-01-27 13:30:00,1,9174.0,10700.82
2019-01-27 14:00:00,1,9311.5,10699.56
2019-01-27 14:30:00,1,9437.63,10719.84
2019-01-27 15:00:00,1,9538.92,10732.2
2019-01-27 15:30:00,1,9645.17,10760.35
2019-01-27 16:00:00,1,9797.07,10833.52
2019-01-27 16:30:00,1,9900.39,10451.62
2019-01-27 17:00:00,1,10035.87,10292.51
2019-01-27 17:30:00,1,10181.53,10202.93
2019-01-27 18:00:00,1,10032.42,10036.77
2019-01-27 18:30:00,1,9873.99,9762.62
2019-01-27 19:00:00,1,9730.6,9593.24
2019-01-27 19:30:00,1,9599.71,9549.03
2019-01-27 20:00:00,1,9595.79,9535.25
2019-01-27 20:30:00,1,9458.2,9294.14
2019-01-27 21:00:00,1,9267.2,8974.35
2019-01-27 21:30:00,1,9075.49,8887.82
2019-01-27 22:00:00,1,8899.61,8644.47
2019-01-27 22:30:00,1,8658.52,8504.04
2019-01-27 23:00:00,1,8499.22,8208.72
2019-01-27 23:30:00,1,8261.88,7955.87
2019-01-29 00:00:00,1,8544.63,7849.65
2019-01-29 00:30:00,1,8330.48,7678.07
2019-01-29 01:00:00,1,8116.18,7474.75
2019-01-29 01:30:00,1,7866.53,7195.21
2019-01-29 02:00:00,1,7614.39,7020.79
2019-01-29 02:30:00,1,7352.3,6877.22
2019-01-29 03:00:00,1,7206.91,6880.48
2019-01-29 03:30:00,1,7099.81,6888.75
2019-01-29 04:00:00,1,7157.93,6919.84
2019-01-29 04:30:00,1,7202.66,7078.84
2019-01-29 05:00:00,1,7463.49,7265.34
2019-01-29 05:30:00,1,7605.38,7676.15
2019-01-29 06:00:00,1,8084.87,8084.28
2019-01-29 06:30:00,1,8470.69,8606.71
2019-01-29 07:00:00,1,8903.23,9045.55
2019-01-29 07:30:00,1,9291.9,9372.87
2019-01-29 08:00:00,1,9514.2,9654.68
2019-01-29 08:30:00,1,9609.19,9921.79
2019-01-29 09:00:00,1,9834.8,10020.37
2019-01-29 09:30:00,1,10038.76,10196.39
2019-01-29 10:00:00,1,10272.92,10310.9
2019-01-29 10:30:00,1,10415.96,10422.95
2019-01-29 11:00:00,1,10603.12,10664.54
2019-01-29 11:30:00,1,10785.32,10758.43
2019-01-29 12:00:00,1,11022.7,11065.16
2019-01-29 12:30:00,1,11122.86,11240.5
2019-01-29 13:00:00,1,11276.04,11528.18
2019-01-29 13:30:00,1,11632.12,11768.06
2019-01-29 14:00:00,1,11686.26,11983.35
2019-01-29 14:30:00,1,11715.13,12120.38
2019-01-29 15:00:00,1,11780.92,12523.2
2019-01-29 15:30:00,1,11899.53,12619.46
2019-01-29 16:00:00,1,12208.95,12846.24
2019-01-29 16:30:00,1,12369.34,12937.4
2019-01-29 17:00:00,1,12228.83,12804.56
2019-01-29 17:30:00,1,12252.69,12582.53
2019-01-29 18:00:00,1,12004.28,12556.58
2019-01-29 18:30:00,1,11921.19,12273.71
2019-01-29 19:00:00,1,11649.07,11924.25
2019-01-29 19:30:00,1,11440.62,11701.93
2019-01-29 20:00:00,1,11298.74,11370.5
2019-01-29 20:30:00,1,11091.36,10994.97
2019-01-29 21:00:00,1,10784.07,10451.79
2019-01-29 21:30:00,1,10349.6,10157.18
2019-01-29 22:00:00,1,9989.79,9603.26
2019-01-29 22:30:00,1,9537.1,9322.6
2019-01-29 23:00:00,1,9206.15,8972.71
2019-01-29 23:30:00,1,8910.11,8625.22
2019-01-30 00:00:00,1,8502.88,8342.35
2019-01-30 00:30:00,1,8246.14,8096.08
2019-01-30 01:00:00,1,7995.66,7884.22
2019-01-30 01:30:00,1,7780.72,7621.5
2019-01-30 02:00:00,1,7435.8,7400.46
2019-01-30 02:30:00,1,7234.96,7231.64
2019-01-30 03:00:00,1,7131.98,7162.01
2019-01-30 03:30:00,1,7047.88,7115.29
2019-01-30 04:00:00,1,7101.5,7192.56
2019-01-30 04:30:00,1,7086.18,7396.95
2019-01-30 05:00:00,1,7325.73,7611.5
2019-01-30 05:30:00,1,7613.07,7997.51
2019-01-30 06:00:00,1,8097.27,8425.36
2019-01-30 06:30:00,1,8503.32,8924.68
2019-01-30 07:00:00,1,8906.25,9335.17
2019-01-30 07:30:00,1,9273.24,9634.98
2019-01-30 08:00:00,1,9536.96,9668.37
2019-01-30 08:30:00,1,9728.73,9835.74
2019-01-30 09:00:00,1,9942.5,9964.97
2019-01-30 09:30:00,1,10170.82,10164.08
2019-01-30 10:00:00,1,10380.41,10419.08
2019-01-30 10:30:00,1,10602.12,10537.39
2019-01-30 11:00:00,1,10693.5,10815.54
2019-01-30 11:30:00,1,10801.99,10912.91
2019-01-30 12:00:00,1,11024.88,11061.96
2019-01-30 12:30:00,1,11345.58,11311.92
2019-01-30 13:00:00,1,11555.76,11626.73
2019-01-30 13:30:00,1,11966.23,11861.8
2019-01-30 14:00:00,1,12210.65,12161.85
2019-01-30 14:30:00,1,12450.94,12310.92
2019-01-30 15:00:00,1,12658.02,12023.5
2019-01-30 15:30:00,1,13043.68,12296.43
2019-01-30 16:00:00,1,13388.48,12565.87
2019-01-30 16:30:00,1,13638.66,12657.21
2019-01-30 17:00:00,1,13700.9,12172.44
2019-01-30 17:30:00,1,13607.67,12005.18
2019-01-30 18:00:00,1,12853.58,11875.94
2019-01-30 18:30:00,1,12115.24,11646.45
2019-01-30 19:00:00,1,11422.04,11430.01
2019-01-30 19:30:00,1,10889.16,11335.71
2019-01-30 20:00:00,1,10430.67,11150.11
2019-01-30 20:30:00,1,10151.35,10779.38
2019-01-30 21:00:00,1,9639.91,10387.82
2019-01-30 21:30:00,1,9156.11,10050.94
2019-01-30 22:00:00,1,8898.25,9594.4
2019-01-30 22:30:00,1,8584.26,9283.64
2019-01-30 23:00:00,1,8351.58,8908.53
2019-01-30 23:30:00,1,8060.04,8606.94
2019-01-31 00:00:00,1,7803.95,8293.24
2019-01-31 00:30:00,1,7621.71,8039.24
2019-01-31 01:00:00,1,7453.57,7788.79
2019-01-31 01:30:00,1,7213.22,7521.56
2019-01-31 02:00:00,1,6961.2,7257.2
2019-01-31 02:30:00,1,6768.1,7113.34
2019-01-31 03:00:00,1,6616.2,7084.73
2019-01-31 03:30:00,1,6597.62,7062.09
2019-01-31 04:00:00,1,6597.79,7119.48
2019-01-31 04:30:00,1,6662.12,7277.61
2019-01-31 05:00:00,1,6871.18,7523.79
2019-01-31 05:30:00,1,7088.26,8029.41
2019-01-31 06:00:00,1,7535.82,8499.48
2019-01-31 06:30:00,1,7874.42,8981.65
2019-01-31 07:00:00,1,8261.53,9355.69
2019-01-31 07:30:00,1,8542.03,9691.81
2019-01-31 08:00:00,1,8672.65,9837.08
2019-01-31 08:30:00,1,8678.67,9941.7
2019-01-31 09:00:00,1,8717.04,10169.46
2019-01-31 09:30:00,1,8734.79,10408.28
2019-01-31 10:00:00,1,8649.6,10554.06
2019-01-31 10:30:00,1,8708.56,10808.74
2019-01-31 11:00:00,1,8638.95,10900.53
2019-01-31 11:30:00,1,8663.1,11008.82
2019-01-31 12:00:00,1,8525.7,11215.34
2019-01-31 12:30:00,1,8573.57,11583.68
2019-01-31 13:00:00,1,8485.96,11857.81
2019-01-31 13:30:00,1,8462.54,12115.46
2019-01-31 14:00:00,1,8462.72,12336.43
2019-01-31 14:30:00,1,8517.07,12690.47
2019-01-31 15:00:00,1,8475.9,13114.8
2019-01-31 15:30:00,1,8559.97,13336.96
2019-01-31 16:00:00,1,8596.51,13487.37
2019-01-31 16:30:00,1,8650.59,13613.5
2019-01-31 17:00:00,1,8635.59,13590.14
2019-01-31 17:30:00,1,8627.13,13203.59
2019-01-31 18:00:00,1,8499.8,12454.52
2019-01-31 18:30:00,1,8477.41,11643.2
2019-01-31 19:00:00,1,8404.57,11069.33
2019-01-31 19:30:00,1,8378.98,10638.1
2019-01-31 20:00:00,1,8348.17,10260.33
2019-01-31 20:30:00,1,8309.86,9858.43
2019-01-31 21:00:00,1,8057.78,9283.83
2019-01-31 21:30:00,1,7919.62,8948.54
2019-01-31 22:00:00,1,7921.78,8561.66
2019-01-31 22:30:00,1,7778.22,8399.02
2019-01-31 23:00:00,1,7753.57,8115.24
2019-01-31 23:30:00,1,7596.27,7860.34
2019-02-04 00:00:00,1,8331.52,7595.7
2019-02-04 00:30:00,1,8161.55,7372.59
2019-02-04 01:00:00,1,7859.04,7235.38
2019-02-04 01:30:00,1,7624.02,6927.26
2019-02-04 02:00:00,1,7386.03,6749.1
2019-02-04 02:30:00,1,7066.05,6671.94
2019-02-04 03:00:00,1,6995.29,6636.69
2019-02-04 03:30:00,1,6882.17,6619.35
2019-02-04 04:00:00,1,6880.01,6732.26
2019-02-04 04:30:00,1,6984.54,6916.87
2019-02-04 05:00:00,1,7213.89,7187.91
2019-02-04 05:30:00,1,7467.17,7750.65
2019-02-04 06:00:00,1,7946.22,8169.0
2019-02-04 06:30:00,1,8336.47,8639.08
2019-02-04 07:00:00,1,8801.58,8979.97
2019-02-04 07:30:00,1,9181.92,9167.44
2019-02-04 08:00:00,1,9342.95,9341.39
2019-02-04 08:30:00,1,9407.39,9470.36
2019-02-04 09:00:00,1,9548.16,9572.68
2019-02-04 09:30:00,1,9579.69,9821.81
2019-02-04 10:00:00,1,9648.96,9855.39
2019-02-04 10:30:00,1,9713.24,10039.72
2019-02-04 11:00:00,1,9779.1,10186.24
2019-02-04 11:30:00,1,9822.11,10328.24
2019-02-04 12:00:00,1,9873.55,10409.37
2019-02-04 12:30:00,1,9874.71,10718.99
2019-02-04 13:00:00,1,9914.6,10985.54
2019-02-04 13:30:00,1,10053.34,11148.74
2019-02-04 14:00:00,1,10123.92,11310.56
2019-02-04 14:30:00,1,10169.79,11405.97
2019-02-04 15:00:00,1,10352.65,11694.5
2019-02-04 15:30:00,1,10445.73,11950.09
2019-02-04 16:00:00,1,10540.36,12215.47
2019-02-04 16:30:00,1,10615.07,12258.24
2019-02-04 17:00:00,1,10534.25,12180.56
2019-02-04 17:30:00,1,10548.47,11886.73
2019-02-04 18:00:00,1,10352.38,11804.34
2019-02-04 18:30:00,1,10231.1,11483.7
2019-02-04 19:00:00,1,10033.85,11222.13
2019-02-04 19:30:00,1,9976.96,11089.31
2019-02-04 20:00:00,1,9929.28,10785.06
2019-02-04 20:30:00,1,9710.98,10381.92
2019-02-04 21:00:00,1,9429.14,9920.94
2019-02-04 21:30:00,1,9165.56,9680.1
2019-02-04 22:00:00,1,9000.0,9292.13
2019-02-04 22:30:00,1,8706.61,9062.88
2019-02-04 23:00:00,1,8504.28,8757.43
2019-02-04 23:30:00,1,8237.34,8438.0
2019-02-08 00:00:00,1,7720.69,7982.65
2019-02-08 00:30:00,1,7561.64,7771.04
2019-02-08 01:00:00,1,7267.17,7573.89
2019-02-08 01:30:00,1,7096.98,7258.52
2019-02-08 02:00:00,1,6783.95,7113.62
2019-02-08 02:30:00,1,6566.59,6967.31
2019-02-08 03:00:00,1,6449.73,6915.2
2019-02-08 03:30:00,1,6331.29,6880.54
2019-02-08 04:00:00,1,6332.49,6946.18
2019-02-08 04:30:00,1,6347.11,7124.29
2019-02-08 05:00:00,1,6377.09,7381.32
2019-02-08 05:30:00,1,6452.45,7869.34
2019-02-08 06:00:00,1,6638.97,8223.27
2019-02-08 06:30:00,1,6749.68,8657.14
2019-02-08 07:00:00,1,6874.49,9017.37
2019-02-08 07:30:00,1,7086.78,9153.52
2019-02-08 08:00:00,1,7280.72,9321.56
2019-02-08 08:30:00,1,7413.03,9466.49
2019-02-08 09:00:00,1,7630.27,9471.67
2019-02-08 09:30:00,1,7645.72,9607.82
2019-02-08 10:00:00,1,7752.54,9690.41
2019-02-08 10:30:00,1,7799.38,9751.83
2019-02-08 11:00:00,1,7885.1,9877.5
2019-02-08 11:30:00,1,8022.56,9982.5
2019-02-08 12:00:00,1,8288.2,10111.51
2019-02-08 12:30:00,1,8384.64,10322.96
2019-02-08 13:00:00,1,8504.44,10450.75
2019-02-08 13:30:00,1,8648.45,10710.53
2019-02-08 14:00:00,1,8697.37,10841.26
2019-02-08 14:30:00,1,8734.38,10945.41
2019-02-08 15:00:00,1,8703.7,11209.83
2019-02-08 15:30:00,1,8856.57,11382.78
2019-02-08 16:00:00,1,9061.01,11442.57
2019-02-08 16:30:00,1,9254.32,11476.41
2019-02-08 17:00:00,1,9320.91,11179.2
2019-02-08 17:30:00,1,9371.2,10648.55
2019-02-08 18:00:00,1,9340.44,9952.12
2019-02-08 18:30:00,1,9298.58,9628.39
2019-02-08 19:00:00,1,9100.51,9406.89
2019-02-08 19:30:00,1,8840.58,9275.06
2019-02-08 20:00:00,1,8729.58,9035.0
2019-02-08 20:30:00,1,8641.89,8763.18
2019-02-08 21:00:00,1,8362.5,8605.61
2019-02-08 21:30:00,1,8214.56,8446.06
2019-02-08 22:00:00,1,7998.99,8260.21
2019-02-08 22:30:00,1,7812.08,8190.74
2019-02-08 23:00:00,1,7745.37,7971.9
2019-02-08 23:30:00,1,7486.43,7743.65
2019-02-09 00:00:00,1,7289.11,7568.7
2019-02-09 00:30:00,1,7122.36,7338.94
2019-02-09 01:00:00,1,6897.29,7104.83
2019-02-09 01:30:00,1,6722.2,6812.23
2019-02-09 02:00:00,1,6469.04,6624.64
2019-02-09 02:30:00,1,6339.7,6453.06
2019-02-09 03:00:00,1,6219.01,6380.15
2019-02-09 03:30:00,1,6146.93,6340.06
2019-02-09 04:00:00,1,6179.06,6315.37
2019-02-09 04:30:00,1,6142.44,6405.67
2019-02-09 05:00:00,1,6199.22,6443.93
2019-02-09 05:30:00,1,6256.73,6599.92
2019-02-09 06:00:00,1,6381.86,6717.02
2019-02-09 06:30:00,1,6406.02,6993.0
2019-02-09 07:00:00,1,6568.44,7122.05
2019-02-09 07:30:00,1,6715.58,7340.45
2019-02-09 08:00:00,1,6793.97,7523.6
2019-02-09 08:30:00,1,6876.23,7570.13
2019-02-09 09:00:00,1,6959.62,7661.01
2019-02-09 09:30:00,1,6962.46,7741.6
2019-02-09 10:00:00,1,6935.37,7763.31
2019-02-09 10:30:00,1,6839.16,7835.49
2019-02-09 11:00:00,1,6765.37,7947.36
2019-02-09 11:30:00,1,6718.78,8012.17
2019-02-09 12:00:00,1,6653.47,8400.64
2019-02-09 12:30:00,1,6666.6,8475.73
2019-02-09 13:00:00,1,6680.42,8598.11
2019-02-09 13:30:00,1,6697.68,8725.42
2019-02-09 14:00:00,1,6709.97,8726.64
2019-02-09 14:30:00,1,6809.52,8745.02
2019-02-09 15:00:00,1,6883.21,8751.53
2019-02-09 15:30:00,1,7052.16,8997.07
2019-02-09 16:00:00,1,7245.78,9182.13
2019-02-09 16:30:00,1,7455.62,9256.48
2019-02-09 17:00:00,1,7635.94,9432.29
2019-02-09 17:30:00,1,7914.37,9329.47
2019-02-09 18:00:00,1,8138.59,9244.88
2019-02-09 18:30:00,1,8202.26,9139.14
2019-02-09 19:00:00,1,8145.42,8961.99
2019-02-09 19:30:00,1,8071.18,8775.99
2019-02-09 20:00:00,1,8135.22,8641.99
2019-02-09 20:30:00,1,8131.5,8478.15
2019-02-09 21:00:00,1,7991.46,8214.21
2019-02-09 21:30:00,1,7753.29,8088.25
2019-02-09 22:00:00,1,7587.11,7882.81
2019-02-09 22:30:00,1,7352.59,7797.21
2019-02-09 23:00:00,1,7253.94,7535.35
2019-02-09 23:30:00,1,7024.92,7345.98
2019-02-12 00:00:00,1,8072.01,7545.99
2019-02-12 00:30:00,1,7853.14,7313.39
2019-02-12 01:00:00,1,7612.12,7093.41
2019-02-12 01:30:00,1,7403.36,6812.9
2019-02-12 02:00:00,1,7081.43,6595.37
2019-02-12 02:30:00,1,6847.63,6463.51
2019-02-12 03:00:00,1,6676.12,6381.46
2019-02-12 03:30:00,1,6653.07,6382.73
2019-02-12 04:00:00,1,6560.3,6399.84
2019-02-12 04:30:00,1,6487.19,6581.61
2019-02-12 05:00:00,1,6731.34,6801.78
2019-02-12 05:30:00,1,6974.58,7237.11
2019-02-12 06:00:00,1,7443.55,7565.98
2019-02-12 06:30:00,1,7801.04,7955.09
2019-02-12 07:00:00,1,8137.46,8242.17
2019-02-12 07:30:00,1,8388.51,8292.67
2019-02-12 08:00:00,1,8419.71,8220.39
2019-02-12 08:30:00,1,8369.99,8316.39
2019-02-12 09:00:00,1,8454.32,8468.85
2019-02-12 09:30:00,1,8431.3,8464.54
2019-02-12 10:00:00,1,8382.58,8634.71
2019-02-12 10:30:00,1,8352.59,8730.66
2019-02-12 11:00:00,1,8290.89,8901.09
2019-02-12 11:30:00,1,8294.39,9088.63
2019-02-12 12:00:00,1,8187.61,9263.59
2019-02-12 12:30:00,1,8146.9,9543.73
2019-02-12 13:00:00,1,8186.55,9788.42
2019-02-12 13:30:00,1,8237.51,10028.55
2019-02-12 14:00:00,1,8293.8,10270.83
2019-02-12 14:30:00,1,8371.07,10541.13
2019-02-12 15:00:00,1,8408.53,10895.62
2019-02-12 15:30:00,1,8586.78,11264.4
2019-02-12 16:00:00,1,8747.33,11628.35
2019-02-12 16:30:00,1,8918.41,11775.52
2019-02-12 17:00:00,1,9019.84,12013.99
2019-02-12 17:30:00,1,9138.63,11957.4
2019-02-12 18:00:00,1,9001.11,11871.08
2019-02-12 18:30:00,1,8992.56,11663.08
2019-02-12 19:00:00,1,8834.25,11437.83
2019-02-12 19:30:00,1,8642.67,11105.65
2019-02-12 20:00:00,1,8598.73,10822.87
2019-02-12 20:30:00,1,8493.36,10402.03
2019-02-12 21:00:00,1,8312.7,9941.06
2019-02-12 21:30:00,1,8021.76,9493.52
2019-02-12 22:00:00,1,7895.97,9086.57
2019-02-12 22:30:00,1,7656.79,8716.2
2019-02-12 23:00:00,1,7621.37,8400.22
2019-02-12 23:30:00,1,7424.73,8060.96
2019-02-17 00:00:00,1,7434.32,7126.54
2019-02-17 00:30:00,1,7283.03,6948.55
2019-02-17 01:00:00,1,7110.02,6772.01
2019-02-17 01:30:00,1,6949.94,6587.78
2019-02-17 02:00:00,1,6702.29,6402.93
2019-02-17 02:30:00,1,6539.48,6300.59
2019-02-17 03:00:00,1,6445.26,6241.0
2019-02-17 03:30:00,1,6446.14,6265.84
2019-02-17 04:00:00,1,6497.61,6266.74
2019-02-17 04:30:00,1,6539.46,6283.44
2019-02-17 05:00:00,1,6774.89,6305.45
2019-02-17 05:30:00,1,7037.98,6391.93
2019-02-17 06:00:00,1,7521.19,6512.22
2019-02-17 06:30:00,1,7917.57,6657.0
2019-02-17 07:00:00,1,8295.46,6816.95
2019-02-17 07:30:00,1,8564.22,7005.44
2019-02-17 08:00:00,1,8667.27,7067.11
2019-02-17 08:30:00,1,8742.65,7118.62
2019-02-17 09:00:00,1,8755.88,7305.26
2019-02-17 09:30:00,1,8962.05,7309.04
2019-02-17 10:00:00,1,9005.73,7375.16
2019-02-17 10:30:00,1,9209.06,7437.82
2019-02-17 11:00:00,1,9246.88,7504.25
2019-02-17 11:30:00,1,9382.17,7576.42
2019-02-17 12:00:00,1,9553.54,7697.75
2019-02-17 12:30:00,1,9832.33,7815.29
2019-02-17 13:00:00,1,10047.62,8062.52
2019-02-17 13:30:00,1,10244.15,8212.75
2019-02-17 14:00:00,1,10480.68,8432.73
2019-02-17 14:30:00,1,10693.22,8642.52
2019-02-17 15:00:00,1,10918.94,8892.12
2019-02-17 15:30:00,1,11280.17,9176.02
2019-02-17 16:00:00,1,11596.16,9326.79
2019-02-17 16:30:00,1,11833.88,9614.09
2019-02-17 17:00:00,1,11898.99,9783.09
2019-02-17 17:30:00,1,11842.81,9902.9
2019-02-17 18:00:00,1,11572.93,9914.68
2019-02-17 18:30:00,1,11461.16,9775.17
2019-02-17 19:00:00,1,11113.47,9647.75
2019-02-17 19:30:00,1,10749.12,9513.1
2019-02-17 20:00:00,1,10597.3,9375.69
2019-02-17 20:30:00,1,10225.38,9165.45
2019-02-17 21:00:00,1,9834.35,8818.81
2019-02-17 21:30:00,1,9333.93,8558.48
2019-02-17 22:00:00,1,9131.27,8212.28
2019-02-17 22:30:00,1,8740.22,8008.13
2019-02-17 23:00:00,1,8569.41,7730.02
2019-02-17 23:30:00,1,8231.83,7474.41
2019-02-18 00:00:00,1,7997.81,7279.45
2019-02-18 00:30:00,1,7795.31,7120.75
2019-02-18 01:00:00,1,7616.19,6986.4
2019-02-18 01:30:00,1,7377.37,6763.84
2019-02-18 02:00:00,1,7115.7,6579.86
2019-02-18 02:30:00,1,6893.6,6503.95
2019-02-18 03:00:00,1,6759.72,6442.03
2019-02-18 03:30:00,1,6716.46,6455.34
2019-02-18 04:00:00,1,6770.9,6543.28
2019-02-18 04:30:00,1,6870.42,6747.67
2019-02-18 05:00:00,1,6999.3,6990.53
2019-02-18 05:30:00,1,7319.95,7496.68
2019-02-18 06:00:00,1,7806.6,7933.82
2019-02-18 06:30:00,1,8210.12,8322.99
2019-02-18 07:00:00,1,8627.93,8624.45
2019-02-18 07:30:00,1,8828.9,8794.54
2019-02-18 08:00:00,1,8946.51,8835.76
2019-02-18 08:30:00,1,9072.8,8859.0
2019-02-18 09:00:00,1,9238.76,8886.62
2019-02-18 09:30:00,1,9328.98,9035.04
2019-02-18 10:00:00,1,9490.27,9172.14
2019-02-18 10:30:00,1,9551.77,9294.92
2019-02-18 11:00:00,1,9624.37,9456.86
2019-02-18 11:30:00,1,9684.03,9523.16
2019-02-18 12:00:00,1,9621.97,9792.45
2019-02-18 12:30:00,1,9713.51,10060.91
2019-02-18 13:00:00,1,9651.41,10251.34
2019-02-18 13:30:00,1,9629.25,10454.03
2019-02-18 14:00:00,1,9808.22,10634.86
2019-02-18 14:30:00,1,9546.37,10810.99
2019-02-18 15:00:00,1,9713.32,11234.26
2019-02-18 15:30:00,1,9755.48,11500.17
2019-02-18 16:00:00,1,9892.43,11760.25
2019-02-18 16:30:00,1,9958.83,11839.12
2019-02-18 17:00:00,1,9959.26,11791.49
2019-02-18 17:30:00,1,9910.6,11614.3
2019-02-18 18:00:00,1,9696.89,11470.15
2019-02-18 18:30:00,1,9605.7,11162.76
2019-02-18 19:00:00,1,9374.22,10889.58
2019-02-18 19:30:00,1,9244.03,10631.54
2019-02-18 20:00:00,1,9118.72,10354.59
2019-02-18 20:30:00,1,8916.39,10003.46
2019-02-18 21:00:00,1,8667.47,9461.12
2019-02-18 21:30:00,1,8385.7,9196.95
2019-02-18 22:00:00,1,8281.91,8816.0
2019-02-18 22:30:00,1,8063.83,8608.61
2019-02-18 23:00:00,1,7887.64,8314.75
2019-02-18 23:30:00,1,7705.92,8056.48
2019-03-06 00:00:00,1,7484.66,7696.78
2019-03-06 00:30:00,1,7328.82,7535.36
2019-03-06 01:00:00,1,7142.57,7316.72
2019-03-06 01:30:00,1,6939.89,7016.61
2019-03-06 02:00:00,1,6647.23,6723.41
2019-03-06 02:30:00,1,6454.78,6583.38
2019-03-06 03:00:00,1,6311.07,6534.34
2019-03-06 03:30:00,1,6285.07,6532.23
2019-03-06 04:00:00,1,6291.1,6597.02
2019-03-06 04:30:00,1,6359.98,6816.83
2019-03-06 05:00:00,1,6566.22,7109.41
2019-03-06 05:30:00,1,6810.7,7655.34
2019-03-06 06:00:00,1,7310.49,8069.72
2019-03-06 06:30:00,1,7739.45,8419.31
2019-03-06 07:00:00,1,8074.78,8667.74
2019-03-06 07:30:00,1,8284.82,8794.36
2019-03-06 08:00:00,1,8307.51,8890.3
2019-03-06 08:30:00,1,8197.67,9068.79
2019-03-06 09:00:00,1,8175.95,9130.42
2019-03-06 09:30:00,1,8105.52,9255.39
2019-03-06 10:00:00,1,8045.22,9452.73
2019-03-06 10:30:00,1,8079.91,9560.6
2019-03-06 11:00:00,1,8041.45,9635.48
2019-03-06 11:30:00,1,8059.55,9661.83
2019-03-06 12:00:00,1,7983.43,9728.43
2019-03-06 12:30:00,1,7918.8,10027.68
2019-03-06 13:00:00,1,7900.49,10187.26
2019-03-06 13:30:00,1,7921.22,10372.34
2019-03-06 14:00:00,1,7948.73,10186.68
2019-03-06 14:30:00,1,7952.26,9906.16
2019-03-06 15:00:00,1,8016.32,9749.57
2019-03-06 15:30:00,1,8118.11,9712.44
2019-03-06 16:00:00,1,8204.51,9666.93
2019-03-06 16:30:00,1,8311.5,9502.53
2019-03-06 17:00:00,1,8376.25,9417.47
2019-03-06 17:30:00,1,8499.21,9398.27
2019-03-06 18:00:00,1,8466.41,9462.23
2019-03-06 18:30:00,1,8477.6,9327.3
2019-03-06 19:00:00,1,8439.66,9257.19
2019-03-06 19:30:00,1,8450.82,9141.57
2019-03-06 20:00:00,1,8335.38,8981.41
2019-03-06 20:30:00,1,8221.04,8681.43
2019-03-06 21:00:00,1,8009.78,8386.77
2019-03-06 21:30:00,1,7735.83,8221.06
2019-03-06 22:00:00,1,7677.57,7969.69
2019-03-06 22:30:00,1,7588.84,7884.02
2019-03-06 23:00:00,1,7575.27,7662.13
2019-03-06 23:30:00,1,7491.31,7476.08
2019-03-12 00:00:00,1,7792.35,7660.38
2019-03-12 00:30:00,1,7538.78,7512.04
2019-03-12 01:00:00,1,7381.29,7302.52
2019-03-12 01:30:00,1,7170.1,6979.16
2019-03-12 02:00:00,1,6909.23,6726.73
2019-03-12 02:30:00,1,6587.8,6614.16
2019-03-12 03:00:00,1,6459.71,6567.32
2019-03-12 03:30:00,1,6374.03,6570.15
2019-03-12 04:00:00,1,6414.74,6639.87
2019-03-12 04:30:00,1,6507.14,6801.06
2019-03-12 05:00:00,1,6786.66,7068.71
2019-03-12 05:30:00,1,7030.66,7604.8
2019-03-12 06:00:00,1,7566.02,8057.09
2019-03-12 06:30:00,1,8042.01,8380.58
2019-03-12 07:00:00,1,8408.88,8684.62
2019-03-12 07:30:00,1,8628.43,8771.26
2019-03-12 08:00:00,1,8701.02,8821.57
2019-03-12 08:30:00,1,8660.4,8895.46
2019-03-12 09:00:00,1,8711.26,8912.81
2019-03-12 09:30:00,1,8708.13,8904.09
2019-03-12 10:00:00,1,8692.91,8972.65
2019-03-12 10:30:00,1,8669.99,9002.02
2019-03-12 11:00:00,1,8636.72,9022.84
2019-03-12 11:30:00,1,8585.46,9116.33
2019-03-12 12:00:00,1,8597.29,9198.85
2019-03-12 12:30:00,1,8593.62,9384.0
2019-03-12 13:00:00,1,8569.76,9489.93
2019-03-12 13:30:00,1,8573.59,9730.95
2019-03-12 14:00:00,1,8555.76,9884.85
2019-03-12 14:30:00,1,8529.52,9996.51
2019-03-12 15:00:00,1,8552.71,10298.56
2019-03-12 15:30:00,1,8617.13,10569.19
2019-03-12 16:00:00,1,8674.83,10780.39
2019-03-12 16:30:00,1,8749.36,10860.53
2019-03-12 17:00:00,1,8742.91,10901.53
2019-03-12 17:30:00,1,8818.23,10823.99
2019-03-12 18:00:00,1,8701.99,10816.18
2019-03-12 18:30:00,1,8776.38,10577.49
2019-03-12 19:00:00,1,8784.07,10372.38
2019-03-12 19:30:00,1,8797.06,10170.6
2019-03-12 20:00:00,1,8627.57,9909.67
2019-03-12 20:30:00,1,8425.41,9574.27
2019-03-12 21:00:00,1,8260.47,9155.18
2019-03-12 21:30:00,1,8029.12,8863.73
2019-03-12 22:00:00,1,7955.44,8431.59
2019-03-12 22:30:00,1,7783.83,8269.6
2019-03-12 23:00:00,1,7764.92,7989.56
2019-03-12 23:30:00,1,7633.38,7752.22
2019-03-24 00:00:00,1,6875.21,6943.96
2019-03-24 00:30:00,1,6807.42,6826.77
2019-03-24 01:00:00,1,6665.46,6662.29
2019-03-24 01:30:00,1,6494.75,6422.75
2019-03-24 02:00:00,1,6238.73,6234.93
2019-03-24 02:30:00,1,6142.14,6122.11
2019-03-24 03:00:00,1,6073.25,6058.25
2019-03-24 03:30:00,1,6043.87,6000.36
2019-03-24 04:00:00,1,6049.96,5981.2
2019-03-24 04:30:00,1,6147.0,6012.6
2019-03-24 05:00:00,1,6430.92,6078.06
2019-03-24 05:30:00,1,6715.62,6191.59
2019-03-24 06:00:00,1,7276.86,6325.38
2019-03-24 06:30:00,1,7744.53,6555.09
2019-03-24 07:00:00,1,8159.01,6764.7
2019-03-24 07:30:00,1,8437.87,7038.88
2019-03-24 08:00:00,1,8501.18,7203.56
2019-03-24 08:30:00,1,8559.35,7276.09
2019-03-24 09:00:00,1,8695.75,7376.13
2019-03-24 09:30:00,1,8684.99,7481.66
2019-03-24 10:00:00,1,8637.23,7584.78
2019-03-24 10:30:00,1,8588.75,7525.15
2019-03-24 11:00:00,1,8590.33,7691.32
2019-03-24 11:30:00,1,8520.45,7726.16
2019-03-24 12:00:00,1,8506.84,7871.15
2019-03-24 12:30:00,1,8464.82,8039.08
2019-03-24 13:00:00,1,8480.83,8180.21
2019-03-24 13:30:00,1,8501.81,8389.57
2019-03-24 14:00:00,1,8496.96,8411.7
2019-03-24 14:30:00,1,8480.32,8655.9
2019-03-24 15:00:00,1,8519.87,8806.42
2019-03-24 15:30:00,1,8616.75,8974.82
2019-03-24 16:00:00,1,8672.24,9082.02
2019-03-24 16:30:00,1,8747.92,9022.31
2019-03-24 17:00:00,1,8794.5,9171.04
2019-03-24 17:30:00,1,8903.23,9112.11
2019-03-24 18:00:00,1,8806.97,8992.84
2019-03-24 18:30:00,1,8815.22,8958.9
2019-03-24 19:00:00,1,8741.05,8857.85
2019-03-24 19:30:00,1,8663.94,8638.9
2019-03-24 20:00:00,1,8489.83,8307.84
2019-03-24 20:30:00,1,8274.99,8150.42
2019-03-24 21:00:00,1,8119.69,7868.25
2019-03-24 21:30:00,1,7840.1,7735.94
2019-03-24 22:00:00,1,7698.34,7443.29
2019-03-24 22:30:00,1,7545.65,7339.53
2019-03-24 23:00:00,1,7539.16,7110.61
2019-03-24 23:30:00,1,7443.95,6971.33
2019-04-08 00:00:00,1,7364.24,6953.42
2019-04-08 00:30:00,1,7271.81,6766.2
2019-04-08 01:00:00,1,7072.13,6631.53
2019-04-08 01:30:00,1,6910.93,6476.89
2019-04-08 02:00:00,1,6684.54,6348.27
2019-04-08 02:30:00,1,6486.57,6186.86
2019-04-08 03:00:00,1,6199.67,6049.09
2019-04-08 03:30:00,1,6041.54,5981.97
2019-04-08 04:00:00,1,5948.37,5957.55
2019-04-08 04:30:00,1,5912.02,6044.49
2019-04-08 05:00:00,1,5999.01,6139.55
2019-04-08 05:30:00,1,6139.34,6393.62
2019-04-08 06:00:00,1,6438.58,6685.01
2019-04-08 06:30:00,1,6705.72,7238.88
2019-04-08 07:00:00,1,7181.14,7644.27
2019-04-08 07:30:00,1,7627.74,7972.88
2019-04-08 08:00:00,1,7778.55,7927.71
2019-04-08 08:30:00,1,7903.13,7993.84
2019-04-08 09:00:00,1,7905.59,7923.73
2019-04-08 09:30:00,1,7890.55,7861.82
2019-04-08 10:00:00,1,7976.94,7886.82
2019-04-08 10:30:00,1,8059.44,7970.67
2019-04-08 11:00:00,1,8105.34,7999.91
2019-04-08 11:30:00,1,8104.4,7983.09
2019-04-08 12:00:00,1,8112.98,8041.43
2019-04-08 12:30:00,1,8140.41,8208.91
2019-04-08 13:00:00,1,8165.73,8281.64
2019-04-08 13:30:00,1,8225.37,8386.11
2019-04-08 14:00:00,1,8234.47,8566.54
2019-04-08 14:30:00,1,8287.66,8891.74
2019-04-08 15:00:00,1,8348.94,8898.13
2019-04-08 15:30:00,1,8348.59,9053.73
2019-04-08 16:00:00,1,8383.23,9223.46
2019-04-08 16:30:00,1,8448.67,9303.15
2019-04-08 17:00:00,1,8546.43,9465.29
2019-04-08 17:30:00,1,8623.83,9492.66
2019-04-08 18:00:00,1,8663.2,9631.25
2019-04-08 18:30:00,1,8917.45,9573.03
2019-04-08 19:00:00,1,9052.86,9529.91
2019-04-08 19:30:00,1,8920.6,9269.19
2019-04-08 20:00:00,1,8677.14,8935.76
2019-04-08 20:30:00,1,8442.41,8712.86
2019-04-08 21:00:00,1,8319.16,8408.17
2019-04-08 21:30:00,1,8097.95,8178.4
2019-04-08 22:00:00,1,7855.02,7901.06
2019-04-08 22:30:00,1,7667.17,7874.57
2019-04-08 23:00:00,1,7719.97,7616.32
2019-04-08 23:30:00,1,7514.65,7510.41
2019-10-04 00:00:00,1,7418.91,7418.98
2019-10-04 00:30:00,1,7398.11,7253.06
2019-10-04 01:00:00,1,7224.66,7019.91
2019-10-04 01:30:00,1,7074.54,6817.08
2019-10-04 02:00:00,1,6874.41,6626.02
2019-10-04 02:30:00,1,6648.76,6361.0
2019-10-04 03:00:00,1,6365.65,6143.75
2019-10-04 03:30:00,1,6210.88,6015.67
2019-10-04 04:00:00,1,6031.29,5964.46
2019-10-04 04:30:00,1,5952.92,6012.57
2019-10-04 05:00:00,1,5948.97,6088.47
2019-10-04 05:30:00,1,5929.72,6290.57
2019-10-04 06:00:00,1,6025.96,6505.76
2019-10-04 06:30:00,1,6075.2,6793.06
2019-10-04 07:00:00,1,6261.29,7025.35
2019-10-04 07:30:00,1,6485.39,7158.49
2019-10-04 08:00:00,1,6685.7,7200.44
2019-10-04 08:30:00,1,6870.67,7266.98
2019-10-04 09:00:00,1,7157.11,7191.95
2019-10-04 09:30:00,1,7247.01,7273.34
2019-10-04 10:00:00,1,7274.66,7275.98
2019-10-04 10:30:00,1,7275.77,7325.1
2019-10-04 11:00:00,1,7204.81,7350.08
2019-10-04 11:30:00,1,7092.49,7343.31
2019-10-04 12:00:00,1,6989.36,7383.05
2019-10-04 12:30:00,1,6909.3,7454.45
2019-10-04 13:00:00,1,6929.49,7497.94
2019-10-04 13:30:00,1,6918.2,7563.91
2019-10-04 14:00:00,1,6838.27,7636.14
2019-10-04 14:30:00,1,6852.45,7799.02
2019-10-04 15:00:00,1,6862.53,7825.25
2019-10-04 15:30:00,1,6820.36,7853.9
2019-10-04 16:00:00,1,6907.12,7934.67
2019-10-04 16:30:00,1,6980.15,7929.39
2019-10-04 17:00:00,1,7100.04,8026.23
2019-10-04 17:30:00,1,7274.4,8182.48
2019-10-04 18:00:00,1,7405.33,8354.16
2019-10-04 18:30:00,1,7705.17,8502.79
2019-10-04 19:00:00,1,7898.63,8576.16
2019-10-04 19:30:00,1,7964.32,8173.66
2019-10-04 20:00:00,1,7734.37,7984.66
2019-10-04 20:30:00,1,7567.83,7859.92
2019-10-04 21:00:00,1,7448.56,7744.39
2019-10-04 21:30:00,1,7382.65,7674.48
2019-10-04 22:00:00,1,7249.02,7518.93
2019-10-04 22:30:00,1,7169.29,7531.95
2019-10-04 23:00:00,1,7185.8,7447.46
2019-10-04 23:30:00,1,7129.06,7395.09
2019-10-25 00:00:00,1,7475.86,7197.46
2019-10-25 00:30:00,1,7303.25,7038.39
2019-10-25 01:00:00,1,7068.66,6823.51
2019-10-25 01:30:00,1,6801.21,6510.65
2019-10-25 02:00:00,1,6541.07,6283.95
2019-10-25 02:30:00,1,6280.26,6135.3
2019-10-25 03:00:00,1,6128.43,6077.64
2019-10-25 03:30:00,1,6027.77,6098.14
2019-10-25 04:00:00,1,5988.11,6182.71
2019-10-25 04:30:00,1,6022.09,6436.63
2019-10-25 05:00:00,1,6029.44,6644.17
2019-10-25 05:30:00,1,6180.26,7110.05
2019-10-25 06:00:00,1,6309.76,7450.37
2019-10-25 06:30:00,1,6463.05,7741.69
2019-10-25 07:00:00,1,6658.06,7924.69
2019-10-25 07:30:00,1,6815.9,7924.22
2019-10-25 08:00:00,1,6995.06,7844.76
2019-10-25 08:30:00,1,6989.77,7841.25
2019-10-25 09:00:00,1,7212.12,7828.09
2019-10-25 09:30:00,1,7143.43,7858.67
2019-10-25 10:00:00,1,7111.72,7962.88
2019-10-25 10:30:00,1,6994.39,8020.13
2019-10-25 11:00:00,1,6985.5,8099.26
2019-10-25 11:30:00,1,6885.88,8191.9
2019-10-25 12:00:00,1,6895.06,8383.98
2019-10-25 12:30:00,1,7006.37,8494.19
2019-10-25 13:00:00,1,7051.71,8638.96
2019-10-25 13:30:00,1,6990.42,8830.08
2019-10-25 14:00:00,1,6992.28,8977.57
2019-10-25 14:30:00,1,7041.77,9140.14
2019-10-25 15:00:00,1,7164.25,9403.83
2019-10-25 15:30:00,1,7243.6,9440.29
2019-10-25 16:00:00,1,7392.97,9461.1
2019-10-25 16:30:00,1,7592.24,9509.27
2019-10-25 17:00:00,1,7631.95,9429.82
2019-10-25 17:30:00,1,7783.86,9143.46
2019-10-25 18:00:00,1,7875.88,9110.16
2019-10-25 18:30:00,1,7866.04,8997.35
2019-10-25 19:00:00,1,7776.57,8969.55
2019-10-25 19:30:00,1,7813.3,8774.09
2019-10-25 20:00:00,1,7678.8,8667.48
2019-10-25 20:30:00,1,7557.31,8392.59
2019-10-25 21:00:00,1,7450.78,8195.15
2019-10-25 21:30:00,1,7287.79,8100.67
2019-10-25 22:00:00,1,7189.37,7847.33
2019-10-25 22:30:00,1,7064.8,7788.47
2019-10-25 23:00:00,1,7006.28,7630.44
2019-10-25 23:30:00,1,6841.52,7537.47
2019-10-26 00:00:00,1,6674.53,7332.72
2019-10-26 00:30:00,1,6550.41,7157.02
2019-10-26 01:00:00,1,6385.25,6811.34
2019-10-26 01:30:00,1,6286.62,6522.98
2019-10-26 02:00:00,1,6047.79,6254.06
2019-10-26 02:30:00,1,5963.56,6118.61
2019-10-26 03:00:00,1,5814.61,6007.52
2019-10-26 03:30:00,1,5757.43,6003.04
2019-10-26 04:00:00,1,5758.26,6013.73
2019-10-26 04:30:00,1,5804.18,6114.55
2019-10-26 05:00:00,1,5806.25,6184.71
2019-10-26 05:30:00,1,5859.79,6381.57
2019-10-26 06:00:00,1,5932.34,6473.25
2019-10-26 06:30:00,1,6014.82,6675.52
2019-10-26 07:00:00,1,6114.94,6881.67
2019-10-26 07:30:00,1,6223.99,7029.51
2019-10-26 08:00:00,1,6305.83,7113.88
2019-10-26 08:30:00,1,6274.67,7177.96
2019-10-26 09:00:00,1,6268.44,7227.83
2019-10-26 09:30:00,1,6167.78,7239.27
2019-10-26 10:00:00,1,6124.72,7112.81
2019-10-26 10:30:00,1,6026.74,6989.89
2019-10-26 11:00:00,1,5947.89,7013.71
2019-10-26 11:30:00,1,5909.67,6898.69
2019-10-26 12:00:00,1,5861.42,6935.47
2019-10-26 12:30:00,1,5804.32,7119.64
2019-10-26 13:00:00,1,5776.99,7050.94
2019-10-26 13:30:00,1,5729.21,7066.84
2019-10-26 14:00:00,1,5768.98,7142.71
2019-10-26 14:30:00,1,5873.7,7127.75
2019-10-26 15:00:00,1,5970.39,7263.31
2019-10-26 15:30:00,1,6163.81,7341.36
2019-10-26 16:00:00,1,6381.87,7429.33
2019-10-26 16:30:00,1,6610.6,7566.56
2019-10-26 17:00:00,1,6858.56,7689.38
2019-10-26 17:30:00,1,7127.93,7818.64
2019-10-26 18:00:00,1,7331.74,7834.98
2019-10-26 18:30:00,1,7468.68,7875.54
2019-10-26 19:00:00,1,7567.89,7743.76
2019-10-26 19:30:00,1,7694.57,7727.65
2019-10-26 20:00:00,1,7672.86,7519.08
2019-10-26 20:30:00,1,7555.33,7406.88
2019-10-26 21:00:00,1,7370.13,7311.71
2019-10-26 21:30:00,1,7225.08,7200.74
2019-10-26 22:00:00,1,7115.02,7056.39
2019-10-26 22:30:00,1,7002.95,7063.57
2019-10-26 23:00:00,1,6999.84,6879.7
2019-10-26 23:30:00,1,6822.38,6674.29
2019-11-03 00:00:00,1,6885.67,6880.81
2019-11-03 00:30:00,1,6846.11,6803.0
2019-11-03 01:00:00,1,6684.55,6633.17
2019-11-03 01:30:00,1,6524.8,6372.64
2019-11-03 02:00:00,1,6275.46,6128.12
2019-11-03 02:30:00,1,6092.48,6036.43
2019-11-03 03:00:00,1,6056.7,5980.27
2019-11-03 03:30:00,1,5982.12,5986.78
2019-11-03 04:00:00,1,6036.41,5958.55
2019-11-03 04:30:00,1,6119.17,6054.15
2019-11-03 05:00:00,1,6356.86,6018.06
2019-11-03 05:30:00,1,6621.59,6099.53
2019-11-03 06:00:00,1,7048.15,6165.78
2019-11-03 06:30:00,1,7438.5,6335.7
2019-11-03 07:00:00,1,7651.53,6485.12
2019-11-03 07:30:00,1,7773.04,6567.76
2019-11-03 08:00:00,1,7759.84,6683.64
2019-11-03 08:30:00,1,7737.34,6866.35
2019-11-03 09:00:00,1,7741.1,6897.27
2019-11-03 09:30:00,1,7609.16,7009.28
2019-11-03 10:00:00,1,7531.27,6914.27
2019-11-03 10:30:00,1,7585.26,6983.44
2019-11-03 11:00:00,1,7524.16,7067.36
2019-11-03 11:30:00,1,7578.72,7312.79
2019-11-03 12:00:00,1,7504.87,7439.16
2019-11-03 12:30:00,1,7401.52,7421.14
2019-11-03 13:00:00,1,7384.25,7630.76
2019-11-03 13:30:00,1,7370.78,7679.95
2019-11-03 14:00:00,1,7451.14,7624.56
2019-11-03 14:30:00,1,7501.11,7848.84
2019-11-03 15:00:00,1,7592.65,7967.87
2019-11-03 15:30:00,1,7795.62,8180.42
2019-11-03 16:00:00,1,7973.32,8075.55
2019-11-03 16:30:00,1,8111.51,8073.25
2019-11-03 17:00:00,1,8284.25,8257.28
2019-11-03 17:30:00,1,8475.74,8114.01
2019-11-03 18:00:00,1,8410.4,8184.11
2019-11-03 18:30:00,1,8402.77,8132.39
2019-11-03 19:00:00,1,8312.33,8357.21
2019-11-03 19:30:00,1,8419.55,8328.15
2019-11-03 20:00:00,1,8374.79,8063.13
2019-11-03 20:30:00,1,8200.59,7893.32
2019-11-03 21:00:00,1,7969.87,7668.02
2019-11-03 21:30:00,1,7690.25,7563.76
2019-11-03 22:00:00,1,7597.85,7320.54
2019-11-03 22:30:00,1,7462.98,7264.61
2019-11-03 23:00:00,1,7476.98,7052.76
2019-11-03 23:30:00,1,7331.49,6893.33
2019-11-12 00:00:00,1,7130.78,7060.18
2019-11-12 00:30:00,1,7070.19,6947.89
2019-11-12 01:00:00,1,6856.87,6748.61
2019-11-12 01:30:00,1,6692.83,6526.11
2019-11-12 02:00:00,1,6421.54,6238.62
2019-11-12 02:30:00,1,6218.87,6108.13
2019-11-12 03:00:00,1,6073.48,6028.56
2019-11-12 03:30:00,1,6014.37,6040.85
2019-11-12 04:00:00,1,6040.67,6132.87
2019-11-12 04:30:00,1,6117.48,6341.56
2019-11-12 05:00:00,1,6354.03,6561.46
2019-11-12 05:30:00,1,6546.05,6857.18
2019-11-12 06:00:00,1,6939.14,7230.21
2019-11-12 06:30:00,1,7274.97,7452.18
2019-11-12 07:00:00,1,7454.81,7510.83
2019-11-12 07:30:00,1,7498.21,7488.13
2019-11-12 08:00:00,1,7396.37,7464.01
2019-11-12 08:30:00,1,7252.07,7469.56
2019-11-12 09:00:00,1,7180.17,7529.64
2019-11-12 09:30:00,1,7031.05,7572.05
2019-11-12 10:00:00,1,6941.1,7671.76
2019-11-12 10:30:00,1,6872.04,7719.72
2019-11-12 11:00:00,1,6822.88,7782.93
2019-11-12 11:30:00,1,6744.16,7893.34
2019-11-12 12:00:00,1,6707.2,7917.0
2019-11-12 12:30:00,1,6637.99,8097.23
2019-11-12 13:00:00,1,6656.82,8254.37
2019-11-12 13:30:00,1,6653.14,8483.87
2019-11-12 14:00:00,1,6696.4,8594.35
2019-11-12 14:30:00,1,6810.58,8879.42
2019-11-12 15:00:00,1,6851.77,9299.63
2019-11-12 15:30:00,1,7079.27,9507.48
2019-11-12 16:00:00,1,7275.14,9741.3
2019-11-12 16:30:00,1,7482.39,9937.12
2019-11-12 17:00:00,1,7701.83,10120.26
2019-11-12 17:30:00,1,7969.66,10034.49
2019-11-12 18:00:00,1,8007.58,9944.43
2019-11-12 18:30:00,1,8094.69,9649.44
2019-11-12 19:00:00,1,8047.69,9526.38
2019-11-12 19:30:00,1,8108.9,9316.44
2019-11-12 20:00:00,1,8149.4,8942.36
2019-11-12 20:30:00,1,8009.28,8618.27
2019-11-12 21:00:00,1,7818.99,8137.95
2019-11-12 21:30:00,1,7603.93,7915.32
2019-11-12 22:00:00,1,7492.47,7562.06
2019-11-12 22:30:00,1,7413.66,7489.44
2019-11-12 23:00:00,1,7378.4,7311.37
2019-11-12 23:30:00,1,7257.85,7166.12
2019-11-15 00:00:00,1,7330.83,7124.73
2019-11-15 00:30:00,1,7114.3,6942.41
2019-11-15 01:00:00,1,6915.84,6748.47
2019-11-15 01:30:00,1,6685.5,6431.74
2019-11-15 02:00:00,1,6388.76,6218.48
2019-11-15 02:30:00,1,6211.29,6101.62
2019-11-15 03:00:00,1,6087.89,6017.96
2019-11-15 03:30:00,1,5998.81,6051.04
2019-11-15 04:00:00,1,5980.46,6128.82
2019-11-15 04:30:00,1,5961.85,6317.55
2019-11-15 05:00:00,1,6040.12,6554.13
2019-11-15 05:30:00,1,6087.36,6951.11
2019-11-15 06:00:00,1,6217.54,7227.14
2019-11-15 06:30:00,1,6303.7,7416.04
2019-11-15 07:00:00,1,6476.27,7562.02
2019-11-15 07:30:00,1,6601.52,7597.37
2019-11-15 08:00:00,1,6735.16,7443.8
2019-11-15 08:30:00,1,6820.55,7423.85
2019-11-15 09:00:00,1,6959.75,7419.0
2019-11-15 09:30:00,1,6942.46,7300.16
2019-11-15 10:00:00,1,6882.57,7300.87
2019-11-15 10:30:00,1,6795.3,7370.13
2019-11-15 11:00:00,1,6682.7,7266.19
2019-11-15 11:30:00,1,6664.03,7323.94
2019-11-15 12:00:00,1,6475.05,7256.94
2019-11-15 12:30:00,1,6424.42,7409.11
2019-11-15 13:00:00,1,6443.21,7570.75
2019-11-15 13:30:00,1,6416.1,7649.06
2019-11-15 14:00:00,1,6356.86,7830.89
2019-11-15 14:30:00,1,6344.14,7979.51
2019-11-15 15:00:00,1,6439.21,8288.61
2019-11-15 15:30:00,1,6651.93,8330.2
2019-11-15 16:00:00,1,6770.19,8570.62
2019-11-15 16:30:00,1,7038.1,8754.95
2019-11-15 17:00:00,1,7196.57,8969.95
2019-11-15 17:30:00,1,7359.18,8845.82
2019-11-15 18:00:00,1,7417.25,8737.41
2019-11-15 18:30:00,1,7544.07,8769.58
2019-11-15 19:00:00,1,7618.58,8642.74
2019-11-15 19:30:00,1,7694.43,8572.25
2019-11-15 20:00:00,1,7689.11,8474.97
2019-11-15 20:30:00,1,7571.37,8278.4
2019-11-15 21:00:00,1,7469.85,8059.21
2019-11-15 21:30:00,1,7356.52,7923.2
2019-11-15 22:00:00,1,7297.3,7783.16
2019-11-15 22:30:00,1,7183.78,7655.5
2019-11-15 23:00:00,1,7202.76,7504.15
2019-11-15 23:30:00,1,7105.86,7305.38
2019-11-19 00:00:00,1,7411.75,7170.39
2019-11-19 00:30:00,1,7280.69,7060.77
2019-11-19 01:00:00,1,7095.68,6857.6
2019-11-19 01:30:00,1,6930.93,6591.63
2019-11-19 02:00:00,1,6671.94,6400.6
2019-11-19 02:30:00,1,6459.94,6239.39
2019-11-19 03:00:00,1,6314.99,6220.39
2019-11-19 03:30:00,1,6271.37,6175.0
2019-11-19 04:00:00,1,6260.98,6255.69
2019-11-19 04:30:00,1,6315.92,6458.31
2019-11-19 05:00:00,1,6570.36,6711.6
2019-11-19 05:30:00,1,6787.15,7037.44
2019-11-19 06:00:00,1,7184.46,7450.55
2019-11-19 06:30:00,1,7567.22,7679.49
2019-11-19 07:00:00,1,7833.93,7738.7
2019-11-19 07:30:00,1,7880.82,7756.95
2019-11-19 08:00:00,1,7902.33,7617.69
2019-11-19 08:30:00,1,7858.26,7823.07
2019-11-19 09:00:00,1,7885.21,7687.39
2019-11-19 09:30:00,1,7854.72,7667.94
2019-11-19 10:00:00,1,7843.22,7740.81
2019-11-19 10:30:00,1,7872.1,7841.98
2019-11-19 11:00:00,1,7814.54,7876.3
2019-11-19 11:30:00,1,7751.39,8045.09
2019-11-19 12:00:00,1,7712.53,8131.72
2019-11-19 12:30:00,1,7608.81,8343.4
2019-11-19 13:00:00,1,7599.78,8547.79
2019-11-19 13:30:00,1,7651.64,8712.71
2019-11-19 14:00:00,1,7755.98,8910.09
2019-11-19 14:30:00,1,7885.76,9020.18
2019-11-19 15:00:00,1,7992.4,9269.49
2019-11-19 15:30:00,1,8249.7,9540.86
2019-11-19 16:00:00,1,8506.18,9811.62
2019-11-19 16:30:00,1,8706.67,9876.49
2019-11-19 17:00:00,1,8874.68,10054.24
2019-11-19 17:30:00,1,9068.55,9921.05
2019-11-19 18:00:00,1,9002.67,9955.68
2019-11-19 18:30:00,1,9023.58,9705.39
2019-11-19 19:00:00,1,8799.8,9501.34
2019-11-19 19:30:00,1,8735.31,9156.9
2019-11-19 20:00:00,1,8706.97,8913.79
2019-11-19 20:30:00,1,8551.79,8648.77
2019-11-19 21:00:00,1,8298.34,8293.79
2019-11-19 21:30:00,1,8022.5,8086.76
2019-11-19 22:00:00,1,7905.65,7852.91
2019-11-19 22:30:00,1,7774.05,7759.21
2019-11-19 23:00:00,1,7699.93,7629.67
2019-11-19 23:30:00,1,7599.25,7458.18
2019-11-25 00:00:00,1,7503.81,6973.21
2019-11-25 00:30:00,1,7359.97,6837.72
2019-11-25 01:00:00,1,7190.39,6724.65
2019-11-25 01:30:00,1,6973.45,6471.49
2019-11-25 02:00:00,1,6656.71,6299.29
2019-11-25 02:30:00,1,6440.9,6195.34
2019-11-25 03:00:00,1,6287.38,6202.07
2019-11-25 03:30:00,1,6218.87,6234.6
2019-11-25 04:00:00,1,6232.83,6245.0
2019-11-25 04:30:00,1,6278.06,6488.41
2019-11-25 05:00:00,1,6518.74,6686.51
2019-11-25 05:30:00,1,6671.94,7092.38
2019-11-25 06:00:00,1,7113.04,7457.03
2019-11-25 06:30:00,1,7458.69,7718.35
2019-11-25 07:00:00,1,7817.48,7844.45
2019-11-25 07:30:00,1,8042.19,7905.73
2019-11-25 08:00:00,1,8122.03,8025.67
2019-11-25 08:30:00,1,8144.4,8059.88
2019-11-25 09:00:00,1,8289.33,7991.23
2019-11-25 09:30:00,1,8305.19,7971.24
2019-11-25 10:00:00,1,8446.82,8051.01
2019-11-25 10:30:00,1,8553.77,7994.61
2019-11-25 11:00:00,1,8719.87,8036.2
2019-11-25 11:30:00,1,8847.43,7995.15
2019-11-25 12:00:00,1,9090.12,8068.2
2019-11-25 12:30:00,1,9275.09,8306.31
2019-11-25 13:00:00,1,8818.39,8540.67
2019-11-25 13:30:00,1,8647.0,8774.33
2019-11-25 14:00:00,1,8733.41,9005.36
2019-11-25 14:30:00,1,8767.0,9207.35
2019-11-25 15:00:00,1,8929.37,9445.99
2019-11-25 15:30:00,1,9144.96,9457.14
2019-11-25 16:00:00,1,9191.62,9504.41
2019-11-25 16:30:00,1,9243.68,9314.24
2019-11-25 17:00:00,1,9261.15,9354.61
2019-11-25 17:30:00,1,9340.89,9283.29
2019-11-25 18:00:00,1,9140.34,9214.41
2019-11-25 18:30:00,1,9034.15,9010.32
2019-11-25 19:00:00,1,8793.13,9042.74
2019-11-25 19:30:00,1,8657.22,8904.25
2019-11-25 20:00:00,1,8563.55,8784.76
2019-11-25 20:30:00,1,8391.47,8508.62
2019-11-25 21:00:00,1,8160.97,8307.06
2019-11-25 21:30:00,1,7866.72,8120.13
2019-11-25 22:00:00,1,7772.43,7920.69
2019-11-25 22:30:00,1,7602.26,7871.22
2019-11-25 23:00:00,1,7503.41,7717.55
2019-11-25 23:30:00,1,7337.6,7509.55
2019-11-26 00:00:00,1,7173.86,7415.18
2019-11-26 00:30:00,1,6996.48,7230.88
2019-11-26 01:00:00,1,6890.07,7005.23
2019-11-26 01:30:00,1,6734.9,6733.57
2019-11-26 02:00:00,1,6489.95,6457.99
2019-11-26 02:30:00,1,6239.05,6339.47
2019-11-26 03:00:00,1,6164.33,6262.95
2019-11-26 03:30:00,1,6152.95,6270.69
2019-11-26 04:00:00,1,6174.78,6326.29
2019-11-26 04:30:00,1,6222.58,6556.65
2019-11-26 05:00:00,1,6486.9,6799.4
2019-11-26 05:30:00,1,6654.76,7161.07
2019-11-26 06:00:00,1,7167.19,7564.71
2019-11-26 06:30:00,1,7439.82,7785.52
2019-11-26 07:00:00,1,7587.87,8084.82
2019-11-26 07:30:00,1,7685.95,8140.55
2019-11-26 08:00:00,1,7625.26,8221.54
2019-11-26 08:30:00,1,7451.77,8279.18
2019-11-26 09:00:00,1,7344.02,8433.04
2019-11-26 09:30:00,1,7193.89,8428.65
2019-11-26 10:00:00,1,7108.08,8537.47
2019-11-26 10:30:00,1,7049.28,8627.32
2019-11-26 11:00:00,1,6943.45,8903.85
2019-11-26 11:30:00,1,6880.31,8881.85
2019-11-26 12:00:00,1,6874.87,9270.06
2019-11-26 12:30:00,1,6857.77,9239.33
2019-11-26 13:00:00,1,6875.55,8773.13
2019-11-26 13:30:00,1,6920.05,8697.29
2019-11-26 14:00:00,1,6995.1,8834.24
2019-11-26 14:30:00,1,7114.74,8868.91
2019-11-26 15:00:00,1,7193.62,9196.06
2019-11-26 15:30:00,1,7415.25,9207.58
2019-11-26 16:00:00,1,7566.61,9127.21
2019-11-26 16:30:00,1,7811.46,9197.11
2019-11-26 17:00:00,1,8037.56,9287.89
2019-11-26 17:30:00,1,8207.09,9264.0
2019-11-26 18:00:00,1,8290.03,9064.69
2019-11-26 18:30:00,1,8346.22,8885.45
2019-11-26 19:00:00,1,8261.17,8770.8
2019-11-26 19:30:00,1,8223.25,8632.63
2019-11-26 20:00:00,1,8289.77,8456.32
2019-11-26 20:30:00,1,8189.12,8222.68
2019-11-26 21:00:00,1,8038.8,7948.02
2019-11-26 21:30:00,1,7779.9,7832.86
2019-11-26 22:00:00,1,7694.32,7578.23
2019-11-26 22:30:00,1,7534.75,7558.18
2019-11-26 23:00:00,1,7457.32,7421.88
2019-11-26 23:30:00,1,7349.8,7257.33
2019-12-05 00:00:00,1,7499.53,7122.1
2019-12-05 00:30:00,1,7308.87,6931.46
2019-12-05 01:00:00,1,7072.45,6788.94
2019-12-05 01:30:00,1,6850.36,6506.23
2019-12-05 02:00:00,1,6588.2,6301.19
2019-12-05 02:30:00,1,6366.92,6156.77
2019-12-05 03:00:00,1,6202.4,6095.65
2019-12-05 03:30:00,1,6175.24,6109.86
2019-12-05 04:00:00,1,6261.69,6228.12
2019-12-05 04:30:00,1,6304.95,6403.18
2019-12-05 05:00:00,1,6487.92,6584.05
2019-12-05 05:30:00,1,6629.11,6942.26
2019-12-05 06:00:00,1,7032.71,7277.35
2019-12-05 06:30:00,1,7346.33,7479.53
2019-12-05 07:00:00,1,7594.34,7559.16
2019-12-05 07:30:00,1,7818.37,7638.17
2019-12-05 08:00:00,1,7791.25,7577.11
2019-12-05 08:30:00,1,7757.47,7549.58
2019-12-05 09:00:00,1,7869.19,7452.46
2019-12-05 09:30:00,1,7904.46,7518.04
2019-12-05 10:00:00,1,8026.39,7453.75
2019-12-05 10:30:00,1,8174.34,7597.71
2019-12-05 11:00:00,1,8179.25,7630.25
2019-12-05 11:30:00,1,8242.42,7725.28
2019-12-05 12:00:00,1,8229.96,7858.96
2019-12-05 12:30:00,1,8266.68,8014.61
2019-12-05 13:00:00,1,8354.11,8149.77
2019-12-05 13:30:00,1,8427.55,8328.34
2019-12-05 14:00:00,1,8505.05,8660.33
2019-12-05 14:30:00,1,8670.79,8833.83
2019-12-05 15:00:00,1,8816.7,9162.97
2019-12-05 15:30:00,1,8970.42,9305.0
2019-12-05 16:00:00,1,9206.15,9550.63
2019-12-05 16:30:00,1,9341.08,9574.14
2019-12-05 17:00:00,1,9437.56,9737.85
2019-12-05 17:30:00,1,9454.78,9752.12
2019-12-05 18:00:00,1,9230.05,9771.65
2019-12-05 18:30:00,1,9149.02,9597.43
2019-12-05 19:00:00,1,8943.47,9522.76
2019-12-05 19:30:00,1,8786.46,9451.31
2019-12-05 20:00:00,1,8698.78,9280.24
2019-12-05 20:30:00,1,8550.28,9000.7
2019-12-05 21:00:00,1,8308.33,8616.34
2019-12-05 21:30:00,1,8125.55,8416.27
2019-12-05 22:00:00,1,7963.55,8157.44
2019-12-05 22:30:00,1,7808.83,8001.64
2019-12-05 23:00:00,1,7744.02,7801.03
2019-12-05 23:30:00,1,7613.4,7511.96
2019-12-10 00:00:00,1,7358.56,7547.56
2019-12-10 00:30:00,1,7206.73,7355.67
2019-12-10 01:00:00,1,7054.27,7160.23
2019-12-10 01:30:00,1,6865.16,6821.29
2019-12-10 02:00:00,1,6624.13,6623.45
2019-12-10 02:30:00,1,6399.76,6474.4
2019-12-10 03:00:00,1,6252.83,6389.76
2019-12-10 03:30:00,1,6218.15,6423.74
2019-12-10 04:00:00,1,6222.38,6469.62
2019-12-10 04:30:00,1,6318.0,6676.24
2019-12-10 05:00:00,1,6547.86,6817.99
2019-12-10 05:30:00,1,6746.68,7294.86
2019-12-10 06:00:00,1,7139.81,7708.53
2019-12-10 06:30:00,1,7548.2,7999.99
2019-12-10 07:00:00,1,7777.79,8261.57
2019-12-10 07:30:00,1,8060.78,8344.72
2019-12-10 08:00:00,1,8074.66,8407.12
2019-12-10 08:30:00,1,8073.57,8402.86
2019-12-10 09:00:00,1,8096.14,8584.97
2019-12-10 09:30:00,1,8019.81,8753.71
2019-12-10 10:00:00,1,7997.29,8904.33
2019-12-10 10:30:00,1,7985.97,9063.43
2019-12-10 11:00:00,1,7918.21,9391.75
2019-12-10 11:30:00,1,7945.72,9621.33
2019-12-10 12:00:00,1,7878.12,9909.48
2019-12-10 12:30:00,1,7849.1,10148.81
2019-12-10 13:00:00,1,7822.37,10509.42
2019-12-10 13:30:00,1,7908.88,10565.02
2019-12-10 14:00:00,1,7954.7,10561.05
2019-12-10 14:30:00,1,8170.55,10454.82
2019-12-10 15:00:00,1,8262.02,10610.88
2019-12-10 15:30:00,1,8459.34,10720.3
2019-12-10 16:00:00,1,8556.45,10769.13
2019-12-10 16:30:00,1,8753.14,10656.46
2019-12-10 17:00:00,1,8749.45,10513.99
2019-12-10 17:30:00,1,8812.69,10283.53
2019-12-10 18:00:00,1,8758.36,10041.19
2019-12-10 18:30:00,1,8813.46,9733.93
2019-12-10 19:00:00,1,8667.07,9482.51
2019-12-10 19:30:00,1,8531.79,9367.01
2019-12-10 20:00:00,1,8531.56,9093.16
2019-12-10 20:30:00,1,8406.04,8770.69
2019-12-10 21:00:00,1,8195.89,8404.68
2019-12-10 21:30:00,1,7913.49,8241.06
2019-12-10 22:00:00,1,7869.62,7899.93
2019-12-10 22:30:00,1,7691.5,7791.54
2019-12-10 23:00:00,1,7586.54,7583.24
2019-12-10 23:30:00,1,7427.75,7382.89
2019-12-19 00:00:00,1,7597.58,7530.1
2019-12-19 00:30:00,1,7442.75,7326.22
2019-12-19 01:00:00,1,7209.69,7135.02
2019-12-19 01:30:00,1,7016.89,6859.01
2019-12-19 02:00:00,1,6719.46,6626.46
2019-12-19 02:30:00,1,6558.48,6486.63
2019-12-19 03:00:00,1,6440.0,6389.28
2019-12-19 03:30:00,1,6381.03,6406.45
2019-12-19 04:00:00,1,6384.15,6481.24
2019-12-19 04:30:00,1,6433.46,6628.38
2019-12-19 05:00:00,1,6631.54,6793.36
2019-12-19 05:30:00,1,6726.64,7171.33
2019-12-19 06:00:00,1,7109.55,7474.04
2019-12-19 06:30:00,1,7380.99,7725.99
2019-12-19 07:00:00,1,7628.86,7920.49
2019-12-19 07:30:00,1,7879.32,8071.89
2019-12-19 08:00:00,1,7969.56,8186.04
2019-12-19 08:30:00,1,8084.85,8352.37
2019-12-19 09:00:00,1,8136.11,8485.0
2019-12-19 09:30:00,1,8134.65,8755.6
2019-12-19 10:00:00,1,8175.54,8956.4
2019-12-19 10:30:00,1,8182.05,9288.74
2019-12-19 11:00:00,1,8138.18,9577.02
2019-12-19 11:30:00,1,8213.28,9827.64
2019-12-19 12:00:00,1,8234.73,10218.95
2019-12-19 12:30:00,1,8439.5,10595.85
2019-12-19 13:00:00,1,8534.69,11055.74
2019-12-19 13:30:00,1,8704.3,11134.9
2019-12-19 14:00:00,1,8909.7,11345.78
2019-12-19 14:30:00,1,9015.63,11469.35
2019-12-19 15:00:00,1,9207.99,11575.11
2019-12-19 15:30:00,1,9372.75,11404.49
2019-12-19 16:00:00,1,9585.6,11426.87
2019-12-19 16:30:00,1,9753.98,11098.38
2019-12-19 17:00:00,1,9813.26,10731.75
2019-12-19 17:30:00,1,9807.3,10570.94
2019-12-19 18:00:00,1,9670.38,10288.04
2019-12-19 18:30:00,1,9563.28,9981.77
2019-12-19 19:00:00,1,9395.45,9697.77
2019-12-19 19:30:00,1,9280.31,9497.39
2019-12-19 20:00:00,1,9117.67,9361.97
2019-12-19 20:30:00,1,9004.32,9056.79
2019-12-19 21:00:00,1,8771.2,8742.84
2019-12-19 21:30:00,1,8495.2,8533.77
2019-12-19 22:00:00,1,8412.35,8229.43
2019-12-19 22:30:00,1,8208.81,8121.64
2019-12-19 23:00:00,1,8160.95,7883.24
2019-12-19 23:30:00,1,7956.76,7650.71
2019-12-21 00:00:00,1,7151.07,7573.08
2019-12-21 00:30:00,1,7006.74,7386.47
2019-12-21 01:00:00,1,6821.48,7114.41
2019-12-21 01:30:00,1,6603.45,6857.87
2019-12-21 02:00:00,1,6331.38,6601.21
2019-12-21 02:30:00,1,6160.73,6466.63
2019-12-21 03:00:00,1,6054.13,6375.96
2019-12-21 03:30:00,1,5980.56,6332.57
2019-12-21 04:00:00,1,5903.87,6346.05
2019-12-21 04:30:00,1,5921.45,6406.68
2019-12-21 05:00:00,1,5975.75,6443.75
2019-12-21 05:30:00,1,5972.25,6600.96
2019-12-21 06:00:00,1,6044.11,6705.08
2019-12-21 06:30:00,1,6127.75,6856.81
2019-12-21 07:00:00,1,6283.37,7036.49
2019-12-21 07:30:00,1,6469.45,7205.6
2019-12-21 08:00:00,1,6685.17,7389.25
2019-12-21 08:30:00,1,6815.0,7481.42
2019-12-21 09:00:00,1,6976.05,7688.87
2019-12-21 09:30:00,1,7015.3,7764.04
2019-12-21 10:00:00,1,6984.27,7889.48
2019-12-21 10:30:00,1,6922.84,8072.36
2019-12-21 11:00:00,1,6878.28,8338.94
2019-12-21 11:30:00,1,6768.35,8631.45
2019-12-21 12:00:00,1,6781.5,8906.13
2019-12-21 12:30:00,1,6700.13,9246.39
2019-12-21 13:00:00,1,6661.82,9569.2
2019-12-21 13:30:00,1,6701.98,9887.38
2019-12-21 14:00:00,1,6722.63,10255.97
2019-12-21 14:30:00,1,6743.3,10463.89
2019-12-21 15:00:00,1,6816.02,10797.04
2019-12-21 15:30:00,1,6988.68,10945.61
2019-12-21 16:00:00,1,7090.52,11068.85
2019-12-21 16:30:00,1,7211.95,11219.81
2019-12-21 17:00:00,1,7366.81,11184.64
2019-12-21 17:30:00,1,7464.91,10644.45
2019-12-21 18:00:00,1,7488.54,10281.34
2019-12-21 18:30:00,1,7531.65,9860.98
2019-12-21 19:00:00,1,7589.12,9543.12
2019-12-21 19:30:00,1,7593.89,9335.83
2019-12-21 20:00:00,1,7642.72,9041.44
2019-12-21 20:30:00,1,7631.93,8694.18
2019-12-21 21:00:00,1,7572.57,8427.98
2019-12-21 21:30:00,1,7410.47,8182.62
2019-12-21 22:00:00,1,7279.38,7901.69
2019-12-21 22:30:00,1,7141.16,7717.96
2019-12-21 23:00:00,1,7087.81,7450.93
2019-12-21 23:30:00,1,6914.28,7216.91
2019-12-30 00:00:00,1,7700.67,7200.7
2019-12-30 00:30:00,1,7494.16,6972.66
2019-12-30 01:00:00,1,7229.04,6779.22
2019-12-30 01:30:00,1,6961.08,6521.68
2019-12-30 02:00:00,1,6660.57,6363.22
2019-12-30 02:30:00,1,6449.59,6233.09
2019-12-30 03:00:00,1,6278.43,6169.23
2019-12-30 03:30:00,1,6216.72,6165.13
2019-12-30 04:00:00,1,6206.5,6147.84
2019-12-30 04:30:00,1,6232.46,6262.97
2019-12-30 05:00:00,1,6334.03,6336.67
2019-12-30 05:30:00,1,6350.3,6577.35
2019-12-30 06:00:00,1,6579.54,6773.05
2019-12-30 06:30:00,1,6694.41,7003.42
2019-12-30 07:00:00,1,6935.31,7227.38
2019-12-30 07:30:00,1,7150.01,7394.17
2019-12-30 08:00:00,1,7356.85,7522.96
2019-12-30 08:30:00,1,7528.16,7694.46
2019-12-30 09:00:00,1,7829.48,7798.86
2019-12-30 09:30:00,1,8052.44,7795.82
2019-12-30 10:00:00,1,8391.28,7947.79
2019-12-30 10:30:00,1,8731.66,8103.38
2019-12-30 11:00:00,1,9038.99,8309.52
2019-12-30 11:30:00,1,9391.3,8481.16
2019-12-30 12:00:00,1,9722.88,8749.86
2019-12-30 12:30:00,1,9961.45,8965.84
2019-12-30 13:00:00,1,10201.56,9252.29
2019-12-30 13:30:00,1,10446.54,9499.28
2019-12-30 14:00:00,1,10610.17,9745.42
2019-12-30 14:30:00,1,10883.9,9964.99
2019-12-30 15:00:00,1,11017.82,10284.97
2019-12-30 15:30:00,1,11266.76,10437.29
2019-12-30 16:00:00,1,11371.6,10635.37
2019-12-30 16:30:00,1,11533.73,10753.5
2019-12-30 17:00:00,1,11638.99,10881.78
2019-12-30 17:30:00,1,11441.29,10669.32
2019-12-30 18:00:00,1,10873.65,10555.21
2019-12-30 18:30:00,1,10109.4,10340.36
2019-12-30 19:00:00,1,9560.47,10124.39
2019-12-30 19:30:00,1,9126.22,9879.84
2019-12-30 20:00:00,1,8804.05,9788.68
2019-12-30 20:30:00,1,8552.62,9437.26
2019-12-30 21:00:00,1,8287.62,9102.48
2019-12-30 21:30:00,1,8041.91,8884.35
2019-12-30 22:00:00,1,7968.04,8537.81
2019-12-30 22:30:00,1,7791.11,8331.32
2019-12-30 23:00:00,1,7757.66,8063.07
2019-12-30 23:30:00,1,7662.03,7756.24
2019-12-31 00:00:00,1,7455.11,7504.2
2019-12-31 00:30:00,1,7318.64,7288.65
2019-12-31 01:00:00,1,7134.15,7045.1
2019-12-31 01:30:00,1,6886.14,6708.83
2019-12-31 02:00:00,1,6682.01,6503.8
2019-12-31 02:30:00,1,6452.46,6356.21
2019-12-31 03:00:00,1,6286.89,6264.16
2019-12-31 03:30:00,1,6163.74,6210.06
2019-12-31 04:00:00,1,6097.16,6223.08
2019-12-31 04:30:00,1,6064.02,6378.55
2019-12-31 05:00:00,1,6067.83,6437.91
2019-12-31 05:30:00,1,6037.57,6568.85
2019-12-31 06:00:00,1,6067.13,6792.87
2019-12-31 06:30:00,1,6069.47,6911.09
2019-12-31 07:00:00,1,6101.89,7174.34
2019-12-31 07:30:00,1,6125.52,7394.2
2019-12-31 08:00:00,1,6239.39,7662.6
2019-12-31 08:30:00,1,6294.45,7851.16
2019-12-31 09:00:00,1,6356.82,8085.67
2019-12-31 09:30:00,1,6333.78,8299.15
2019-12-31 10:00:00,1,6418.06,8620.61
2019-12-31 10:30:00,1,6424.01,8963.64
2019-12-31 11:00:00,1,6493.55,9345.77
2019-12-31 11:30:00,1,6593.13,9622.93
2019-12-31 12:00:00,1,6679.28,10034.54
2019-12-31 12:30:00,1,6815.0,10224.79
2019-12-31 13:00:00,1,6954.52,10419.82
2019-12-31 13:30:00,1,7087.53,10605.61
2019-12-31 14:00:00,1,7187.66,10701.24
2019-12-31 14:30:00,1,7365.48,11108.38
2019-12-31 15:00:00,1,7528.5,11134.05
2019-12-31 15:30:00,1,7716.27,11284.27
2019-12-31 16:00:00,1,7897.09,11393.79
2019-12-31 16:30:00,1,8154.28,11476.85
2019-12-31 17:00:00,1,8337.13,11467.82
2019-12-31 17:30:00,1,8492.82,10993.42
2019-12-31 18:00:00,1,8470.11,10347.15
2019-12-31 18:30:00,1,8438.46,9705.9
2019-12-31 19:00:00,1,8307.12,9222.74
2019-12-31 19:30:00,1,8218.6,8896.02
2019-12-31 20:00:00,1,8184.05,8600.37
2019-12-31 20:30:00,1,8120.49,8325.67
2019-12-31 21:00:00,1,7983.82,8165.54
2019-12-31 21:30:00,1,7801.16,8085.76
2019-12-31 22:00:00,1,7721.82,7860.6
2019-12-31 22:30:00,1,7616.27,7807.34
2019-12-31 23:00:00,1,7540.84,7647.98
2019-12-31 23:30:00,1,7390.02,7446.57
2020-01-03 00:00:00,1,7964.58,7311.46
2020-01-03 00:30:00,1,7746.15,7097.84
2020-01-03 01:00:00,1,7535.36,6912.53
2020-01-03 01:30:00,1,7307.37,6595.26
2020-01-03 02:00:00,1,7000.25,6387.56
2020-01-03 02:30:00,1,6779.59,6275.24
2020-01-03 03:00:00,1,6624.14,6222.2
2020-01-03 03:30:00,1,6536.29,6223.02
2020-01-03 04:00:00,1,6495.37,6259.82
2020-01-03 04:30:00,1,6470.78,6368.01
2020-01-03 05:00:00,1,6485.3,6489.97
2020-01-03 05:30:00,1,6480.8,6703.05
2020-01-03 06:00:00,1,6557.64,6930.51
2020-01-03 06:30:00,1,6633.56,7188.63
2020-01-03 07:00:00,1,6763.95,7420.11
2020-01-03 07:30:00,1,6955.65,7521.16
2020-01-03 08:00:00,1,7256.29,7698.63
2020-01-03 08:30:00,1,7573.41,7785.06
2020-01-03 09:00:00,1,7956.57,7841.43
2020-01-03 09:30:00,1,8262.82,7877.01
2020-01-03 10:00:00,1,8771.94,8001.74
2020-01-03 10:30:00,1,9179.73,8132.21
2020-01-03 11:00:00,1,9643.19,8315.87
2020-01-03 11:30:00,1,10038.1,8422.51
2020-01-03 12:00:00,1,10402.25,8762.54
2020-01-03 12:30:00,1,10757.67,8926.18
2020-01-03 13:00:00,1,11036.31,9170.42
2020-01-03 13:30:00,1,11259.31,9447.71
2020-01-03 14:00:00,1,11344.93,9685.34
2020-01-03 14:30:00,1,11448.2,9940.43
2020-01-03 15:00:00,1,11547.89,10184.02
2020-01-03 15:30:00,1,11801.52,10371.22
2020-01-03 16:00:00,1,11968.77,10613.42
2020-01-03 16:30:00,1,12177.46,10751.28
2020-01-03 17:00:00,1,12334.04,10831.63
2020-01-03 17:30:00,1,12148.06,10658.08
2020-01-03 18:00:00,1,12153.65,10651.62
2020-01-03 18:30:00,1,11977.22,10378.98
2020-01-03 19:00:00,1,11616.79,10161.25
2020-01-03 19:30:00,1,11460.19,10022.8
2020-01-03 20:00:00,1,11389.8,9876.96
2020-01-03 20:30:00,1,11668.34,9608.1
2020-01-03 21:00:00,1,11660.64,9255.15
2020-01-03 21:30:00,1,11169.02,9023.7
2020-01-03 22:00:00,1,10396.27,8725.66
2020-01-03 22:30:00,1,9743.76,8558.97
2020-01-03 23:00:00,1,9384.84,8301.36
2020-01-03 23:30:00,1,8832.74,8036.89
2020-01-04 00:00:00,1,8317.95,7777.32
2020-01-04 00:30:00,1,7957.69,7522.76
2020-01-04 01:00:00,1,7642.47,7294.1
2020-01-04 01:30:00,1,7369.01,7013.92
2020-01-04 02:00:00,1,7003.58,6764.36
2020-01-04 02:30:00,1,6721.35,6633.82
2020-01-04 03:00:00,1,6637.79,6548.61
2020-01-04 03:30:00,1,6479.6,6512.86
2020-01-04 04:00:00,1,6366.62,6496.12
2020-01-04 04:30:00,1,6375.56,6510.82
2020-01-04 05:00:00,1,6367.93,6545.99
2020-01-04 05:30:00,1,6312.99,6575.0
2020-01-04 06:00:00,1,6262.66,6657.86
2020-01-04 06:30:00,1,6297.82,6858.19
2020-01-04 07:00:00,1,6413.66,6994.7
2020-01-04 07:30:00,1,6551.17,7252.42
2020-01-04 08:00:00,1,6764.96,7547.22
2020-01-04 08:30:00,1,6841.7,7915.66
2020-01-04 09:00:00,1,7132.49,8262.91
2020-01-04 09:30:00,1,7189.25,8633.46
2020-01-04 10:00:00,1,7246.56,9070.55
2020-01-04 10:30:00,1,7211.23,9511.23
2020-01-04 11:00:00,1,7212.47,9963.4
2020-01-04 11:30:00,1,7256.36,10276.5
2020-01-04 12:00:00,1,7267.67,10679.91
2020-01-04 12:30:00,1,7384.94,10975.78
2020-01-04 13:00:00,1,7496.37,11197.41
2020-01-04 13:30:00,1,7616.92,11326.47
2020-01-04 14:00:00,1,7694.23,11370.61
2020-01-04 14:30:00,1,7870.05,11651.35
2020-01-04 15:00:00,1,7982.81,11687.92
2020-01-04 15:30:00,1,8108.31,11940.72
2020-01-04 16:00:00,1,8139.64,12430.19
2020-01-04 16:30:00,1,8195.54,11581.13
2020-01-04 17:00:00,1,8181.16,11901.92
2020-01-04 17:30:00,1,8220.91,11594.67
2020-01-04 18:00:00,1,8170.66,11336.54
2020-01-04 18:30:00,1,8141.73,11162.2
2020-01-04 19:00:00,1,8065.51,10865.78
2020-01-04 19:30:00,1,7940.75,11040.4
2020-01-04 20:00:00,1,7862.51,10687.32
2020-01-04 20:30:00,1,7830.62,10935.77
2020-01-04 21:00:00,1,7669.02,10507.71
2020-01-04 21:30:00,1,7477.21,10143.67
2020-01-04 22:00:00,1,7312.58,9758.43
2020-01-04 22:30:00,1,7127.11,9404.21
2020-01-04 23:00:00,1,7049.61,8906.29
2020-01-04 23:30:00,1,6865.27,8471.83
2020-01-10 00:00:00,1,8475.72,7446.68
2020-01-10 00:30:00,1,8302.9,7257.09
2020-01-10 01:00:00,1,8039.65,7034.31
2020-01-10 01:30:00,1,7766.3,6755.4
2020-01-10 02:00:00,1,7346.53,6561.55
2020-01-10 02:30:00,1,7047.3,6447.29
2020-01-10 03:00:00,1,6844.95,6427.02
2020-01-10 03:30:00,1,6720.85,6396.72
2020-01-10 04:00:00,1,6612.54,6499.99
2020-01-10 04:30:00,1,6551.58,6678.34
2020-01-10 05:00:00,1,6595.18,6870.83
2020-01-10 05:30:00,1,6626.23,7181.69
2020-01-10 06:00:00,1,6706.94,7463.12
2020-01-10 06:30:00,1,6743.27,7774.06
2020-01-10 07:00:00,1,6910.39,8098.86
2020-01-10 07:30:00,1,7057.6,8256.98
2020-01-10 08:00:00,1,7248.73,8508.93
2020-01-10 08:30:00,1,7424.0,8536.52
2020-01-10 09:00:00,1,7534.97,8578.46
2020-01-10 09:30:00,1,7524.37,8685.32
2020-01-10 10:00:00,1,7560.77,8724.55
2020-01-10 10:30:00,1,7489.3,8829.96
2020-01-10 11:00:00,1,7493.35,8953.87
2020-01-10 11:30:00,1,7468.39,9146.23
2020-01-10 12:00:00,1,7356.43,9393.88
2020-01-10 12:30:00,1,7276.37,9672.94
2020-01-10 13:00:00,1,7214.16,10019.1
2020-01-10 13:30:00,1,7162.36,10322.34
2020-01-10 14:00:00,1,7134.73,10578.95
2020-01-10 14:30:00,1,7081.2,10824.31
2020-01-10 15:00:00,1,7143.32,11118.33
2020-01-10 15:30:00,1,7277.97,11385.88
2020-01-10 16:00:00,1,7357.07,11700.55
2020-01-10 16:30:00,1,7454.24,11840.09
2020-01-10 17:00:00,1,7525.6,11891.26
2020-01-10 17:30:00,1,7655.27,11691.01
2020-01-10 18:00:00,1,7716.93,11644.49
2020-01-10 18:30:00,1,7651.0,11468.86
2020-01-10 19:00:00,1,7604.94,11263.53
2020-01-10 19:30:00,1,7538.56,11057.7
2020-01-10 20:00:00,1,7519.57,10900.67
2020-01-10 20:30:00,1,7506.83,10629.21
2020-01-10 21:00:00,1,7402.89,10299.0
2020-01-10 21:30:00,1,7288.6,10008.87
2020-01-10 22:00:00,1,7203.9,9601.15
2020-01-10 22:30:00,1,7155.87,9308.17
2020-01-10 23:00:00,1,7133.09,8970.64
2020-01-10 23:30:00,1,6930.8,8599.77
2020-01-21 00:00:00,1,7733.6,7337.34
2020-01-21 00:30:00,1,7498.35,7175.44
2020-01-21 01:00:00,1,7254.12,6947.29
2020-01-21 01:30:00,1,7095.15,6693.61
2020-01-21 02:00:00,1,6801.71,6457.16
2020-01-21 02:30:00,1,6603.42,6272.06
2020-01-21 03:00:00,1,6481.06,6183.91
2020-01-21 03:30:00,1,6424.9,6172.49
2020-01-21 04:00:00,1,6434.88,6254.38
2020-01-21 04:30:00,1,6479.38,6432.7
2020-01-21 05:00:00,1,6676.09,6659.46
2020-01-21 05:30:00,1,6870.84,6920.96
2020-01-21 06:00:00,1,7224.62,7191.95
2020-01-21 06:30:00,1,7459.85,7550.0
2020-01-21 07:00:00,1,7753.0,7822.13
2020-01-21 07:30:00,1,7964.1,7946.54
2020-01-21 08:00:00,1,8128.97,7900.96
2020-01-21 08:30:00,1,8285.88,8042.68
2020-01-21 09:00:00,1,8377.02,7963.55
2020-01-21 09:30:00,1,8428.6,7911.74
2020-01-21 10:00:00,1,8498.37,8000.18
2020-01-21 10:30:00,1,8470.06,8004.55
2020-01-21 11:00:00,1,8577.19,8034.88
2020-01-21 11:30:00,1,8750.04,8078.0
2020-01-21 12:00:00,1,8942.83,8259.76
2020-01-21 12:30:00,1,9196.29,8350.76
2020-01-21 13:00:00,1,9488.34,8443.65
2020-01-21 13:30:00,1,9764.32,8664.8
2020-01-21 14:00:00,1,9960.84,8796.4
2020-01-21 14:30:00,1,10180.51,9000.62
2020-01-21 15:00:00,1,10375.38,9167.97
2020-01-21 15:30:00,1,10707.89,9353.64
2020-01-21 16:00:00,1,10918.92,9436.1
2020-01-21 16:30:00,1,11266.51,9659.89
2020-01-21 17:00:00,1,11515.49,9813.17
2020-01-21 17:30:00,1,11679.1,9791.61
2020-01-21 18:00:00,1,11528.38,9815.25
2020-01-21 18:30:00,1,11495.35,9742.28
2020-01-21 19:00:00,1,11251.27,9505.25
2020-01-21 19:30:00,1,10961.66,9392.54
2020-01-21 20:00:00,1,10702.79,9298.96
2020-01-21 20:30:00,1,10585.51,9127.51
2020-01-21 21:00:00,1,10242.6,8871.87
2020-01-21 21:30:00,1,9811.46,8703.17
2020-01-21 22:00:00,1,9468.69,8439.92
2020-01-21 22:30:00,1,9039.38,8265.95
2020-01-21 23:00:00,1,8745.45,8011.56
2020-01-21 23:30:00,1,8379.78,7751.77
2020-01-22 00:00:00,1,8080.54,7600.58
2020-01-22 00:30:00,1,7874.24,7311.41
2020-01-22 01:00:00,1,7649.19,7079.39
2020-01-22 01:30:00,1,7383.78,6806.43
2020-01-22 02:00:00,1,7032.61,6590.86
2020-01-22 02:30:00,1,6798.68,6529.0
2020-01-22 03:00:00,1,6642.47,6447.86
2020-01-22 03:30:00,1,6600.81,6441.12
2020-01-22 04:00:00,1,6582.13,6493.89
2020-01-22 04:30:00,1,6584.71,6659.03
2020-01-22 05:00:00,1,6783.5,6860.31
2020-01-22 05:30:00,1,6978.36,7259.62
2020-01-22 06:00:00,1,7330.45,7504.04
2020-01-22 06:30:00,1,7662.89,7798.45
2020-01-22 07:00:00,1,8094.25,8043.94
2020-01-22 07:30:00,1,8462.72,8147.77
2020-01-22 08:00:00,1,8753.46,8261.1
2020-01-22 08:30:00,1,9063.97,8464.33
2020-01-22 09:00:00,1,9384.01,8442.43
2020-01-22 09:30:00,1,9667.92,8538.79
2020-01-22 10:00:00,1,10047.46,8549.31
2020-01-22 10:30:00,1,10425.12,8601.98
2020-01-22 11:00:00,1,10734.72,8709.51
2020-01-22 11:30:00,1,11103.3,8902.23
2020-01-22 12:00:00,1,11446.14,9103.41
2020-01-22 12:30:00,1,11712.42,9410.76
2020-01-22 13:00:00,1,11918.68,9657.18
2020-01-22 13:30:00,1,11950.46,9898.32
2020-01-22 14:00:00,1,12261.87,10131.47
2020-01-22 14:30:00,1,12511.73,10322.52
2020-01-22 15:00:00,1,12674.07,10578.7
2020-01-22 15:30:00,1,12920.23,10806.43
2020-01-22 16:00:00,1,12861.33,11116.78
2020-01-22 16:30:00,1,13093.58,11401.04
2020-01-22 17:00:00,1,13215.23,11563.32
2020-01-22 17:30:00,1,13330.14,11520.11
2020-01-22 18:00:00,1,13166.18,11424.87
2020-01-22 18:30:00,1,12780.53,11280.78
2020-01-22 19:00:00,1,12601.19,11011.08
2020-01-22 19:30:00,1,12531.11,10833.47
2020-01-22 20:00:00,1,12328.18,10559.26
2020-01-22 20:30:00,1,12340.1,10304.91
2020-01-22 21:00:00,1,12092.42,9884.26
2020-01-22 21:30:00,1,11680.73,9589.16
2020-01-22 22:00:00,1,11195.89,9119.04
2020-01-22 22:30:00,1,10615.17,8830.99
2020-01-22 23:00:00,1,10252.59,8475.37
2020-01-22 23:30:00,1,9810.02,8152.8
2020-01-23 00:00:00,1,9417.32,7941.51
2020-01-23 00:30:00,1,9150.49,7701.25
2020-01-23 01:00:00,1,8799.92,7460.43
2020-01-23 01:30:00,1,8503.32,7146.49
2020-01-23 02:00:00,1,8210.37,6878.11
2020-01-23 02:30:00,1,8020.1,6740.92
2020-01-23 03:00:00,1,7824.24,6616.51
2020-01-23 03:30:00,1,7664.37,6603.62
2020-01-23 04:00:00,1,7565.86,6634.58
2020-01-23 04:30:00,1,7588.78,6800.37
2020-01-23 05:00:00,1,7697.72,6971.02
2020-01-23 05:30:00,1,7868.35,7364.1
2020-01-23 06:00:00,1,8166.66,7664.8
2020-01-23 06:30:00,1,8446.45,8109.3
2020-01-23 07:00:00,1,8872.49,8407.62
2020-01-23 07:30:00,1,9091.11,8824.68
2020-01-23 08:00:00,1,9373.88,8990.72
2020-01-23 08:30:00,1,9390.41,9314.74
2020-01-23 09:00:00,1,9485.77,9598.89
2020-01-23 09:30:00,1,9417.94,9893.57
2020-01-23 10:00:00,1,9493.3,10257.96
2020-01-23 10:30:00,1,9426.68,10540.57
2020-01-23 11:00:00,1,9305.54,10922.39
2020-01-23 11:30:00,1,9237.96,11303.8
2020-01-23 12:00:00,1,9132.05,11606.64
2020-01-23 12:30:00,1,9048.64,11976.06
2020-01-23 13:00:00,1,9057.99,12097.22
2020-01-23 13:30:00,1,9064.7,12227.78
2020-01-23 14:00:00,1,9077.54,12432.71
2020-01-23 14:30:00,1,9170.1,12699.13
2020-01-23 15:00:00,1,9099.45,12921.04
2020-01-23 15:30:00,1,9161.06,13023.11
2020-01-23 16:00:00,1,9443.1,12847.46
2020-01-23 16:30:00,1,9730.72,13069.64
2020-01-23 17:00:00,1,9901.02,13177.49
2020-01-23 17:30:00,1,10052.6,13074.85
2020-01-23 18:00:00,1,9896.36,12890.92
2020-01-23 18:30:00,1,9841.21,12717.59
2020-01-23 19:00:00,1,9722.92,12677.48
2020-01-23 19:30:00,1,9578.78,12453.78
2020-01-23 20:00:00,1,9568.02,12444.03
2020-01-23 20:30:00,1,9384.13,12129.91
2020-01-23 21:00:00,1,9222.65,11580.13
2020-01-23 21:30:00,1,8989.76,11285.56
2020-01-23 22:00:00,1,8893.64,10662.34
2020-01-23 22:30:00,1,8658.46,10224.43
2020-01-23 23:00:00,1,8507.36,9770.47
2020-01-23 23:30:00,1,8316.6,9403.12
2020-01-24 00:00:00,1,8086.44,9152.19
2020-01-24 00:30:00,1,7867.19,8856.46
2020-01-24 01:00:00,1,7665.76,8532.86
2020-01-24 01:30:00,1,7420.72,8217.02
2020-01-24 02:00:00,1,7079.81,7994.75
2020-01-24 02:30:00,1,6900.41,7841.83
2020-01-24 03:00:00,1,6723.64,7707.74
2020-01-24 03:30:00,1,6631.74,7615.82
2020-01-24 04:00:00,1,6599.88,7593.1
2020-01-24 04:30:00,1,6583.33,7758.56
2020-01-24 05:00:00,1,6680.37,7889.75
2020-01-24 05:30:00,1,6700.98,8232.64
2020-01-24 06:00:00,1,6874.59,8542.58
2020-01-24 06:30:00,1,6909.54,8825.92
2020-01-24 07:00:00,1,7098.52,9218.62
2020-01-24 07:30:00,1,7349.49,9332.64
2020-01-24 08:00:00,1,7586.48,9526.28
2020-01-24 08:30:00,1,7771.82,9440.93
2020-01-24 09:00:00,1,7951.92,9475.76
2020-01-24 09:30:00,1,8021.71,9509.91
2020-01-24 10:00:00,1,8041.87,9472.17
2020-01-24 10:30:00,1,8133.46,9480.68
2020-01-24 11:00:00,1,8264.63,9305.04
2020-01-24 11:30:00,1,8316.16,9303.71
2020-01-24 12:00:00,1,8331.53,9218.27
2020-01-24 12:30:00,1,8455.7,9185.51
2020-01-24 13:00:00,1,8605.52,9177.62
2020-01-24 13:30:00,1,8723.96,9205.78
2020-01-24 14:00:00,1,8771.9,9269.18
2020-01-24 14:30:00,1,8917.57,9293.17
2020-01-24 15:00:00,1,9029.39,9236.92
2020-01-24 15:30:00,1,9144.26,9383.9
2020-01-24 16:00:00,1,9319.21,9677.45
2020-01-24 16:30:00,1,9451.77,9856.14
2020-01-24 17:00:00,1,9619.07,9993.28
2020-01-24 17:30:00,1,9750.46,9947.6
2020-01-24 18:00:00,1,9846.76,9782.91
2020-01-24 18:30:00,1,9861.13,9678.63
2020-01-24 19:00:00,1,9781.68,9563.77
2020-01-24 19:30:00,1,9654.84,9527.22
2020-01-24 20:00:00,1,9576.82,9511.64
2020-01-24 20:30:00,1,9504.24,9281.37
2020-01-24 21:00:00,1,9317.93,9016.95
2020-01-24 21:30:00,1,9127.75,8870.49
2020-01-24 22:00:00,1,8968.67,8687.11
2020-01-24 22:30:00,1,8773.06,8536.79
2020-01-24 23:00:00,1,8631.8,8317.92
2020-01-24 23:30:00,1,8308.44,8112.75
2020-01-26 00:00:00,1,8054.86,7798.41
2020-01-26 00:30:00,1,7802.55,7577.04
2020-01-26 01:00:00,1,7562.65,7377.85
2020-01-26 01:30:00,1,7314.49,7090.18
2020-01-26 02:00:00,1,7035.45,6880.24
2020-01-26 02:30:00,1,6862.89,6783.12
2020-01-26 03:00:00,1,6753.03,6689.55
2020-01-26 03:30:00,1,6654.65,6636.4
2020-01-26 04:00:00,1,6647.04,6560.76
2020-01-26 04:30:00,1,6649.58,6560.36
2020-01-26 05:00:00,1,6663.04,6582.79
2020-01-26 05:30:00,1,6721.08,6619.1
2020-01-26 06:00:00,1,6839.46,6773.1
2020-01-26 06:30:00,1,6955.29,7024.64
2020-01-26 07:00:00,1,7117.46,7164.42
2020-01-26 07:30:00,1,7234.93,7593.18
2020-01-26 08:00:00,1,7417.75,7713.69
2020-01-26 08:30:00,1,7531.82,8004.39
2020-01-26 09:00:00,1,7768.72,8383.09
2020-01-26 09:30:00,1,7938.32,8603.16
2020-01-26 10:00:00,1,8072.34,8789.05
2020-01-26 10:30:00,1,8206.47,9026.36
2020-01-26 11:00:00,1,8333.11,9173.73
2020-01-26 11:30:00,1,8461.64,9327.91
2020-01-26 12:00:00,1,8603.26,9507.7
2020-01-26 12:30:00,1,8791.17,9662.94
2020-01-26 13:00:00,1,8897.82,9833.87
2020-01-26 13:30:00,1,8947.65,10022.54
2020-01-26 14:00:00,1,9181.27,10307.82
2020-01-26 14:30:00,1,9447.61,10448.55
2020-01-26 15:00:00,1,9683.71,10553.61
2020-01-26 15:30:00,1,9940.52,10512.28
2020-01-26 16:00:00,1,10198.22,10272.45
2020-01-26 16:30:00,1,10468.35,10456.44
2020-01-26 17:00:00,1,10779.19,10684.54
2020-01-26 17:30:00,1,10981.89,10789.22
2020-01-26 18:00:00,1,11041.57,10681.35
2020-01-26 18:30:00,1,11056.05,10675.45
2020-01-26 19:00:00,1,10859.12,10465.06
2020-01-26 19:30:00,1,10549.96,10325.3
2020-01-26 20:00:00,1,10291.58,10248.3
2020-01-26 20:30:00,1,10135.39,10051.44
2020-01-26 21:00:00,1,9868.75,9759.43
2020-01-26 21:30:00,1,9522.18,9468.66
2020-01-26 22:00:00,1,9241.31,9176.64
2020-01-26 22:30:00,1,8965.1,8840.22
2020-01-26 23:00:00,1,8680.67,8476.96
2020-01-26 23:30:00,1,8352.42,8143.77
2020-01-28 00:00:00,1,8342.08,7931.67
2020-01-28 00:30:00,1,8114.29,7700.18
2020-01-28 01:00:00,1,7887.88,7465.05
2020-01-28 01:30:00,1,7675.46,7187.15
2020-01-28 02:00:00,1,7336.8,7003.3
2020-01-28 02:30:00,1,7192.59,6861.26
2020-01-28 03:00:00,1,7021.67,6785.79
2020-01-28 03:30:00,1,6939.09,6824.57
2020-01-28 04:00:00,1,6929.11,6847.26
2020-01-28 04:30:00,1,6974.43,7034.66
2020-01-28 05:00:00,1,7132.75,7262.3
2020-01-28 05:30:00,1,7365.71,7662.85
2020-01-28 06:00:00,1,7850.06,8054.67
2020-01-28 06:30:00,1,8186.19,8511.66
2020-01-28 07:00:00,1,8543.82,8882.74
2020-01-28 07:30:00,1,8804.07,9147.29
2020-01-28 08:00:00,1,8969.24,9372.81
2020-01-28 08:30:00,1,9042.41,9571.69
2020-01-28 09:00:00,1,8987.53,9567.82
2020-01-28 09:30:00,1,8959.75,9704.04
2020-01-28 10:00:00,1,8957.75,9923.69
2020-01-28 10:30:00,1,8976.41,10070.15
2020-01-28 11:00:00,1,9161.37,10252.24
2020-01-28 11:30:00,1,9237.5,10428.57
2020-01-28 12:00:00,1,9356.27,10621.53
2020-01-28 12:30:00,1,9477.21,10885.37
2020-01-28 13:00:00,1,9579.67,11200.43
2020-01-28 13:30:00,1,9756.1,11284.49
2020-01-28 14:00:00,1,9869.12,11544.88
2020-01-28 14:30:00,1,9962.97,11761.58
2020-01-28 15:00:00,1,10151.08,11927.51
2020-01-28 15:30:00,1,10346.34,12159.92
2020-01-28 16:00:00,1,10521.6,12162.97
2020-01-28 16:30:00,1,10688.72,12222.13
2020-01-28 17:00:00,1,10710.19,12301.37
2020-01-28 17:30:00,1,10778.14,11953.17
2020-01-28 18:00:00,1,10531.5,11657.97
2020-01-28 18:30:00,1,10439.31,11491.16
2020-01-28 19:00:00,1,10217.73,11181.72
2020-01-28 19:30:00,1,9962.71,10769.91
2020-01-28 20:00:00,1,9817.03,10653.04
2020-01-28 20:30:00,1,9698.97,10226.27
2020-01-28 21:00:00,1,9449.87,9835.09
2020-01-28 21:30:00,1,9059.23,9554.07
2020-01-28 22:00:00,1,8842.63,9160.36
2020-01-28 22:30:00,1,8520.88,8893.68
2020-01-28 23:00:00,1,8330.3,8594.71
2020-01-28 23:30:00,1,8065.58,8284.38
2020-01-31 00:00:00,1,9282.39,8191.92
2020-01-31 00:30:00,1,8971.44,7992.03
2020-01-31 01:00:00,1,8565.63,7710.26
2020-01-31 01:30:00,1,8275.4,7370.87
2020-01-31 02:00:00,1,7854.8,7169.7
2020-01-31 02:30:00,1,7645.57,7046.44
2020-01-31 03:00:00,1,7521.21,7033.49
2020-01-31 03:30:00,1,7389.93,6966.18
2020-01-31 04:00:00,1,7404.46,6999.61
2020-01-31 04:30:00,1,7323.84,7194.94
2020-01-31 05:00:00,1,7388.76,7424.93
2020-01-31 05:30:00,1,7432.72,7840.01
2020-01-31 06:00:00,1,7541.14,8215.96
2020-01-31 06:30:00,1,7593.69,8762.24
2020-01-31 07:00:00,1,7860.48,9198.7
2020-01-31 07:30:00,1,8185.2,9371.35
2020-01-31 08:00:00,1,8636.49,9571.29
2020-01-31 08:30:00,1,9056.01,9629.56
2020-01-31 09:00:00,1,9582.2,9831.76
2020-01-31 09:30:00,1,9942.2,9992.41
2020-01-31 10:00:00,1,10483.65,10116.43
2020-01-31 10:30:00,1,10873.91,10275.54
2020-01-31 11:00:00,1,11234.53,10664.65
2020-01-31 11:30:00,1,11577.88,10944.56
2020-01-31 12:00:00,1,11799.08,11246.14
2020-01-31 12:30:00,1,12047.17,11581.82
2020-01-31 13:00:00,1,12220.43,11744.9
2020-01-31 13:30:00,1,12358.64,11970.02
2020-01-31 14:00:00,1,12507.8,12261.4
2020-01-31 14:30:00,1,12612.76,12538.78
2020-01-31 15:00:00,1,12769.86,12774.78
2020-01-31 15:30:00,1,12954.7,12919.57
2020-01-31 16:00:00,1,13164.26,13334.84
2020-01-31 16:30:00,1,13363.0,12978.86
2020-01-31 17:00:00,1,13464.42,12974.01
2020-01-31 17:30:00,1,13621.75,13066.1
2020-01-31 18:00:00,1,13634.63,12690.38
2020-01-31 18:30:00,1,13588.73,12772.45
2020-01-31 19:00:00,1,13441.78,12442.07
2020-01-31 19:30:00,1,13182.2,12246.13
2020-01-31 20:00:00,1,13057.93,12036.66
2020-01-31 20:30:00,1,12978.96,11723.67
2020-01-31 21:00:00,1,12743.92,11269.59
2020-01-31 21:30:00,1,12425.11,10916.59
2020-01-31 22:00:00,1,12010.47,10380.78
2020-01-31 22:30:00,1,11516.78,10059.22
2020-01-31 23:00:00,1,11058.84,9682.31
2020-01-31 23:30:00,1,10476.52,9265.8
2020-02-01 00:00:00,1,10010.62,8993.27
2020-02-01 00:30:00,1,9625.97,8648.06
2020-02-01 01:00:00,1,9316.83,8288.65
2020-02-01 01:30:00,1,9011.31,7961.56
2020-02-01 02:00:00,1,8673.05,7682.36
2020-02-01 02:30:00,1,8387.66,7508.66
2020-02-01 03:00:00,1,8244.76,7432.57
2020-02-01 03:30:00,1,8079.16,7328.58
2020-02-01 04:00:00,1,7977.6,7358.56
2020-02-01 04:30:00,1,7845.44,7389.74
2020-02-01 05:00:00,1,7889.64,7440.46
2020-02-01 05:30:00,1,7815.3,7623.85
2020-02-01 06:00:00,1,7807.14,7668.07
2020-02-01 06:30:00,1,7670.63,7923.87
2020-02-01 07:00:00,1,7746.93,8254.26
2020-02-01 07:30:00,1,8141.39,8595.47
2020-02-01 08:00:00,1,8559.97,9044.94
2020-02-01 08:30:00,1,8765.06,9510.11
2020-02-01 09:00:00,1,9099.61,9948.92
2020-02-01 09:30:00,1,9305.91,10424.17
2020-02-01 10:00:00,1,9591.18,10808.83
2020-02-01 10:30:00,1,9721.85,11218.57
2020-02-01 11:00:00,1,9853.22,11557.23
2020-02-01 11:30:00,1,10057.54,11854.48
2020-02-01 12:00:00,1,10208.5,12072.46
2020-02-01 12:30:00,1,10478.02,12322.52
2020-02-01 13:00:00,1,10654.43,12398.36
2020-02-01 13:30:00,1,10808.28,12628.37
2020-02-01 14:00:00,1,10882.58,12736.94
2020-02-01 14:30:00,1,10853.24,12945.34
2020-02-01 15:00:00,1,10909.45,12947.37
2020-02-01 15:30:00,1,10938.26,13065.24
2020-02-01 16:00:00,1,10814.25,13161.92
2020-02-01 16:30:00,1,10750.19,13188.35
2020-02-01 17:00:00,1,10601.67,13451.02
2020-02-01 17:30:00,1,10631.24,13486.53
2020-02-01 18:00:00,1,10371.08,13503.79
2020-02-01 18:30:00,1,10150.61,13321.79
2020-02-01 19:00:00,1,9938.27,13173.37
2020-02-01 19:30:00,1,9690.27,12938.48
2020-02-01 20:00:00,1,9620.86,12810.5
2020-02-01 20:30:00,1,9467.15,12589.38
2020-02-01 21:00:00,1,9221.69,12328.41
2020-02-01 21:30:00,1,8970.88,11937.89
2020-02-01 22:00:00,1,8719.15,11453.83
2020-02-01 22:30:00,1,8469.84,11043.1
2020-02-01 23:00:00,1,8307.68,10433.62
2020-02-01 23:30:00,1,7994.77,9941.32
2020-02-03 00:00:00,1,7314.38,7588.21
2020-02-03 00:30:00,1,7126.4,7367.55
2020-02-03 01:00:00,1,6993.88,7193.16
2020-02-03 01:30:00,1,6746.38,6899.47
2020-02-03 02:00:00,1,6506.82,6765.27
2020-02-03 02:30:00,1,6268.91,6700.88
2020-02-03 03:00:00,1,6216.28,6655.89
2020-02-03 03:30:00,1,6182.27,6711.66
2020-02-03 04:00:00,1,6216.82,6755.15
2020-02-03 04:30:00,1,6244.79,6989.54
2020-02-03 05:00:00,1,6475.31,7256.79
2020-02-03 05:30:00,1,6661.29,7760.26
2020-02-03 06:00:00,1,7133.17,8190.63
2020-02-03 06:30:00,1,7425.41,8547.43
2020-02-03 07:00:00,1,7783.76,8985.15
2020-02-03 07:30:00,1,7877.4,9203.26
2020-02-03 08:00:00,1,7916.85,9287.99
2020-02-03 08:30:00,1,7841.0,9324.68
2020-02-03 09:00:00,1,7786.39,9272.96
2020-02-03 09:30:00,1,7699.46,9258.09
2020-02-03 10:00:00,1,7584.07,9365.46
2020-02-03 10:30:00,1,7564.83,9204.1
2020-02-03 11:00:00,1,7487.68,8960.85
2020-02-03 11:30:00,1,7476.91,8847.04
2020-02-03 12:00:00,1,7566.18,8989.91
2020-02-03 12:30:00,1,7577.48,9117.15
2020-02-03 13:00:00,1,7618.84,9432.12
2020-02-03 13:30:00,1,7700.72,9661.3
2020-02-03 14:00:00,1,7694.21,9762.01
2020-02-03 14:30:00,1,7707.08,10062.53
2020-02-03 15:00:00,1,7734.19,10177.24
2020-02-03 15:30:00,1,7774.48,10500.93
2020-02-03 16:00:00,1,7887.13,10667.37
2020-02-03 16:30:00,1,7987.52,10681.14
2020-02-03 17:00:00,1,8075.61,10735.78
2020-02-03 17:30:00,1,8165.92,10541.29
2020-02-03 18:00:00,1,8075.96,10356.0
2020-02-03 18:30:00,1,8166.43,10061.26
2020-02-03 19:00:00,1,8164.89,9633.15
2020-02-03 19:30:00,1,8003.92,9308.3
2020-02-03 20:00:00,1,8036.63,8993.28
2020-02-03 20:30:00,1,7937.09,8700.66
2020-02-03 21:00:00,1,7789.66,8331.34
2020-02-03 21:30:00,1,7552.35,8133.03
2020-02-03 22:00:00,1,7491.03,7837.8
2020-02-03 22:30:00,1,7307.53,7765.0
2020-02-03 23:00:00,1,7308.79,7537.41
2020-02-03 23:30:00,1,7163.12,7352.33
2020-02-11 00:00:00,1,7693.42,7258.35
2020-02-11 00:30:00,1,7536.47,7117.36
2020-02-11 01:00:00,1,7364.4,6900.98
2020-02-11 01:30:00,1,7151.98,6624.66
2020-02-11 02:00:00,1,6859.71,6492.5
2020-02-11 02:30:00,1,6600.5,6313.3
2020-02-11 03:00:00,1,6467.66,6272.66
2020-02-11 03:30:00,1,6423.19,6249.64
2020-02-11 04:00:00,1,6426.42,6353.64
2020-02-11 04:30:00,1,6478.47,6541.3
2020-02-11 05:00:00,1,6720.58,6723.14
2020-02-11 05:30:00,1,6888.71,7191.8
2020-02-11 06:00:00,1,7375.84,7613.82
2020-02-11 06:30:00,1,7801.44,7926.43
2020-02-11 07:00:00,1,8098.26,8209.46
2020-02-11 07:30:00,1,8342.92,8253.14
2020-02-11 08:00:00,1,8489.72,8273.25
2020-02-11 08:30:00,1,8499.85,8309.4
2020-02-11 09:00:00,1,8609.67,8305.06
2020-02-11 09:30:00,1,8714.93,8373.38
2020-02-11 10:00:00,1,8773.28,8473.98
2020-02-11 10:30:00,1,8833.44,8475.11
2020-02-11 11:00:00,1,8856.46,8617.63
2020-02-11 11:30:00,1,8879.56,8557.85
2020-02-11 12:00:00,1,8864.11,8597.45
2020-02-11 12:30:00,1,8853.7,8683.3
2020-02-11 13:00:00,1,8871.87,8933.79
2020-02-11 13:30:00,1,8886.83,9144.93
2020-02-11 14:00:00,1,8916.69,9282.06
2020-02-11 14:30:00,1,8919.06,9384.12
2020-02-11 15:00:00,1,8970.57,9614.31
2020-02-11 15:30:00,1,9128.86,9639.9
2020-02-11 16:00:00,1,9266.83,9867.28
2020-02-11 16:30:00,1,9287.37,9880.97
2020-02-11 17:00:00,1,9371.34,10006.1
2020-02-11 17:30:00,1,9397.17,9912.24
2020-02-11 18:00:00,1,9245.02,9922.56
2020-02-11 18:30:00,1,9246.48,9688.72
2020-02-11 19:00:00,1,9173.12,9434.97
2020-02-11 19:30:00,1,9038.06,9426.25
2020-02-11 20:00:00,1,8970.1,9266.88
2020-02-11 20:30:00,1,8822.13,8995.9
2020-02-11 21:00:00,1,8647.02,8715.6
2020-02-11 21:30:00,1,8366.24,8563.95
2020-02-11 22:00:00,1,8180.62,8247.12
2020-02-11 22:30:00,1,8005.06,8126.02
2020-02-11 23:00:00,1,7897.61,7884.87
2020-02-11 23:30:00,1,7746.77,7720.43
2020-02-18 00:00:00,1,7407.06,7436.78
2020-02-18 00:30:00,1,7215.8,7298.52
2020-02-18 01:00:00,1,6993.5,7087.32
2020-02-18 01:30:00,1,6776.62,6796.87
2020-02-18 02:00:00,1,6526.33,6624.3
2020-02-18 02:30:00,1,6350.83,6470.6
2020-02-18 03:00:00,1,6252.81,6441.12
2020-02-18 03:30:00,1,6177.25,6456.83
2020-02-18 04:00:00,1,6229.08,6512.19
2020-02-18 04:30:00,1,6272.31,6738.06
2020-02-18 05:00:00,1,6436.58,6983.08
2020-02-18 05:30:00,1,6635.88,7468.11
2020-02-18 06:00:00,1,7103.21,7838.68
2020-02-18 06:30:00,1,7527.42,8283.24
2020-02-18 07:00:00,1,7838.25,8443.71
2020-02-18 07:30:00,1,7993.46,8603.35
2020-02-18 08:00:00,1,8023.3,8429.71
2020-02-18 08:30:00,1,7969.41,8581.24
2020-02-18 09:00:00,1,7990.97,8384.94
2020-02-18 09:30:00,1,7881.7,8408.54
2020-02-18 10:00:00,1,7791.45,8576.11
2020-02-18 10:30:00,1,7798.07,8576.84
2020-02-18 11:00:00,1,7687.7,8682.86
2020-02-18 11:30:00,1,7719.73,8752.7
2020-02-18 12:00:00,1,7731.02,8928.82
2020-02-18 12:30:00,1,7729.53,9153.88
2020-02-18 13:00:00,1,7850.62,9426.07
2020-02-18 13:30:00,1,7896.45,9653.81
2020-02-18 14:00:00,1,8022.14,10008.67
2020-02-18 14:30:00,1,8093.64,10164.95
2020-02-18 15:00:00,1,8237.02,10588.63
2020-02-18 15:30:00,1,8405.03,10949.46
2020-02-18 16:00:00,1,8598.91,11136.57
2020-02-18 16:30:00,1,8783.6,11002.82
2020-02-18 17:00:00,1,8918.77,11100.0
2020-02-18 17:30:00,1,9079.39,10911.89
2020-02-18 18:00:00,1,9088.44,10915.27
2020-02-18 18:30:00,1,9104.13,10749.42
2020-02-18 19:00:00,1,9025.16,10561.58
2020-02-18 19:30:00,1,8824.34,10341.03
2020-02-18 20:00:00,1,8799.69,10016.05
2020-02-18 20:30:00,1,8737.99,9736.89
2020-02-18 21:00:00,1,8520.8,9404.83
2020-02-18 21:30:00,1,8245.55,9131.39
2020-02-18 22:00:00,1,7991.39,8605.31
2020-02-18 22:30:00,1,7861.89,8133.43
2020-02-18 23:00:00,1,7751.04,7768.37
2020-02-18 23:30:00,1,7548.59,7458.33
2020-02-26 00:00:00,1,7426.65,7579.72
2020-02-26 00:30:00,1,7360.15,7373.83
2020-02-26 01:00:00,1,7147.5,7138.19
2020-02-26 01:30:00,1,6964.16,6856.02
2020-02-26 02:00:00,1,6647.16,6604.12
2020-02-26 02:30:00,1,6466.63,6473.07
2020-02-26 03:00:00,1,6362.13,6389.56
2020-02-26 03:30:00,1,6312.65,6421.6
2020-02-26 04:00:00,1,6318.93,6472.56
2020-02-26 04:30:00,1,6414.39,6697.79
2020-02-26 05:00:00,1,6657.96,6867.82
2020-02-26 05:30:00,1,6863.36,7330.03
2020-02-26 06:00:00,1,7325.02,7729.61
2020-02-26 06:30:00,1,7791.32,8133.85
2020-02-26 07:00:00,1,8049.68,8473.43
2020-02-26 07:30:00,1,8268.47,8574.55
2020-02-26 08:00:00,1,8296.81,8603.17
2020-02-26 08:30:00,1,8190.29,8720.01
2020-02-26 09:00:00,1,8226.3,8765.27
2020-02-26 09:30:00,1,8119.33,8819.57
2020-02-26 10:00:00,1,8022.76,8812.2
2020-02-26 10:30:00,1,7977.27,8866.25
2020-02-26 11:00:00,1,7983.11,9060.51
2020-02-26 11:30:00,1,8009.62,9170.82
2020-02-26 12:00:00,1,7817.86,9461.59
2020-02-26 12:30:00,1,7809.75,9600.87
2020-02-26 13:00:00,1,7830.9,9547.05
2020-02-26 13:30:00,1,7791.42,9368.33
2020-02-26 14:00:00,1,7796.02,9341.26
2020-02-26 14:30:00,1,7841.9,9397.22
2020-02-26 15:00:00,1,7847.06,9539.96
2020-02-26 15:30:00,1,8042.48,9820.1
2020-02-26 16:00:00,1,8190.89,10194.35
2020-02-26 16:30:00,1,8464.91,10083.94
2020-02-26 17:00:00,1,8673.78,10070.9
2020-02-26 17:30:00,1,8883.24,10095.47
2020-02-26 18:00:00,1,8978.32,9986.94
2020-02-26 18:30:00,1,9024.06,9884.29
2020-02-26 19:00:00,1,8885.88,9743.57
2020-02-26 19:30:00,1,8867.67,9497.89
2020-02-26 20:00:00,1,8900.3,9173.87
2020-02-26 20:30:00,1,8749.42,8768.23
2020-02-26 21:00:00,1,8487.09,8451.33
2020-02-26 21:30:00,1,8201.71,8164.58
2020-02-26 22:00:00,1,8044.59,7872.72
2020-02-26 22:30:00,1,7899.8,7807.23
2020-02-26 23:00:00,1,7773.59,7618.53
2020-02-26 23:30:00,1,7663.61,7478.38
2020-03-02 00:00:00,1,7515.62,7147.41
2020-03-02 00:30:00,1,7363.01,6991.87
2020-03-02 01:00:00,1,7162.7,6754.32
2020-03-02 01:30:00,1,6952.46,6454.6
2020-03-02 02:00:00,1,6694.95,6310.88
2020-03-02 02:30:00,1,6468.92,6229.36
2020-03-02 03:00:00,1,6397.58,6210.03
2020-03-02 03:30:00,1,6332.13,6225.82
2020-03-02 04:00:00,1,6399.08,6275.66
2020-03-02 04:30:00,1,6463.18,6541.26
2020-03-02 05:00:00,1,6666.13,6750.96
2020-03-02 05:30:00,1,6894.73,7235.74
2020-03-02 06:00:00,1,7392.87,7645.1
2020-03-02 06:30:00,1,7857.47,8023.26
2020-03-02 07:00:00,1,8225.5,8251.88
2020-03-02 07:30:00,1,8445.69,8456.23
2020-03-02 08:00:00,1,8540.49,8427.36
2020-03-02 08:30:00,1,8585.01,8375.83
2020-03-02 09:00:00,1,8622.83,8540.74
2020-03-02 09:30:00,1,8610.65,8542.42
2020-03-02 10:00:00,1,8558.94,8589.73
2020-03-02 10:30:00,1,8623.18,8761.33
2020-03-02 11:00:00,1,8621.6,8986.56
2020-03-02 11:30:00,1,8563.35,9105.58
2020-03-02 12:00:00,1,8543.84,9335.6
2020-03-02 12:30:00,1,8466.6,9538.47
2020-03-02 13:00:00,1,8457.72,9812.99
2020-03-02 13:30:00,1,8450.47,10161.01
2020-03-02 14:00:00,1,8508.29,10350.67
2020-03-02 14:30:00,1,8502.85,10719.26
2020-03-02 15:00:00,1,8471.06,10890.38
2020-03-02 15:30:00,1,8512.78,11277.59
2020-03-02 16:00:00,1,8640.65,11361.76
2020-03-02 16:30:00,1,8644.5,11196.55
2020-03-02 17:00:00,1,8680.12,11153.92
2020-03-02 17:30:00,1,8786.32,10815.94
2020-03-02 18:00:00,1,8723.8,10537.65
2020-03-02 18:30:00,1,8695.7,10086.6
2020-03-02 19:00:00,1,8615.51,9855.13
2020-03-02 19:30:00,1,8527.35,9506.7
2020-03-02 20:00:00,1,8460.99,9262.55
2020-03-02 20:30:00,1,8217.91,8934.99
2020-03-02 21:00:00,1,8072.98,8558.68
2020-03-02 21:30:00,1,7811.13,8405.11
2020-03-02 22:00:00,1,7709.73,8080.78
2020-03-02 22:30:00,1,7557.99,7881.69
2020-03-02 23:00:00,1,7505.77,7730.16
2020-03-02 23:30:00,1,7403.91,7510.32
2020-03-19 00:00:00,1,7286.84,7066.52
2020-03-19 00:30:00,1,7188.84,6930.46
2020-03-19 01:00:00,1,7016.52,6698.01
2020-03-19 01:30:00,1,6783.71,6429.5
2020-03-19 02:00:00,1,6474.48,6229.6
2020-03-19 02:30:00,1,6272.24,6045.68
2020-03-19 03:00:00,1,6144.32,6038.06
2020-03-19 03:30:00,1,6054.53,6012.25
2020-03-19 04:00:00,1,6052.84,6065.69
2020-03-19 04:30:00,1,6104.83,6271.21
2020-03-19 05:00:00,1,6282.3,6556.42
2020-03-19 05:30:00,1,6499.96,7056.63
2020-03-19 06:00:00,1,6920.67,7439.68
2020-03-19 06:30:00,1,7267.45,7741.57
2020-03-19 07:00:00,1,7591.03,7960.51
2020-03-19 07:30:00,1,7783.12,7930.92
2020-03-19 08:00:00,1,7794.63,7855.84
2020-03-19 08:30:00,1,7761.95,7717.79
2020-03-19 09:00:00,1,7731.77,7522.82
2020-03-19 09:30:00,1,7726.39,7530.39
2020-03-19 10:00:00,1,7728.65,7417.04
2020-03-19 10:30:00,1,7699.11,7419.53
2020-03-19 11:00:00,1,7631.6,7386.43
2020-03-19 11:30:00,1,7591.49,7426.57
2020-03-19 12:00:00,1,7799.8,7498.86
2020-03-19 12:30:00,1,7942.66,7586.2
2020-03-19 13:00:00,1,8100.3,7668.37
2020-03-19 13:30:00,1,8292.76,7784.81
2020-03-19 14:00:00,1,8480.66,7936.48
2020-03-19 14:30:00,1,8730.82,8095.87
2020-03-19 15:00:00,1,8932.5,8341.24
2020-03-19 15:30:00,1,9288.57,8557.66
2020-03-19 16:00:00,1,9580.67,8805.85
2020-03-19 16:30:00,1,9826.16,8998.62
2020-03-19 17:00:00,1,10070.55,9310.21
2020-03-19 17:30:00,1,10226.72,9410.43
2020-03-19 18:00:00,1,10137.08,9523.39
2020-03-19 18:30:00,1,10008.15,9447.99
2020-03-19 19:00:00,1,9769.73,9220.13
2020-03-19 19:30:00,1,9661.56,9104.84
2020-03-19 20:00:00,1,9368.56,8861.33
2020-03-19 20:30:00,1,9062.38,8535.45
2020-03-19 21:00:00,1,8731.08,8155.95
2020-03-19 21:30:00,1,8381.84,8019.29
2020-03-19 22:00:00,1,8194.95,7773.49
2020-03-19 22:30:00,1,7933.95,7661.98
2020-03-19 23:00:00,1,7854.26,7572.46
2020-03-19 23:30:00,1,7622.13,7358.47
2020-03-20 00:00:00,1,7423.69,7170.25
2020-03-20 00:30:00,1,7276.97,7042.76
2020-03-20 01:00:00,1,7089.35,6871.27
2020-03-20 01:30:00,1,6844.0,6564.89
2020-03-20 02:00:00,1,6554.86,6300.43
2020-03-20 02:30:00,1,6353.7,6188.09
2020-03-20 03:00:00,1,6210.87,6087.42
2020-03-20 03:30:00,1,6134.9,6081.87
2020-03-20 04:00:00,1,6086.01,6144.83
2020-03-20 04:30:00,1,6118.67,6316.94
2020-03-20 05:00:00,1,6189.78,6523.44
2020-03-20 05:30:00,1,6252.3,6909.33
2020-03-20 06:00:00,1,6398.14,7346.24
2020-03-20 06:30:00,1,6546.92,7589.74
2020-03-20 07:00:00,1,6740.49,7800.0
2020-03-20 07:30:00,1,6867.75,7943.34
2020-03-20 08:00:00,1,6967.74,7836.63
2020-03-20 08:30:00,1,7010.97,7875.18
2020-03-20 09:00:00,1,7063.69,7753.09
2020-03-20 09:30:00,1,7033.84,7835.3
2020-03-20 10:00:00,1,7003.88,7762.14
2020-03-20 10:30:00,1,6949.76,7723.04
2020-03-20 11:00:00,1,6889.64,7626.9
2020-03-20 11:30:00,1,6941.63,7695.24
2020-03-20 12:00:00,1,6872.03,7881.34
2020-03-20 12:30:00,1,6868.07,8054.19
2020-03-20 13:00:00,1,6799.36,8201.26
2020-03-20 13:30:00,1,6796.87,8454.98
2020-03-20 14:00:00,1,6809.21,8644.57
2020-03-20 14:30:00,1,6834.02,8885.01
2020-03-20 15:00:00,1,6812.99,9214.0
2020-03-20 15:30:00,1,6934.38,9442.61
2020-03-20 16:00:00,1,7125.48,9699.92
2020-03-20 16:30:00,1,7405.29,9907.78
2020-03-20 17:00:00,1,7590.43,10109.22
2020-03-20 17:30:00,1,7847.49,10106.58
2020-03-20 18:00:00,1,7988.74,10025.67
2020-03-20 18:30:00,1,8045.09,9793.44
2020-03-20 19:00:00,1,8088.67,9676.59
2020-03-20 19:30:00,1,8131.27,9489.04
2020-03-20 20:00:00,1,7923.02,9215.78
2020-03-20 20:30:00,1,7670.83,8833.32
2020-03-20 21:00:00,1,7495.91,8466.73
2020-03-20 21:30:00,1,7324.36,8289.05
2020-03-20 22:00:00,1,7297.76,8014.13
2020-03-20 22:30:00,1,7145.38,7887.86
2020-03-20 23:00:00,1,7186.08,7742.19
2020-03-20 23:30:00,1,6999.63,7471.05
2020-09-03 00:00:00,1,7439.78,7800.67
2020-09-03 00:30:00,1,7374.89,7580.98
2020-09-03 01:00:00,1,7322.77,7443.37
2020-09-03 01:30:00,1,7171.49,7199.74
2020-09-03 02:00:00,1,7059.74,6995.51
2020-09-03 02:30:00,1,6788.51,6724.3
2020-09-03 03:00:00,1,6533.09,6486.04
2020-09-03 03:30:00,1,6342.49,6347.76
2020-09-03 04:00:00,1,6146.84,6221.31
2020-09-03 04:30:00,1,6053.89,6225.1
2020-09-03 05:00:00,1,6063.67,6361.35
2020-09-03 05:30:00,1,6132.1,6612.97
2020-09-03 06:00:00,1,6394.94,6882.49
2020-09-03 06:30:00,1,6750.09,7478.38
2020-09-03 07:00:00,1,7205.09,7847.88
2020-09-03 07:30:00,1,7630.68,8034.5
2020-09-03 08:00:00,1,7746.79,8029.41
2020-09-03 08:30:00,1,7794.11,7906.28
2020-09-03 09:00:00,1,7807.13,7618.46
2020-09-03 09:30:00,1,7675.09,7352.89
2020-09-03 10:00:00,1,7724.53,7215.25
2020-09-03 10:30:00,1,7692.41,7085.79
2020-09-03 11:00:00,1,7611.48,6997.92
2020-09-03 11:30:00,1,7559.77,6798.27
2020-09-03 12:00:00,1,7444.01,6657.62
2020-09-03 12:30:00,1,7517.13,6653.41
2020-09-03 13:00:00,1,7490.54,6663.42
2020-09-03 13:30:00,1,7451.85,6782.19
2020-09-03 14:00:00,1,7460.68,6844.53
2020-09-03 14:30:00,1,7492.79,6972.79
2020-09-03 15:00:00,1,7529.07,7227.74
2020-09-03 15:30:00,1,7464.71,7254.96
2020-09-03 16:00:00,1,7619.15,7557.23
2020-09-03 16:30:00,1,7890.72,7694.77
2020-09-03 17:00:00,1,8024.05,7893.92
2020-09-03 17:30:00,1,8343.57,8295.27
2020-09-03 18:00:00,1,8641.72,8521.83
2020-09-03 18:30:00,1,8920.56,8988.5
2020-09-03 19:00:00,1,9018.9,8988.76
2020-09-03 19:30:00,1,8918.19,8727.03
2020-09-03 20:00:00,1,8670.1,8455.35
2020-09-03 20:30:00,1,8470.34,8313.72
2020-09-03 21:00:00,1,8339.79,8108.48
2020-09-03 21:30:00,1,8199.2,7909.19
2020-09-03 22:00:00,1,8010.63,7705.86
2020-09-03 22:30:00,1,7799.58,7661.93
2020-09-03 23:00:00,1,7869.54,7483.74
2020-09-03 23:30:00,1,7760.64,7487.93
2020-09-17 00:00:00,1,7317.3,7328.39
2020-09-17 00:30:00,1,7254.4,7187.53
2020-09-17 01:00:00,1,7120.12,7040.57
2020-09-17 01:30:00,1,6957.35,6897.94
2020-09-17 02:00:00,1,6793.42,6694.18
2020-09-17 02:30:00,1,6556.62,6419.72
2020-09-17 03:00:00,1,6378.96,6183.8
2020-09-17 03:30:00,1,6184.52,6048.58
2020-09-17 04:00:00,1,6082.3,5991.99
2020-09-17 04:30:00,1,5949.04,5981.9
2020-09-17 05:00:00,1,6019.8,6122.08
2020-09-17 05:30:00,1,6147.81,6349.08
2020-09-17 06:00:00,1,6397.18,6648.3
2020-09-17 06:30:00,1,6630.99,7089.76
2020-09-17 07:00:00,1,6991.51,7400.57
2020-09-17 07:30:00,1,7422.84,7339.85
2020-09-17 08:00:00,1,7610.3,7476.5
2020-09-17 08:30:00,1,7865.63,7367.87
2020-09-17 09:00:00,1,7884.54,7139.57
2020-09-17 09:30:00,1,7761.64,6927.26
2020-09-17 10:00:00,1,7782.02,6814.86
2020-09-17 10:30:00,1,7840.28,6716.84
2020-09-17 11:00:00,1,7846.71,6691.69
2020-09-17 11:30:00,1,7846.05,6605.23
2020-09-17 12:00:00,1,7769.0,6666.78
2020-09-17 12:30:00,1,7706.81,6554.81
2020-09-17 13:00:00,1,7658.03,6733.53
2020-09-17 13:30:00,1,7634.58,6811.72
2020-09-17 14:00:00,1,7532.01,6871.58
2020-09-17 14:30:00,1,7543.16,7099.46
2020-09-17 15:00:00,1,7547.37,7403.84
2020-09-17 15:30:00,1,7573.63,7517.38
2020-09-17 16:00:00,1,7638.62,7791.17
2020-09-17 16:30:00,1,7797.52,7996.61
2020-09-17 17:00:00,1,7962.76,8158.31
2020-09-17 17:30:00,1,8261.47,8247.13
2020-09-17 18:00:00,1,8517.95,8471.89
2020-09-17 18:30:00,1,8826.08,8781.65
2020-09-17 19:00:00,1,9001.94,8851.44
2020-09-17 19:30:00,1,8845.73,8539.95
2020-09-17 20:00:00,1,8626.74,8314.68
2020-09-17 20:30:00,1,8359.8,8097.83
2020-09-17 21:00:00,1,8175.69,7987.64
2020-09-17 21:30:00,1,7987.61,7759.72
2020-09-17 22:00:00,1,7805.38,7578.41
2020-09-17 22:30:00,1,7674.76,7544.64
2020-09-17 23:00:00,1,7764.97,7401.66
2020-09-17 23:30:00,1,7606.16,7343.16
2020-10-05 00:00:00,1,6808.97,6483.7
2020-10-05 00:30:00,1,6814.93,6309.74
2020-10-05 01:00:00,1,6642.75,6146.51
2020-10-05 01:30:00,1,6412.56,5950.67
2020-10-05 02:00:00,1,6118.29,5740.34
2020-10-05 02:30:00,1,5881.18,5585.89
2020-10-05 03:00:00,1,5783.12,5542.8
2020-10-05 03:30:00,1,5730.59,5479.81
2020-10-05 04:00:00,1,5708.99,5500.7
2020-10-05 04:30:00,1,5756.55,5580.66
2020-10-05 05:00:00,1,5911.19,5672.54
2020-10-05 05:30:00,1,6096.73,5799.22
2020-10-05 06:00:00,1,6470.37,5805.42
2020-10-05 06:30:00,1,6762.96,5833.72
2020-10-05 07:00:00,1,7050.66,5791.09
2020-10-05 07:30:00,1,7248.48,5816.59
2020-10-05 08:00:00,1,7377.35,5876.18
2020-10-05 08:30:00,1,7466.17,5786.64
2020-10-05 09:00:00,1,7558.04,5722.5
2020-10-05 09:30:00,1,7506.7,5614.56
2020-10-05 10:00:00,1,7523.7,5678.98
2020-10-05 10:30:00,1,7380.61,5506.68
2020-10-05 11:00:00,1,7304.95,5570.24
2020-10-05 11:30:00,1,7232.43,5503.18
2020-10-05 12:00:00,1,7236.17,5628.38
2020-10-05 12:30:00,1,7186.08,5668.18
2020-10-05 13:00:00,1,7159.64,5814.43
2020-10-05 13:30:00,1,7132.48,5982.67
2020-10-05 14:00:00,1,7188.42,6137.3
2020-10-05 14:30:00,1,7263.03,6324.53
2020-10-05 15:00:00,1,7203.75,6590.64
2020-10-05 15:30:00,1,7315.34,6839.89
2020-10-05 16:00:00,1,7367.83,7313.74
2020-10-05 16:30:00,1,7523.21,7570.61
2020-10-05 17:00:00,1,7749.22,7803.2
2020-10-05 17:30:00,1,8099.16,8189.63
2020-10-05 18:00:00,1,8197.04,8342.59
2020-10-05 18:30:00,1,8309.65,8426.17
2020-10-05 19:00:00,1,8389.44,8311.58
2020-10-05 19:30:00,1,8285.26,8191.9
2020-10-05 20:00:00,1,8061.36,7931.45
2020-10-05 20:30:00,1,7898.27,7712.76
2020-10-05 21:00:00,1,7749.66,7511.1
2020-10-05 21:30:00,1,7566.96,7383.62
2020-10-05 22:00:00,1,7496.74,7199.04
2020-10-05 22:30:00,1,7430.0,7144.88
2020-10-05 23:00:00,1,7328.71,7000.17
2020-10-05 23:30:00,1,7253.27,6894.29
2020-11-12 00:00:00,1,7363.42,7115.81
2020-11-12 00:30:00,1,7220.4,6932.32
2020-11-12 01:00:00,1,6946.67,6744.09
2020-11-12 01:30:00,1,6673.65,6414.5
2020-11-12 02:00:00,1,6467.7,6216.65
2020-11-12 02:30:00,1,6255.96,6074.88
2020-11-12 03:00:00,1,6099.71,5995.17
2020-11-12 03:30:00,1,6056.75,6006.54
2020-11-12 04:00:00,1,6043.69,6082.15
2020-11-12 04:30:00,1,6122.37,6262.34
2020-11-12 05:00:00,1,6298.35,6460.22
2020-11-12 05:30:00,1,6551.2,6824.98
2020-11-12 06:00:00,1,6869.49,7059.23
2020-11-12 06:30:00,1,7171.73,7200.66
2020-11-12 07:00:00,1,7398.81,7432.7
2020-11-12 07:30:00,1,7612.33,7447.71
2020-11-12 08:00:00,1,7815.7,7489.36
2020-11-12 08:30:00,1,7721.0,7370.31
2020-11-12 09:00:00,1,7743.14,7114.81
2020-11-12 09:30:00,1,7873.81,7082.38
2020-11-12 10:00:00,1,7691.89,7043.13
2020-11-12 10:30:00,1,7593.83,7119.42
2020-11-12 11:00:00,1,7394.13,7255.13
2020-11-12 11:30:00,1,7442.65,7265.64
2020-11-12 12:00:00,1,7524.79,7497.51
2020-11-12 12:30:00,1,7466.87,7528.47
2020-11-12 13:00:00,1,7234.06,7467.21
2020-11-12 13:30:00,1,7145.33,7668.12
2020-11-12 14:00:00,1,7434.38,7943.86
2020-11-12 14:30:00,1,7822.32,8149.56
2020-11-12 15:00:00,1,8039.33,8159.67
2020-11-12 15:30:00,1,8032.22,8287.05
2020-11-12 16:00:00,1,7738.35,8481.78
2020-11-12 16:30:00,1,7807.13,8652.66
2020-11-12 17:00:00,1,7681.76,8639.84
2020-11-12 17:30:00,1,7719.87,8688.5
2020-11-12 18:00:00,1,7718.74,8856.16
2020-11-12 18:30:00,1,7926.33,8749.31
2020-11-12 19:00:00,1,7866.65,8906.64
2020-11-12 19:30:00,1,7884.78,8764.92
2020-11-12 20:00:00,1,7862.0,8491.55
2020-11-12 20:30:00,1,7752.64,8335.07
2020-11-12 21:00:00,1,7575.13,7894.82
2020-11-12 21:30:00,1,7419.46,7860.68
2020-11-12 22:00:00,1,7435.35,7674.46
2020-11-12 22:30:00,1,7376.17,7651.45
2020-11-12 23:00:00,1,7342.41,7517.62
2020-11-12 23:30:00,1,6942.86,7360.87
2020-11-16 00:00:00,1,7498.81,6756.32
2020-11-16 00:30:00,1,7344.32,6669.95
2020-11-16 01:00:00,1,7157.44,6468.32
2020-11-16 01:30:00,1,6892.46,6167.76
2020-11-16 02:00:00,1,6589.36,6008.58
2020-11-16 02:30:00,1,6347.25,5978.71
2020-11-16 03:00:00,1,6239.98,5952.16
2020-11-16 03:30:00,1,6149.21,5962.6
2020-11-16 04:00:00,1,6163.31,6029.35
2020-11-16 04:30:00,1,6247.7,6214.53
2020-11-16 05:00:00,1,6467.66,6337.13
2020-11-16 05:30:00,1,6660.39,6713.13
2020-11-16 06:00:00,1,7030.21,7014.2
2020-11-16 06:30:00,1,7286.31,7216.06
2020-11-16 07:00:00,1,7473.72,7438.15
2020-11-16 07:30:00,1,7623.35,7619.8
2020-11-16 08:00:00,1,7555.79,7765.05
2020-11-16 08:30:00,1,7537.72,7732.33
2020-11-16 09:00:00,1,7513.58,7753.16
2020-11-16 09:30:00,1,7476.59,7812.44
2020-11-16 10:00:00,1,7259.06,7679.52
2020-11-16 10:30:00,1,7245.1,7906.13
2020-11-16 11:00:00,1,7258.47,8161.31
2020-11-16 11:30:00,1,7230.0,8427.19
2020-11-16 12:00:00,1,7150.53,8824.79
2020-11-16 12:30:00,1,7149.6,8962.59
2020-11-16 13:00:00,1,7166.82,9241.87
2020-11-16 13:30:00,1,7182.09,9699.33
2020-11-16 14:00:00,1,7278.46,9845.81
2020-11-16 14:30:00,1,7349.61,10045.05
2020-11-16 15:00:00,1,7442.32,10373.26
2020-11-16 15:30:00,1,7639.02,11040.06
2020-11-16 16:00:00,1,7756.3,11182.78
2020-11-16 16:30:00,1,7986.06,11256.27
2020-11-16 17:00:00,1,8139.07,11419.44
2020-11-16 17:30:00,1,8334.07,11198.52
2020-11-16 18:00:00,1,8338.27,11175.09
2020-11-16 18:30:00,1,8269.01,10786.78
2020-11-16 19:00:00,1,8204.59,10600.84
2020-11-16 19:30:00,1,8164.92,10404.72
2020-11-16 20:00:00,1,8147.93,9911.68
2020-11-16 20:30:00,1,7932.43,9346.54
2020-11-16 21:00:00,1,7760.82,9076.48
2020-11-16 21:30:00,1,7512.03,8725.25
2020-11-16 22:00:00,1,7436.21,8392.33
2020-11-16 22:30:00,1,7302.41,8162.69
2020-11-16 23:00:00,1,7247.57,7831.51
2020-11-16 23:30:00,1,7164.52,7568.38
2020-11-20 00:00:00,1,7382.77,7208.38
2020-11-20 00:30:00,1,7217.01,7022.68
2020-11-20 01:00:00,1,7005.51,6854.02
2020-11-20 01:30:00,1,6771.04,6509.79
2020-11-20 02:00:00,1,6478.48,6305.3
2020-11-20 02:30:00,1,6231.08,6170.97
2020-11-20 03:00:00,1,6053.9,6109.09
2020-11-20 03:30:00,1,6051.38,6099.2
2020-11-20 04:00:00,1,6018.39,6167.43
2020-11-20 04:30:00,1,6042.86,6385.76
2020-11-20 05:00:00,1,6111.94,6549.03
2020-11-20 05:30:00,1,6132.49,6902.37
2020-11-20 06:00:00,1,6221.23,7150.64
2020-11-20 06:30:00,1,6295.5,7350.81
2020-11-20 07:00:00,1,6463.55,7393.11
2020-11-20 07:30:00,1,6557.54,7485.79
2020-11-20 08:00:00,1,6696.68,7468.67
2020-11-20 08:30:00,1,6738.6,7418.63
2020-11-20 09:00:00,1,6811.07,7532.83
2020-11-20 09:30:00,1,6667.64,7569.41
2020-11-20 10:00:00,1,6612.56,7673.58
2020-11-20 10:30:00,1,6554.22,7725.58
2020-11-20 11:00:00,1,6464.0,7930.84
2020-11-20 11:30:00,1,6452.62,8095.72
2020-11-20 12:00:00,1,6389.83,8289.01
2020-11-20 12:30:00,1,6432.2,8517.6
2020-11-20 13:00:00,1,6514.02,8871.85
2020-11-20 13:30:00,1,6574.69,9076.2
2020-11-20 14:00:00,1,6659.95,9427.31
2020-11-20 14:30:00,1,6794.83,9629.09
2020-11-20 15:00:00,1,7006.95,10316.04
2020-11-20 15:30:00,1,7316.03,10576.74
2020-11-20 16:00:00,1,7755.78,10343.34
2020-11-20 16:30:00,1,7980.53,10234.09
2020-11-20 17:00:00,1,8073.83,10250.63
2020-11-20 17:30:00,1,8086.69,10272.34
2020-11-20 18:00:00,1,8169.54,10260.02
2020-11-20 18:30:00,1,8103.98,10098.63
2020-11-20 19:00:00,1,8066.04,9879.54
2020-11-20 19:30:00,1,7974.41,9573.96
2020-11-20 20:00:00,1,7895.68,9367.14
2020-11-20 20:30:00,1,7807.76,8884.97
2020-11-20 21:00:00,1,7628.55,8499.03
2020-11-20 21:30:00,1,7440.68,8256.65
2020-11-20 22:00:00,1,7368.12,8019.35
2020-11-20 22:30:00,1,7296.61,7878.45
2020-11-20 23:00:00,1,7246.38,7725.7
2020-11-20 23:30:00,1,7044.3,7479.66
2020-11-26 00:00:00,1,7477.67,7172.89
2020-11-26 00:30:00,1,7304.31,7000.81
2020-11-26 01:00:00,1,7094.13,6833.93
2020-11-26 01:30:00,1,6810.09,6483.23
2020-11-26 02:00:00,1,6549.75,6268.39
2020-11-26 02:30:00,1,6374.77,6146.65
2020-11-26 03:00:00,1,6250.78,6113.85
2020-11-26 03:30:00,1,6206.05,6117.24
2020-11-26 04:00:00,1,6203.88,6211.66
2020-11-26 04:30:00,1,6295.35,6419.82
2020-11-26 05:00:00,1,6528.55,6620.64
2020-11-26 05:30:00,1,6641.97,7007.58
2020-11-26 06:00:00,1,7057.31,7308.51
2020-11-26 06:30:00,1,7317.53,7422.29
2020-11-26 07:00:00,1,7543.11,7482.85
2020-11-26 07:30:00,1,7676.8,7566.0
2020-11-26 08:00:00,1,7712.8,7440.65
2020-11-26 08:30:00,1,7726.42,7425.56
2020-11-26 09:00:00,1,7748.86,7378.42
2020-11-26 09:30:00,1,7633.63,7367.38
2020-11-26 10:00:00,1,7551.17,7430.61
2020-11-26 10:30:00,1,7432.36,7471.64
2020-11-26 11:00:00,1,7274.59,7618.06
2020-11-26 11:30:00,1,7307.94,7701.16
2020-11-26 12:00:00,1,7354.21,7914.29
2020-11-26 12:30:00,1,7446.25,8124.87
2020-11-26 13:00:00,1,7589.84,8372.68
2020-11-26 13:30:00,1,7689.15,8667.78
2020-11-26 14:00:00,1,7912.78,8953.95
2020-11-26 14:30:00,1,8064.41,9223.06
2020-11-26 15:00:00,1,8361.37,9642.98
2020-11-26 15:30:00,1,8738.41,9896.79
2020-11-26 16:00:00,1,9105.85,10217.32
2020-11-26 16:30:00,1,9517.1,10484.19
2020-11-26 17:00:00,1,9809.87,10707.16
2020-11-26 17:30:00,1,10031.9,10626.4
2020-11-26 18:00:00,1,10117.17,10797.53
2020-11-26 18:30:00,1,10054.45,10479.82
2020-11-26 19:00:00,1,9922.87,10168.26
2020-11-26 19:30:00,1,9701.24,9926.87
2020-11-26 20:00:00,1,9590.48,9653.31
2020-11-26 20:30:00,1,9423.15,9201.93
2020-11-26 21:00:00,1,9140.11,8697.26
2020-11-26 21:30:00,1,8835.68,8373.54
2020-11-26 22:00:00,1,8683.02,8086.76
2020-11-26 22:30:00,1,8414.84,7900.28
2020-11-26 23:00:00,1,8280.46,7676.4
2020-11-26 23:30:00,1,8009.34,7494.49
2020-11-28 00:00:00,1,8694.81,7640.1
2020-11-28 00:30:00,1,8388.52,7411.68
2020-11-28 01:00:00,1,8117.26,7184.98
2020-11-28 01:30:00,1,7830.08,6834.79
2020-11-28 02:00:00,1,7534.47,6595.67
2020-11-28 02:30:00,1,7343.85,6504.21
2020-11-28 03:00:00,1,7235.61,6418.13
2020-11-28 03:30:00,1,7184.74,6363.26
2020-11-28 04:00:00,1,7079.19,6329.33
2020-11-28 04:30:00,1,7035.85,6402.79
2020-11-28 05:00:00,1,7079.12,6441.7
2020-11-28 05:30:00,1,7090.64,6538.94
2020-11-28 06:00:00,1,7118.42,6770.55
2020-11-28 06:30:00,1,7184.55,6918.45
2020-11-28 07:00:00,1,7369.34,7128.55
2020-11-28 07:30:00,1,7553.12,7281.12
2020-11-28 08:00:00,1,7837.05,7486.29
2020-11-28 08:30:00,1,8114.68,7791.56
2020-11-28 09:00:00,1,8395.04,8135.15
2020-11-28 09:30:00,1,8775.29,8238.4
2020-11-28 10:00:00,1,9079.89,8568.24
2020-11-28 10:30:00,1,9220.69,8887.59
2020-11-28 11:00:00,1,9446.93,9311.81
2020-11-28 11:30:00,1,9774.88,9607.65
2020-11-28 12:00:00,1,9992.81,9969.59
2020-11-28 12:30:00,1,10219.28,10073.81
2020-11-28 13:00:00,1,10460.95,10557.12
2020-11-28 13:30:00,1,10650.43,10745.65
2020-11-28 14:00:00,1,10872.71,10885.17
2020-11-28 14:30:00,1,11119.76,11040.49
2020-11-28 15:00:00,1,11387.43,11363.13
2020-11-28 15:30:00,1,11545.04,11614.96
2020-11-28 16:00:00,1,11620.15,11928.67
2020-11-28 16:30:00,1,11865.01,12152.49
2020-11-28 17:00:00,1,11816.77,12446.45
2020-11-28 17:30:00,1,11620.99,12466.98
2020-11-28 18:00:00,1,11106.3,12227.79
2020-11-28 18:30:00,1,10509.97,12027.22
2020-11-28 19:00:00,1,9934.83,11967.5
2020-11-28 19:30:00,1,9471.48,11617.31
2020-11-28 20:00:00,1,9170.43,11348.37
2020-11-28 20:30:00,1,8966.72,11032.13
2020-11-28 21:00:00,1,8616.82,10634.58
2020-11-28 21:30:00,1,8285.25,10227.34
2020-11-28 22:00:00,1,8008.64,9847.53
2020-11-28 22:30:00,1,7641.57,9547.66
2020-11-28 23:00:00,1,7455.67,9078.63
2020-11-28 23:30:00,1,7151.77,8662.25
2020-11-29 00:00:00,1,6984.19,8431.85
2020-11-29 00:30:00,1,6886.84,8096.74
2020-11-29 01:00:00,1,6753.56,7878.46
2020-11-29 01:30:00,1,6617.71,7528.85
2020-11-29 02:00:00,1,6346.96,7293.94
2020-11-29 02:30:00,1,6194.85,7214.66
2020-11-29 03:00:00,1,6119.22,7151.86
2020-11-29 03:30:00,1,6116.62,7100.24
2020-11-29 04:00:00,1,6131.15,7085.81
2020-11-29 04:30:00,1,6167.2,7077.99
2020-11-29 05:00:00,1,6364.45,7096.2
2020-11-29 05:30:00,1,6554.58,7184.17
2020-11-29 06:00:00,1,6936.1,7228.38
2020-11-29 06:30:00,1,7273.71,7420.8
2020-11-29 07:00:00,1,7578.85,7638.01
2020-11-29 07:30:00,1,7786.64,7771.04
2020-11-29 08:00:00,1,7906.49,8086.4
2020-11-29 08:30:00,1,7968.92,8374.32
2020-11-29 09:00:00,1,7923.83,8650.89
2020-11-29 09:30:00,1,7897.03,9073.04
2020-11-29 10:00:00,1,7792.45,9250.75
2020-11-29 10:30:00,1,7747.17,9486.36
2020-11-29 11:00:00,1,7671.34,9724.43
2020-11-29 11:30:00,1,7590.37,9977.0
2020-11-29 12:00:00,1,7660.74,10215.99
2020-11-29 12:30:00,1,7697.32,10441.05
2020-11-29 13:00:00,1,7702.46,10601.36
2020-11-29 13:30:00,1,7661.1,10805.88
2020-11-29 14:00:00,1,7664.46,11000.89
2020-11-29 14:30:00,1,7782.37,11215.25
2020-11-29 15:00:00,1,7823.57,11423.61
2020-11-29 15:30:00,1,7987.97,11623.95
2020-11-29 16:00:00,1,8129.92,11888.62
2020-11-29 16:30:00,1,8310.83,12086.04
2020-11-29 17:00:00,1,8487.59,12203.12
2020-11-29 17:30:00,1,8658.9,11335.45
2020-11-29 18:00:00,1,8704.85,10755.51
2020-11-29 18:30:00,1,8761.81,10150.31
2020-11-29 19:00:00,1,8672.45,9690.48
2020-11-29 19:30:00,1,8610.68,9176.72
2020-11-29 20:00:00,1,8516.48,9026.01
2020-11-29 20:30:00,1,8421.93,8691.02
2020-11-29 21:00:00,1,8183.15,8324.62
2020-11-29 21:30:00,1,7938.8,7998.82
2020-11-29 22:00:00,1,7856.71,7734.91
2020-11-29 22:30:00,1,7683.51,7552.12
2020-11-29 23:00:00,1,7655.45,7268.76
2020-11-29 23:30:00,1,7533.65,6990.76
2020-12-04 00:00:00,1,7402.93,7205.39
2020-12-04 00:30:00,1,7271.08,7048.15
2020-12-04 01:00:00,1,6987.7,6845.23
2020-12-04 01:30:00,1,6826.67,6548.6
2020-12-04 02:00:00,1,6540.5,6414.94
2020-12-04 02:30:00,1,6290.63,6235.96
2020-12-04 03:00:00,1,6192.22,6157.81
2020-12-04 03:30:00,1,6116.68,6174.83
2020-12-04 04:00:00,1,6090.37,6265.64
2020-12-04 04:30:00,1,6090.66,6443.39
2020-12-04 05:00:00,1,6138.71,6594.79
2020-12-04 05:30:00,1,6165.84,6973.28
2020-12-04 06:00:00,1,6329.31,7239.68
2020-12-04 06:30:00,1,6431.15,7454.11
2020-12-04 07:00:00,1,6612.76,7668.75
2020-12-04 07:30:00,1,6765.34,7681.54
2020-12-04 08:00:00,1,6913.86,7645.35
2020-12-04 08:30:00,1,7123.77,7608.13
2020-12-04 09:00:00,1,7118.55,7622.96
2020-12-04 09:30:00,1,7196.63,7531.29
2020-12-04 10:00:00,1,7214.42,7600.61
2020-12-04 10:30:00,1,7189.89,7488.32
2020-12-04 11:00:00,1,7283.62,7469.63
2020-12-04 11:30:00,1,7256.77,7669.73
2020-12-04 12:00:00,1,7213.5,7754.39
2020-12-04 12:30:00,1,7205.54,7950.94
2020-12-04 13:00:00,1,7309.57,8007.25
2020-12-04 13:30:00,1,7548.64,8271.98
2020-12-04 14:00:00,1,7657.84,8361.29
2020-12-04 14:30:00,1,7770.2,8567.28
2020-12-04 15:00:00,1,7868.89,8912.2
2020-12-04 15:30:00,1,7875.5,9202.75
2020-12-04 16:00:00,1,7886.76,9515.62
2020-12-04 16:30:00,1,7856.59,9701.9
2020-12-04 17:00:00,1,7969.94,9815.8
2020-12-04 17:30:00,1,8013.77,9786.53
2020-12-04 18:00:00,1,8086.48,9792.59
2020-12-04 18:30:00,1,8138.07,9533.1
2020-12-04 19:00:00,1,8065.06,9452.38
2020-12-04 19:30:00,1,8044.42,9161.42
2020-12-04 20:00:00,1,8037.21,8954.49
2020-12-04 20:30:00,1,8067.83,8691.13
2020-12-04 21:00:00,1,7880.6,8397.45
2020-12-04 21:30:00,1,7628.72,8190.52
2020-12-04 22:00:00,1,7437.95,7977.56
2020-12-04 22:30:00,1,7242.55,7890.01
2020-12-04 23:00:00,1,7220.11,7683.91
2020-12-04 23:30:00,1,7075.9,7470.56
2020-12-17 00:00:00,1,8195.65,7441.96
2020-12-17 00:30:00,1,7989.6,7289.75
2020-12-17 01:00:00,1,7653.54,7061.84
2020-12-17 01:30:00,1,7408.13,6726.79
2020-12-17 02:00:00,1,7085.47,6504.12
2020-12-17 02:30:00,1,6876.75,6401.96
2020-12-17 03:00:00,1,6669.05,6366.62
2020-12-17 03:30:00,1,6594.39,6359.55
2020-12-17 04:00:00,1,6590.26,6401.38
2020-12-17 04:30:00,1,6624.61,6562.66
2020-12-17 05:00:00,1,6730.4,6732.54
2020-12-17 05:30:00,1,6884.74,7110.72
2020-12-17 06:00:00,1,7196.59,7451.38
2020-12-17 06:30:00,1,7489.64,7692.7
2020-12-17 07:00:00,1,7854.18,7900.65
2020-12-17 07:30:00,1,8221.4,8069.04
2020-12-17 08:00:00,1,8581.88,8254.32
2020-12-17 08:30:00,1,8901.24,8429.69
2020-12-17 09:00:00,1,9258.05,8396.76
2020-12-17 09:30:00,1,9639.77,8556.97
2020-12-17 10:00:00,1,9875.01,8655.55
2020-12-17 10:30:00,1,9967.25,8491.56
2020-12-17 11:00:00,1,9757.35,8726.81
2020-12-17 11:30:00,1,9596.56,8887.67
2020-12-17 12:00:00,1,9333.7,9160.42
2020-12-17 12:30:00,1,9083.29,9293.24
2020-12-17 13:00:00,1,9214.72,9547.86
2020-12-17 13:30:00,1,9300.6,9688.49
2020-12-17 14:00:00,1,9578.13,9947.66
2020-12-17 14:30:00,1,9581.88,10360.48
2020-12-17 15:00:00,1,9879.74,10565.7
2020-12-17 15:30:00,1,9970.53,10471.7
2020-12-17 16:00:00,1,9802.5,10438.38
2020-12-17 16:30:00,1,9712.76,10651.18
2020-12-17 17:00:00,1,9664.87,10799.65
2020-12-17 17:30:00,1,9706.78,10810.56
2020-12-17 18:00:00,1,9441.77,10831.33
2020-12-17 18:30:00,1,9354.03,10648.5
2020-12-17 19:00:00,1,9209.64,10521.97
2020-12-17 19:30:00,1,9012.52,10451.73
2020-12-17 20:00:00,1,8878.31,10349.81
2020-12-17 20:30:00,1,8730.76,10037.49
2020-12-17 21:00:00,1,8531.14,9706.65
2020-12-17 21:30:00,1,8267.22,9433.31
2020-12-17 22:00:00,1,8184.68,9031.95
2020-12-17 22:30:00,1,8005.35,8868.54
2020-12-17 23:00:00,1,7935.14,8542.3
2020-12-17 23:30:00,1,7718.57,8239.57
2020-12-18 00:00:00,1,7505.76,7987.94
2020-12-18 00:30:00,1,7361.24,7731.33
2020-12-18 01:00:00,1,7130.56,7398.89
2020-12-18 01:30:00,1,6885.27,7092.44
2020-12-18 02:00:00,1,6598.47,6863.13
2020-12-18 02:30:00,1,6384.51,6696.06
2020-12-18 03:00:00,1,6215.71,6588.11
2020-12-18 03:30:00,1,6173.47,6617.0
2020-12-18 04:00:00,1,6119.57,6626.32
2020-12-18 04:30:00,1,6098.66,6810.88
2020-12-18 05:00:00,1,6231.94,6880.27
2020-12-18 05:30:00,1,6299.7,7252.16
2020-12-18 06:00:00,1,6458.36,7518.91
2020-12-18 06:30:00,1,6582.71,7798.84
2020-12-18 07:00:00,1,6726.21,8180.64
2020-12-18 07:30:00,1,6897.8,8406.2
2020-12-18 08:00:00,1,7147.68,8841.38
2020-12-18 08:30:00,1,7233.33,9111.79
2020-12-18 09:00:00,1,7396.94,9538.36
2020-12-18 09:30:00,1,7372.76,9981.31
2020-12-18 10:00:00,1,7412.16,10014.76
2020-12-18 10:30:00,1,7360.9,10281.02
2020-12-18 11:00:00,1,7304.69,9704.68
2020-12-18 11:30:00,1,7193.21,9495.24
2020-12-18 12:00:00,1,7189.88,9266.04
2020-12-18 12:30:00,1,7029.14,9161.08
2020-12-18 13:00:00,1,7016.29,9325.33
2020-12-18 13:30:00,1,6963.89,9466.2
2020-12-18 14:00:00,1,6947.02,9739.55
2020-12-18 14:30:00,1,6956.46,9630.88
2020-12-18 15:00:00,1,6935.78,10218.43
2020-12-18 15:30:00,1,7048.92,9899.36
2020-12-18 16:00:00,1,7225.39,9746.39
2020-12-18 16:30:00,1,7418.53,9658.99
2020-12-18 17:00:00,1,7498.99,9648.68
2020-12-18 17:30:00,1,7574.22,9562.32
2020-12-18 18:00:00,1,7655.77,9370.46
2020-12-18 18:30:00,1,7731.91,9180.82
2020-12-18 19:00:00,1,7703.81,9080.11
2020-12-18 19:30:00,1,7705.06,8979.78
2020-12-18 20:00:00,1,7674.86,8842.77
2020-12-18 20:30:00,1,7675.0,8617.2
2020-12-18 21:00:00,1,7516.42,8317.98
2020-12-18 21:30:00,1,7396.99,8190.38
2020-12-18 22:00:00,1,7295.71,8047.11
2020-12-18 22:30:00,1,7195.82,7972.64
2020-12-18 23:00:00,1,7226.7,7769.01
2020-12-18 23:30:00,1,7077.21,7542.04
2020-12-27 00:00:00,1,6942.33,6477.75
2020-12-27 00:30:00,1,6769.06,6384.9
2020-12-27 01:00:00,1,6532.14,6174.84
2020-12-27 01:30:00,1,6374.39,5921.54
2020-12-27 02:00:00,1,6166.76,5732.42
2020-12-27 02:30:00,1,5961.52,5640.95
2020-12-27 03:00:00,1,5882.12,5531.15
2020-12-27 03:30:00,1,5852.5,5537.73
2020-12-27 04:00:00,1,5840.38,5541.57
2020-12-27 04:30:00,1,5867.44,5565.65
2020-12-27 05:00:00,1,5937.24,5567.3
2020-12-27 05:30:00,1,5999.66,5644.84
2020-12-27 06:00:00,1,6101.48,5682.6
2020-12-27 06:30:00,1,6168.56,5724.73
2020-12-27 07:00:00,1,6291.77,5766.63
2020-12-27 07:30:00,1,6355.26,5866.75
2020-12-27 08:00:00,1,6503.44,5922.97
2020-12-27 08:30:00,1,6492.67,5826.04
2020-12-27 09:00:00,1,6453.65,5829.77
2020-12-27 09:30:00,1,6477.19,5708.36
2020-12-27 10:00:00,1,6483.85,5571.32
2020-12-27 10:30:00,1,6520.17,5557.38
2020-12-27 11:00:00,1,6583.56,5528.45
2020-12-27 11:30:00,1,6680.07,5615.88
2020-12-27 12:00:00,1,6723.05,5697.19
2020-12-27 12:30:00,1,6724.15,5808.93
2020-12-27 13:00:00,1,6821.69,6049.97
2020-12-27 13:30:00,1,6907.31,6241.31
2020-12-27 14:00:00,1,6807.78,6425.48
2020-12-27 14:30:00,1,6815.47,6740.89
2020-12-27 15:00:00,1,6913.67,7001.56
2020-12-27 15:30:00,1,7005.66,7234.56
2020-12-27 16:00:00,1,7197.15,7635.88
2020-12-27 16:30:00,1,7392.36,7926.44
2020-12-27 17:00:00,1,7560.39,8325.5
2020-12-27 17:30:00,1,7766.12,8638.06
2020-12-27 18:00:00,1,7762.24,8588.47
2020-12-27 18:30:00,1,7686.62,8550.11
2020-12-27 19:00:00,1,7577.44,8497.03
2020-12-27 19:30:00,1,7426.39,8441.19
2020-12-27 20:00:00,1,7340.64,8310.24
2020-12-27 20:30:00,1,7316.9,8183.61
2020-12-27 21:00:00,1,7163.52,7928.73
2020-12-27 21:30:00,1,7064.02,7753.08
2020-12-27 22:00:00,1,7035.01,7595.79
2020-12-27 22:30:00,1,6993.7,7497.96
2020-12-27 23:00:00,1,6966.23,7244.66
2020-12-27 23:30:00,1,6867.04,7004.61
2021-01-12 00:00:00,1,7762.73,7290.65
2021-01-12 00:30:00,1,7603.96,7057.74
2021-01-12 01:00:00,1,7339.84,6808.27
2021-01-12 01:30:00,1,7120.39,6583.58
2021-01-12 02:00:00,1,6843.49,6378.82
2021-01-12 02:30:00,1,6614.3,6242.84
2021-01-12 03:00:00,1,6458.27,6157.26
2021-01-12 03:30:00,1,6394.3,6107.12
2021-01-12 04:00:00,1,6422.71,6141.52
2021-01-12 04:30:00,1,6433.74,6325.22
2021-01-12 05:00:00,1,6638.65,6531.18
2021-01-12 05:30:00,1,6755.51,6773.36
2021-01-12 06:00:00,1,7048.61,7048.58
2021-01-12 06:30:00,1,7324.81,7200.96
2021-01-12 07:00:00,1,7538.53,7307.81
2021-01-12 07:30:00,1,7734.88,7467.05
2021-01-12 08:00:00,1,7932.46,7593.23
2021-01-12 08:30:00,1,8046.41,7498.54
2021-01-12 09:00:00,1,8038.24,7502.8
2021-01-12 09:30:00,1,8020.45,7484.29
2021-01-12 10:00:00,1,8027.05,7545.89
2021-01-12 10:30:00,1,7983.19,7491.75
2021-01-12 11:00:00,1,7993.91,7533.89
2021-01-12 11:30:00,1,8021.29,7774.39
2021-01-12 12:00:00,1,8092.8,7904.19
2021-01-12 12:30:00,1,8143.71,8324.71
2021-01-12 13:00:00,1,8274.63,8440.07
2021-01-12 13:30:00,1,8451.66,8532.05
2021-01-12 14:00:00,1,8596.06,8809.2
2021-01-12 14:30:00,1,8795.35,8985.73
2021-01-12 15:00:00,1,9052.32,9245.87
2021-01-12 15:30:00,1,9256.88,9488.83
2021-01-12 16:00:00,1,9555.65,9911.09
2021-01-12 16:30:00,1,9846.97,10016.35
2021-01-12 17:00:00,1,10108.34,10264.51
2021-01-12 17:30:00,1,10391.36,10321.6
2021-01-12 18:00:00,1,10429.8,10391.25
2021-01-12 18:30:00,1,10430.48,10209.32
2021-01-12 19:00:00,1,10222.74,10031.82
2021-01-12 19:30:00,1,9966.98,9810.87
2021-01-12 20:00:00,1,9659.51,9542.97
2021-01-12 20:30:00,1,9466.76,9352.38
2021-01-12 21:00:00,1,9158.68,8896.62
2021-01-12 21:30:00,1,8855.49,8780.51
2021-01-12 22:00:00,1,8720.98,8415.71
2021-01-12 22:30:00,1,8464.03,8278.91
2021-01-12 23:00:00,1,8238.12,8016.88
2021-01-12 23:30:00,1,7975.42,7736.28
2021-01-14 00:00:00,1,7832.84,7614.52
2021-01-14 00:30:00,1,7616.09,7399.15
2021-01-14 01:00:00,1,7373.79,7193.77
2021-01-14 01:30:00,1,7137.05,6830.12
2021-01-14 02:00:00,1,6842.51,6676.13
2021-01-14 02:30:00,1,6660.74,6546.15
2021-01-14 03:00:00,1,6472.94,6432.63
2021-01-14 03:30:00,1,6460.15,6410.29
2021-01-14 04:00:00,1,6446.13,6488.91
2021-01-14 04:30:00,1,6483.76,6627.76
2021-01-14 05:00:00,1,6661.4,6765.3
2021-01-14 05:30:00,1,6837.87,7114.07
2021-01-14 06:00:00,1,7145.64,7340.33
2021-01-14 06:30:00,1,7332.87,7570.22
2021-01-14 07:00:00,1,7567.31,7775.8
2021-01-14 07:30:00,1,7786.92,8007.84
2021-01-14 08:00:00,1,7926.75,8143.03
2021-01-14 08:30:00,1,7917.12,8041.29
2021-01-14 09:00:00,1,7873.7,7943.2
2021-01-14 09:30:00,1,7845.67,7684.36
2021-01-14 10:00:00,1,7788.3,7814.64
2021-01-14 10:30:00,1,7719.07,8080.49
2021-01-14 11:00:00,1,7786.3,8135.57
2021-01-14 11:30:00,1,7844.08,8340.54
2021-01-14 12:00:00,1,7926.9,8564.17
2021-01-14 12:30:00,1,8054.28,8942.03
2021-01-14 13:00:00,1,8164.18,9236.07
2021-01-14 13:30:00,1,8369.64,9614.02
2021-01-14 14:00:00,1,8563.87,9904.33
2021-01-14 14:30:00,1,8835.55,10143.64
2021-01-14 15:00:00,1,9179.85,10518.2
2021-01-14 15:30:00,1,9168.17,10897.69
2021-01-14 16:00:00,1,9387.15,11267.26
2021-01-14 16:30:00,1,9706.5,11320.93
2021-01-14 17:00:00,1,9742.69,11621.02
2021-01-14 17:30:00,1,9918.4,11699.24
2021-01-14 18:00:00,1,9883.05,11681.13
2021-01-14 18:30:00,1,9882.04,11245.01
2021-01-14 19:00:00,1,9712.16,10740.0
2021-01-14 19:30:00,1,9511.13,10307.98
2021-01-14 20:00:00,1,9295.14,9887.97
2021-01-14 20:30:00,1,9213.52,9613.04
2021-01-14 21:00:00,1,8997.71,9175.09
2021-01-14 21:30:00,1,8669.67,8865.33
2021-01-14 22:00:00,1,8523.08,8532.12
2021-01-14 22:30:00,1,8237.14,8342.17
2021-01-14 23:00:00,1,7997.45,8143.3
2021-01-14 23:30:00,1,7677.22,7864.29
2021-01-22 00:00:00,1,8029.89,7379.8
2021-01-22 00:30:00,1,7852.38,7200.63
2021-01-22 01:00:00,1,7617.88,6978.78
2021-01-22 01:30:00,1,7246.7,6714.62
2021-01-22 02:00:00,1,6986.8,6504.96
2021-01-22 02:30:00,1,6681.09,6321.43
2021-01-22 03:00:00,1,6530.19,6269.54
2021-01-22 03:30:00,1,6441.2,6255.98
2021-01-22 04:00:00,1,6400.65,6311.51
2021-01-22 04:30:00,1,6433.81,6472.13
2021-01-22 05:00:00,1,6471.7,6608.6
2021-01-22 05:30:00,1,6580.24,6947.38
2021-01-22 06:00:00,1,6663.79,7256.53
2021-01-22 06:30:00,1,6777.25,7451.23
2021-01-22 07:00:00,1,6875.12,7482.94
2021-01-22 07:30:00,1,7005.64,7670.29
2021-01-22 08:00:00,1,7203.93,7592.41
2021-01-22 08:30:00,1,7386.29,7657.6
2021-01-22 09:00:00,1,7527.32,7592.73
2021-01-22 09:30:00,1,7545.57,7598.03
2021-01-22 10:00:00,1,7620.6,7640.27
2021-01-22 10:30:00,1,7714.23,7598.17
2021-01-22 11:00:00,1,7859.71,7753.37
2021-01-22 11:30:00,1,8016.63,7880.48
2021-01-22 12:00:00,1,8221.59,8179.74
2021-01-22 12:30:00,1,8364.08,8296.61
2021-01-22 13:00:00,1,8532.93,8649.51
2021-01-22 13:30:00,1,8723.16,9048.36
2021-01-22 14:00:00,1,8923.39,9304.44
2021-01-22 14:30:00,1,9124.55,9718.46
2021-01-22 15:00:00,1,9405.74,10025.09
2021-01-22 15:30:00,1,9714.98,10496.6
2021-01-22 16:00:00,1,10010.06,10658.12
2021-01-22 16:30:00,1,10347.62,10589.23
2021-01-22 17:00:00,1,10435.78,10841.67
2021-01-22 17:30:00,1,10571.47,10803.13
2021-01-22 18:00:00,1,10640.9,10932.83
2021-01-22 18:30:00,1,10740.75,10703.91
2021-01-22 19:00:00,1,10655.34,10517.41
2021-01-22 19:30:00,1,10416.28,10278.87
2021-01-22 20:00:00,1,10171.6,10105.26
2021-01-22 20:30:00,1,10049.72,9828.01
2021-01-22 21:00:00,1,9811.92,9466.31
2021-01-22 21:30:00,1,9498.78,9270.06
2021-01-22 22:00:00,1,9141.79,8952.55
2021-01-22 22:30:00,1,8900.01,8728.37
2021-01-22 23:00:00,1,8675.09,8439.81
2021-01-22 23:30:00,1,8356.45,8147.39
2021-01-23 00:00:00,1,8015.85,7884.88
2021-01-23 00:30:00,1,7771.49,7655.63
2021-01-23 01:00:00,1,7505.65,7368.93
2021-01-23 01:30:00,1,7252.74,6967.57
2021-01-23 02:00:00,1,6981.79,6765.91
2021-01-23 02:30:00,1,6754.61,6551.53
2021-01-23 03:00:00,1,6653.7,6487.61
2021-01-23 03:30:00,1,6557.97,6442.74
2021-01-23 04:00:00,1,6510.51,6434.31
2021-01-23 04:30:00,1,6449.89,6479.21
2021-01-23 05:00:00,1,6491.98,6538.07
2021-01-23 05:30:00,1,6529.03,6693.97
2021-01-23 06:00:00,1,6575.21,6740.43
2021-01-23 06:30:00,1,6589.09,6967.86
2021-01-23 07:00:00,1,6391.54,7043.38
2021-01-23 07:30:00,1,6482.43,7300.27
2021-01-23 08:00:00,1,6971.89,7385.16
2021-01-23 08:30:00,1,7193.69,7579.4
2021-01-23 09:00:00,1,7406.55,7619.87
2021-01-23 09:30:00,1,7599.27,7654.19
2021-01-23 10:00:00,1,7815.2,7709.96
2021-01-23 10:30:00,1,8103.35,7797.88
2021-01-23 11:00:00,1,8413.29,7973.25
2021-01-23 11:30:00,1,8673.25,8093.08
2021-01-23 12:00:00,1,8899.09,8354.75
2021-01-23 12:30:00,1,9197.5,8519.81
2021-01-23 13:00:00,1,9413.32,8678.32
2021-01-23 13:30:00,1,9638.19,8817.75
2021-01-23 14:00:00,1,9821.85,9137.28
2021-01-23 14:30:00,1,9986.0,9285.28
2021-01-23 15:00:00,1,10252.19,9527.59
2021-01-23 15:30:00,1,10531.6,9890.9
2021-01-23 16:00:00,1,10846.84,10262.82
2021-01-23 16:30:00,1,11183.29,10442.54
2021-01-23 17:00:00,1,11458.48,10543.96
2021-01-23 17:30:00,1,11633.06,10459.87
2021-01-23 18:00:00,1,11440.56,10567.81
2021-01-23 18:30:00,1,11318.32,10571.48
2021-01-23 19:00:00,1,10998.12,10528.44
2021-01-23 19:30:00,1,10702.14,10322.22
2021-01-23 20:00:00,1,10477.51,10095.55
2021-01-23 20:30:00,1,10242.4,9871.87
2021-01-23 21:00:00,1,9924.23,9570.95
2021-01-23 21:30:00,1,9613.22,9280.7
2021-01-23 22:00:00,1,9279.28,8957.1
2021-01-23 22:30:00,1,8855.94,8707.17
2021-01-23 23:00:00,1,8641.25,8367.42
2021-01-23 23:30:00,1,8259.31,8053.68
2021-01-24 00:00:00,1,7958.28,7809.01
2021-01-24 00:30:00,1,7756.25,7560.55
2021-01-24 01:00:00,1,7555.72,7322.89
2021-01-24 01:30:00,1,7326.37,7007.67
2021-01-24 02:00:00,1,7068.88,6777.76
2021-01-24 02:30:00,1,6855.51,6665.12
2021-01-24 03:00:00,1,6782.75,6574.4
2021-01-24 03:30:00,1,6683.37,6513.13
2021-01-24 04:00:00,1,6683.32,6490.28
2021-01-24 04:30:00,1,6694.79,6503.0
2021-01-24 05:00:00,1,6898.9,6525.0
2021-01-24 05:30:00,1,7048.96,6581.98
2021-01-24 06:00:00,1,7363.73,6627.51
2021-01-24 06:30:00,1,7631.0,6746.03
2021-01-24 07:00:00,1,7873.86,6865.3
2021-01-24 07:30:00,1,8111.27,7010.61
2021-01-24 08:00:00,1,8456.77,7241.97
2021-01-24 08:30:00,1,8587.81,7411.73
2021-01-24 09:00:00,1,8755.65,7552.75
2021-01-24 09:30:00,1,8937.16,7871.88
2021-01-24 10:00:00,1,9047.2,8080.11
2021-01-24 10:30:00,1,9199.84,8301.88
2021-01-24 11:00:00,1,9378.88,8587.23
2021-01-24 11:30:00,1,9556.93,8766.92
2021-01-24 12:00:00,1,9855.44,9114.48
2021-01-24 12:30:00,1,10131.73,9404.03
2021-01-24 13:00:00,1,10412.17,9526.37
2021-01-24 13:30:00,1,10604.42,9825.02
2021-01-24 14:00:00,1,10817.67,9972.29
2021-01-24 14:30:00,1,11051.23,10118.81
2021-01-24 15:00:00,1,11285.7,10362.69
2021-01-24 15:30:00,1,11519.07,10616.66
2021-01-24 16:00:00,1,11698.74,10946.66
2021-01-24 16:30:00,1,11918.42,11127.76
2021-01-24 17:00:00,1,12034.19,11489.66
2021-01-24 17:30:00,1,12197.57,11410.53
2021-01-24 18:00:00,1,12155.83,11328.0
2021-01-24 18:30:00,1,12042.87,11049.01
2021-01-24 19:00:00,1,11694.5,10872.3
2021-01-24 19:30:00,1,11362.51,10565.61
2021-01-24 20:00:00,1,10994.31,10416.6
2021-01-24 20:30:00,1,10797.1,10058.45
2021-01-24 21:00:00,1,10428.73,9683.62
2021-01-24 21:30:00,1,9981.5,9347.79
2021-01-24 22:00:00,1,9672.4,8965.93
2021-01-24 22:30:00,1,9293.59,8664.69
2021-01-24 23:00:00,1,9061.21,8318.52
2021-01-24 23:30:00,1,8694.4,8005.17
2021-01-25 00:00:00,1,8329.93,7772.45
2021-01-25 00:30:00,1,8112.92,7539.99
2021-01-25 01:00:00,1,7790.3,7392.2
2021-01-25 01:30:00,1,7500.73,7072.46
2021-01-25 02:00:00,1,7161.85,6937.22
2021-01-25 02:30:00,1,6885.5,6785.54
2021-01-25 03:00:00,1,6708.15,6751.99
2021-01-25 03:30:00,1,6581.05,6735.28
2021-01-25 04:00:00,1,6558.7,6767.03
2021-01-25 04:30:00,1,6511.59,6861.76
2021-01-25 05:00:00,1,6557.04,7072.62
2021-01-25 05:30:00,1,6627.81,7352.21
2021-01-25 06:00:00,1,6757.13,7666.26
2021-01-25 06:30:00,1,6808.95,7922.08
2021-01-25 07:00:00,1,6888.36,8160.02
2021-01-25 07:30:00,1,7047.79,8462.57
2021-01-25 08:00:00,1,7246.0,8675.27
2021-01-25 08:30:00,1,7443.34,8790.05
2021-01-25 09:00:00,1,7791.44,8949.98
2021-01-25 09:30:00,1,8052.03,9059.73
2021-01-25 10:00:00,1,8330.22,9178.02
2021-01-25 10:30:00,1,8625.82,9320.99
2021-01-25 11:00:00,1,8881.28,9551.35
2021-01-25 11:30:00,1,9139.73,9735.07
2021-01-25 12:00:00,1,9436.14,10100.97
2021-01-25 12:30:00,1,9716.41,10370.31
2021-01-25 13:00:00,1,9871.84,10631.73
2021-01-25 13:30:00,1,10147.46,10802.94
2021-01-25 14:00:00,1,10414.34,11006.56
2021-01-25 14:30:00,1,10660.18,11245.53
2021-01-25 15:00:00,1,10965.3,11457.37
2021-01-25 15:30:00,1,11204.14,11616.28
2021-01-25 16:00:00,1,11403.09,11898.0
2021-01-25 16:30:00,1,11709.11,11943.81
2021-01-25 17:00:00,1,11895.21,12046.51
2021-01-25 17:30:00,1,12059.74,11998.65
2021-01-25 18:00:00,1,11927.16,12038.09
2021-01-25 18:30:00,1,11926.42,11725.03
2021-01-25 19:00:00,1,11750.54,11444.05
2021-01-25 19:30:00,1,11558.52,11091.16
2021-01-25 20:00:00,1,11412.45,10807.15
2021-01-25 20:30:00,1,11210.47,10512.55
2021-01-25 21:00:00,1,10869.61,10060.18
2021-01-25 21:30:00,1,10444.0,9701.3
2021-01-25 22:00:00,1,9985.9,9328.89
2021-01-25 22:30:00,1,9549.88,9095.44
2021-01-25 23:00:00,1,9218.72,8730.56
2021-01-25 23:30:00,1,8881.7,8371.92
2021-01-26 00:00:00,1,8543.62,8157.62
2021-01-26 00:30:00,1,8285.31,7883.65
2021-01-26 01:00:00,1,8049.78,7528.98
2021-01-26 01:30:00,1,7773.67,7218.48
2021-01-26 02:00:00,1,7440.95,6981.84
2021-01-26 02:30:00,1,7229.94,6833.33
2021-01-26 03:00:00,1,7052.62,6676.38
2021-01-26 03:30:00,1,6978.91,6616.99
2021-01-26 04:00:00,1,6965.84,6609.23
2021-01-26 04:30:00,1,6888.9,6636.55
2021-01-26 05:00:00,1,7086.91,6667.17
2021-01-26 05:30:00,1,7274.97,6788.66
2021-01-26 06:00:00,1,7667.42,6779.87
2021-01-26 06:30:00,1,7912.49,6937.52
2021-01-26 07:00:00,1,8272.48,6998.34
2021-01-26 07:30:00,1,8574.33,7288.48
2021-01-26 08:00:00,1,8865.57,7413.49
2021-01-26 08:30:00,1,8906.76,7756.64
2021-01-26 09:00:00,1,8959.25,8047.59
2021-01-26 09:30:00,1,8933.39,8286.81
2021-01-26 10:00:00,1,8910.26,8525.57
2021-01-26 10:30:00,1,8904.82,8812.73
2021-01-26 11:00:00,1,8775.76,9066.85
2021-01-26 11:30:00,1,8735.14,9391.43
2021-01-26 12:00:00,1,8655.82,9678.23
2021-01-26 12:30:00,1,8705.72,9850.64
2021-01-26 13:00:00,1,8680.25,10092.95
2021-01-26 13:30:00,1,8710.29,10428.12
2021-01-26 14:00:00,1,8632.83,10753.22
2021-01-26 14:30:00,1,8640.48,10888.37
2021-01-26 15:00:00,1,8712.68,11214.47
2021-01-26 15:30:00,1,8698.8,11236.76
2021-01-26 16:00:00,1,8779.75,11674.79
2021-01-26 16:30:00,1,8818.12,11796.51
2021-01-26 17:00:00,1,8868.05,12014.08
2021-01-26 17:30:00,1,8993.69,11899.01
2021-01-26 18:00:00,1,9013.7,11952.47
2021-01-26 18:30:00,1,8904.29,11783.97
2021-01-26 19:00:00,1,8751.31,11625.41
2021-01-26 19:30:00,1,8598.51,11345.5
2021-01-26 20:00:00,1,8460.58,11274.54
2021-01-26 20:30:00,1,8328.03,10910.93
2021-01-26 21:00:00,1,8128.78,10561.03
2021-01-26 21:30:00,1,7867.06,10130.27
2021-01-26 22:00:00,1,7762.37,9595.88
2021-01-26 22:30:00,1,7623.42,9284.94
2021-01-26 23:00:00,1,7567.46,8910.65
2021-01-26 23:30:00,1,7439.7,8536.84
2021-01-30 00:00:00,1,7346.54,7323.15
2021-01-30 00:30:00,1,7159.46,7125.51
2021-01-30 01:00:00,1,6938.45,6908.88
2021-01-30 01:30:00,1,6751.31,6631.99
2021-01-30 02:00:00,1,6502.79,6391.5
2021-01-30 02:30:00,1,6336.89,6275.77
2021-01-30 03:00:00,1,6213.04,6203.69
2021-01-30 03:30:00,1,6144.94,6160.06
2021-01-30 04:00:00,1,6118.33,6204.34
2021-01-30 04:30:00,1,6126.76,6201.72
2021-01-30 05:00:00,1,6167.23,6316.17
2021-01-30 05:30:00,1,6178.85,6421.97
2021-01-30 06:00:00,1,6284.95,6604.99
2021-01-30 06:30:00,1,6332.74,6811.25
2021-01-30 07:00:00,1,6436.03,6955.08
2021-01-30 07:30:00,1,6621.46,7333.19
2021-01-30 08:00:00,1,6920.01,7590.44
2021-01-30 08:30:00,1,6963.07,7713.1
2021-01-30 09:00:00,1,7095.27,7892.22
2021-01-30 09:30:00,1,7129.76,7716.23
2021-01-30 10:00:00,1,7192.0,7701.27
2021-01-30 10:30:00,1,7280.37,7599.75
2021-01-30 11:00:00,1,7271.08,7461.24
2021-01-30 11:30:00,1,7264.7,7388.62
2021-01-30 12:00:00,1,7144.66,7325.37
2021-01-30 12:30:00,1,7150.31,7254.59
2021-01-30 13:00:00,1,7175.53,7195.15
2021-01-30 13:30:00,1,7118.88,7072.35
2021-01-30 14:00:00,1,7100.12,7070.69
2021-01-30 14:30:00,1,7055.73,7227.61
2021-01-30 15:00:00,1,7128.44,7257.23
2021-01-30 15:30:00,1,7208.14,7515.12
2021-01-30 16:00:00,1,7474.0,7857.03
2021-01-30 16:30:00,1,7535.81,8093.63
2021-01-30 17:00:00,1,7764.54,8484.99
2021-01-30 17:30:00,1,7983.23,8839.72
2021-01-30 18:00:00,1,8106.0,8945.9
2021-01-30 18:30:00,1,8230.0,8993.04
2021-01-30 19:00:00,1,8185.05,8909.04
2021-01-30 19:30:00,1,8124.37,8786.45
2021-01-30 20:00:00,1,8055.03,8650.7
2021-01-30 20:30:00,1,7953.32,8474.94
2021-01-30 21:00:00,1,7847.66,8270.39
2021-01-30 21:30:00,1,7612.96,8080.74
2021-01-30 22:00:00,1,7447.9,7898.91
2021-01-30 22:30:00,1,7307.91,7783.77
2021-01-30 23:00:00,1,7264.89,7573.41
2021-01-30 23:30:00,1,7095.82,7335.75
2021-02-12 00:00:00,1,7849.89,7324.46
2021-02-12 00:30:00,1,7635.97,7162.49
2021-02-12 01:00:00,1,7383.23,6917.99
2021-02-12 01:30:00,1,7157.83,6651.91
2021-02-12 02:00:00,1,6815.07,6440.8
2021-02-12 02:30:00,1,6563.88,6317.26
2021-02-12 03:00:00,1,6424.19,6248.5
2021-02-12 03:30:00,1,6376.17,6262.01
2021-02-12 04:00:00,1,6367.0,6311.56
2021-02-12 04:30:00,1,6390.27,6504.33
2021-02-12 05:00:00,1,6447.94,6663.62
2021-02-12 05:30:00,1,6572.98,7048.55
2021-02-12 06:00:00,1,6755.44,7383.85
2021-02-12 06:30:00,1,6888.89,7677.29
2021-02-12 07:00:00,1,7099.16,7858.45
2021-02-12 07:30:00,1,7338.91,7902.68
2021-02-12 08:00:00,1,7643.03,7878.64
2021-02-12 08:30:00,1,7811.62,7873.3
2021-02-12 09:00:00,1,7976.97,7813.56
2021-02-12 09:30:00,1,7907.56,7718.45
2021-02-12 10:00:00,1,7823.62,7911.75
2021-02-12 10:30:00,1,7779.9,7652.49
2021-02-12 11:00:00,1,7664.33,7702.0
2021-02-12 11:30:00,1,7643.39,7610.78
2021-02-12 12:00:00,1,7462.04,8007.11
2021-02-12 12:30:00,1,7405.05,8124.13
2021-02-12 13:00:00,1,7258.75,8110.01
2021-02-12 13:30:00,1,7191.74,8008.45
2021-02-12 14:00:00,1,7195.08,8167.21
2021-02-12 14:30:00,1,7185.86,8491.16
2021-02-12 15:00:00,1,7276.04,9054.86
2021-02-12 15:30:00,1,7292.61,9663.63
2021-02-12 16:00:00,1,7389.88,9747.25
2021-02-12 16:30:00,1,7499.31,9763.24
2021-02-12 17:00:00,1,7572.1,10211.61
2021-02-12 17:30:00,1,7741.69,9838.45
2021-02-12 18:00:00,1,7709.52,9869.54
2021-02-12 18:30:00,1,7783.4,9700.15
2021-02-12 19:00:00,1,7749.48,9618.6
2021-02-12 19:30:00,1,7670.85,9511.88
2021-02-12 20:00:00,1,7625.23,9254.2
2021-02-12 20:30:00,1,7517.09,9020.45
2021-02-12 21:00:00,1,7348.86,8766.5
2021-02-12 21:30:00,1,7215.28,8595.85
2021-02-12 22:00:00,1,7200.8,8359.06
2021-02-12 22:30:00,1,7085.83,8281.02
2021-02-12 23:00:00,1,7055.26,8059.33
2021-02-12 23:30:00,1,6927.22,7817.5
2021-03-01 00:00:00,1,7757.99,7022.73
2021-03-01 00:30:00,1,7608.8,6949.92
2021-03-01 01:00:00,1,7380.75,6797.22
2021-03-01 01:30:00,1,7149.54,6531.02
2021-03-01 02:00:00,1,6859.84,6368.41
2021-03-01 02:30:00,1,6618.76,6274.45
2021-03-01 03:00:00,1,6495.31,6223.59
2021-03-01 03:30:00,1,6434.3,6266.64
2021-03-01 04:00:00,1,6386.63,6330.13
2021-03-01 04:30:00,1,6444.25,6534.81
2021-03-01 05:00:00,1,6617.63,6729.94
2021-03-01 05:30:00,1,6850.07,7218.2
2021-03-01 06:00:00,1,7308.19,7667.19
2021-03-01 06:30:00,1,7677.56,8010.75
2021-03-01 07:00:00,1,7999.41,8351.11
2021-03-01 07:30:00,1,8109.91,8306.94
2021-03-01 08:00:00,1,8064.19,8381.9
2021-03-01 08:30:00,1,8009.02,8187.95
2021-03-01 09:00:00,1,7836.62,8221.42
2021-03-01 09:30:00,1,7774.02,8083.88
2021-03-01 10:00:00,1,7663.85,8008.92
2021-03-01 10:30:00,1,7469.35,8072.21
2021-03-01 11:00:00,1,7357.17,8079.0
2021-03-01 11:30:00,1,7231.9,8230.14
2021-03-01 12:00:00,1,7321.09,8228.2
2021-03-01 12:30:00,1,7169.48,8524.16
2021-03-01 13:00:00,1,7107.26,8745.06
2021-03-01 13:30:00,1,7111.89,8987.29
2021-03-01 14:00:00,1,7102.15,9331.39
2021-03-01 14:30:00,1,7184.91,9728.66
2021-03-01 15:00:00,1,7280.31,9821.68
2021-03-01 15:30:00,1,7456.95,10283.89
2021-03-01 16:00:00,1,7660.61,10732.46
2021-03-01 16:30:00,1,7949.06,10992.45
2021-03-01 17:00:00,1,8052.47,11179.24
2021-03-01 17:30:00,1,8329.9,11268.9
2021-03-01 18:00:00,1,8459.65,11236.44
2021-03-01 18:30:00,1,8397.76,11053.89
2021-03-01 19:00:00,1,8394.8,10759.43
2021-03-01 19:30:00,1,8420.61,10424.03
2021-03-01 20:00:00,1,8317.72,10226.0
2021-03-01 20:30:00,1,8129.39,9742.48
2021-03-01 21:00:00,1,7949.77,9316.4
2021-03-01 21:30:00,1,7642.11,8935.47
2021-03-01 22:00:00,1,7606.18,8504.84
2021-03-01 22:30:00,1,7495.2,8266.03
2021-03-01 23:00:00,1,7445.58,7985.84
2021-03-01 23:30:00,1,7316.87,7760.35
2021-03-08 00:00:00,1,7273.09,6716.26
2021-03-08 00:30:00,1,7149.11,6552.7
2021-03-08 01:00:00,1,6996.52,6384.08
2021-03-08 01:30:00,1,6769.36,6175.46
2021-03-08 02:00:00,1,6501.39,6029.33
2021-03-08 02:30:00,1,6331.33,5994.58
2021-03-08 03:00:00,1,6215.01,5985.89
2021-03-08 03:30:00,1,6167.11,6001.3
2021-03-08 04:00:00,1,6116.67,6084.86
2021-03-08 04:30:00,1,6177.76,6281.89
2021-03-08 05:00:00,1,6409.94,6457.56
2021-03-08 05:30:00,1,6590.4,6941.88
2021-03-08 06:00:00,1,7011.87,7337.89
2021-03-08 06:30:00,1,7416.97,7658.54
2021-03-08 07:00:00,1,7809.11,7831.39
2021-03-08 07:30:00,1,7926.87,8013.35
2021-03-08 08:00:00,1,7865.61,7857.14
2021-03-08 08:30:00,1,7713.44,7871.12
2021-03-08 09:00:00,1,7710.45,7719.51
2021-03-08 09:30:00,1,7527.02,7707.49
2021-03-08 10:00:00,1,7398.95,7644.68
2021-03-08 10:30:00,1,7301.08,7689.99
2021-03-08 11:00:00,1,7284.74,7476.74
2021-03-08 11:30:00,1,7288.37,7637.05
2021-03-08 12:00:00,1,7364.16,7698.83
2021-03-08 12:30:00,1,7598.12,8074.29
2021-03-08 13:00:00,1,7606.9,8254.87
2021-03-08 13:30:00,1,7723.48,8730.17
2021-03-08 14:00:00,1,7793.09,9167.06
2021-03-08 14:30:00,1,7998.16,8966.46
2021-03-08 15:00:00,1,8161.14,8926.64
2021-03-08 15:30:00,1,8439.06,9066.09
2021-03-08 16:00:00,1,8599.15,9035.75
2021-03-08 16:30:00,1,8811.84,9097.89
2021-03-08 17:00:00,1,8914.52,8926.16
2021-03-08 17:30:00,1,9206.19,8750.91
2021-03-08 18:00:00,1,9106.55,8925.28
2021-03-08 18:30:00,1,9089.7,8789.35
2021-03-08 19:00:00,1,8921.44,8778.85
2021-03-08 19:30:00,1,8833.73,8694.11
2021-03-08 20:00:00,1,8670.9,8438.29
2021-03-08 20:30:00,1,8438.67,8170.87
2021-03-08 21:00:00,1,8234.32,7978.55
2021-03-08 21:30:00,1,7963.61,7826.08
2021-03-08 22:00:00,1,7894.82,7643.12
2021-03-08 22:30:00,1,7708.14,7640.08
2021-03-08 23:00:00,1,7618.84,7498.78
2021-03-08 23:30:00,1,7529.49,7316.17
2021-03-13 00:00:00,1,7473.85,7400.26
2021-03-13 00:30:00,1,7309.07,7216.27
2021-03-13 01:00:00,1,7157.65,6962.72
2021-03-13 01:30:00,1,6941.33,6588.87
2021-03-13 02:00:00,1,6700.39,6320.27
2021-03-13 02:30:00,1,6471.08,6163.19
2021-03-13 03:00:00,1,6367.18,6124.07
2021-03-13 03:30:00,1,6319.59,6089.45
2021-03-13 04:00:00,1,6296.22,6104.29
2021-03-13 04:30:00,1,6204.06,6192.15
2021-03-13 05:00:00,1,6251.94,6228.86
2021-03-13 05:30:00,1,6337.21,6448.97
2021-03-13 06:00:00,1,6457.94,6677.99
2021-03-13 06:30:00,1,6544.2,6925.66
2021-03-13 07:00:00,1,6671.99,7067.13
2021-03-13 07:30:00,1,6784.86,7244.73
2021-03-13 08:00:00,1,7058.04,7303.94
2021-03-13 08:30:00,1,7207.98,7381.31
2021-03-13 09:00:00,1,7394.01,7162.99
2021-03-13 09:30:00,1,7511.45,7050.07
2021-03-13 10:00:00,1,7492.43,7000.96
2021-03-13 10:30:00,1,7466.22,6835.92
2021-03-13 11:00:00,1,7374.06,6935.51
2021-03-13 11:30:00,1,7344.92,6967.29
2021-03-13 12:00:00,1,7289.29,7234.77
2021-03-13 12:30:00,1,7138.29,7474.61
2021-03-13 13:00:00,1,7119.03,7673.98
2021-03-13 13:30:00,1,7037.55,7741.68
2021-03-13 14:00:00,1,7022.79,8022.12
2021-03-13 14:30:00,1,7057.33,8334.03
2021-03-13 15:00:00,1,7115.17,8331.66
2021-03-13 15:30:00,1,7172.23,8844.46
2021-03-13 16:00:00,1,7274.71,9042.42
2021-03-13 16:30:00,1,7469.26,9228.41
2021-03-13 17:00:00,1,7675.22,9510.0
2021-03-13 17:30:00,1,7888.54,9572.88
2021-03-13 18:00:00,1,8050.23,9528.84
2021-03-13 18:30:00,1,8046.18,9481.45
2021-03-13 19:00:00,1,7956.99,9277.47
2021-03-13 19:30:00,1,7907.1,9198.35
2021-03-13 20:00:00,1,7696.41,8955.09
2021-03-13 20:30:00,1,7531.51,8675.07
2021-03-13 21:00:00,1,7326.22,8473.68
2021-03-13 21:30:00,1,7137.88,8268.47
2021-03-13 22:00:00,1,6975.34,8098.7
2021-03-13 22:30:00,1,6861.63,8017.95
2021-03-13 23:00:00,1,6793.4,7756.93
2021-03-13 23:30:00,1,6679.95,7509.94
